/*
 Navicat Premium Data Transfer

 Source Server         : jol_db
 Source Server Type    : MySQL
 Source Server Version : 50505
 Source Host           : localhost
 Source Database       : eOBMS_EOT_FROM_LIVE

 Target Server Type    : MySQL
 Target Server Version : 50505
 File Encoding         : utf-8

 Date: 09/04/2019 16:27:18 PM
*/

SET FOREIGN_KEY_CHECKS = 0;

-- ----------------------------
--  Table structure for `account_type`
-- ----------------------------
DROP TABLE IF EXISTS `account_type`;
CREATE TABLE `account_type` (
  `id` int(11) NOT NULL AUTO_INCREMENT,
  `is_parent` int(11) DEFAULT NULL,
  `names` varchar(250) DEFAULT NULL,
  `updated_by` int(11) DEFAULT NULL,
  `updated_date` datetime DEFAULT NULL,
  `status` tinyint(1) DEFAULT NULL,
  `detail_type` varchar(255) DEFAULT NULL,
  `created_by` int(11) DEFAULT NULL,
  `created_date` datetime DEFAULT NULL,
  PRIMARY KEY (`id`) USING BTREE
) ENGINE=InnoDB AUTO_INCREMENT=48 DEFAULT CHARSET=utf8 ROW_FORMAT=COMPACT;

-- ----------------------------
--  Records of `account_type`
-- ----------------------------
BEGIN;
INSERT INTO `account_type` VALUES ('1', '0', 'Income', '1', '2017-12-13 12:01:22', '1', '', '1', '2017-12-13 12:01:22'), ('2', '0', 'Expense', '1', '2017-12-13 12:06:49', '1', '', '1', '2017-12-13 12:01:22'), ('3', '0', 'Bank', '1', '2017-12-13 12:07:12', '1', '', '1', '2017-12-13 12:01:22'), ('4', '0', 'Cost of Sales', '1', '2017-12-13 12:07:46', '1', '', '1', '2017-12-13 12:01:22'), ('5', '0', 'Other Expense', '1', '2017-12-13 12:08:14', '1', '', '1', '2017-12-13 12:01:22'), ('6', '0', 'Other Income', '1', '2017-12-13 12:01:22', '1', '', '1', '2017-12-13 12:01:22'), ('7', '0', 'Equity', '1', '2017-12-13 12:01:22', '1', '', '1', '2017-12-13 12:01:22'), ('8', '0', 'Current Liabilities', '1', '2017-12-13 12:01:22', '1', '', '1', '2017-12-13 12:01:22'), ('9', '0', 'Current Assets', '1', '2017-12-13 12:01:22', '1', '', '1', '2017-12-13 12:01:22'), ('10', '0', 'Non-Current Assets', '1', '2017-12-13 12:01:22', '1', '', '1', '2017-12-13 12:01:22'), ('11', '2', 'Administrative Expenses ', '1', '2017-12-13 12:07:02', '1', '', '1', '2017-12-13 12:02:56'), ('12', '2', 'Bad Debts', '1', '2017-12-13 12:07:32', '1', '', '1', '2017-12-13 12:03:19'), ('13', '2', 'Bank Charge ', '1', '2017-12-13 12:08:00', '1', '', '1', '2017-12-13 12:03:56'), ('14', '2', 'Payroll Expenses', '1', '2017-12-13 12:08:34', '1', '', '1', '2017-12-13 12:04:22'), ('15', '2', 'Entertainment ', '1', '2017-12-13 12:09:21', '1', '', '1', '2017-12-13 12:09:24'), ('16', '2', 'Marketing Expense', '1', '2017-12-13 13:38:35', '1', '', '1', '2017-12-13 13:37:44'), ('17', '2', 'Repaire & Maintenance ', '1', '2017-12-13 13:38:43', '1', '', '1', '2017-12-13 13:37:51'), ('18', '2', 'Travel Expenses', '1', '2017-12-13 13:38:51', '1', '', '1', '2017-12-13 13:37:56'), ('19', '2', 'Insurrance', '1', '2017-12-13 13:38:55', '1', '', '1', '2017-12-13 13:38:02'), ('20', '3', 'Cash in Bank', '1', '2017-12-13 13:42:29', '1', '', '1', '0000-00-00 00:00:00'), ('21', '3', 'Cash on Hand', '1', '2017-12-13 00:00:00', '1', '', '1', '2017-12-13 00:00:00'), ('22', '5', 'Depreciation', '1', '2017-12-13 00:00:00', '1', '', '1', '2017-12-13 00:00:00'), ('23', '5', 'Other Expense', '1', '2017-12-13 00:00:00', '1', '', '1', '2017-12-13 00:00:00'), ('24', '6', 'Other Investment Revenue', '1', '2017-12-13 00:00:00', '1', '', '1', '2017-12-13 00:00:00'), ('25', '6', 'Interest Earned', '1', '2017-12-13 00:00:00', '1', '', '1', '2017-12-13 00:00:00'), ('26', '7', 'Opening Balance Equity', '1', '2017-12-13 00:00:00', '1', '', '1', '2017-12-13 00:00:00'), ('27', '7', 'Owner\'s Equity', '1', '2017-12-13 00:00:00', '1', '', '1', '2017-12-13 00:00:00'), ('28', '7', 'Partner\'s Equity', '1', '2017-12-13 00:00:00', '1', '', '1', '2017-12-13 00:00:00'), ('29', '8', 'Interest Payable ', '1', '2017-12-13 00:00:00', '1', '', '1', '2017-12-13 00:00:00'), ('30', '8', 'Insurance Payable', '1', '2017-12-13 00:00:00', '1', '', '1', '2017-12-13 00:00:00'), ('31', '8', 'Loan Payable', '1', '2017-12-13 00:00:00', '1', '', '1', '2017-12-13 00:00:00'), ('32', '8', 'Payroll Liabilities', '1', '2017-12-13 00:00:00', '1', '', '1', '2017-12-13 00:00:00'), ('33', '8', 'Prepaid Expense Liabilities', '1', '2017-12-13 00:00:00', '1', '', '1', '2017-12-13 00:00:00'), ('34', '9', 'Employee Cash Advances', '1', '2017-12-13 00:00:00', '1', '', '1', '2017-12-13 00:00:00'), ('35', '9', 'Inventory', '1', '2017-12-13 00:00:00', '1', '', '1', '2017-12-13 00:00:00'), ('36', '9', 'Loans to Shareholders', '1', '2017-12-13 00:00:00', '1', '', '1', '2017-12-13 00:00:00'), ('37', '9', 'Other Current Assets', '1', '2017-12-13 00:00:00', '1', '', '1', '2017-12-13 00:00:00'), ('38', '9', 'Prepaid Expense', '1', '2017-12-13 00:00:00', '1', '', '1', '2017-12-13 00:00:00'), ('39', '9', 'Loans to Officers', '1', '2017-12-13 00:00:00', '1', '', '1', '2017-12-13 00:00:00'), ('40', '10', 'Goodwill', '1', '2017-12-13 00:00:00', '1', '', '1', '2017-12-13 00:00:00'), ('41', '10', 'Licenses', '1', '2017-12-13 00:00:00', '1', '', '1', '2017-12-13 00:00:00'), ('42', '10', 'Member Fee', '1', '2017-12-13 00:00:00', '1', '', '1', '2017-12-13 00:00:00'), ('43', '2', 'Commission Expense', '1', '2017-12-14 00:00:00', '1', '', '1', '2017-12-14 00:00:00'), ('44', '0', 'Account Payable', '1', '2017-12-14 00:00:00', '1', '', '1', '2017-12-14 00:00:00'), ('45', '0', 'Account Receivable', '1', '2017-12-14 00:00:00', '1', '', '1', '2017-12-14 00:00:00'), ('46', '0', 'Fixed Asset', '1', '2017-12-14 00:00:00', '1', '', '1', '2017-12-14 00:00:00'), ('47', '8', 'Tax Payable Liabilities', '1', '2018-08-17 08:47:01', '1', 'For all kind of Tax Payable Liabilities', '1', '2018-08-17 00:00:00');
COMMIT;

-- ----------------------------
--  Table structure for `bank`
-- ----------------------------
DROP TABLE IF EXISTS `bank`;
CREATE TABLE `bank` (
  `id` int(11) NOT NULL AUTO_INCREMENT,
  `bank_name` varchar(200) NOT NULL,
  `account_type` int(11) DEFAULT NULL,
  `bank_address` varchar(250) NOT NULL,
  `account_name` varchar(250) NOT NULL,
  `account_number` varchar(200) NOT NULL,
  `remark` text NOT NULL,
  `default` int(11) NOT NULL DEFAULT '0',
  `updated_by` int(11) DEFAULT NULL,
  `updated_date` datetime DEFAULT NULL,
  `status` tinyint(1) DEFAULT NULL,
  `created_by` int(11) DEFAULT NULL,
  `created_date` datetime DEFAULT NULL,
  `swift_code` varchar(50) DEFAULT NULL,
  PRIMARY KEY (`id`) USING BTREE
) ENGINE=InnoDB AUTO_INCREMENT=14 DEFAULT CHARSET=utf8 ROW_FORMAT=COMPACT;

-- ----------------------------
--  Records of `bank`
-- ----------------------------
BEGIN;
INSERT INTO `bank` VALUES ('13', 'Sacom Bank', '1', 'No.0665 Sangkat Sla Kram, Siem Reap City, Siem Reap Province', 'eOcambo Technology', '00032882', '', '0', '20', '2019-06-26 13:48:39', '1', '20', '2019-06-26 13:45:06', 'SGTTVNVX');
COMMIT;

-- ----------------------------
--  Table structure for `bank_account_type`
-- ----------------------------
DROP TABLE IF EXISTS `bank_account_type`;
CREATE TABLE `bank_account_type` (
  `id` int(11) NOT NULL AUTO_INCREMENT,
  `names` varchar(200) NOT NULL,
  PRIMARY KEY (`id`) USING BTREE
) ENGINE=InnoDB AUTO_INCREMENT=3 DEFAULT CHARSET=utf8 ROW_FORMAT=COMPACT;

-- ----------------------------
--  Records of `bank_account_type`
-- ----------------------------
BEGIN;
INSERT INTO `bank_account_type` VALUES ('1', 'Saving Account'), ('2', 'Current Account');
COMMIT;

-- ----------------------------
--  Table structure for `billing_type`
-- ----------------------------
DROP TABLE IF EXISTS `billing_type`;
CREATE TABLE `billing_type` (
  `id` int(11) NOT NULL AUTO_INCREMENT,
  `name` varchar(255) DEFAULT NULL,
  PRIMARY KEY (`id`)
) ENGINE=InnoDB AUTO_INCREMENT=2 DEFAULT CHARSET=utf8 ROW_FORMAT=COMPACT;

-- ----------------------------
--  Records of `billing_type`
-- ----------------------------
BEGIN;
INSERT INTO `billing_type` VALUES ('1', 'Fixed Rate');
COMMIT;

-- ----------------------------
--  Table structure for `budget_set_up`
-- ----------------------------
DROP TABLE IF EXISTS `budget_set_up`;
CREATE TABLE `budget_set_up` (
  `id` int(11) NOT NULL AUTO_INCREMENT,
  `id_department` int(11) DEFAULT NULL,
  `id_position` int(11) DEFAULT NULL,
  `id_employee` int(11) DEFAULT NULL,
  `year` int(111) DEFAULT NULL,
  `unit_type` varchar(255) COLLATE utf8_unicode_ci DEFAULT NULL,
  `budget_value` decimal(10,2) DEFAULT NULL,
  `actual` decimal(10,2) DEFAULT NULL,
  `under_or_over` decimal(10,2) DEFAULT NULL,
  `note` text COLLATE utf8_unicode_ci,
  `status` int(11) DEFAULT NULL,
  `created_by` int(11) DEFAULT NULL,
  `created_date` datetime DEFAULT NULL,
  `updated_by` int(11) DEFAULT NULL,
  `updated_date` datetime DEFAULT NULL,
  `quarter_1` decimal(10,2) DEFAULT NULL,
  `quarter_2` decimal(10,2) DEFAULT NULL,
  `quarter_3` decimal(10,2) DEFAULT NULL,
  `quarter_4` decimal(10,2) DEFAULT NULL,
  PRIMARY KEY (`id`)
) ENGINE=InnoDB AUTO_INCREMENT=13 DEFAULT CHARSET=utf8 COLLATE=utf8_unicode_ci;

-- ----------------------------
--  Records of `budget_set_up`
-- ----------------------------
BEGIN;
INSERT INTO `budget_set_up` VALUES ('3', null, null, '11', '2019', '$', '10400.00', null, null, '', '1', '1', '2019-08-30 08:35:39', '1', '2019-08-30 15:54:06', '0.00', '0.00', '2000.00', '8400.00'), ('4', null, null, '14', '2020', '$', '33600.00', null, null, '', '1', '1', '2019-08-30 08:39:46', '1', '2019-08-30 15:57:01', '8400.00', '8400.00', '8400.00', '8400.00'), ('5', null, null, '9', '2020', '$', '48000.00', null, null, '', '1', '1', '2019-08-30 15:51:35', '1', '2019-08-30 15:52:03', '12000.00', '12000.00', '12000.00', '12000.00'), ('6', null, null, '9', '2019', '$', '10400.00', null, null, '', '1', '1', '2019-08-30 15:53:27', '1', '2019-08-30 15:54:24', '0.00', '0.00', '2000.00', '8400.00'), ('7', null, null, '14', '2019', '$', '8000.00', null, null, '', '1', '1', '2019-08-30 15:58:40', '1', '2019-08-30 17:39:01', '0.00', '0.00', '2000.00', '6000.00'), ('8', null, null, '13', '2019', '$', '8000.00', null, null, '', '1', '1', '2019-08-30 16:00:05', null, null, '0.00', '0.00', '2000.00', '6000.00'), ('9', null, null, '15', '2019', '$', '8000.00', null, null, '', '1', '1', '2019-08-30 16:08:47', null, null, '0.00', '0.00', '2000.00', '6000.00'), ('10', null, null, '11', '2020', '$', '48000.00', null, null, '', '1', '1', '2019-08-30 16:10:44', null, null, '12000.00', '12000.00', '12000.00', '12000.00'), ('11', null, null, '13', '2020', '$', '33600.00', null, null, '', '1', '1', '2019-08-30 16:13:04', null, null, '8400.00', '8400.00', '8400.00', '8400.00'), ('12', null, null, '15', '2020', '$', '33600.00', null, null, '', '1', '1', '2019-08-30 16:15:12', null, null, '8400.00', '8400.00', '8400.00', '8400.00');
COMMIT;

-- ----------------------------
--  Table structure for `budget_set_up_data`
-- ----------------------------
DROP TABLE IF EXISTS `budget_set_up_data`;
CREATE TABLE `budget_set_up_data` (
  `id` int(11) NOT NULL AUTO_INCREMENT,
  `id_budget_set_up` int(11) DEFAULT NULL,
  `id_month` int(11) DEFAULT NULL,
  `daily` decimal(10,2) DEFAULT NULL,
  `weekly` decimal(10,2) DEFAULT NULL,
  `monthly` decimal(10,2) DEFAULT NULL,
  `quarterly` decimal(10,2) DEFAULT NULL,
  PRIMARY KEY (`id`)
) ENGINE=InnoDB AUTO_INCREMENT=241 DEFAULT CHARSET=utf8;

-- ----------------------------
--  Records of `budget_set_up_data`
-- ----------------------------
BEGIN;
INSERT INTO `budget_set_up_data` VALUES ('85', '5', '1', '0.00', '1000.00', '4000.00', null), ('86', '5', '2', '0.00', '1000.00', '4000.00', null), ('87', '5', '3', '0.00', '1000.00', '4000.00', null), ('88', '5', '4', '0.00', '1000.00', '4000.00', null), ('89', '5', '5', '0.00', '1000.00', '4000.00', null), ('90', '5', '6', '0.00', '1000.00', '4000.00', null), ('91', '5', '7', '0.00', '1000.00', '4000.00', null), ('92', '5', '8', '0.00', '1000.00', '4000.00', null), ('93', '5', '9', '0.00', '1000.00', '4000.00', null), ('94', '5', '10', '0.00', '1000.00', '4000.00', null), ('95', '5', '11', '0.00', '1000.00', '4000.00', null), ('96', '5', '12', '0.00', '1000.00', '4000.00', null), ('109', '3', '1', '0.00', '0.00', '0.00', null), ('110', '3', '2', '0.00', '0.00', '0.00', null), ('111', '3', '3', '0.00', '0.00', '0.00', null), ('112', '3', '4', '0.00', '0.00', '0.00', null), ('113', '3', '5', '0.00', '0.00', '0.00', null), ('114', '3', '6', '0.00', '0.00', '0.00', null), ('115', '3', '7', '0.00', '0.00', '0.00', null), ('116', '3', '8', '0.00', '0.00', '0.00', null), ('117', '3', '9', '0.00', '500.00', '2000.00', null), ('118', '3', '10', '0.00', '700.00', '2800.00', null), ('119', '3', '11', '0.00', '700.00', '2800.00', null), ('120', '3', '12', '0.00', '700.00', '2800.00', null), ('121', '6', '1', '0.00', '0.00', '0.00', null), ('122', '6', '2', '0.00', '0.00', '0.00', null), ('123', '6', '3', '0.00', '0.00', '0.00', null), ('124', '6', '4', '0.00', '0.00', '0.00', null), ('125', '6', '5', '0.00', '0.00', '0.00', null), ('126', '6', '6', '0.00', '0.00', '0.00', null), ('127', '6', '7', '0.00', '0.00', '0.00', null), ('128', '6', '8', '0.00', '0.00', '0.00', null), ('129', '6', '9', '0.00', '500.00', '2000.00', null), ('130', '6', '10', '0.00', '700.00', '2800.00', null), ('131', '6', '11', '0.00', '700.00', '2800.00', null), ('132', '6', '12', '0.00', '700.00', '2800.00', null), ('133', '4', '1', '0.00', '700.00', '2800.00', null), ('134', '4', '2', '0.00', '700.00', '2800.00', null), ('135', '4', '3', '0.00', '700.00', '2800.00', null), ('136', '4', '4', '0.00', '700.00', '2800.00', null), ('137', '4', '5', '0.00', '700.00', '2800.00', null), ('138', '4', '6', '0.00', '700.00', '2800.00', null), ('139', '4', '7', '0.00', '700.00', '2800.00', null), ('140', '4', '8', '0.00', '700.00', '2800.00', null), ('141', '4', '9', '0.00', '700.00', '2800.00', null), ('142', '4', '10', '0.00', '700.00', '2800.00', null), ('143', '4', '11', '0.00', '700.00', '2800.00', null), ('144', '4', '12', '0.00', '700.00', '2800.00', null), ('157', '8', '1', '0.00', '0.00', '0.00', null), ('158', '8', '2', '0.00', '0.00', '0.00', null), ('159', '8', '3', '0.00', '0.00', '0.00', null), ('160', '8', '4', '0.00', '0.00', '0.00', null), ('161', '8', '5', '0.00', '0.00', '0.00', null), ('162', '8', '6', '0.00', '0.00', '0.00', null), ('163', '8', '7', '0.00', '0.00', '0.00', null), ('164', '8', '8', '0.00', '0.00', '0.00', null), ('165', '8', '9', '0.00', '500.00', '2000.00', null), ('166', '8', '10', '0.00', '500.00', '2000.00', null), ('167', '8', '11', '0.00', '500.00', '2000.00', null), ('168', '8', '12', '0.00', '500.00', '2000.00', null), ('181', '9', '1', '0.00', '0.00', '0.00', null), ('182', '9', '2', '0.00', '0.00', '0.00', null), ('183', '9', '3', '0.00', '0.00', '0.00', null), ('184', '9', '4', '0.00', '0.00', '0.00', null), ('185', '9', '5', '0.00', '0.00', '0.00', null), ('186', '9', '6', '0.00', '0.00', '0.00', null), ('187', '9', '7', '0.00', '0.00', '0.00', null), ('188', '9', '8', '0.00', '0.00', '0.00', null), ('189', '9', '9', '0.00', '500.00', '2000.00', null), ('190', '9', '10', '0.00', '500.00', '2000.00', null), ('191', '9', '11', '0.00', '500.00', '2000.00', null), ('192', '9', '12', '0.00', '500.00', '2000.00', null), ('193', '10', '1', '0.00', '1000.00', '4000.00', null), ('194', '10', '2', '0.00', '1000.00', '4000.00', null), ('195', '10', '3', '0.00', '1000.00', '4000.00', null), ('196', '10', '4', '0.00', '1000.00', '4000.00', null), ('197', '10', '5', '0.00', '1000.00', '4000.00', null), ('198', '10', '6', '0.00', '1000.00', '4000.00', null), ('199', '10', '7', '0.00', '1000.00', '4000.00', null), ('200', '10', '8', '0.00', '1000.00', '4000.00', null), ('201', '10', '9', '0.00', '1000.00', '4000.00', null), ('202', '10', '10', '0.00', '1000.00', '4000.00', null), ('203', '10', '11', '0.00', '1000.00', '4000.00', null), ('204', '10', '12', '0.00', '1000.00', '4000.00', null), ('205', '11', '1', '0.00', '700.00', '2800.00', null), ('206', '11', '2', '0.00', '700.00', '2800.00', null), ('207', '11', '3', '0.00', '700.00', '2800.00', null), ('208', '11', '4', '0.00', '700.00', '2800.00', null), ('209', '11', '5', '0.00', '700.00', '2800.00', null), ('210', '11', '6', '0.00', '700.00', '2800.00', null), ('211', '11', '7', '0.00', '700.00', '2800.00', null), ('212', '11', '8', '0.00', '700.00', '2800.00', null), ('213', '11', '9', '0.00', '700.00', '2800.00', null), ('214', '11', '10', '0.00', '700.00', '2800.00', null), ('215', '11', '11', '0.00', '700.00', '2800.00', null), ('216', '11', '12', '0.00', '700.00', '2800.00', null), ('217', '12', '1', '0.00', '700.00', '2800.00', null), ('218', '12', '2', '0.00', '700.00', '2800.00', null), ('219', '12', '3', '0.00', '700.00', '2800.00', null), ('220', '12', '4', '0.00', '700.00', '2800.00', null), ('221', '12', '5', '0.00', '700.00', '2800.00', null), ('222', '12', '6', '0.00', '700.00', '2800.00', null), ('223', '12', '7', '0.00', '700.00', '2800.00', null), ('224', '12', '8', '0.00', '700.00', '2800.00', null), ('225', '12', '9', '0.00', '700.00', '2800.00', null), ('226', '12', '10', '0.00', '700.00', '2800.00', null), ('227', '12', '11', '0.00', '700.00', '2800.00', null), ('228', '12', '12', '0.00', '700.00', '2800.00', null), ('229', '7', '1', '0.00', '0.00', '0.00', null), ('230', '7', '2', '0.00', '0.00', '0.00', null), ('231', '7', '3', '0.00', '0.00', '0.00', null), ('232', '7', '4', '0.00', '0.00', '0.00', null), ('233', '7', '5', '0.00', '0.00', '0.00', null), ('234', '7', '6', '0.00', '0.00', '0.00', null), ('235', '7', '7', '0.00', '0.00', '0.00', null), ('236', '7', '8', '0.00', '0.00', '0.00', null), ('237', '7', '9', '0.00', '500.00', '2000.00', null), ('238', '7', '10', '0.00', '500.00', '2000.00', null), ('239', '7', '11', '0.00', '500.00', '2000.00', null), ('240', '7', '12', '0.00', '500.00', '2000.00', null);
COMMIT;

-- ----------------------------
--  Table structure for `budget_setup_value`
-- ----------------------------
DROP TABLE IF EXISTS `budget_setup_value`;
CREATE TABLE `budget_setup_value` (
  `id` int(11) NOT NULL AUTO_INCREMENT,
  `id_budget_set_up` int(11) DEFAULT NULL,
  `for_month` varchar(255) COLLATE utf8_unicode_ci DEFAULT NULL,
  `daily_budget` decimal(10,2) DEFAULT NULL,
  `weekly_budget` decimal(10,2) DEFAULT NULL,
  `monthly_budget` decimal(10,2) DEFAULT NULL,
  `created_by` int(11) DEFAULT NULL,
  `created_date` datetime DEFAULT NULL,
  `updated_by` int(11) DEFAULT NULL,
  `updated_date` datetime DEFAULT NULL,
  `status` int(1) DEFAULT NULL,
  PRIMARY KEY (`id`)
) ENGINE=InnoDB DEFAULT CHARSET=utf8 COLLATE=utf8_unicode_ci;

-- ----------------------------
--  Table structure for `cash_advance_request`
-- ----------------------------
DROP TABLE IF EXISTS `cash_advance_request`;
CREATE TABLE `cash_advance_request` (
  `id` int(11) NOT NULL AUTO_INCREMENT,
  `doc_id` varchar(50) DEFAULT NULL,
  `date` date DEFAULT NULL,
  `id_employee` int(11) DEFAULT NULL,
  `chart_of_account` int(11) DEFAULT NULL,
  `amount` decimal(10,2) DEFAULT NULL,
  `amount_in_word` varchar(255) DEFAULT NULL,
  `reason` varchar(255) DEFAULT NULL,
  `id_pay_type` int(11) DEFAULT NULL,
  `approved_by` int(11) DEFAULT NULL,
  `status` tinyint(4) DEFAULT NULL,
  `created_by` int(11) DEFAULT NULL,
  `created_date` datetime DEFAULT NULL,
  `updated_by` int(11) DEFAULT NULL,
  `updated_date` datetime DEFAULT NULL,
  PRIMARY KEY (`id`)
) ENGINE=InnoDB AUTO_INCREMENT=2 DEFAULT CHARSET=utf8;

-- ----------------------------
--  Records of `cash_advance_request`
-- ----------------------------
BEGIN;
INSERT INTO `cash_advance_request` VALUES ('1', 'ADV19080001', '2019-08-20', '1', null, '9.00', 'NINE DOLLAR', '', '3', '2', '0', '1', '2019-08-20 16:05:44', '1', '2019-08-22 09:25:15');
COMMIT;

-- ----------------------------
--  Table structure for `chart_account`
-- ----------------------------
DROP TABLE IF EXISTS `chart_account`;
CREATE TABLE `chart_account` (
  `id` int(11) NOT NULL AUTO_INCREMENT,
  `names` varchar(250) NOT NULL,
  `updated_by` int(11) DEFAULT NULL,
  `updated_date` datetime DEFAULT NULL,
  `status` tinyint(1) DEFAULT NULL,
  `id_account_type` int(11) DEFAULT NULL,
  `id_is_parent` int(11) DEFAULT NULL,
  `is_parent` int(11) DEFAULT NULL,
  `created_by` int(11) DEFAULT NULL,
  `created_date` datetime DEFAULT NULL,
  `id_bank` int(11) DEFAULT NULL,
  `number_code` int(5) DEFAULT NULL,
  PRIMARY KEY (`id`) USING BTREE
) ENGINE=InnoDB AUTO_INCREMENT=276 DEFAULT CHARSET=utf8 ROW_FORMAT=COMPACT;

-- ----------------------------
--  Records of `chart_account`
-- ----------------------------
BEGIN;
INSERT INTO `chart_account` VALUES ('1', 'Sales Income', '1', '2018-08-17 14:06:23', '1', '1', null, '0', '1', '2018-07-02 16:23:21', null, '40000'), ('2', 'Franchise Sales Revenue', '1', '2018-08-26 15:56:39', '1', '6', null, '0', '1', '2018-07-02 16:23:21', null, '41000'), ('3', 'Interest Income', '1', '2018-08-26 15:57:00', '1', '6', null, '0', '1', '2018-07-02 16:23:21', null, '42000'), ('4', 'Cost of Sales', '1', '2018-08-17 14:07:44', '1', '4', null, '0', '1', '2018-07-02 16:23:21', null, '50000'), ('5', 'Cost of Accommodation', '1', '2018-08-26 16:09:53', '1', '4', null, '4', '1', '2018-07-02 16:23:21', null, '50100'), ('6', 'Cost of Guide', '1', '2018-08-26 16:10:08', '1', '4', null, '4', '1', '2018-07-02 16:23:21', null, '50200'), ('7', 'Cost of Ticket', '1', '2018-08-26 16:10:23', '1', '4', null, '4', '1', '2018-07-02 16:23:21', null, '50300'), ('8', 'Cost of Transport', '1', '2018-08-26 16:10:42', '1', '4', null, '4', '1', '2018-07-02 16:23:21', null, '50400'), ('10', 'Cost of Misc', '1', '2018-08-26 16:11:14', '1', '4', null, '4', '1', '2018-07-02 16:23:21', null, '50600'), ('11', 'Cost of Tour & Activities', '1', '2018-08-26 16:11:28', '1', '4', null, '4', '1', '2018-07-02 16:23:21', null, '50700'), ('12', 'Cost of Restaurant', '1', '2018-08-26 16:11:44', '1', '4', null, '4', '1', '2018-07-02 16:23:21', null, '50800'), ('13', 'Cost of Cruise', '1', '2018-08-26 16:11:58', '1', '4', null, '4', '1', '2018-07-02 16:23:21', null, '50900'), ('15', 'Utilities Expanse', '1', '2018-08-24 22:50:41', '1', '2', null, '92', '1', '2018-07-02 16:23:21', null, '61100'), ('16', 'Staff\'s Food Expense', '1', '2018-08-26 14:35:32', '1', '2', null, '97', '1', '2018-07-02 16:23:21', null, '61510'), ('17', 'Gastroline Expense', '1', '2018-08-26 15:40:05', '1', '2', null, '15', '1', '2018-07-02 16:23:21', null, '61105'), ('18', 'Cellcard Expense', '1', '2018-08-26 14:19:49', '1', '2', null, '96', '1', '2018-07-02 16:23:21', null, '61410'), ('19', 'Internet Expense', '1', '2018-08-26 14:20:29', '1', '2', null, '96', '1', '2018-07-02 16:23:21', null, '61420'), ('20', 'Bad Debts', '1', '2018-08-26 15:16:56', '1', '2', null, '101', '1', '2018-07-02 16:23:21', null, '64010'), ('21', 'Bank Charge', '1', '2018-08-26 15:17:13', '1', '2', null, '101', '1', '2018-07-02 16:23:21', null, '64020'), ('22', 'Payroll Expense', '1', '2018-08-24 22:57:37', '1', '2', null, '92', '1', '2018-07-02 16:23:21', null, '61200'), ('23', 'Bonus Expense', '1', '2018-08-26 15:28:07', '1', '2', null, '22', '1', '2018-07-02 16:23:21', null, '61201'), ('24', 'Commission for Supplier Expense', '1', '2018-08-26 14:50:59', '1', '2', null, '98', '1', '2018-07-02 16:23:21', null, '62010'), ('25', 'Anual Staff Party', '1', '2018-08-26 14:36:11', '1', '2', null, '97', '1', '2018-07-02 16:23:21', null, '61521'), ('26', 'Business Adverting Expense', '1', '2018-08-26 14:57:51', '1', '2', null, '98', '1', '2018-07-02 16:23:21', null, '62020'), ('27', 'Sponsor Expense', '1', '2018-08-26 14:58:17', '1', '2', null, '98', '1', '2018-07-02 16:23:21', null, '62030'), ('28', 'Car Maintenance Expense', '1', '2018-08-26 14:25:41', '1', '2', null, '99', '1', '2018-07-02 16:23:21', null, '61901'), ('29', 'Computer Maintenance Expense', '1', '2018-08-26 14:26:02', '1', '2', null, '99', '1', '2018-07-02 16:23:21', null, '61902'), ('30', 'Accommodation Expense', '1', '2018-08-26 15:05:39', '1', '2', null, '182', '1', '2018-07-02 16:23:21', null, '62191'), ('31', 'Meal\'s Expense', '1', '2018-08-26 15:05:23', '1', '2', null, '182', '1', '2018-07-02 16:23:21', null, '62192'), ('32', 'Air ticket Expense', '1', '2018-08-26 15:05:58', '1', '2', null, '182', '1', '2018-07-02 16:23:21', null, '62193'), ('33', 'Staff Insurrance', '1', '2018-08-26 15:28:26', '1', '2', null, '22', '1', '2018-07-02 16:23:21', null, '61202'), ('36', 'Other Expense', '1', '2018-08-26 16:18:00', '1', '5', null, '0', '1', '2018-07-02 16:23:21', null, '70000'), ('37', 'Cash on Hand in Cambodia', '1', '2018-08-25 23:22:33', '1', '3', null, '102', '1', '2018-07-02 16:23:21', null, '10100'), ('38', 'Cash on Hand in Siem Reap office', '1', '2018-08-25 23:25:31', '1', '3', null, '37', '1', '2018-07-02 16:23:21', null, '10101'), ('39', 'Cash on Hand in Phnom Penh office', '1', '2018-08-25 23:26:04', '1', '3', null, '37', '1', '2018-07-02 16:23:21', null, '10102'), ('40', 'Cash on Hand in Philippine', '1', '2018-08-25 23:22:57', '1', '3', null, '102', '1', '2018-07-02 16:23:21', null, '10200'), ('42', 'Shareholders\' Equity', '1', '2018-08-26 16:21:27', '1', '7', null, '0', '1', '2018-07-02 16:23:21', null, '30000'), ('43', 'Owner\'s Withdrawal', '1', '2018-08-26 16:24:33', '1', '7', null, '42', '1', '2018-07-02 16:23:21', null, '33000'), ('44', 'Retained Earnings', '1', '2018-08-26 16:23:14', '1', '7', null, '0', '1', '2018-07-02 16:23:21', null, '39000'), ('46', 'Interest Payable ', '1', '2018-08-26 17:17:38', '1', '8', null, '48', '1', '2018-07-02 16:23:21', null, '26010'), ('47', 'Insurrance Payable', '1', '2018-08-26 17:24:50', '1', '8', null, '0', '1', '2018-07-02 16:23:21', null, '22000'), ('48', 'Loan Payable ', '1', '2018-08-26 17:14:00', '1', '8', null, '0', '1', '2018-07-02 16:23:21', null, '26000'), ('49', 'Payroll Liabilities', '1', '2018-08-26 17:13:23', '1', '8', null, '0', '1', '2018-07-02 16:23:21', null, '21000'), ('51', 'Employee Cash Advances', '1', '2018-08-26 17:56:50', '1', '9', null, '218', '1', '2018-07-02 16:23:21', null, '14030'), ('52', 'Inventory', '1', '2018-08-26 18:00:01', '1', '9', null, '0', '1', '2018-07-02 16:23:21', null, '13000'), ('53', 'Loans to Shareholders', '1', '2018-08-26 17:55:40', '1', '9', null, '218', '1', '2018-07-02 16:23:21', null, '14010'), ('54', 'Other Current Assets', '1', '2018-08-26 18:14:03', '1', '9', null, '0', '1', '2018-07-02 16:23:21', null, '17000'), ('55', 'Prepaid Expense', '1', '2018-08-24 23:15:50', '1', '9', null, '0', '1', '2018-07-02 16:23:21', null, '15000'), ('56', 'Loans to Officers', '1', '2018-08-26 17:57:46', '1', '9', null, '218', '1', '2018-07-02 16:23:21', null, '14040'), ('62', 'Account Payable', '1', '2018-08-24 23:12:20', '1', '44', null, '0', '1', '2018-07-02 16:23:21', null, '20000'), ('63', 'Account Receivable', '1', '2018-08-24 23:11:17', '1', '45', null, '0', '1', '2018-07-02 16:23:21', null, '12000'), ('64', 'Cash in Bank Cambodia', '1', '2018-08-25 23:29:34', '1', '3', null, '104', '1', '2018-07-02 16:23:21', null, '11100'), ('65', 'Cash in Bank Phillippine', '1', '2018-08-26 15:21:22', '1', '3', null, '104', '1', '2018-07-02 16:23:21', null, '11200'), ('67', 'Vehicle', '1', '2018-08-27 22:46:53', '1', '46', null, '0', '1', '2018-07-02 16:23:21', null, '18100'), ('68', 'Building', '1', '2018-08-27 22:47:17', '1', '46', null, '0', '1', '2018-07-02 16:23:21', null, '18200'), ('69', 'Bank Deposit (Business Bank Guaranteed)', '1', '2018-08-26 18:35:16', '1', '9', null, '221', '1', '2018-07-02 16:23:21', null, '16500'), ('70', 'Trade Discount & Promotion(-)', '1', '2018-08-26 16:05:19', '1', '1', null, '0', '1', '2018-07-02 16:23:21', null, '43000'), ('71', 'Unearned Revenue', '1', '2018-08-26 17:09:13', '1', '8', null, '0', '1', '2018-07-02 16:23:21', null, '25000'), ('72', 'Guide Advances', '1', '2018-08-26 17:56:25', '1', '9', null, '218', '1', '2018-07-02 16:54:32', null, '14020'), ('73', 'Staff Allowance Expense', '1', '2018-08-26 15:28:46', '1', '2', null, '22', '1', '2018-07-10 16:07:46', null, '61203'), ('75', 'Guide Advance Liabilities', '1', '2018-08-26 17:08:43', '1', '8', null, '0', '1', '2018-08-15 15:54:13', null, '24000'), ('79', 'Cash on Hand in Myanmar', '1', '2018-08-25 23:23:24', '1', '3', null, '102', '1', '2018-08-16 23:45:17', null, '10300'), ('80', 'Cash in Bank Vietnam', '1', '2018-08-25 23:34:50', '1', '3', null, '104', '1', '2018-08-16 23:46:25', null, '11300'), ('82', 'Cash in Bank Thailand', '1', '2018-08-26 15:22:27', '1', '3', null, '104', '1', '2018-08-16 23:51:18', null, '11400'), ('85', 'Cash on Hand in Indonesia', '1', '2018-08-25 23:23:48', '1', '3', null, '102', '1', '2018-08-16 23:55:32', null, '10400'), ('87', 'Salary Tax Payable', '1', '2018-08-26 16:56:12', '1', '8', null, '206', '1', '2018-08-17 01:50:59', null, '23010'), ('88', 'Value Added Tax Payable', '1', '2018-08-26 16:57:37', '1', '8', null, '206', '1', '2018-08-17 01:52:33', null, '23030'), ('89', 'Profit Tax Payable', '1', '2018-08-26 16:57:08', '1', '8', null, '206', '1', '2018-08-17 01:53:35', null, '23020'), ('90', 'Withholding Tax Payable', '1', '2018-08-26 16:58:06', '1', '8', null, '206', '1', '2018-08-17 01:56:06', null, '23040'), ('91', 'Operation & Admin Expense', '1', '2018-08-20 12:47:55', '1', '2', null, '0', '1', '2018-08-20 12:47:55', null, '60000'), ('92', 'General Expense', '1', '2018-08-20 12:49:34', '1', '2', null, '91', '1', '2018-08-20 12:49:34', null, '61000'), ('95', 'Rental Expense', '1', '2018-08-24 22:58:11', '1', '2', null, '92', '1', '2018-08-24 22:53:11', null, '61300'), ('96', 'Communication Expense', '1', '2018-08-24 22:59:21', '1', '2', null, '92', '1', '2018-08-24 22:59:21', null, '61400'), ('97', 'Admin Expense', '1', '2018-08-24 23:00:22', '1', '2', null, '92', '1', '2018-08-24 23:00:22', null, '61500'), ('98', 'Marketing Expense', '1', '2018-08-26 14:11:55', '1', '2', null, '91', '1', '2018-08-24 23:02:05', null, '62000'), ('99', 'Maintenance & Repair Expense', '1', '2018-08-26 14:25:00', '1', '2', null, '92', '1', '2018-08-24 23:03:27', null, '61900'), ('100', 'Taxes Expense', '1', '2018-08-26 14:12:32', '1', '2', null, '91', '1', '2018-08-24 23:07:14', null, '63000'), ('101', 'Finance Expense', '1', '2018-08-26 14:13:08', '1', '2', null, '91', '1', '2018-08-24 23:08:59', null, '64000'), ('102', 'Cash on Hand', '1', '2018-08-26 09:48:33', '1', '3', null, '0', '1', '2018-08-24 23:18:16', null, '10000'), ('104', 'Cash in Bank', '1', '2018-08-25 23:27:49', '1', '3', null, '0', '1', '2018-08-25 23:27:49', null, '11000'), ('105', 'Telephone Expense', '1', '2018-08-26 14:20:47', '1', '2', null, '96', '1', '2018-08-26 10:02:45', null, '61430'), ('107', 'Post Office Fee', '1', '2018-08-26 14:21:08', '1', '2', null, '96', '1', '2018-08-26 10:09:47', null, '61440'), ('108', 'Security Expense', '1', '2018-08-26 14:36:55', '1', '2', null, '97', '1', '2018-08-26 10:18:29', null, '61522'), ('109', 'Donations and Charity Expense', '1', '2018-08-26 14:58:40', '1', '2', null, '98', '1', '2018-08-26 10:20:06', null, '62040'), ('110', 'Printing Expense', '1', '2018-08-26 14:37:19', '1', '2', null, '97', '1', '2018-08-26 10:20:37', null, '61523'), ('111', 'Insurrance Expense', '1', '2018-08-26 14:37:38', '1', '2', null, '97', '1', '2018-08-26 10:21:38', null, '61524'), ('112', 'Newspaper & Margazine Expense', '1', '2018-08-26 14:37:54', '1', '2', null, '97', '1', '2018-08-26 10:22:48', null, '61525'), ('113', 'Office Supplies Expense', '1', '2018-08-26 14:38:14', '1', '2', null, '97', '1', '2018-08-26 10:23:25', null, '61526'), ('114', 'Small Tools & Equipment', '1', '2018-08-26 14:39:18', '1', '2', null, '97', '1', '2018-08-26 10:24:31', null, '61527'), ('115', 'Domain Hosting Expense', '1', '2018-08-26 14:39:49', '1', '2', null, '97', '1', '2018-08-26 10:25:15', null, '61528'), ('116', 'Professional Fee Expense', '1', '2018-08-26 14:40:17', '1', '2', null, '97', '1', '2018-08-26 10:26:11', null, '61529'), ('117', 'Staff Retreatment Trip Expense', '1', '2018-08-26 14:40:35', '1', '2', null, '97', '1', '2018-08-26 10:27:24', null, '61530'), ('118', 'Staff Training Expense', '1', '2018-08-26 14:40:55', '1', '2', null, '97', '1', '2018-08-26 10:33:23', null, '61531'), ('119', 'Staff Entertainment Expense', '1', '2018-08-26 14:41:15', '1', '2', null, '97', '1', '2018-08-26 10:33:58', null, '61532'), ('120', 'Staff Uniform Expense', '1', '2018-08-26 14:41:34', '1', '2', null, '97', '1', '2018-08-26 10:34:36', null, '61533'), ('121', 'Office Stationaries Expense', '1', '2018-08-26 14:41:52', '1', '2', null, '97', '1', '2018-08-26 10:36:31', null, '61534'), ('122', 'Tips Expense', '1', '2018-08-26 14:42:08', '1', '2', null, '97', '1', '2018-08-26 10:38:02', null, '61535'), ('123', 'Delivery & Shipping Expense', '1', '2018-08-26 14:42:28', '1', '2', null, '97', '1', '2018-08-26 10:38:49', null, '61536'), ('124', 'Staff Recruitment Expense', '1', '2018-08-26 14:42:45', '1', '2', null, '97', '1', '2018-08-26 10:39:38', null, '61537'), ('125', 'Religious Ceremony Expense', '1', '2018-08-26 14:44:04', '1', '2', null, '97', '1', '2018-08-26 10:40:23', null, '61538'), ('126', 'Commission for Customer Expense', '1', '2018-08-26 14:59:11', '1', '2', null, '98', '1', '2018-08-26 11:05:31', null, '62050'), ('127', 'Commission for Staff Expense', '1', '2018-08-26 14:59:47', '1', '2', null, '98', '1', '2018-08-26 11:06:42', null, '62060'), ('128', 'Agent Fam Trip Expense', '1', '2018-08-26 15:00:08', '1', '2', null, '98', '1', '2018-08-26 11:07:56', null, '62070'), ('129', 'Trade & Expo attending Expense', '1', '2018-08-26 15:00:31', '1', '2', null, '98', '1', '2018-08-26 11:10:33', null, '62080'), ('130', 'Membership & Affiliate Expense', '1', '2018-08-26 15:00:52', '1', '2', null, '98', '1', '2018-08-26 11:12:19', null, '62090'), ('131', 'Rep. Marketing Fee', '1', '2018-08-26 15:01:23', '1', '2', null, '98', '1', '2018-08-26 11:14:06', null, '62100'), ('132', 'Entertainment Supplier', '1', '2018-08-26 15:01:46', '1', '2', null, '98', '1', '2018-08-26 11:15:40', null, '62110'), ('133', 'Entertainment Customer', '1', '2018-08-26 15:02:04', '1', '2', null, '98', '1', '2018-08-26 11:17:24', null, '62120'), ('134', 'Business Gift Expense', '1', '2018-08-26 15:02:26', '1', '2', null, '98', '1', '2018-08-26 11:22:04', null, '62130'), ('135', 'Compensation Expense', '1', '2018-08-26 15:02:57', '1', '2', null, '98', '1', '2018-08-26 11:25:25', null, '62140'), ('136', 'Business Promotion', '1', '2018-08-26 15:03:18', '1', '2', null, '98', '1', '2018-08-26 11:27:10', null, '62150'), ('137', 'Art & Graphic Expense', '1', '2018-08-26 15:03:38', '1', '2', null, '98', '1', '2018-08-26 11:36:49', null, '62160'), ('138', 'Broucher & Marketing Meterial', '1', '2018-08-26 15:04:01', '1', '2', null, '98', '1', '2018-08-26 11:38:17', null, '62170'), ('139', 'Sales Promotion Expense', '1', '2018-08-26 15:04:23', '1', '2', null, '98', '1', '2018-08-26 11:40:28', null, '62180'), ('140', 'Web Design Expense', '1', '2018-08-26 14:44:22', '1', '2', null, '97', '1', '2018-08-26 11:45:47', null, '61539'), ('141', 'Refriedgerator Maintenance', '1', '2018-08-26 14:26:24', '1', '2', null, '99', '1', '2018-08-26 11:55:46', null, '61903'), ('142', 'Air-conditioner Maintenance', '1', '2018-08-26 14:26:47', '1', '2', null, '99', '1', '2018-08-26 11:56:30', null, '61904'), ('143', 'Printer & Scanner Maintenance', '1', '2018-08-26 14:27:10', '1', '2', null, '99', '1', '2018-08-26 11:57:52', null, '61905'), ('144', 'Building Maintenance', '1', '2018-08-26 14:27:32', '1', '2', null, '99', '1', '2018-08-26 11:58:55', null, '61906'), ('145', 'Electricity Maintenance', '1', '2018-08-26 14:27:58', '1', '2', null, '99', '1', '2018-08-26 11:59:51', null, '61907'), ('146', 'Kitchen Equipment Maintenance', '1', '2018-08-26 14:29:31', '1', '2', null, '99', '1', '2018-08-26 12:00:41', null, '61908'), ('147', 'Server Maintenance', '1', '2018-08-26 14:29:52', '1', '2', null, '99', '1', '2018-08-26 12:01:55', null, '61909'), ('148', 'Office Space Maintenance', '1', '2018-08-26 14:30:12', '1', '2', null, '99', '1', '2018-08-26 12:02:39', null, '61910'), ('149', 'Bathroom Maintenance', '1', '2018-08-26 14:30:43', '1', '2', null, '99', '1', '2018-08-26 12:03:33', null, '61911'), ('150', 'Solar System Maintenance', '1', '2018-08-26 14:31:06', '1', '2', null, '99', '1', '2018-08-26 12:04:11', null, '61912'), ('151', 'Sound System Maintenance', '1', '2018-08-26 14:31:25', '1', '2', null, '99', '1', '2018-08-26 12:04:46', null, '61913'), ('152', 'Telephone Maintenance', '1', '2018-08-26 14:31:46', '1', '2', null, '99', '1', '2018-08-26 12:06:00', null, '61914'), ('153', 'TV Maintenance', '1', '2018-08-26 14:32:07', '1', '2', null, '99', '1', '2018-08-26 12:06:35', null, '61915'), ('154', 'Water System Maintenance', '1', '2018-08-26 14:32:30', '1', '2', null, '99', '1', '2018-08-26 12:07:26', null, '61916'), ('155', 'Fire Extinguishing System', '1', '2018-08-26 14:33:02', '1', '2', null, '99', '1', '2018-08-26 12:08:07', null, '61917'), ('156', 'Wooden Equipment', '1', '2018-08-26 14:33:21', '1', '2', null, '99', '1', '2018-08-26 12:08:56', null, '61918'), ('157', 'Lighting Repair', '1', '2018-08-26 14:34:03', '1', '2', null, '99', '1', '2018-08-26 12:10:18', null, '61919'), ('158', 'Painting Maintenance', '1', '2018-08-26 14:34:24', '1', '2', null, '99', '1', '2018-08-26 12:11:27', null, '61920'), ('159', 'Garden & Landscap Maintenance', '1', '2018-08-26 14:34:43', '1', '2', null, '99', '1', '2018-08-26 12:42:28', null, '61921'), ('160', 'Logo and Banner Tax', '1', '2018-08-26 15:08:46', '1', '2', null, '100', '1', '2018-08-26 12:45:15', null, '63010'), ('161', 'Withholding Tax', '1', '2018-08-26 15:09:07', '1', '2', null, '100', '1', '2018-08-26 12:46:56', null, '63020'), ('162', 'Authority Tax', '1', '2018-08-26 15:09:32', '1', '2', null, '100', '1', '2018-08-26 12:47:29', null, '63030'), ('163', 'Patent Tax Expense', '1', '2018-08-26 15:10:34', '1', '2', null, '100', '1', '2018-08-26 12:48:15', null, '63040'), ('164', 'Salary Tax Expense', '1', '2018-08-26 16:59:26', '1', '2', null, '100', '1', '2018-08-26 12:49:01', null, '63050'), ('165', 'Profit Tax', '1', '2018-08-26 15:11:10', '1', '2', null, '100', '1', '2018-08-26 12:49:50', null, '63060'), ('166', 'Value Added Tax Payable', '1', '2018-08-26 17:05:50', '1', '2', null, '100', '1', '2018-08-26 12:50:37', null, '63070'), ('167', 'Office Rental Tax', '1', '2018-08-26 15:11:57', '1', '2', null, '100', '1', '2018-08-26 12:52:08', null, '63080'), ('168', 'Penalty Tax', '1', '2018-08-26 15:12:21', '1', '2', null, '100', '1', '2018-08-26 12:52:51', null, '63090'), ('169', 'Tax Registration/ Update Tax', '1', '2018-08-26 15:13:36', '1', '2', null, '100', '1', '2018-08-26 12:53:40', null, '63100'), ('170', 'Prepayment Profit Tax', '1', '2018-08-26 15:14:01', '1', '2', null, '100', '1', '2018-08-26 12:54:40', null, '63110'), ('171', 'Tax Services', '1', '2018-08-26 15:14:35', '1', '2', null, '100', '1', '2018-08-26 12:55:09', null, '63120'), ('172', 'Credit Card Fee Expense', '1', '2018-08-26 15:17:41', '1', '2', null, '101', '1', '2018-08-26 13:26:02', null, '64030'), ('173', 'Interest Expense', '1', '2018-08-26 15:18:02', '1', '2', null, '101', '1', '2018-08-26 13:27:10', null, '63040'), ('174', 'Gian & Loss Exchange Rate', '1', '2018-08-26 15:18:33', '1', '2', null, '101', '1', '2018-08-26 13:27:55', null, '63050'), ('175', 'Cheque Book Expense', '1', '2018-08-26 15:18:50', '1', '2', null, '101', '1', '2018-08-26 13:28:45', null, '63060'), ('176', 'Depreciation Expense', '1', '2018-08-26 15:19:09', '1', '2', null, '101', '1', '2018-08-26 13:29:16', null, '63070'), ('177', 'Office - Siem Reap Rental', '1', '2018-08-26 14:18:12', '1', '2', null, '95', '1', '2018-08-26 13:36:19', null, '61310'), ('178', 'Office - Phnom Penh Rental', '1', '2018-08-26 14:18:33', '1', '2', null, '95', '1', '2018-08-26 13:37:01', null, '61320'), ('179', 'Office - Manila Rental', '1', '2018-08-26 14:18:52', '1', '2', null, '95', '1', '2018-08-26 13:37:51', null, '61330'), ('180', 'Office - Jakarta Rental', '1', '2018-08-26 14:19:08', '1', '2', null, '95', '1', '2018-08-26 13:38:52', null, '61340'), ('181', 'Office - Yangon Rental', '1', '2018-08-26 14:19:24', '1', '2', null, '95', '1', '2018-08-26 13:41:43', null, '61350'), ('182', 'Business Trip Expense', '1', '2018-08-26 15:04:43', '1', '2', null, '98', '1', '2018-08-26 13:45:48', null, '62190'), ('183', 'Taxi & Transport\'s Expense', '1', '2018-08-26 15:06:13', '1', '2', null, '182', '1', '2018-08-26 13:50:26', null, '62194'), ('184', 'Visa & Permission fee', '1', '2018-08-26 15:06:34', '1', '2', null, '182', '1', '2018-08-26 13:52:02', null, '62195'), ('185', 'Staff Meal', '1', '2018-08-26 14:45:50', '1', '2', null, '16', '1', '2018-08-26 13:57:55', null, '61511'), ('186', 'Staff Mineral Water', '1', '2018-08-26 14:46:06', '1', '2', null, '16', '1', '2018-08-26 13:58:33', null, '61512'), ('187', 'Staff Rice Supply', '1', '2018-08-26 14:46:26', '1', '2', null, '16', '1', '2018-08-26 13:59:08', null, '61513'), ('188', 'Kitchen Supplies', '1', '2018-08-26 14:46:47', '1', '2', null, '16', '1', '2018-08-26 14:03:34', null, '61514'), ('189', 'Staff Cake & Birthday', '1', '2018-08-26 14:44:51', '1', '2', null, '97', '1', '2018-08-26 14:07:01', null, '61540'), ('190', 'Snack & Coffee Expense', '1', '2018-08-26 14:48:39', '1', '2', null, '16', '1', '2018-08-26 14:48:14', null, '61515'), ('191', 'Salary Expense', '1', '2018-08-26 15:29:16', '1', '2', null, '22', '1', '2018-08-26 15:29:16', null, '61204'), ('192', 'Medical Expense', '1', '2018-08-26 15:30:55', '1', '2', null, '22', '1', '2018-08-26 15:30:55', null, '61205'), ('193', 'Business License', '1', '2018-08-26 15:33:11', '1', '2', null, '97', '1', '2018-08-26 15:33:11', null, '61541'), ('194', 'Tourism License', '1', '2018-08-26 15:33:44', '1', '2', null, '97', '1', '2018-08-26 15:33:44', null, '61542'), ('195', 'Electricity Expense', '1', '2018-08-26 15:35:52', '1', '2', null, '15', '1', '2018-08-26 15:35:52', null, '61101'), ('196', 'Water usage Expense', '1', '2018-08-26 15:36:52', '1', '2', null, '15', '1', '2018-08-26 15:36:52', null, '61102'), ('197', 'City Cleaning fee', '1', '2018-08-26 15:37:21', '1', '2', null, '15', '1', '2018-08-26 15:37:21', null, '61103'), ('198', 'Cable TV', '1', '2018-08-26 15:38:01', '1', '2', null, '15', '1', '2018-08-26 15:38:01', null, '61104'), ('200', 'Commission', '1', '2018-08-26 16:14:05', '1', '4', null, '4', '1', '2018-08-26 16:14:05', null, '51000'), ('202', 'Owner\'s Equity', '1', '2018-08-26 16:28:55', '1', '7', null, '42', '1', '2018-08-26 16:28:55', null, '31000'), ('204', 'Owner\'s Investment', '1', '2018-08-26 16:31:24', '1', '7', null, '42', '1', '2018-08-26 16:31:24', null, '32000'), ('206', 'Taxation Liability', '1', '2018-08-26 16:55:15', '1', '8', null, '0', '1', '2018-08-26 16:55:15', null, '23000'), ('208', 'Loan from Bank', '1', '2018-08-26 17:18:41', '1', '8', null, '48', '1', '2018-08-26 17:18:41', null, '26020'), ('209', 'Loan from outside', '1', '2018-08-26 17:19:37', '1', '8', null, '48', '1', '2018-08-26 17:19:37', null, '26030'), ('210', 'Business License', '1', '2018-08-26 17:45:04', '1', '9', null, '55', '1', '2018-08-26 17:45:04', null, '15010'), ('211', 'Prepaid Office Rental', '1', '2018-08-26 17:46:24', '1', '9', null, '55', '1', '2018-08-26 17:46:24', null, '15020'), ('212', 'Prepaid Insurrance', '1', '2018-08-26 17:47:08', '1', '9', null, '55', '1', '2018-08-26 17:47:08', null, '15030'), ('213', 'Prepaid Advertising', '1', '2018-08-26 17:48:33', '1', '9', null, '55', '1', '2018-08-26 17:48:33', null, '15040'), ('214', 'Prepaid Cable TV', '1', '2018-08-26 17:49:53', '1', '9', null, '55', '1', '2018-08-26 17:49:37', null, '15050'), ('215', 'Prepaid of Profit Tax', '1', '2018-08-26 17:50:40', '1', '9', null, '55', '1', '2018-08-26 17:50:40', null, '15060'), ('216', 'Prepaid Internet', '1', '2018-08-26 17:51:17', '1', '9', null, '55', '1', '2018-08-26 17:51:17', null, '15070'), ('217', 'Prepaid Telephone', '1', '2018-08-26 17:51:55', '1', '9', null, '55', '1', '2018-08-26 17:51:55', null, '15080'), ('218', 'Cash Advance', '1', '2018-08-26 17:55:01', '1', '9', null, '0', '1', '2018-08-26 17:55:01', null, '14000'), ('219', 'Undeposited fund', '1', '2018-08-26 18:03:49', '1', '9', null, '0', '1', '2018-08-26 18:03:49', null, '12100'), ('220', 'Barter Account Clearance', '1', '2018-08-26 18:04:46', '1', '9', null, '0', '1', '2018-08-26 18:04:46', null, '12200'), ('221', 'Deposit fund', '1', '2018-08-26 18:15:01', '1', '9', null, '0', '1', '2018-08-26 18:15:01', null, '16000'), ('222', 'Deposit for Office Rental', '1', '2018-08-26 18:16:59', '1', '9', null, '221', '1', '2018-08-26 18:16:59', null, '16100'), ('223', 'Deposit for Phone Connection', '1', '2018-08-26 18:17:36', '1', '9', null, '221', '1', '2018-08-26 18:17:36', null, '16200'), ('224', 'Deposit for Internet', '1', '2018-08-26 18:18:04', '1', '9', null, '221', '1', '2018-08-26 18:18:04', null, '16300'), ('225', 'Deposit To Supplier', '1', '2018-08-26 18:18:49', '1', '9', null, '221', '1', '2018-08-26 18:18:49', null, '16400'), ('226', 'Deposit Holding', '1', '2018-08-26 18:23:44', '1', '8', null, '0', '1', '2018-08-26 18:23:44', null, '27000'), ('227', 'Deposit from Customer', '1', '2018-08-26 18:24:32', '1', '8', null, '226', '1', '2018-08-26 18:24:32', null, '27100'), ('228', 'Deposit from Franchise', '1', '2018-08-26 18:28:45', '1', '8', null, '226', '1', '2018-08-26 18:28:14', null, '27200'), ('229', 'Accumulated Depreciation', '1', '2018-08-26 18:45:14', '1', '46', null, '0', '1', '2018-08-26 18:45:14', null, '17000'), ('230', 'Fixed Asset Class I (5%)', '1', '2018-08-26 18:47:26', '1', '46', null, '0', '1', '2018-08-26 18:46:47', null, '17100'), ('231', 'Fixed Asset Class II (50%)', '1', '2018-08-26 18:48:23', '1', '46', null, '0', '1', '2018-08-26 18:48:23', null, '17200'), ('232', 'Fixed Asset Class III (25%)', '1', '2018-08-26 18:48:59', '1', '46', null, '0', '1', '2018-08-26 18:48:59', null, '17300'), ('233', 'Fixed Asset Class IV (20%)', '1', '2018-08-26 18:49:48', '1', '46', null, '0', '1', '2018-08-26 18:49:48', null, '17400'), ('234', 'Cost of Renovate Building', '1', '2018-08-26 18:51:14', '1', '46', null, '230', '1', '2018-08-26 18:51:14', null, '17101'), ('235', 'Cost of Plant & Landscape', '1', '2018-08-26 18:52:02', '1', '46', null, '230', '1', '2018-08-26 18:52:02', null, '17102'), ('236', 'Cost of Pool Side', '1', '2018-08-26 18:52:36', '1', '46', null, '230', '1', '2018-08-26 18:52:36', null, '17103'), ('237', 'Acc. Depre. of Fixed Asset I', '1', '2018-08-26 18:53:20', '1', '46', null, '230', '1', '2018-08-26 18:53:20', null, '17107'), ('238', 'Cost of Housekeeping Equipment', '1', '2018-08-26 18:55:05', '1', '46', null, '231', '1', '2018-08-26 18:55:05', null, '17201'), ('239', 'Cost of Office Supplies', '1', '2018-08-26 18:55:55', '1', '46', null, '231', '1', '2018-08-26 18:55:55', null, '17203'), ('240', 'Cost of Housekeeping Linen', '1', '2018-08-26 18:56:49', '1', '46', null, '231', '1', '2018-08-26 18:56:49', null, '17204'), ('241', 'Cost of Finger Print', '1', '2018-08-26 18:57:23', '1', '46', null, '231', '1', '2018-08-26 18:57:23', null, '17205'), ('242', 'Cost of Restaurant Linen', '1', '2018-08-26 18:58:51', '1', '46', null, '231', '1', '2018-08-26 18:58:51', null, '17206'), ('243', 'Cost of Fire Extinguisher', '1', '2018-08-26 18:59:20', '1', '46', null, '231', '1', '2018-08-26 18:59:20', null, '17207'), ('244', 'Cost of Computer & Printer', '1', '2018-08-26 19:00:02', '1', '46', null, '231', '1', '2018-08-26 19:00:02', null, '17209'), ('245', 'Cost of Restaurant Funiture', '1', '2018-08-26 19:00:42', '1', '46', null, '231', '1', '2018-08-26 19:00:42', null, '17210'), ('246', 'Acc. Depre. of Fixed Asset II', '1', '2018-08-26 19:01:40', '1', '46', null, '231', '1', '2018-08-26 19:01:40', null, '17220'), ('247', 'Cost of Machine', '1', '2018-08-26 19:02:30', '1', '46', null, '232', '1', '2018-08-26 19:02:30', null, '17301'), ('248', 'Cost of Camera', '1', '2018-08-26 19:03:07', '1', '46', null, '232', '1', '2018-08-26 19:03:07', null, '17302'), ('250', 'Cost of Coffee Machine', '1', '2018-08-26 19:04:19', '1', '46', null, '232', '1', '2018-08-26 19:04:19', null, '17304'), ('251', 'Cost of Office Equipment', '1', '2018-08-26 19:05:06', '1', '46', null, '232', '1', '2018-08-26 19:05:06', null, '17305'), ('252', 'Cost of Housekeeping Tool', '1', '2018-08-26 19:05:56', '1', '46', null, '232', '1', '2018-08-26 19:05:56', null, '17306'), ('253', 'Cost of Sound System', '1', '2018-08-26 19:06:29', '1', '46', null, '232', '1', '2018-08-26 19:06:29', null, '17307'), ('254', 'Cost of Funiture & Fixture', '1', '2018-08-26 19:07:35', '1', '46', null, '232', '1', '2018-08-26 19:07:35', null, '17308'), ('255', 'Cost of Statues', '1', '2018-08-26 19:08:09', '1', '46', null, '232', '1', '2018-08-26 19:08:09', null, '17309'), ('256', 'Kitchen Equipment', '1', '2018-08-26 19:08:57', '1', '46', null, '232', '1', '2018-08-26 19:08:57', null, '17310'), ('257', 'Cost of Kitchen Equipment', '1', '2018-08-26 19:09:30', '1', '46', null, '232', '1', '2018-08-26 19:09:30', null, '17311'), ('258', 'Cost of Painting', '1', '2018-08-26 19:18:23', '1', '46', null, '232', '1', '2018-08-26 19:18:23', null, '17312'), ('259', 'Cost of Telephone System', '1', '2018-08-26 19:20:33', '1', '46', null, '232', '1', '2018-08-26 19:20:33', null, '17313'), ('260', 'Cost of Kitchen Utensil', '1', '2018-08-26 19:22:26', '1', '46', null, '232', '1', '2018-08-26 19:22:26', null, '17314'), ('261', 'Cost of Restaurant Utensils', '1', '2018-08-26 19:23:01', '1', '46', null, '232', '1', '2018-08-26 19:23:01', null, '17315'), ('262', 'Cost of Restaurant Equipment', '1', '2018-08-26 19:23:38', '1', '46', null, '232', '1', '2018-08-26 19:23:38', null, '17316'), ('263', 'Cost of Water System', '1', '2018-08-26 19:24:08', '1', '46', null, '232', '1', '2018-08-26 19:24:08', null, '17317'), ('264', 'Cost of Main Server System', '1', '2018-08-26 19:24:40', '1', '46', null, '232', '1', '2018-08-26 19:24:40', null, '17319'), ('265', 'Cost of Internet & Wifi Setup', '1', '2018-08-26 19:25:20', '1', '46', null, '232', '1', '2018-08-26 19:25:20', null, '17321'), ('266', 'Acc. Depre. of Fixed Asset III', '1', '2018-08-26 19:26:02', '1', '46', null, '232', '1', '2018-08-26 19:26:02', null, '17330'), ('267', 'Cost of Air-conditioner', '1', '2018-08-26 19:27:47', '1', '46', null, '233', '1', '2018-08-26 19:27:47', null, '17402'), ('268', 'Cost of Electricity System', '1', '2018-08-26 19:28:27', '1', '46', null, '233', '1', '2018-08-26 19:28:27', null, '17408'), ('269', 'Acc. Depre. of Fixed Asset IV', '1', '2018-08-26 19:29:08', '1', '46', null, '233', '1', '2018-08-26 19:29:08', null, '17410'), ('270', 'Long Term Liabilities', '1', '2018-08-27 22:42:07', '1', '8', null, '0', '1', '2018-08-27 22:35:19', null, '28000'), ('271', 'Lease ? Vehicles', '1', '2018-08-27 22:42:54', '1', '8', null, '270', '1', '2018-08-27 22:37:14', null, '28100'), ('272', 'Lease ? Building', '1', '2018-08-27 22:43:09', '1', '8', null, '270', '1', '2018-08-27 22:37:51', null, '28200'), ('273', 'Opening Balance Equity', '1', '2019-01-13 16:53:06', '1', '7', '26', '42', '1', '2019-01-13 16:52:24', null, '34000'), ('274', 'Sacom Bank : eOcambo Technology | 00032882', '1', '2019-06-26 13:45:42', '1', '3', null, '64', '1', '2018-07-02 16:23:21', '13', '11101'), ('275', 'ABA Bank: PHICH SOKDA (No. 000120354)', '1', '2019-06-24 08:16:55', '1', '3', null, '64', '1', '2018-08-11 19:18:30', '1', '11102');
COMMIT;

-- ----------------------------
--  Table structure for `city`
-- ----------------------------
DROP TABLE IF EXISTS `city`;
CREATE TABLE `city` (
  `id` int(11) NOT NULL AUTO_INCREMENT,
  `id_country` int(11) DEFAULT NULL,
  `code` varchar(100) NOT NULL,
  `names` varchar(250) NOT NULL,
  `description` varchar(255) DEFAULT NULL,
  `img` varchar(250) DEFAULT NULL,
  `video_link` varchar(50) DEFAULT NULL,
  `latitude` float DEFAULT NULL,
  `longitude` float DEFAULT NULL,
  `updated_by` int(11) DEFAULT NULL,
  `updated_date` datetime DEFAULT NULL,
  `status` tinyint(1) DEFAULT NULL,
  `created_by` int(11) DEFAULT NULL,
  `created_date` datetime DEFAULT NULL,
  PRIMARY KEY (`id`) USING BTREE,
  KEY `id_country` (`id_country`) USING BTREE,
  KEY `id` (`id`,`id_country`,`code`,`names`,`description`,`img`,`video_link`,`latitude`,`longitude`,`updated_by`,`updated_date`,`status`,`created_by`,`created_date`) USING BTREE,
  KEY `id_2` (`id`,`id_country`,`code`,`names`,`description`,`img`,`video_link`,`latitude`,`longitude`,`updated_by`,`updated_date`,`status`,`created_by`,`created_date`) USING BTREE,
  CONSTRAINT `city_ibfk_1` FOREIGN KEY (`id_country`) REFERENCES `country` (`id`)
) ENGINE=InnoDB AUTO_INCREMENT=362 DEFAULT CHARSET=utf8 ROW_FORMAT=COMPACT;

-- ----------------------------
--  Records of `city`
-- ----------------------------
BEGIN;
INSERT INTO `city` VALUES ('1', '56', 'PNH', 'Phnom Penh', '', null, '', '0', '0', '1000016', '2018-08-12 19:46:33', '1', '1000016', '2018-08-12 19:45:12'), ('2', '56', 'BMC', 'Banteay Meanchey', '', null, '', '0', '0', '1000016', '2018-08-12 20:43:53', '1', '1000016', '2018-08-12 20:43:53'), ('3', '56', 'BBM', 'Battambang', '', null, '', '0', '0', '1000016', '2018-08-12 20:44:12', '1', '1000016', '2018-08-12 20:44:12'), ('4', '56', 'KPC', 'Kampong Cham', '', null, '', '0', '0', '1000016', '2018-08-12 20:44:57', '1', '1000016', '2018-08-12 20:44:57'), ('5', '56', 'KZC', 'Kampong Chhnang', '', null, '', '0', '0', '1000016', '2018-08-12 20:45:45', '1', '1000016', '2018-08-12 20:45:45'), ('6', '56', 'KPS', 'Kampong Speu', '', null, '', '0', '0', '1000016', '2018-08-12 20:46:13', '1', '1000016', '2018-08-12 20:46:13'), ('7', '56', 'KZK', 'Kampong Thom', '', null, '', '0', '0', '1000016', '2018-08-12 20:46:32', '1', '1000016', '2018-08-12 20:46:32'), ('8', '56', 'KMT', 'Kampot', '', null, '', '0', '0', '1000016', '2018-08-12 20:46:59', '1', '1000016', '2018-08-12 20:46:59'), ('9', '56', 'KDL', 'Kandal', '', null, '', '0', '0', '1000016', '2018-08-12 20:47:18', '1', '1000016', '2018-08-12 20:47:18'), ('10', '56', 'KKZ', 'Koh Kong', '', null, '', '0', '0', '1000016', '2018-08-12 20:47:44', '1', '1000016', '2018-08-12 20:47:44'), ('11', '56', 'KEP', 'Kep', '', null, '', '0', '0', '1000016', '2018-08-12 20:38:22', '1', '1000016', '2018-08-12 20:38:22'), ('12', '56', 'KTI', 'Kratie', '', null, '', '0', '0', '1000016', '2018-08-12 20:38:51', '1', '1000016', '2018-08-12 20:38:51'), ('13', '56', 'MWV', 'Mondulkiri', '', null, '', '0', '0', '1000016', '2018-08-12 20:39:19', '1', '1000016', '2018-08-12 20:39:19'), ('14', '56', 'OMC', 'Oddar Meanchey', '', null, '', '0', '0', '1000016', '2018-08-12 20:39:41', '1', '1000016', '2018-08-12 20:39:41'), ('15', '56', 'PAI', 'Pailin', '', null, '', '0', '0', '1000016', '2018-08-12 20:40:35', '1', '1000016', '2018-08-12 20:40:35'), ('16', '56', 'KOS', 'Sihanoukville', '', null, '', '0', '0', '1000016', '2018-08-12 20:41:11', '1', '1000016', '2018-08-12 20:41:11'), ('17', '56', 'OMY', 'Preah Vihear', '', null, '', '0', '0', '1000016', '2018-08-12 20:42:09', '1', '1000016', '2018-08-12 20:42:09'), ('18', '56', 'KZD', 'Pursat', '', null, '', '0', '0', '1000016', '2018-08-12 20:42:41', '1', '1000016', '2018-08-12 20:42:41'), ('19', '56', 'PVG', 'Prey Veng', '', null, '', '0', '0', '1000016', '2018-08-12 20:43:07', '1', '1000016', '2018-08-12 20:43:07'), ('20', '56', 'RBE', 'Rattankiri', '', null, '', '0', '0', '1000016', '2018-08-12 20:43:27', '1', '1000016', '2018-08-12 20:43:27'), ('21', '56', 'REP', 'Siem Reap', '', null, '', '0', '0', '1000016', '2018-08-12 20:33:40', '1', '1000016', '2018-08-12 20:33:40'), ('22', '56', 'TNX', 'Stung Treng', '', null, '', '0', '0', '1000016', '2018-08-12 20:34:20', '1', '1000016', '2018-08-12 20:34:20'), ('23', '56', 'SVR', 'Svay Rieng', '', null, '', '0', '0', '1000016', '2018-08-12 20:36:23', '1', '1000016', '2018-08-12 20:36:23'), ('24', '56', 'TKO', 'Takeo', '', null, '', '0', '0', '1000016', '2018-08-12 20:36:59', '1', '1000016', '2018-08-12 20:36:59'), ('25', '56', 'TBK', 'Tbong Khmum', '', null, '', '0', '0', '1000016', '2018-08-12 20:37:25', '1', '1000016', '2018-08-12 20:37:25'), ('26', '237', 'BKK', 'Bangkok', '', null, '', '0', '0', '1000016', '2018-08-12 20:37:58', '1', '1000016', '2018-08-12 20:37:58'), ('44', '194', 'ABR', 'Abra', '', null, '', null, null, '1000016', '2018-08-12 21:27:04', '1', '1000016', '2018-08-12 21:27:04'), ('45', '194', 'AGN', 'Agusan del Norte', '', null, '', null, null, '1000016', '2018-08-12 21:29:25', '1', '1000016', '2018-08-12 21:29:25'), ('46', '194', 'AGS', 'Agusan del Sur', '', null, '', null, null, '1000016', '2018-08-12 21:30:12', '1', '1000016', '2018-08-12 21:30:12'), ('47', '194', 'AKL', 'Aklan', '', null, '', null, null, '1000016', '2018-08-12 21:30:59', '1', '1000016', '2018-08-12 21:30:59'), ('48', '194', 'ALB', 'Albay', '', null, '', null, null, '1000016', '2018-08-12 21:31:53', '1', '1000016', '2018-08-12 21:31:53'), ('49', '194', 'ANT', 'Antique', '', null, '', null, null, '1000016', '2018-08-12 21:32:51', '1', '1000016', '2018-08-12 21:32:51'), ('50', '194', 'APA', 'Apayao', '', null, '', null, null, '1000016', '2018-08-12 21:33:45', '1', '1000016', '2018-08-12 21:33:45'), ('51', '194', 'AUR', 'Aurora', '', null, '', null, null, '1000016', '2018-08-12 21:34:22', '1', '1000016', '2018-08-12 21:34:22'), ('52', '194', 'BAS', 'Basilan', '', null, '', null, null, '1000016', '2018-08-12 21:35:13', '1', '1000016', '2018-08-12 21:35:13'), ('53', '194', 'BAN', 'Bataan', '', null, '', null, null, '1000016', '2018-08-12 21:35:49', '1', '1000016', '2018-08-12 21:35:49'), ('54', '194', 'BTN', 'Batanes', '', null, '', null, null, '1000016', '2018-08-12 21:36:57', '1', '1000016', '2018-08-12 21:36:57'), ('55', '194', 'BTG', 'Batangas', '', null, '', null, null, '1000016', '2018-08-12 21:37:44', '1', '1000016', '2018-08-12 21:37:44'), ('56', '194', 'BEN', 'Benguet', '', null, '', null, null, '1000016', '2018-08-12 21:38:27', '1', '1000016', '2018-08-12 21:38:27'), ('57', '194', 'BIL', 'Biliran', '', null, '', null, null, '1000016', '2018-08-12 21:40:16', '1', '1000016', '2018-08-12 21:40:16'), ('58', '194', 'BOH', 'Bohol', '', null, '', null, null, '1000016', '2018-08-12 21:41:00', '1', '1000016', '2018-08-12 21:41:00'), ('59', '194', 'BUK', 'Bukidnon', '', null, '', null, null, '1000016', '2018-08-12 21:41:42', '1', '1000016', '2018-08-12 21:41:42'), ('60', '194', 'BUL', 'Bulacan', '', null, '', null, null, '1000016', '2018-08-12 21:42:18', '1', '1000016', '2018-08-12 21:42:18'), ('61', '194', 'CAG', 'Cagayan', '', null, '', null, null, '1000016', '2018-08-12 21:42:55', '1', '1000016', '2018-08-12 21:42:55'), ('62', '194', 'CAN', 'Camarines Norte', '', null, '', null, null, '1000016', '2018-08-12 21:43:41', '1', '1000016', '2018-08-12 21:43:41'), ('63', '194', 'CAS', 'Camarines Sur', '', null, '', null, null, '1000016', '2018-08-12 21:45:13', '1', '1000016', '2018-08-12 21:45:13'), ('64', '194', 'CAM', 'Camiguin', '', null, '', null, null, '1000016', '2018-08-12 21:47:36', '1', '1000016', '2018-08-12 21:47:36'), ('65', '194', 'CAP', 'Capiz', '', null, '', null, null, '1000016', '2018-08-12 21:48:18', '1', '1000016', '2018-08-12 21:48:18'), ('66', '194', 'CAT', 'Catanduanes', '', null, '', null, null, '1000016', '2018-08-12 21:49:12', '1', '1000016', '2018-08-12 21:49:12'), ('67', '194', 'CAV', 'Cavite', '', null, '', null, null, '1000016', '2018-08-12 21:49:54', '1', '1000016', '2018-08-12 21:49:54'), ('68', '194', 'CEB', 'Cebu', '', null, '', null, null, '1000016', '2018-08-12 21:50:32', '1', '1000016', '2018-08-12 21:50:32'), ('69', '194', 'COM', 'Compostela Valley', '', null, '', null, null, '1000016', '2018-08-12 21:51:28', '1', '1000016', '2018-08-12 21:51:28'), ('70', '194', 'NCO', 'Cotabato', '', null, '', null, null, '1000016', '2018-08-12 21:51:58', '1', '1000016', '2018-08-12 21:51:58'), ('71', '194', 'DAV', 'Davao del Norte', '', null, '', null, null, '1000016', '2018-08-12 21:52:54', '1', '1000016', '2018-08-12 21:52:54'), ('72', '194', 'DAS', 'Davao del Sur', '', null, '', null, null, '1000016', '2018-08-12 21:53:45', '1', '1000016', '2018-08-12 21:53:45'), ('73', '194', 'DVO', 'Davao Occidental', '', null, '', null, null, '1000016', '2018-08-12 21:54:16', '1', '1000016', '2018-08-12 21:54:16'), ('74', '194', 'DAO', 'Davao Oriental', '', null, '', null, null, '1000016', '2018-08-12 21:54:58', '1', '1000016', '2018-08-12 21:54:58'), ('75', '194', 'DIN', 'Dinagat Islands', '', null, '', null, null, '1000016', '2018-08-12 21:55:46', '1', '1000016', '2018-08-12 21:55:46'), ('76', '194', 'EAS', 'Eastern Samar', '', null, '', null, null, '1000016', '2018-08-12 21:56:28', '1', '1000016', '2018-08-12 21:56:28'), ('77', '194', 'GUI', 'Guimaras', '', null, '', null, null, '1000016', '2018-08-12 21:59:20', '1', '1000016', '2018-08-12 21:59:20'), ('78', '194', 'IFU', 'Ifugao', '', null, '', null, null, '1000016', '2018-08-12 21:59:54', '1', '1000016', '2018-08-12 21:59:54'), ('79', '194', 'ILN', 'Ilocos Norte', '', null, '', null, null, '1000016', '2018-08-12 22:00:44', '1', '1000016', '2018-08-12 22:00:44'), ('80', '194', 'ILS', 'Ilocos Sur', '', null, '', null, null, '1000016', '2018-08-12 22:01:33', '1', '1000016', '2018-08-12 22:01:33'), ('81', '194', 'ILI', 'Iloilo', '', null, '', null, null, '1000016', '2018-08-12 22:02:23', '1', '1000016', '2018-08-12 22:02:23'), ('82', '194', 'ISA', 'Isabela', '', null, '', null, null, '1000016', '2018-08-12 22:03:06', '1', '1000016', '2018-08-12 22:03:06'), ('83', '194', 'KAL', 'Kalinga', '', null, '', null, null, '1000016', '2018-08-12 22:03:39', '1', '1000016', '2018-08-12 22:03:39'), ('84', '194', 'LUN', 'La Union', '', null, '', null, null, '1000016', '2018-08-12 22:04:15', '1', '1000016', '2018-08-12 22:04:15'), ('85', '194', 'LAG', 'Laguna', '', null, '', null, null, '1000016', '2018-08-12 22:05:08', '1', '1000016', '2018-08-12 22:05:08'), ('86', '194', 'LAN', 'Lanao del Norte', '', null, '', null, null, '1000016', '2018-08-12 22:05:53', '1', '1000016', '2018-08-12 22:05:53'), ('87', '194', 'LAS', 'Lanao del Sur', '', null, '', null, null, '1000016', '2018-08-12 22:06:27', '1', '1000016', '2018-08-12 22:06:27'), ('88', '194', 'LEY', 'Leyte', '', null, '', null, null, '1000016', '2018-08-12 22:07:04', '1', '1000016', '2018-08-12 22:07:04'), ('89', '194', 'MAG', 'Maguindanao', '', null, '', null, null, '1000016', '2018-08-12 22:07:58', '1', '1000016', '2018-08-12 22:07:58'), ('90', '194', 'MAD', 'Marinduque', '', null, '', null, null, '1000016', '2018-08-12 22:08:32', '1', '1000016', '2018-08-12 22:08:32'), ('91', '194', 'MAS', 'Masbate', '', null, '', null, null, '1000016', '2018-08-12 22:09:00', '1', '1000016', '2018-08-12 22:09:00'), ('92', '194', 'MSC', 'Misamis Occidental', '', null, '', null, null, '1000016', '2018-08-12 22:09:42', '1', '1000016', '2018-08-12 22:09:42'), ('93', '194', 'MSR', 'Misamis Oriental', '', null, '', null, null, '1000016', '2018-08-12 22:14:50', '1', '1000016', '2018-08-12 22:14:50'), ('94', '194', 'MOU', 'Mountain', '', null, '', null, null, '1000016', '2018-08-12 22:16:01', '1', '1000016', '2018-08-12 22:16:01'), ('95', '194', 'NEC', 'Negros Occidental', '', null, '', null, null, '1000016', '2018-08-12 22:17:39', '1', '1000016', '2018-08-12 22:17:39'), ('96', '194', 'NER', 'Negros Oriental', '', null, '', null, null, '1000016', '2018-08-12 22:18:13', '1', '1000016', '2018-08-12 22:18:13'), ('97', '194', 'NSA', 'Northern Samar', '', null, '', null, null, '1000016', '2018-08-12 22:19:23', '1', '1000016', '2018-08-12 22:19:23'), ('98', '194', 'NUE', 'Nueva Ecija', '', null, '', null, null, '1000016', '2018-08-12 22:20:23', '1', '1000016', '2018-08-12 22:20:23'), ('99', '194', 'NUV', 'Nueva Vizcaya', '', null, '', null, null, '1000016', '2018-08-12 22:21:16', '1', '1000016', '2018-08-12 22:21:16'), ('100', '194', 'MDC', 'Occidental Mindoro', '', null, '', null, null, '1000016', '2018-08-12 22:22:01', '1', '1000016', '2018-08-12 22:22:01'), ('101', '194', 'MDR', 'Oriental Mindoro', '', null, '', null, null, '1000016', '2018-08-12 22:23:39', '1', '1000016', '2018-08-12 22:23:39'), ('102', '194', 'PLW', 'Palawan', '', null, '', null, null, '1000016', '2018-08-12 22:25:32', '1', '1000016', '2018-08-12 22:25:32'), ('103', '194', 'PAM', 'Pampanga', '', null, '', null, null, '1000016', '2018-08-12 22:26:25', '1', '1000016', '2018-08-12 22:26:25'), ('104', '194', 'PAN', 'Pangasinan', '', null, '', null, null, '1000016', '2018-08-12 22:27:01', '1', '1000016', '2018-08-12 22:27:01'), ('105', '194', 'QUE', 'Quezon', '', null, '', null, null, '1000016', '2018-08-12 22:27:42', '1', '1000016', '2018-08-12 22:27:42'), ('106', '194', 'QUI', 'Quirino', '', null, '', null, null, '1000016', '2018-08-12 22:28:46', '1', '1000016', '2018-08-12 22:28:46'), ('107', '194', 'RIZ', 'Rizal', '', null, '', null, null, '1000016', '2018-08-12 22:29:37', '1', '1000016', '2018-08-12 22:29:37'), ('108', '194', 'ROM', 'Romblon', '', null, '', null, null, '1000016', '2018-08-12 22:30:47', '1', '1000016', '2018-08-12 22:30:47'), ('109', '194', 'WSA', 'Samar', '', null, '', null, null, '1000016', '2018-08-12 22:31:45', '1', '1000016', '2018-08-12 22:31:45'), ('110', '194', 'SAR', 'Sarangani', '', null, '', null, null, '1000016', '2018-08-12 22:32:27', '1', '1000016', '2018-08-12 22:32:27'), ('111', '194', 'SIG', 'Siquijor', '', null, '', null, null, '1000016', '2018-08-12 22:33:18', '1', '1000016', '2018-08-12 22:33:18'), ('112', '194', 'SOR', 'Sorsogon', '', null, '', null, null, '1000016', '2018-08-12 22:42:49', '1', '1000016', '2018-08-12 22:42:49'), ('113', '194', 'SCO', 'South Cotabato', '', null, '', null, null, '1000016', '2018-08-12 22:43:31', '1', '1000016', '2018-08-12 22:43:31'), ('114', '194', 'SLE', 'Southern Leyte', '', null, '', null, null, '1000016', '2018-08-12 22:44:18', '1', '1000016', '2018-08-12 22:44:18'), ('115', '194', 'SUK', 'Sultan Kudarat', '', null, '', null, null, '1000016', '2018-08-12 22:44:48', '1', '1000016', '2018-08-12 22:44:48'), ('116', '194', 'SLU', 'Sulu', '', null, '', null, null, '1000016', '2018-08-12 22:45:25', '1', '1000016', '2018-08-12 22:45:25'), ('117', '194', 'SUN', 'Surigao del Norte', '', null, '', null, null, '1000016', '2018-08-12 22:46:00', '1', '1000016', '2018-08-12 22:46:00'), ('118', '194', 'SUR', 'Surigao del Sur', '', null, '', null, null, '1000016', '2018-08-12 22:46:33', '1', '1000016', '2018-08-12 22:46:33'), ('119', '194', 'TAR', 'Tarlac', '', null, '', null, null, '1000016', '2018-08-12 22:47:05', '1', '1000016', '2018-08-12 22:47:05'), ('120', '194', 'TAW', 'Tawi-Tawi', '', null, '', null, null, '1000016', '2018-08-12 22:47:44', '1', '1000016', '2018-08-12 22:47:44'), ('121', '194', 'ZMB', 'Zambales', '', null, '', null, null, '1000016', '2018-08-12 22:48:37', '1', '1000016', '2018-08-12 22:48:37'), ('122', '194', 'ZAN', 'Zamboanga del Norte', '', null, '', null, null, '1000016', '2018-08-12 22:49:23', '1', '1000016', '2018-08-12 22:49:23'), ('123', '194', 'ZAS', 'Zamboanga del Sur', '', null, '', null, null, '1000016', '2018-08-12 22:50:14', '1', '1000016', '2018-08-12 22:50:14'), ('124', '194', 'ZSI', 'Zamboanga Sibugay', '', null, '', null, null, '1000016', '2018-08-12 22:50:54', '1', '1000016', '2018-08-12 22:50:54'), ('125', '194', 'MNL', 'Manila', '', null, '', null, null, '1000016', '2018-08-12 22:53:44', '1', '1000016', '2018-08-12 22:53:44'), ('126', '153', 'KUL', 'Kuala Lumpur', '', null, '', null, null, '1000016', '2018-08-12 23:02:04', '1', '1000016', '2018-08-12 23:02:04'), ('127', '153', 'PEN', 'Penang', '', null, '', null, null, '1000016', '2018-08-12 23:03:11', '1', '1000016', '2018-08-12 23:03:11'), ('128', '153', 'MKZ', 'Melaka', '', null, '', null, null, '1000016', '2018-08-12 23:05:51', '1', '1000016', '2018-08-12 23:05:51'), ('129', '153', 'JHB', 'Johor Bahru', '', null, '', null, null, '1000016', '2018-08-12 23:15:02', '1', '1000016', '2018-08-12 23:15:02'), ('130', '153', 'LGK', 'Langkawi', '', null, '', null, null, '1000016', '2018-08-12 23:16:17', '1', '1000016', '2018-08-12 23:16:17'), ('131', '153', 'IPH', 'Ipoh', '', null, '', null, null, '1000016', '2018-08-12 23:19:38', '1', '1000016', '2018-08-12 23:19:38'), ('132', '153', 'KBR', 'Kota Bharu', '', null, '', null, null, '1000016', '2018-08-12 23:21:09', '1', '1000016', '2018-08-12 23:21:09'), ('133', '153', 'TGG', 'Kuala Terengganu', '', null, '', null, null, '1000016', '2018-08-12 23:21:56', '1', '1000016', '2018-08-12 23:21:56'), ('134', '153', 'KUA', 'Kuantan', '', null, '', null, null, '1000016', '2018-08-12 23:22:58', '1', '1000016', '2018-08-12 23:22:58'), ('135', '153', 'KCH', 'Kuching', '', null, '', null, null, '1000016', '2018-08-12 23:25:12', '1', '1000016', '2018-08-12 23:25:12'), ('136', '153', 'BKI', 'Kota Kinabalu', '', null, '', null, null, '1000016', '2018-08-12 23:28:59', '1', '1000016', '2018-08-12 23:28:59'), ('137', '153', 'SZB', 'Subang', '', null, '', null, null, '1000016', '2018-08-12 23:35:40', '1', '1000016', '2018-08-12 23:35:40'), ('138', '153', 'TWU', 'Tawau', '', null, '', null, null, '1000016', '2018-08-12 23:38:44', '1', '1000016', '2018-08-12 23:38:44'), ('139', '153', 'SDK', 'Sandakan', '', null, '', null, null, '1000016', '2018-08-12 23:39:39', '1', '1000016', '2018-08-12 23:39:39'), ('140', '121', 'BXW', 'Bawean', '', null, '', null, null, '1000016', '2018-08-13 00:01:57', '1', '1000016', '2018-08-13 00:01:57'), ('141', '121', 'BDO', 'Bandung', '', null, '', null, null, '1000016', '2018-08-13 00:02:36', '1', '1000016', '2018-08-13 00:02:36'), ('142', '121', 'BWX', 'Banyuwangi ', '', null, '', null, null, '1000016', '2018-08-13 00:03:22', '1', '1000016', '2018-08-13 00:03:22'), ('143', '121', 'TSY', 'Tasikmalaya', '', null, '', null, null, '1000016', '2018-08-13 00:03:55', '1', '1000016', '2018-08-13 00:03:55'), ('144', '121', 'CBN', 'Cirebon', '', null, '', null, null, '1000016', '2018-08-13 00:04:39', '1', '1000016', '2018-08-13 00:04:39'), ('145', '121', 'CXP', 'Cilacap', '', null, '', null, null, '1000016', '2018-08-13 00:05:06', '1', '1000016', '2018-08-13 00:05:06'), ('146', '121', 'CGK', 'Jakarta', '', null, '', null, null, '1000016', '2018-08-13 00:05:52', '1', '1000016', '2018-08-13 00:05:52'), ('147', '121', 'BTO', 'Tangerang', '', null, '', null, null, '1000016', '2018-08-13 00:09:22', '1', '1000016', '2018-08-13 00:09:22'), ('148', '121', 'KJT', 'Majalengka', '', null, '', null, null, '1000016', '2018-08-13 00:09:55', '1', '1000016', '2018-08-13 00:09:55'), ('149', '121', 'SRG', 'Semarang', '', null, '', null, null, '1000016', '2018-08-13 00:10:32', '1', '1000016', '2018-08-13 00:10:32'), ('150', '121', 'SUB', 'Surabaya', '', null, '', null, null, '1000016', '2018-08-13 00:11:04', '1', '1000016', '2018-08-13 00:11:04'), ('151', '121', 'SOC', 'Surakarta', '', null, '', null, null, '1000016', '2018-08-13 00:11:48', '1', '1000016', '2018-08-13 00:11:48'), ('152', '121', 'JOG', 'Yogyakarta', '', null, '', null, null, '1000016', '2018-08-13 00:12:49', '1', '1000016', '2018-08-13 00:12:49'), ('154', '121', 'TKG', 'Bandar Lampung', '', null, '', null, null, '1000016', '2018-08-13 00:15:20', '1', '1000016', '2018-08-13 00:15:20'), ('155', '121', 'BTH', 'Batam', '', null, '', null, null, '1000016', '2018-08-13 00:15:53', '1', '1000016', '2018-08-13 00:15:53'), ('156', '121', 'LSE', 'Batu Islands', '', null, '', null, null, '1000016', '2018-08-13 00:16:47', '1', '1000016', '2018-08-13 00:16:47'), ('157', '121', 'BKS', 'Bengkulu', '', null, '', null, null, '1000016', '2018-08-13 00:18:00', '1', '1000016', '2018-08-13 00:18:00'), ('158', '121', 'DUM', 'Dumai', '', null, '', null, null, '1000016', '2018-08-13 00:18:45', '1', '1000016', '2018-08-13 00:18:45'), ('159', '121', 'GNS', 'Gunung Sitoli', '', null, '', null, null, '1000016', '2018-08-13 00:19:23', '1', '1000016', '2018-08-13 00:19:23'), ('160', '121', 'DJB', 'Jambi City', '', null, '', null, null, '1000016', '2018-08-13 00:20:04', '1', '1000016', '2018-08-13 00:20:04'), ('161', '121', 'LLG', 'Lubuklinggau', '', null, '', null, null, '1000016', '2018-08-13 00:20:57', '1', '1000016', '2018-08-13 00:20:57'), ('162', '121', 'KNO ', 'Medan', '', null, '', null, null, '1000016', '2018-08-13 00:21:42', '1', '1000016', '2018-08-13 00:21:42'), ('163', '121', 'PDG', 'Padang', '', null, '', null, null, '1000016', '2018-08-13 00:22:27', '1', '1000016', '2018-08-13 00:22:27'), ('164', '121', 'PLM', 'Palembang', '', null, '', null, null, '1000016', '2018-08-13 00:23:15', '1', '1000016', '2018-08-13 00:23:15'), ('165', '121', 'PGK', 'Pangkal Pinang', '', null, '', null, null, '1000016', '2018-08-13 00:23:52', '1', '1000016', '2018-08-13 00:23:52'), ('166', '121', 'PKU', 'Pekanbaru', '', null, '', null, null, '1000016', '2018-08-13 00:24:36', '1', '1000016', '2018-08-13 00:24:36'), ('167', '121', 'NTX', 'Ranai', '', null, '', null, null, '1000016', '2018-08-13 00:25:16', '1', '1000016', '2018-08-13 00:25:16'), ('168', '121', 'FLZ', 'Sibolga', '', null, '', null, null, '1000016', '2018-08-13 00:25:43', '1', '1000016', '2018-08-13 00:25:43'), ('169', '121', 'DTB', 'Siborong-Borong', '', null, '', null, null, '1000016', '2018-08-13 00:28:09', '1', '1000016', '2018-08-13 00:28:09'), ('170', '121', 'SNX', 'Sinabang', '', null, '', null, null, '1000016', '2018-08-13 00:29:15', '1', '1000016', '2018-08-13 00:29:15'), ('171', '121', 'RKI', 'Sipora', '', null, '', null, null, '1000016', '2018-08-13 00:29:55', '1', '1000016', '2018-08-13 00:29:55'), ('172', '121', 'MEQ', 'Suka Makmue', '', null, '', null, null, '1000016', '2018-08-13 00:30:35', '1', '1000016', '2018-08-13 00:30:35'), ('173', '121', 'TXE', 'Takengon', '', null, '', null, null, '1000016', '2018-08-13 00:31:09', '1', '1000016', '2018-08-13 00:31:09'), ('174', '121', 'TJQ', 'Tanjung Pandan', '', null, '', null, null, '1000016', '2018-08-13 00:31:39', '1', '1000016', '2018-08-13 00:31:39'), ('175', '121', 'TNJ', 'Tanjung Pinang', '', null, '', null, null, '1000016', '2018-08-13 00:32:06', '1', '1000016', '2018-08-13 00:32:06'), ('176', '121', 'BPN', 'Balikpapan', '', null, '', null, null, '1000016', '2018-08-13 00:32:37', '1', '1000016', '2018-08-13 00:32:37'), ('177', '121', 'BDJ', 'Banjarmasin', '', null, '', null, null, '1000016', '2018-08-13 00:33:09', '1', '1000016', '2018-08-13 00:33:09'), ('178', '121', 'BEJ', 'Tanjung Redep', '', null, '', null, null, '1000016', '2018-08-13 00:34:20', '1', '1000016', '2018-08-13 00:34:20'), ('179', '121', 'BXT', 'Bontang', '', null, '', null, null, '1000016', '2018-08-13 00:34:59', '1', '1000016', '2018-08-13 00:34:59'), ('180', '121', 'DTD', 'Mahakam Ulu', '', null, '', null, null, '1000016', '2018-08-13 00:35:29', '1', '1000016', '2018-08-13 00:35:29'), ('181', '121', 'KTG', 'Ketapang', '', null, '', null, null, '1000016', '2018-08-13 00:35:55', '1', '1000016', '2018-08-13 00:35:55'), ('182', '121', 'LPU', 'Long Apung', '', null, '', null, null, '1000016', '2018-08-13 00:36:23', '1', '1000016', '2018-08-13 00:36:23'), ('183', '121', 'LBW', 'Long Bawan', '', null, '', null, null, '1000016', '2018-08-13 00:36:52', '1', '1000016', '2018-08-13 00:36:52'), ('184', '121', 'NNX', 'Nunukan', '', null, '', null, null, '1000016', '2018-08-13 00:37:21', '1', '1000016', '2018-08-13 00:37:21'), ('185', '121', 'PKY', 'Palangkaraya', '', null, '', null, null, '1000016', '2018-08-13 00:37:53', '1', '1000016', '2018-08-13 00:37:53'), ('186', '121', 'PKN', 'Pangkalanbun', '', null, '', null, null, '1000016', '2018-08-13 00:38:18', '1', '1000016', '2018-08-13 00:38:18'), ('187', '121', 'PNK', 'Pontianak', '', null, '', null, null, '1000016', '2018-08-13 00:38:43', '1', '1000016', '2018-08-13 00:38:43'), ('188', '121', 'PSU', 'Putussibau', '', null, '', null, null, '1000016', '2018-08-13 00:39:06', '1', '1000016', '2018-08-13 00:39:06'), ('189', '121', 'SRI', 'Samarinda', '', null, '', null, null, '1000016', '2018-08-13 00:39:45', '1', '1000016', '2018-08-13 00:39:44'), ('190', '121', 'TRK', 'Tarakan', '', null, '', null, null, '1000016', '2018-08-13 00:45:46', '1', '1000016', '2018-08-13 00:45:46'), ('191', '121', 'BUW', 'Bau-Bau', '', null, '', null, null, '1000016', '2018-08-13 00:47:02', '1', '1000016', '2018-08-13 00:47:02'), ('192', '121', 'GTO', 'Gorontalo', '', null, '', null, null, '1000016', '2018-08-13 00:47:30', '1', '1000016', '2018-08-13 00:47:30'), ('193', '121', 'KDI', 'Kendari', '', null, '', null, null, '1000016', '2018-08-13 00:48:02', '1', '1000016', '2018-08-13 00:48:02'), ('194', '121', 'UPG', 'Makassar', '', null, '', null, null, '1000016', '2018-08-13 00:48:31', '1', '1000016', '2018-08-13 00:48:31'), ('195', '121', 'MJU', 'Mamuju', '', null, '', null, null, '1000016', '2018-08-13 00:49:06', '1', '1000016', '2018-08-13 00:49:06'), ('196', '121', 'MDC', 'Manado', '', null, '', null, null, '1000016', '2018-08-13 00:49:45', '1', '1000016', '2018-08-13 00:49:45'), ('197', '58', 'YYJ', 'British Columbia', '', null, 'fRwR9oqvNsM', '38', '77', '1000017', '2018-08-13 13:22:58', '1', '1000017', '2018-08-13 12:46:10'), ('198', '258', 'VCA', 'Can Tho', '', null, '', '0', '0', '1000028', '2018-08-13 17:59:36', '1', '35', '2018-08-12 20:42:41'), ('199', '258', 'VCL', 'Chu Lai', null, null, null, null, null, '35', '2018-08-12 20:42:41', '1', '35', '2018-08-12 20:42:41'), ('200', '258', 'DLI', 'Da Lat', null, null, null, null, null, '35', '2018-08-12 20:42:41', '1', '35', '2018-08-12 20:42:41'), ('201', '258', 'DAD', 'Da Nang', null, null, null, null, null, '35', '2018-08-12 20:42:41', '1', '35', '2018-08-12 20:42:41'), ('202', '258', 'HPH', 'Hai Phong', '', null, '', '20.8648', '106.683', '1000028', '2018-08-13 18:11:12', '1', '35', '2018-08-12 20:42:41'), ('203', '258', 'HAN', 'Hanoi', null, null, null, null, null, '35', '2018-08-12 20:42:41', '1', '35', '2018-08-12 20:42:41'), ('204', '258', 'SGN', 'Ho Chi Minh City', null, null, null, null, null, '35', '2018-08-12 20:42:41', '1', '35', '2018-08-12 20:42:41'), ('205', '258', 'HUI', 'Hue', '', null, '', '0', '0', '1000028', '2018-08-13 17:59:54', '1', '35', '2018-08-12 20:42:41'), ('206', '258', 'CXR', 'Nha Trang', null, null, null, null, null, '35', '2018-08-12 20:42:41', '1', '35', '2018-08-12 20:42:41'), ('207', '258', 'PQC', 'Phu Quoc', '', null, '', '0', '0', '1000028', '2018-08-13 18:00:12', '1', '35', '2018-08-12 20:42:41'), ('208', '258', 'VII', 'Vinh', null, null, null, null, null, '35', '2018-08-12 20:42:41', '1', '35', '2018-08-12 20:42:41'), ('209', '258', 'BMV', 'Buon Ma Thuot', '', null, '', '0', '0', '1000028', '2018-08-13 18:00:29', '1', '35', '2018-08-12 20:42:41'), ('210', '258', 'CAH', 'Ca Mau', '', null, '', '0', '0', '1000028', '2018-08-13 18:01:17', '1', '35', '2018-08-12 20:42:41'), ('211', '258', 'VCS', 'Con Dao', '', null, '', '0', '0', '1000028', '2018-08-13 18:04:55', '1', '35', '2018-08-12 20:42:41'), ('212', '258', 'DIN', 'Dien Bien Phu', '', null, '', '0', '0', '1000028', '2018-08-13 18:04:33', '1', '35', '2018-08-12 20:42:41'), ('213', '258', 'VDH', 'Dong Hoi', '', null, '', '0', '0', '1000028', '2018-08-13 18:02:00', '1', '35', '2018-08-12 20:42:41'), ('214', '258', 'PXU', 'Pleiku', null, null, null, null, null, '35', '2018-08-12 20:42:41', '1', '35', '2018-08-12 20:42:41'), ('215', '258', 'UIH', 'Qui Nh?n', null, null, null, null, null, '35', '2018-08-12 20:42:41', '1', '35', '2018-08-12 20:42:41'), ('216', '258', 'VKG', 'Rach Gia', '', null, '', '0', '0', '1000028', '2018-08-13 18:04:17', '1', '35', '2018-08-12 20:42:41'), ('217', '258', 'SQH', 'S?n La', null, null, null, null, null, '35', '2018-08-12 20:42:41', '1', '35', '2018-08-12 20:42:41'), ('218', '258', 'TBB', 'Tuy Hoa', '', null, '', '0', '0', '1000028', '2018-08-13 18:02:19', '1', '35', '2018-08-12 20:42:41'), ('219', '258', 'VTG', 'Vung Tau', '', null, '', '0', '0', '1000028', '2018-08-13 18:05:56', '1', '35', '2018-08-12 20:42:41'), ('220', '258', 'THD', 'Thanh Hoa', '', null, '', '0', '0', '1000028', '2018-08-13 18:06:16', '1', '35', '2018-08-12 20:42:41'), ('224', '237', 'ACR', 'Amnat Charoen', null, null, null, null, null, '35', '2018-08-12 20:42:41', '1', '35', '2018-08-12 20:42:41'), ('225', '237', 'ATG', 'Ang Thong', null, null, null, null, null, '35', '2018-08-12 20:42:41', '1', '35', '2018-08-12 20:42:41'), ('226', '237', 'BKN', 'Bueng Kan', null, null, null, null, null, '35', '2018-08-12 20:42:41', '1', '35', '2018-08-12 20:42:41'), ('227', '237', 'BRM', 'Buriram', null, null, null, null, null, '35', '2018-08-12 20:42:41', '1', '35', '2018-08-12 20:42:41'), ('228', '237', 'CCO', 'Chachoengsao', null, null, null, null, null, '35', '2018-08-12 20:42:41', '1', '35', '2018-08-12 20:42:41'), ('229', '237', 'CNT', 'Chai Nat', null, null, null, null, null, '35', '2018-08-12 20:42:41', '1', '35', '2018-08-12 20:42:41'), ('230', '237', 'CPM', 'Chaiyaphum', null, null, null, null, null, '35', '2018-08-12 20:42:41', '1', '35', '2018-08-12 20:42:41'), ('231', '237', 'CTI', 'Chanthaburi', null, null, null, null, null, '35', '2018-08-12 20:42:41', '1', '35', '2018-08-12 20:42:41'), ('232', '237', 'CMI', 'Chiang Mai', null, null, null, null, null, '35', '2018-08-12 20:42:41', '1', '35', '2018-08-12 20:42:41'), ('233', '237', 'CRI', 'Chiang Rai', null, null, null, null, null, '35', '2018-08-12 20:42:41', '1', '35', '2018-08-12 20:42:41'), ('234', '237', 'CBI', 'Chonburi', null, null, null, null, null, '35', '2018-08-12 20:42:41', '1', '35', '2018-08-12 20:42:41'), ('235', '237', 'CPN', 'Chumphon', null, null, null, null, null, '35', '2018-08-12 20:42:41', '1', '35', '2018-08-12 20:42:41'), ('236', '237', 'KSN', 'Kalasin', null, null, null, null, null, '35', '2018-08-12 20:42:41', '1', '35', '2018-08-12 20:42:41'), ('237', '237', 'KPT', 'Kamphaeng Phet', null, null, null, null, null, '35', '2018-08-12 20:42:41', '1', '35', '2018-08-12 20:42:41'), ('238', '237', 'KRI', 'Kanchanaburi', null, null, null, null, null, '35', '2018-08-12 20:42:41', '1', '35', '2018-08-12 20:42:41'), ('239', '237', 'KKN', 'Khon Kaen', null, null, null, null, null, '35', '2018-08-12 20:42:41', '1', '35', '2018-08-12 20:42:41'), ('240', '237', 'KBI', 'Krabi', null, null, null, null, null, '35', '2018-08-12 20:42:41', '1', '35', '2018-08-12 20:42:41'), ('241', '237', 'LPG', 'Lampang', null, null, null, null, null, '35', '2018-08-12 20:42:41', '1', '35', '2018-08-12 20:42:41'), ('242', '237', 'LPN', 'Lamphun', null, null, null, null, null, '35', '2018-08-12 20:42:41', '1', '35', '2018-08-12 20:42:41'), ('243', '237', 'LEI', 'Loei', null, null, null, null, null, '35', '2018-08-12 20:42:41', '1', '35', '2018-08-12 20:42:41'), ('244', '237', 'LRI', 'Lopburi', null, null, null, null, null, '35', '2018-08-12 20:42:41', '1', '35', '2018-08-12 20:42:41'), ('245', '237', 'MSN', 'Mae Hong Son', null, null, null, null, null, '35', '2018-08-12 20:42:41', '1', '35', '2018-08-12 20:42:41'), ('246', '237', 'MKM', 'Maha Sarakham', null, null, null, null, null, '35', '2018-08-12 20:42:41', '1', '35', '2018-08-12 20:42:41'), ('247', '237', 'MDH', 'Mukdahan', null, null, null, null, null, '35', '2018-08-12 20:42:41', '1', '35', '2018-08-12 20:42:41'), ('248', '237', 'NYK', 'Nakhon Nayok', null, null, null, null, null, '35', '2018-08-12 20:42:41', '1', '35', '2018-08-12 20:42:41'), ('249', '237', 'NPT', 'Nakhon Pathom', null, null, null, null, null, '35', '2018-08-12 20:42:41', '1', '35', '2018-08-12 20:42:41'), ('250', '237', 'NPM', 'Nakhon Phanom', null, null, null, null, null, '35', '2018-08-12 20:42:41', '1', '35', '2018-08-12 20:42:41'), ('251', '237', 'NMA', 'Nakhon Ratchasima', null, null, null, null, null, '35', '2018-08-12 20:42:41', '1', '35', '2018-08-12 20:42:41'), ('252', '237', 'NSN', 'Nakhon Sawan', null, null, null, null, null, '35', '2018-08-12 20:42:41', '1', '35', '2018-08-12 20:42:41'), ('253', '237', 'NRT', 'Nakhon Si Thammarat', null, null, null, null, null, '35', '2018-08-12 20:42:41', '1', '35', '2018-08-12 20:42:41'), ('254', '237', 'NAN', 'Nan', null, null, null, null, null, '35', '2018-08-12 20:42:41', '1', '35', '2018-08-12 20:42:41'), ('255', '237', 'NWT', 'Narathiwat', null, null, null, null, null, '35', '2018-08-12 20:42:41', '1', '35', '2018-08-12 20:42:41'), ('256', '237', 'NBP', 'Nong Bua Lam Phu', null, null, null, null, null, '35', '2018-08-12 20:42:41', '1', '35', '2018-08-12 20:42:41'), ('257', '237', 'NKI', 'Nong Khai', null, null, null, null, null, '35', '2018-08-12 20:42:41', '1', '35', '2018-08-12 20:42:41'), ('258', '237', 'NBI', 'Nonthaburi', null, null, null, null, null, '35', '2018-08-12 20:42:41', '1', '35', '2018-08-12 20:42:41'), ('259', '237', 'PTE', 'Pathum Thani', null, null, null, null, null, '35', '2018-08-12 20:42:41', '1', '35', '2018-08-12 20:42:41'), ('260', '237', 'PTN', 'Pattani', null, null, null, null, null, '35', '2018-08-12 20:42:41', '1', '35', '2018-08-12 20:42:41'), ('261', '237', 'PNA', 'Phang Nga', null, null, null, null, null, '35', '2018-08-12 20:42:41', '1', '35', '2018-08-12 20:42:41'), ('262', '237', 'PLG', 'Phatthalung', null, null, null, null, null, '35', '2018-08-12 20:42:41', '1', '35', '2018-08-12 20:42:41'), ('263', '237', 'PYO', 'Phayao', null, null, null, null, null, '35', '2018-08-12 20:42:41', '1', '35', '2018-08-12 20:42:41'), ('264', '237', 'PNB', 'Phetchabun', null, null, null, null, null, '35', '2018-08-12 20:42:41', '1', '35', '2018-08-12 20:42:41'), ('265', '237', 'PBI', 'Phetchaburi', null, null, null, null, null, '35', '2018-08-12 20:42:41', '1', '35', '2018-08-12 20:42:41'), ('266', '237', 'PCT', 'Phichit', null, null, null, null, null, '35', '2018-08-12 20:42:41', '1', '35', '2018-08-12 20:42:41'), ('267', '237', 'PLK', 'Phitsanulok', null, null, null, null, null, '35', '2018-08-12 20:42:41', '1', '35', '2018-08-12 20:42:41'), ('268', '237', 'AYA', 'Phra Nakhon Si Ayutthaya', null, null, null, null, null, '35', '2018-08-12 20:42:41', '1', '35', '2018-08-12 20:42:41'), ('269', '237', 'PRE', 'Phrae', null, null, null, null, null, '35', '2018-08-12 20:42:41', '1', '35', '2018-08-12 20:42:41'), ('270', '237', 'PKT', 'Phuket', null, null, null, null, null, '35', '2018-08-12 20:42:41', '1', '35', '2018-08-12 20:42:41'), ('271', '237', 'PRI', 'Prachinburi', null, null, null, null, null, '35', '2018-08-12 20:42:41', '1', '35', '2018-08-12 20:42:41'), ('272', '237', 'PKN', 'Prachuap Khiri Khan', null, null, null, null, null, '35', '2018-08-12 20:42:41', '1', '35', '2018-08-12 20:42:41'), ('273', '237', 'RNG', 'Ranong', null, null, null, null, null, '35', '2018-08-12 20:42:41', '1', '35', '2018-08-12 20:42:41'), ('274', '237', 'RBR', 'Ratchaburi', null, null, null, null, null, '35', '2018-08-12 20:42:41', '1', '35', '2018-08-12 20:42:41'), ('275', '237', 'RYG', 'Rayong', null, null, null, null, null, '35', '2018-08-12 20:42:41', '1', '35', '2018-08-12 20:42:41'), ('276', '237', 'RET', 'Roi Et', null, null, null, null, null, '35', '2018-08-12 20:42:41', '1', '35', '2018-08-12 20:42:41'), ('277', '237', 'SKW', 'Sa Kaeo', null, null, null, null, null, '35', '2018-08-12 20:42:41', '1', '35', '2018-08-12 20:42:41'), ('278', '237', 'SNK', 'Sakon Nakhon', null, null, null, null, null, '35', '2018-08-12 20:42:41', '1', '35', '2018-08-12 20:42:41'), ('279', '237', 'SPK', 'Samut Prakan', null, null, null, null, null, '35', '2018-08-12 20:42:41', '1', '35', '2018-08-12 20:42:41'), ('280', '237', 'SKN', 'Samut Sakhon', null, null, null, null, null, '35', '2018-08-12 20:42:41', '1', '35', '2018-08-12 20:42:41'), ('281', '237', 'SKM', 'Samut Songkhram', null, null, null, null, null, '35', '2018-08-12 20:42:41', '1', '35', '2018-08-12 20:42:41'), ('282', '237', 'SRI', 'Saraburi', null, null, null, null, null, '35', '2018-08-12 20:42:41', '1', '35', '2018-08-12 20:42:41'), ('283', '237', 'STN', 'Satun', null, null, null, null, null, '35', '2018-08-12 20:42:41', '1', '35', '2018-08-12 20:42:41'), ('284', '237', 'SBR', 'Sing Buri', null, null, null, null, null, '35', '2018-08-12 20:42:41', '1', '35', '2018-08-12 20:42:41'), ('285', '237', 'SSK', 'Sisaket', null, null, null, null, null, '35', '2018-08-12 20:42:41', '1', '35', '2018-08-12 20:42:41'), ('286', '237', 'SKA', 'Songkhla', null, null, null, null, null, '35', '2018-08-12 20:42:41', '1', '35', '2018-08-12 20:42:41'), ('287', '237', 'STI', 'Sukhothai', null, null, null, null, null, '35', '2018-08-12 20:42:41', '1', '35', '2018-08-12 20:42:41'), ('288', '237', 'SPB', 'Suphan Buri', null, null, null, null, null, '35', '2018-08-12 20:42:41', '1', '35', '2018-08-12 20:42:41'), ('289', '237', 'SNI', 'Surat Thani', null, null, null, null, null, '35', '2018-08-12 20:42:41', '1', '35', '2018-08-12 20:42:41'), ('290', '237', 'SRN', 'Surin', null, null, null, null, null, '35', '2018-08-12 20:42:41', '1', '35', '2018-08-12 20:42:41'), ('291', '237', 'TAK', 'Tak', null, null, null, null, null, '35', '2018-08-12 20:42:41', '1', '35', '2018-08-12 20:42:41'), ('292', '237', 'TRG', 'Trang', null, null, null, null, null, '35', '2018-08-12 20:42:41', '1', '35', '2018-08-12 20:42:41'), ('293', '237', 'TRT', 'Trat', null, null, null, null, null, '35', '2018-08-12 20:42:41', '1', '35', '2018-08-12 20:42:41'), ('294', '237', 'UBN', 'Ubon Ratchathani', null, null, null, null, null, '35', '2018-08-12 20:42:41', '1', '35', '2018-08-12 20:42:41'), ('295', '237', 'UDN', 'Udon Thani', null, null, null, null, null, '35', '2018-08-12 20:42:41', '1', '35', '2018-08-12 20:42:41'), ('296', '237', 'UTI', 'Uthai Thani', null, null, null, null, null, '35', '2018-08-12 20:42:41', '1', '35', '2018-08-12 20:42:41'), ('297', '237', 'UTD', 'Uttaradit', null, null, null, null, null, '35', '2018-08-12 20:42:41', '1', '35', '2018-08-12 20:42:41'), ('298', '237', 'YLA', 'Yala', null, null, null, null, null, '35', '2018-08-12 20:42:41', '1', '35', '2018-08-12 20:42:41'), ('299', '237', 'YST', 'Yasothon', '', null, '', '0', '0', '35', '2018-08-13 16:09:26', '1', '35', '2018-08-13 16:09:26'), ('300', '140', 'AOU', 'Attopeu', '', null, '', '14.8209', '106.815', '1000028', '2018-08-13 17:46:47', '1', '1000028', '2018-08-13 17:22:19'), ('301', '140', 'HOE', 'Ban Hat Tai', '', null, '', '20.2578', '100.437', '1000028', '2018-08-13 17:45:55', '1', '1000028', '2018-08-13 17:24:14'), ('302', '140', 'KOG', 'Khong Island', '', null, '', '14.047', '105.833', '1000028', '2018-08-13 17:44:55', '1', '1000028', '2018-08-13 17:24:46'), ('303', '140', 'LXG', 'Luang Namtha', '', null, '', '20.95', '101.4', '1000028', '2018-08-13 17:43:27', '1', '1000028', '2018-08-13 17:26:28'), ('304', '140', 'LPQ', 'Luang Prabang', '', null, '', '19.8833', '102.133', '1000028', '2018-08-13 17:42:52', '1', '1000028', '2018-08-13 17:27:24'), ('305', '140', 'ODY', 'Muang Xay', '', null, '', '20.7', '101.817', '1000028', '2018-08-13 17:42:11', '1', '1000028', '2018-08-13 17:28:07'), ('306', '140', 'PKZ', 'Pakse', '', null, '', '15.1167', '105.783', '1000028', '2018-08-13 17:41:29', '1', '1000028', '2018-08-13 17:28:53'), ('307', '140', 'XKH', 'Phonsavan', '', null, '', '19.46', '103.18', '1000028', '2018-08-13 17:40:09', '1', '1000028', '2018-08-13 17:29:20'), ('308', '140', 'VNA', 'Saravane', '', null, '', '15.7167', '106.417', '1000028', '2018-08-13 17:31:17', '1', '1000028', '2018-08-13 17:30:05'), ('309', '140', 'NEU', 'Sam Neua', '', null, '', '20.4133', '104.048', '1000028', '2018-08-13 17:32:37', '1', '1000028', '2018-08-13 17:32:37'), ('310', '140', 'ZVK', 'Savannakhet', '', null, '', '16.55', '104.75', '1000028', '2018-08-13 17:33:47', '1', '1000028', '2018-08-13 17:33:47'), ('311', '140', 'ZBY', 'Sayaboury', '', null, '', '19.25', '101.75', '1000028', '2018-08-13 17:35:27', '1', '1000028', '2018-08-13 17:35:27'), ('312', '140', 'THK', 'Thakhek', '', null, '', '17.4032', '104.835', '1000028', '2018-08-13 17:37:05', '1', '1000028', '2018-08-13 17:37:05'), ('313', '140', 'VTE', 'Vientiane', '', null, '', '17.9667', '102.6', '1000028', '2018-08-13 17:39:00', '1', '1000028', '2018-08-13 17:39:00'), ('314', '140', 'PKB', 'Pak Beng', '', null, '', '19.8955', '101.132', '1000028', '2018-08-13 17:58:43', '1', '1000028', '2018-08-13 17:58:43'), ('315', '258', 'CDO', 'Cho Dok', '', null, '', '10.7', '105.117', '1000028', '2018-08-13 18:09:43', '1', '1000028', '2018-08-13 18:09:43'), ('316', '258', 'SAP', 'SA PA', '', null, '', '22.3402', '103.844', '1000028', '2018-08-13 18:13:05', '1', '1000028', '2018-08-13 18:13:05'), ('317', '171', 'MDL', 'Mandalay', '', null, '', '21.9574', '96.0891', '1000028', '2018-08-13 18:27:24', '1', '1000028', '2018-08-13 18:27:23'), ('318', '171', 'RGN', 'Yangon', '', null, '', '16.9072', '96.1331', '1000028', '2018-08-13 18:28:26', '1', '1000028', '2018-08-13 18:28:26'), ('319', '171', 'NYT', 'Naypyidaw', '', null, '', '19.6233', '96.2008', '1000028', '2018-08-13 18:30:13', '1', '1000028', '2018-08-13 18:30:13'), ('320', '171', 'BGO', 'Bago', '', null, '', '17.3011', '96.4281', '1000028', '2018-08-13 18:31:30', '1', '1000028', '2018-08-13 18:31:30'), ('321', '171', 'NYU', 'Bagan', '', null, '', '21.1786', '94.93', '1000028', '2018-08-13 18:32:33', '1', '1000028', '2018-08-13 18:32:33'), ('322', '171', 'HEH', 'Heho', '', null, '', '20.7469', '96.7919', '1000028', '2018-08-13 18:41:16', '1', '1000028', '2018-08-13 18:41:16'), ('323', '119', 'MAA', 'Chennai', '', null, '', '13.0833', '80.2667', '35', '2018-08-16 00:06:24', '1', '35', '2018-08-16 00:06:24'), ('324', '119', 'DEL', 'New Delhi', '', null, '', '28.61', '77.23', '35', '2018-08-16 00:08:06', '1', '35', '2018-08-16 00:08:06'), ('325', '119', 'BOM', 'Mumbai', '', null, '', '18.975', '72.8258', '35', '2018-08-16 00:09:27', '1', '35', '2018-08-16 00:09:27'), ('326', '119', 'CCU', 'Kolkata', '', null, '', '22.5667', '88.3667', '35', '2018-08-16 00:11:15', '1', '35', '2018-08-16 00:11:15'), ('327', '119', 'BLR', 'Bangalore', '', null, '', '12.9833', '77.5833', '35', '2018-08-16 00:17:43', '1', '35', '2018-08-16 00:17:43'), ('328', '119', 'HYD', 'Hyderabad', '', null, '', '17.37', '78.48', '35', '2018-08-16 00:19:02', '1', '35', '2018-08-16 00:19:02'), ('329', '119', 'AMD', 'Ahmedabad', '', null, '', '23.03', '72.58', '35', '2018-08-16 00:20:21', '1', '35', '2018-08-16 00:20:21'), ('330', '119', 'STV', 'Surat', '', null, '', '21.1702', '72.8311', '35', '2018-08-16 00:22:01', '1', '35', '2018-08-16 00:22:01'), ('331', '119', 'PNQ', 'Pune', '', null, '', '18.5203', '73.8567', '35', '2018-08-16 00:22:59', '1', '35', '2018-08-16 00:22:59'), ('332', '119', 'JAI', 'Jaipur', '', null, '', '26.9', '75.8', '35', '2018-08-16 00:24:14', '1', '35', '2018-08-16 00:24:13'), ('333', '119', 'LKO', 'Lucknow', '', null, '', '26.85', '80.95', '35', '2018-08-16 00:25:03', '1', '35', '2018-08-16 00:25:03'), ('334', '119', 'KNU', 'Kanpur', '', null, '', '26.4499', '80.3319', '35', '2018-08-16 00:26:55', '1', '35', '2018-08-16 00:26:55'), ('335', '119', 'NAG', 'Nagpur', '', null, '', '21.15', '79.09', '35', '2018-08-16 00:27:59', '1', '35', '2018-08-16 00:27:59'), ('336', '119', 'VTZ', 'Visakhapatnam', '', null, '', '17.7042', '83.2978', '35', '2018-08-16 00:29:06', '1', '35', '2018-08-16 00:29:06'), ('337', '119', 'IDR', 'Indore', '', null, '', '22.7167', '75.8472', '35', '2018-08-16 00:30:13', '1', '35', '2018-08-16 00:30:13'), ('338', '119', 'BHO', 'Bhopal', '', null, '', '23.25', '77.4167', '35', '2018-08-16 00:33:17', '1', '35', '2018-08-16 00:33:17'), ('339', '119', 'PAT', 'Patna', '', null, '', '25.6', '85.1', '35', '2018-08-16 00:34:12', '1', '35', '2018-08-16 00:34:12'), ('340', '119', 'BDQ', 'Vadodara', '', null, '', '22.3', '73.2', '35', '2018-08-16 00:35:21', '1', '35', '2018-08-16 00:35:21'), ('341', '119', 'LUH', 'Ludhiana', '', null, '', '30.91', '75.85', '35', '2018-08-16 00:37:16', '1', '35', '2018-08-16 00:37:16'), ('342', '119', 'CJB', 'Coimbatore', '', null, '', '11.0183', '76.9725', '35', '2018-08-16 00:38:18', '1', '35', '2018-08-16 00:38:18'), ('343', '119', 'AGR', 'Agra', '', null, '', '27.18', '78.02', '35', '2018-08-16 00:39:21', '1', '35', '2018-08-16 00:39:21'), ('344', '119', 'IXM', 'Madurai', '', null, '', '9.9', '78.1', '35', '2018-08-16 00:40:32', '1', '35', '2018-08-16 00:40:32'), ('345', '119', 'GOI', 'Goa', '', null, '', '15.5', '73.83', '35', '2018-08-16 00:47:39', '1', '35', '2018-08-16 00:47:39'), ('346', '119', 'IXC', 'Chandigarh', '', null, '', '30.75', '76.78', '35', '2018-08-16 00:48:50', '1', '35', '2018-08-16 00:48:50'), ('347', '119', 'GAY', 'Gaya', '', null, '', '24.75', '85.01', '35', '2018-08-16 00:49:53', '1', '35', '2018-08-16 00:49:53'), ('348', '119', 'GAU', 'Guwahati', '', null, '', '26.1833', '91.7333', '35', '2018-08-16 00:51:16', '1', '35', '2018-08-16 00:51:16'), ('349', '119', 'TIR', 'Tirupati', '', null, '', '13.65', '79.42', '35', '2018-08-16 00:52:31', '1', '35', '2018-08-16 00:52:31'), ('350', '119', 'VGA', 'Vijayawada', '', null, '', '16.5193', '80.6305', '35', '2018-08-16 00:53:58', '1', '35', '2018-08-16 00:53:58'), ('351', '119', 'KLH', 'Kolhapur', '', null, '', '16.6917', '74.2333', '1000029', '2018-08-17 21:05:49', '1', '1000029', '2018-08-17 21:05:49'), ('352', '33', '+61 2', 'Sydney ', '', null, '', null, null, '15', '2019-01-05 14:33:52', '1', '15', '2019-01-05 14:33:52'), ('353', '100', '+49', 'Munich (Mnchen)', '', null, '', null, null, '15', '2019-01-08 14:52:05', '1', '15', '2019-01-08 14:52:05'), ('354', '215', 'SIN', 'Singapore', '', null, '', '0', '0', '8', '2019-01-17 16:23:58', '1', '15', '2019-01-15 16:53:51'), ('355', '126', 'RO', 'Rovigo', '', null, '', '47.5172', '20.3906', '1', '2019-01-17 16:27:49', '1', '8', '2019-01-17 16:23:37'), ('356', '126', 'VRN', 'Verona', '', null, '', '45.3957', '10.8885', '8', '2019-01-17 16:28:51', '1', '8', '2019-01-17 16:28:51'), ('357', '126', 'BLQ', 'Bologna', '', null, '', '44.5354', '11.2887', '8', '2019-01-17 16:29:49', '1', '8', '2019-01-17 16:29:49'), ('358', '126', 'TSF', 'Treviso', '', null, '', '45.6484', '12.1944', '8', '2019-01-17 16:30:52', '1', '8', '2019-01-17 16:30:52'), ('359', '126', 'VCE', 'Venice', '', null, '', '45.5053', '12.3519', '8', '2019-01-17 16:32:00', '1', '8', '2019-01-17 16:32:00'), ('360', '126', 'ROM', 'Rome', '', null, '', '41.9', '12.5', '8', '2019-01-17 16:34:49', '1', '8', '2019-01-17 16:34:49'), ('361', '237', 'CNX', 'Chiang Mai', '', null, '', '18.7961', '98.9793', '1', '2019-01-28 15:37:39', '1', '1', '2019-01-28 15:36:49');
COMMIT;

-- ----------------------------
--  Table structure for `company_profile`
-- ----------------------------
DROP TABLE IF EXISTS `company_profile`;
CREATE TABLE `company_profile` (
  `id` int(11) NOT NULL AUTO_INCREMENT,
  `logo` varchar(255) DEFAULT NULL,
  `names` varchar(255) NOT NULL,
  `email` varchar(100) DEFAULT NULL,
  `tel` varchar(100) DEFAULT NULL,
  `website` varchar(100) DEFAULT NULL,
  `address` varchar(255) DEFAULT NULL,
  `description` text,
  `created_date` datetime DEFAULT NULL,
  `created_by` int(11) DEFAULT NULL,
  `updated_date` datetime DEFAULT NULL,
  `quotation_term_and_condition` text,
  `updated_by` int(11) DEFAULT NULL,
  `status` tinyint(1) DEFAULT NULL,
  `vattin` varchar(50) DEFAULT NULL,
  `bill_and_payment` text,
  `what_we_do` text,
  PRIMARY KEY (`id`,`names`)
) ENGINE=InnoDB AUTO_INCREMENT=2 DEFAULT CHARSET=utf8 ROW_FORMAT=COMPACT;

-- ----------------------------
--  Records of `company_profile`
-- ----------------------------
BEGIN;
INSERT INTO `company_profile` VALUES ('1', '22', 'eOcambo Technology', 'info@eocambo.com', '(+855) 69 955 179', 'www.eocambo.com', 'Street 13, Treang Village, Slor Kram Commune, Krong Siem Reap, Cambodia.', 'eOcambo Technology started in 2014  with a small team partnering with accommodation providers to help  them take control of their online digital marketing and booking management using cutting edge technologies through our Hotel Link Solutions products.\r\n\r\nWe have been expanding and developing rapidly especially over the past 2 years with more solutions available to accommodation providers including offering high quality custom designed websites that become a major driver for any businesses online presence.\r\n\r\nThere is now a very large number of Online Travel Agents (OTA) and other online accommodation third parties where hotels and guesthouses can gain bookings, along with the massive use of Social Media by potential guests eOcambo Technology provides our clients with advice and the tools to navigate through often confusing technologies and increase their bookings and revenue.\r\n\r\neOcambo Technology is based in Siem Reap and is now the leading provider of online digital solutions for all Cambodian accommodation providers and most importantly we have a local Khmer Support Team who are always available to offer advice and back up for our clients.\r\n\r\nOur Mission: Always create innovative solutions that meet our clients expectations.\r\n\r\nOur Vision: Be recognised as the technology company that fulfills the clients needs.', '2019-07-23 09:18:01', '1', '2019-07-29 11:19:56', null, '1', '1', 'CAM-200341', 'Lorem ipsum dolor sit amet, consectetur adipiscing elit, sed do eiusmod tempor incididunt ut labore et dolore magna aliqua. Ut enim ad minim veniam, quis nostrud exercitation ullamco laboris nisi ut aliquip ex ea commodo consequat. Duis aute irure dolor in reprehenderit in voluptate velit esse cillum dolore eu fugiat nulla pariatur. Excepteur sint occaecat cupidatat non proident, sunt in culpa qui officia deserunt mollit anim id est laborum.', 'We have our own application development team who during this year have created a unique online management system for Travel agents and Tour companies to improve their operations and profitability.\r\n\r\nThis exciting new technology solution will be launched in the second half of 2018 increasing the growth and reputation of eOcambo Technology as the leader in creating innovative solutions for the Cambodian Hospitality Industry.');
COMMIT;

-- ----------------------------
--  Table structure for `contract`
-- ----------------------------
DROP TABLE IF EXISTS `contract`;
CREATE TABLE `contract` (
  `id` int(11) NOT NULL AUTO_INCREMENT,
  `id_customer` int(11) DEFAULT NULL,
  `subject` varchar(255) DEFAULT NULL,
  `contract_value` decimal(10,2) DEFAULT NULL,
  `signature` varchar(255) DEFAULT NULL,
  `id_contract_type` int(11) DEFAULT NULL,
  `start_date` date DEFAULT NULL,
  `end_date` date DEFAULT NULL,
  `description` text,
  `status` tinyint(1) DEFAULT NULL,
  `updated_by` int(11) DEFAULT NULL,
  `updated_date` datetime DEFAULT NULL,
  `created_by` int(11) DEFAULT NULL,
  `created_date` datetime DEFAULT NULL,
  PRIMARY KEY (`id`)
) ENGINE=InnoDB AUTO_INCREMENT=3 DEFAULT CHARSET=utf8;

-- ----------------------------
--  Table structure for `contract_note`
-- ----------------------------
DROP TABLE IF EXISTS `contract_note`;
CREATE TABLE `contract_note` (
  `id` int(11) NOT NULL AUTO_INCREMENT,
  `note` varchar(255) DEFAULT NULL,
  `created_date` datetime DEFAULT NULL,
  `updated_by` int(11) DEFAULT NULL,
  `created_by` int(11) DEFAULT NULL,
  `updated_date` datetime DEFAULT NULL,
  `status` tinyint(11) DEFAULT NULL,
  `id_contract` int(11) DEFAULT NULL,
  PRIMARY KEY (`id`) USING BTREE
) ENGINE=InnoDB DEFAULT CHARSET=utf8;

-- ----------------------------
--  Table structure for `contract_type`
-- ----------------------------
DROP TABLE IF EXISTS `contract_type`;
CREATE TABLE `contract_type` (
  `id` int(11) NOT NULL AUTO_INCREMENT,
  `name` varchar(100) DEFAULT NULL,
  `note` varchar(250) DEFAULT NULL,
  `created_by` int(11) DEFAULT NULL,
  `created_date` datetime DEFAULT NULL,
  `updated_date` datetime DEFAULT NULL,
  `updated_by` int(11) DEFAULT NULL,
  `status` int(1) DEFAULT NULL,
  `contract_description` text,
  PRIMARY KEY (`id`)
) ENGINE=InnoDB AUTO_INCREMENT=3 DEFAULT CHARSET=utf8 ROW_FORMAT=COMPACT;

-- ----------------------------
--  Records of `contract_type`
-- ----------------------------
BEGIN;
INSERT INTO `contract_type` VALUES ('1', 'Website Contract', 'Testing', '22', '2019-08-19 15:16:26', '2019-09-03 11:52:17', '13', '1', '<section style=\"margin: 0px; padding: 0px; border: 0px; font-variant-numeric: inherit; font-variant-east-asian: inherit; font-stretch: inherit; font-size: 16px; line-height: inherit; font-family: Charter, &quot;Hoefler Text&quot;, Cambria, Georgia, &quot;Times New Roman&quot;, serif; vertical-align: baseline; color: rgb(51, 51, 51);\"><h1 style=\"margin-top: 0px; margin-bottom: 0.23em; padding: 0px; border: 0px; font-style: inherit; font-variant: inherit; font-weight: normal; font-stretch: inherit; font-size: 32px; line-height: 1.25; vertical-align: baseline; color: rgb(51, 51, 51); text-shadow: none; letter-spacing: 0px; text-rendering: optimizelegibility;\">Contracts: To Each His Own.</h1><p style=\"margin-bottom: 18px; padding: 0px; border: 0px; font-style: inherit; font-variant: inherit; font-weight: inherit; font-stretch: inherit; line-height: 26px; vertical-align: baseline; text-shadow: rgb(255, 255, 255) 1px 1px;\">This guide recognizes that not every client will appreciate a complete, well-drafted contract. A full set of terms and conditions over multiple pages can be daunting to both you or your client. The more informal approach of a letter signed by both parties can be used. Often called a ?Letter of Agreement?, this contract is a short description of the project, schedule, fees and relevant terms and conditions in an informal letter format on the designers letterhead. Terms and Conditions usually describe only essential requirements like copyright, right to revisions, payment terms, kill fees and miscellaneous legal terms. A more detailed description of drafting and using a Letter of Agreement appears later in this guide.</p><p style=\"margin-bottom: 18px; padding: 0px; border: 0px; font-style: inherit; font-variant: inherit; font-weight: inherit; font-stretch: inherit; line-height: 26px; vertical-align: baseline; text-shadow: rgb(255, 255, 255) 1px 1px;\">The contract most preferred by this guide is a Project Proposal with attached Terms and Conditions. A project proposal is a detailed project document that defines the scope of work, the design process, the schedule, and the total price. The designer provides a recommended course of action for the client to consider. Changes and negotiations to project specifications and terms and conditions are expected. The final goal is to have one comprehensive document that, when accompanied by an appropriate set of terms and conditions and signed by both parties, serves as your contract for the project. A more detailed description of drafting and using a Project Proposal with Terms and Conditions appears later in this guide.</p><p style=\"margin-bottom: 18px; padding: 0px; border: 0px; font-style: inherit; font-variant: inherit; font-weight: inherit; font-stretch: inherit; line-height: 26px; vertical-align: baseline; text-shadow: rgb(255, 255, 255) 1px 1px;\">No matter which form of contract you choose, Letter of Agreement or Project Proposal with Terms and Conditions, each can be tailored to the needs of you and your client. Format, length, detail and appropriate terms and conditions are up to you.</p></section><section style=\"margin: 0px; padding: 0px; border: 0px; font-variant-numeric: inherit; font-variant-east-asian: inherit; font-stretch: inherit; font-size: 16px; line-height: inherit; font-family: Charter, &quot;Hoefler Text&quot;, Cambria, Georgia, &quot;Times New Roman&quot;, serif; vertical-align: baseline; color: rgb(51, 51, 51);\"><h1 style=\"margin-top: 0px; margin-bottom: 0.23em; padding: 0px; border: 0px; font-style: inherit; font-variant: inherit; font-weight: normal; font-stretch: inherit; font-size: 32px; line-height: 1.25; vertical-align: baseline; color: rgb(51, 51, 51); text-shadow: none; letter-spacing: 0px; text-rendering: optimizelegibility;\">Negotiation: An Agreement, Not a Fight.</h1><p style=\"margin-bottom: 18px; padding: 0px; border: 0px; font-style: inherit; font-variant: inherit; font-weight: inherit; font-stretch: inherit; line-height: 26px; vertical-align: baseline; text-shadow: rgb(255, 255, 255) 1px 1px;\">All contracts, whether your contract, contracts in this guide, or some-one else\'s contract can be changed. Any provision in a contract can be removed or any provision added. At the same time, knowing why a provision is included and what it accomplishes helps you define your business process and helps you negotiate.</p><p style=\"margin-bottom: 18px; padding: 0px; border: 0px; font-style: inherit; font-variant: inherit; font-weight: inherit; font-stretch: inherit; line-height: 26px; vertical-align: baseline; text-shadow: rgb(255, 255, 255) 1px 1px;\">Every contract requires negotiation whether it be as simple such as determining the scope of work or more complicated copyright issues. Negotiation does not need to be a fight. When both parties have something valuable to offer, both parties can be winners. Your best tool in negotiation is knowing what is absolutely essential and what can be compromised.</p><p style=\"margin-bottom: 18px; padding: 0px; border: 0px; font-style: inherit; font-variant: inherit; font-weight: inherit; font-stretch: inherit; line-height: 26px; vertical-align: baseline; text-shadow: rgb(255, 255, 255) 1px 1px;\">This guide provides many examples and explanations of common contract clauses to help you improve your negotiation position and to craft a contract that suits your needs.</p></section><section style=\"margin: 0px; padding: 0px; border: 0px; font-variant-numeric: inherit; font-variant-east-asian: inherit; font-stretch: inherit; font-size: 16px; line-height: inherit; font-family: Charter, &quot;Hoefler Text&quot;, Cambria, Georgia, &quot;Times New Roman&quot;, serif; vertical-align: baseline; color: rgb(51, 51, 51);\"><h1 style=\"margin-top: 0px; margin-bottom: 0.23em; padding: 0px; border: 0px; font-style: inherit; font-variant: inherit; font-weight: normal; font-stretch: inherit; font-size: 32px; line-height: 1.25; vertical-align: baseline; color: rgb(51, 51, 51); text-shadow: none; letter-spacing: 0px; text-rendering: optimizelegibility;\">Get That Contract Signed.</h1><p style=\"margin-bottom: 18px; padding: 0px; border: 0px; font-style: inherit; font-variant: inherit; font-weight: inherit; font-stretch: inherit; line-height: 26px; vertical-align: baseline; text-shadow: rgb(255, 255, 255) 1px 1px;\">Often a designer will not be able to meet the client in person to sign the contract. Note that a contract must be signed by a person with the authority to do so. If you are dealing with a company, be sure to include the name of the company and the name and title of the individual with authority to sign the contract. It is a good idea to have your client sign the contract first. Send two copies of the contract to your client to sign and return to you. Then sign both copies and return one copy to the client. Because you are the last one to sign, you have the advantage of deciding whether or not to sign and make the contract binding.</p><p style=\"margin-bottom: 18px; padding: 0px; border: 0px; font-style: inherit; font-variant: inherit; font-weight: inherit; font-stretch: inherit; line-height: 26px; vertical-align: baseline; text-shadow: rgb(255, 255, 255) 1px 1px;\">Another option is to send signed copies of your contract to your client to sign and return. This puts you at a disadvantage by allowing the client to delay signing and potentially hold up your work on the project. If you send a pre-signed contract to a client you may revoke the contract any time before the client signs. You can also provide an expiration clause that gives the client a deadline in which to sign.</p></section><section style=\"margin: 0px; padding: 0px; border: 0px; font-variant-numeric: inherit; font-variant-east-asian: inherit; font-stretch: inherit; font-size: 16px; line-height: inherit; font-family: Charter, &quot;Hoefler Text&quot;, Cambria, Georgia, &quot;Times New Roman&quot;, serif; vertical-align: baseline; color: rgb(51, 51, 51);\"><h1 style=\"margin-top: 0px; margin-bottom: 0.23em; padding: 0px; border: 0px; font-style: inherit; font-variant: inherit; font-weight: normal; font-stretch: inherit; font-size: 32px; line-height: 1.25; vertical-align: baseline; color: rgb(51, 51, 51); text-shadow: none; letter-spacing: 0px; text-rendering: optimizelegibility;\">Introduction To Form Documents</h1><p style=\"margin-bottom: 18px; padding: 0px; border: 0px; font-style: inherit; font-variant: inherit; font-weight: inherit; font-stretch: inherit; line-height: 26px; vertical-align: baseline; text-shadow: rgb(255, 255, 255) 1px 1px;\">This guide contains form and example documents essential to any web design business. The available documents are listed below.</p><p style=\"margin-bottom: 18px; padding: 0px; border: 0px; font-style: inherit; font-variant: inherit; font-weight: inherit; font-stretch: inherit; line-height: 26px; vertical-align: baseline; text-shadow: rgb(255, 255, 255) 1px 1px;\"></p><h2 style=\"margin: 0.83em 0px 0.23em; padding: 0px; border: 0px; font-style: inherit; font-variant: inherit; font-weight: normal; font-stretch: inherit; font-size: 1.5em; line-height: 1.25; vertical-align: baseline; color: rgb(51, 51, 51); text-shadow: none; letter-spacing: 0px; text-rendering: optimizelegibility;\">To Complete the Form</h2><ol style=\"margin-right: 0px; margin-bottom: 18px; margin-left: 30px; padding: 0px; border: 0px; font: inherit; vertical-align: baseline; list-style-position: initial; list-style-image: initial;\"><li style=\"margin: 0px 0px 12px; padding: 0px; border: 0px; font: inherit; vertical-align: baseline;\">Download the Form Pack for the document you need, and follow the included instructions.</li><li style=\"margin: 0px 0px 12px; padding: 0px; border: 0px; font: inherit; vertical-align: baseline;\">Replace the bracketed placeholders (&nbsp;<em style=\"margin: 0px; padding: 0px; border: 0px; font-variant: inherit; font-weight: bold; font-stretch: inherit; font-size: inherit; line-height: inherit; font-family: Times; vertical-align: baseline;\">[PLACEHOLDER]</em>&nbsp;) with your information.</li><li style=\"margin: 0px 0px 12px; padding: 0px; border: 0px; font: inherit; vertical-align: baseline;\">Follow any instructions (&nbsp;<em style=\"margin: 0px; padding: 0px; border: 0px; font-variant: inherit; font-weight: bold; font-stretch: inherit; font-size: inherit; line-height: inherit; font-family: Times; vertical-align: baseline;\">-- INSTRUCTION: included instruction. --</em>&nbsp;) included in the form.</li><li style=\"margin: 0px 0px 12px; padding: 0px; border: 0px; font: inherit; vertical-align: baseline;\">Use the example documents are a reference for creating your own document.</li><li style=\"margin: 0px 0px 12px; padding: 0px; border: 0px; font: inherit; vertical-align: baseline;\">Print and Enjoy!</li></ol></section>');
COMMIT;

-- ----------------------------
--  Table structure for `country`
-- ----------------------------
DROP TABLE IF EXISTS `country`;
CREATE TABLE `country` (
  `id` int(11) NOT NULL AUTO_INCREMENT,
  `id_area` int(11) DEFAULT NULL,
  `names` varchar(250) NOT NULL,
  `code` varchar(100) DEFAULT NULL,
  `description` text,
  `img` varchar(250) DEFAULT NULL,
  `video_link` varchar(50) DEFAULT NULL,
  `latitude` double DEFAULT NULL,
  `longitude` double DEFAULT NULL,
  `updated_by` int(11) DEFAULT NULL,
  `updated_date` datetime DEFAULT NULL,
  `status` tinyint(1) DEFAULT NULL,
  `created_by` int(11) DEFAULT NULL,
  `created_date` datetime DEFAULT NULL,
  PRIMARY KEY (`id`) USING BTREE,
  KEY `names` (`names`) USING BTREE,
  KEY `id_area` (`id_area`) USING BTREE
) ENGINE=InnoDB AUTO_INCREMENT=267 DEFAULT CHARSET=utf8 ROW_FORMAT=COMPACT;

-- ----------------------------
--  Records of `country`
-- ----------------------------
BEGIN;
INSERT INTO `country` VALUES ('21', '1', 'Afghanistan', 'AF', '', null, 'JDrScVo7aBs', '0', '0', '38', '2018-08-12 17:24:29', '1', '35', '2018-08-12 16:19:01'), ('22', '2', 'Albania', 'AL', '', null, '', '0', '0', '38', '2018-08-12 17:25:50', '1', '35', '2018-08-12 16:19:01'), ('23', '3', 'Algeria', 'DZ', '', null, '', '0', '0', '38', '2018-08-12 17:50:07', '1', '35', '2018-08-12 16:19:01'), ('24', '6', 'American Samoa', 'DS', '', null, '', '0', '0', '38', '2018-08-12 18:31:58', '1', '35', '2018-08-12 16:19:01'), ('25', '2', 'Andorra', 'AD', '', null, '', '0', '0', '38', '2018-08-12 17:26:21', '1', '35', '2018-08-12 16:19:01'), ('26', '3', 'Angola', 'AO', '', null, '', '0', '0', '38', '2018-08-12 17:50:29', '1', '35', '2018-08-12 16:19:01'), ('27', '1', 'Anguilla', 'AI', null, null, null, '0', '0', '35', '2018-08-12 16:19:01', '1', '35', '2018-08-12 16:19:01'), ('28', '1', 'Antarctica', 'AQ', null, null, null, '0', '0', '35', '2018-08-12 16:19:01', '1', '35', '2018-08-12 16:19:01'), ('29', '4', 'Antigua and Barbuda', 'AG', '', null, '', '0', '0', '38', '2018-08-12 18:15:11', '1', '35', '2018-08-12 16:19:01'), ('30', '5', 'Argentina', 'AR', '', null, '', '0', '0', '38', '2018-08-12 18:24:31', '1', '35', '2018-08-12 16:19:01'), ('31', '2', 'Armenia', 'AM', '', null, '', '0', '0', '38', '2018-08-12 17:26:40', '1', '35', '2018-08-12 16:19:01'), ('32', '1', 'Aruba', 'AW', null, null, null, '0', '0', '35', '2018-08-12 16:19:01', '1', '35', '2018-08-12 16:19:01'), ('33', '6', 'Australia', 'AU', '', null, '', '0', '0', '38', '2018-08-12 18:28:59', '1', '35', '2018-08-12 16:19:01'), ('34', '2', 'Austria', 'AT', '', null, '', '0', '0', '38', '2018-08-12 17:27:02', '1', '35', '2018-08-12 16:19:01'), ('35', '2', 'Azerbaijan', 'AZ', '', null, '', '0', '0', '38', '2018-08-12 17:27:31', '1', '35', '2018-08-12 16:19:01'), ('36', '4', 'Bahamas', 'BS', '', null, '', '0', '0', '38', '2018-08-12 18:15:50', '1', '35', '2018-08-12 16:19:01'), ('37', '1', 'Bahrain', 'BH', null, null, null, '0', '0', '35', '2018-08-12 16:19:01', '1', '35', '2018-08-12 16:19:01'), ('38', '1', 'Bangladesh', 'BD', null, null, null, '0', '0', '35', '2018-08-12 16:19:01', '1', '35', '2018-08-12 16:19:01'), ('39', '4', 'Barbados', 'BB', '', null, '', '0', '0', '38', '2018-08-12 18:16:08', '1', '35', '2018-08-12 16:19:01'), ('40', '2', 'Belarus', 'BY', '', null, '', '0', '0', '38', '2018-08-12 17:27:57', '1', '35', '2018-08-12 16:19:01'), ('41', '2', 'Belgium', 'BE', '', null, '', '0', '0', '38', '2018-08-12 17:28:16', '1', '35', '2018-08-12 16:19:01'), ('42', '4', 'Belize', 'BZ', '', null, '', '0', '0', '38', '2018-08-12 18:16:28', '1', '35', '2018-08-12 16:19:01'), ('43', '3', 'Benin', 'BJ', '', null, '', '0', '0', '38', '2018-08-12 17:51:11', '1', '35', '2018-08-12 16:19:01'), ('44', '1', 'Bermuda', 'BM', null, null, null, '0', '0', '35', '2018-08-12 16:19:01', '1', '35', '2018-08-12 16:19:01'), ('45', '1', 'Bhutan', 'BT', null, null, null, '0', '0', '35', '2018-08-12 16:19:01', '1', '35', '2018-08-12 16:19:01'), ('46', '5', 'Bolivia', 'BO', '', null, '', '0', '0', '38', '2018-08-12 18:24:54', '1', '35', '2018-08-12 16:19:01'), ('47', '2', 'Bosnia and Herzegovina', 'BA', '', null, '', '0', '0', '38', '2018-08-12 17:28:36', '1', '35', '2018-08-12 16:19:01'), ('48', '3', 'Botswana', 'BW', '', null, '', '0', '0', '38', '2018-08-12 17:51:30', '1', '35', '2018-08-12 16:19:01'), ('49', '1', 'Bouvet Island', 'BV', null, null, null, '0', '0', '35', '2018-08-12 16:19:01', '1', '35', '2018-08-12 16:19:01'), ('50', '5', 'Brazil', 'BR', '', null, '', '0', '0', '38', '2018-08-12 18:25:16', '1', '35', '2018-08-12 16:19:01'), ('51', '1', 'British Indian Ocean Territory', 'IO', null, null, null, '0', '0', '35', '2018-08-12 16:19:01', '1', '35', '2018-08-12 16:19:01'), ('52', '1', 'Brunei Darussalam', 'BN', null, null, null, '0', '0', '35', '2018-08-12 16:19:01', '1', '35', '2018-08-12 16:19:01'), ('53', '2', 'Bulgaria', 'BG', '', null, '', '0', '0', '38', '2018-08-12 17:29:23', '1', '35', '2018-08-12 16:19:01'), ('54', '3', 'Burkina Faso', 'BF', '', null, '', '0', '0', '38', '2018-08-12 17:52:12', '1', '35', '2018-08-12 16:19:01'), ('55', '3', 'Burundi', 'BI', '', null, '', '0', '0', '38', '2018-08-12 17:52:41', '1', '35', '2018-08-12 16:19:01'), ('56', '1', 'Cambodia', 'KH', null, null, null, '0', '0', '35', '2018-08-12 16:19:01', '1', '35', '2018-08-12 16:19:01'), ('57', '3', 'Cameroon', 'CM', '', null, '', '0', '0', '38', '2018-08-12 17:53:29', '1', '35', '2018-08-12 16:19:01'), ('58', '4', 'Canada', 'CA', '', null, '', '0', '0', '38', '2018-08-12 18:16:47', '1', '35', '2018-08-12 16:19:01'), ('59', '1', 'Cape Verde', 'CV', null, null, null, '0', '0', '35', '2018-08-12 16:19:01', '1', '35', '2018-08-12 16:19:01'), ('60', '1', 'Cayman Islands', 'KY', null, null, null, '0', '0', '35', '2018-08-12 16:19:01', '1', '35', '2018-08-12 16:19:01'), ('61', '3', 'Central African Republic', 'CF', '', null, '', '0', '0', '38', '2018-08-12 17:53:58', '1', '35', '2018-08-12 16:19:01'), ('62', '3', 'Chad', 'TD', '', null, '', '0', '0', '38', '2018-08-12 17:54:18', '1', '35', '2018-08-12 16:19:01'), ('63', '5', 'Chile', 'CL', '', null, '', '0', '0', '38', '2018-08-12 18:25:32', '1', '35', '2018-08-12 16:19:01'), ('64', '1', 'China', 'CN', null, null, null, '0', '0', '35', '2018-08-12 16:19:01', '1', '35', '2018-08-12 16:19:01'), ('65', '1', 'Christmas Island', 'CX', null, null, null, '0', '0', '35', '2018-08-12 16:19:01', '1', '35', '2018-08-12 16:19:01'), ('66', '1', 'Cocos (Keeling) Islands', 'CC', null, null, null, '0', '0', '35', '2018-08-12 16:19:01', '1', '35', '2018-08-12 16:19:01'), ('67', '5', 'Colombia', 'CO', '', null, '', '0', '0', '38', '2018-08-12 18:26:01', '1', '35', '2018-08-12 16:19:01'), ('68', '3', 'Comoros', 'KM', '', null, '', '0', '0', '38', '2018-08-12 17:54:40', '1', '35', '2018-08-12 16:19:01'), ('69', '3', 'Congo', 'CG', '', null, '', '0', '0', '38', '2018-08-12 17:55:49', '1', '35', '2018-08-12 16:19:01'), ('70', '1', 'Cook Islands', 'CK', null, null, null, '0', '0', '35', '2018-08-12 16:19:01', '1', '35', '2018-08-12 16:19:01'), ('71', '4', 'Costa Rica', 'CR', '', null, '', '0', '0', '38', '2018-08-12 18:17:05', '1', '35', '2018-08-12 16:19:01'), ('72', '2', 'Croatia (Hrvatska)', 'HR', '', null, '', '0', '0', '38', '2018-08-12 17:29:47', '1', '35', '2018-08-12 16:19:01'), ('73', '4', 'Cuba', 'CU', '', null, '', '0', '0', '38', '2018-08-12 18:17:23', '1', '35', '2018-08-12 16:19:01'), ('74', '2', 'Cyprus', 'CY', '', null, '', '0', '0', '38', '2018-08-12 17:30:07', '1', '35', '2018-08-12 16:19:01'), ('75', '2', 'Czech Republic', 'CZ', '', null, '', '0', '0', '38', '2018-08-12 17:30:29', '1', '35', '2018-08-12 16:19:01'), ('76', '2', 'Denmark', 'DK', '', null, '', '0', '0', '38', '2018-08-12 17:30:49', '1', '35', '2018-08-12 16:19:01'), ('77', '3', 'Djibouti', 'DJ', '', null, '', '0', '0', '38', '2018-08-12 17:56:46', '1', '35', '2018-08-12 16:19:01'), ('78', '4', 'Dominica', 'DM', '', null, '', '0', '0', '38', '2018-08-12 18:17:44', '1', '35', '2018-08-12 16:19:01'), ('79', '4', 'Dominican Republic', 'DO', '', null, '', '0', '0', '38', '2018-08-12 18:17:55', '1', '35', '2018-08-12 16:19:01'), ('80', '1', 'East Timor', 'TP', null, null, null, '0', '0', '35', '2018-08-12 16:19:01', '1', '35', '2018-08-12 16:19:01'), ('81', '5', 'Ecuador', 'EC', '', null, '', '0', '0', '38', '2018-08-12 18:26:22', '1', '35', '2018-08-12 16:19:01'), ('82', '3', 'Egypt', 'EG', '', null, '', '0', '0', '38', '2018-08-12 17:57:20', '1', '35', '2018-08-12 16:19:01'), ('83', '4', 'El Salvador', 'SV', '', null, '', '0', '0', '38', '2018-08-12 18:18:19', '1', '35', '2018-08-12 16:19:01'), ('84', '3', 'Equatorial Guinea', 'GQ', '', null, '', '0', '0', '38', '2018-08-12 17:57:47', '1', '35', '2018-08-12 16:19:01'), ('85', '3', 'Eritrea', 'ER', '', null, '', '0', '0', '38', '2018-08-12 17:58:09', '1', '35', '2018-08-12 16:19:01'), ('86', '2', 'Estonia', 'EE', '', null, '', '0', '0', '38', '2018-08-12 17:31:22', '1', '35', '2018-08-12 16:19:01'), ('87', '3', 'Ethiopia', 'ET', '', null, '', '0', '0', '38', '2018-08-12 17:58:53', '1', '35', '2018-08-12 16:19:01'), ('88', '1', 'Falkland Islands (Malvinas)', 'FK', null, null, null, '0', '0', '35', '2018-08-12 16:19:01', '1', '35', '2018-08-12 16:19:01'), ('89', '1', 'Faroe Islands', 'FO', null, null, null, '0', '0', '35', '2018-08-12 16:19:01', '1', '35', '2018-08-12 16:19:01'), ('90', '6', 'Fiji', 'FJ', '', null, '', '0', '0', '38', '2018-08-12 18:29:19', '1', '35', '2018-08-12 16:19:01'), ('91', '2', 'Finland', 'FI', '', null, '', '0', '0', '38', '2018-08-12 17:31:43', '1', '35', '2018-08-12 16:19:01'), ('92', '2', 'France', 'FR', '', null, '', '0', '0', '38', '2018-08-12 17:32:09', '1', '35', '2018-08-12 16:19:01'), ('93', '2', 'France, Metropolitan', 'FX', '', null, '', '0', '0', '38', '2018-08-12 17:32:21', '1', '35', '2018-08-12 16:19:01'), ('94', '1', 'French Guiana', 'GF', null, null, null, '0', '0', '35', '2018-08-12 16:19:01', '1', '35', '2018-08-12 16:19:01'), ('95', '1', 'French Polynesia', 'PF', null, null, null, '0', '0', '35', '2018-08-12 16:19:01', '1', '35', '2018-08-12 16:19:01'), ('96', '1', 'French Southern Territories', 'TF', null, null, null, '0', '0', '35', '2018-08-12 16:19:01', '1', '35', '2018-08-12 16:19:01'), ('97', '3', 'Gabon', 'GA', '', null, '', '0', '0', '38', '2018-08-12 17:59:35', '1', '35', '2018-08-12 16:19:01'), ('98', '3', 'Gambia', 'GM', '', null, '', '0', '0', '38', '2018-08-12 17:59:52', '1', '35', '2018-08-12 16:19:01'), ('99', '2', 'Georgia', 'GE', '', null, '', '0', '0', '38', '2018-08-12 17:32:51', '1', '35', '2018-08-12 16:19:01'), ('100', '2', 'Germany', 'DE', '', null, '', '0', '0', '38', '2018-08-12 17:33:33', '1', '35', '2018-08-12 16:19:01'), ('101', '3', 'Ghana', 'GH', '', null, '', '0', '0', '38', '2018-08-12 18:00:11', '1', '35', '2018-08-12 16:19:01'), ('102', '1', 'Gibraltar', 'GI', null, null, null, '0', '0', '35', '2018-08-12 16:19:01', '1', '35', '2018-08-12 16:19:01'), ('103', '1', 'Guernsey', 'GK', null, null, null, '0', '0', '35', '2018-08-12 16:19:01', '1', '35', '2018-08-12 16:19:01'), ('104', '2', 'Greece', 'GR', '', null, '', '0', '0', '38', '2018-08-12 17:34:02', '1', '35', '2018-08-12 16:19:01'), ('105', '1', 'Greenland', 'GL', null, null, null, '0', '0', '35', '2018-08-12 16:19:01', '1', '35', '2018-08-12 16:19:01'), ('106', '4', 'Grenada', 'GD', '', null, '', '0', '0', '38', '2018-08-12 18:18:42', '1', '35', '2018-08-12 16:19:01'), ('107', '1', 'Guadeloupe', 'GP', null, null, null, '0', '0', '35', '2018-08-12 16:19:01', '1', '35', '2018-08-12 16:19:01'), ('108', '1', 'Guam', 'GU', null, null, null, '0', '0', '35', '2018-08-12 16:19:01', '1', '35', '2018-08-12 16:19:01'), ('109', '4', 'Guatemala', 'GT', '', null, '', '0', '0', '38', '2018-08-12 18:19:05', '1', '35', '2018-08-12 16:19:01'), ('110', '3', 'Guinea', 'GN', '', null, '', '0', '0', '38', '2018-08-12 18:00:42', '1', '35', '2018-08-12 16:19:01'), ('111', '3', 'Guinea-Bissau', 'GW', '', null, '', '0', '0', '38', '2018-08-12 18:00:55', '1', '35', '2018-08-12 16:19:01'), ('112', '5', 'Guyana', 'GY', '', null, '', '0', '0', '38', '2018-08-12 18:26:41', '1', '35', '2018-08-12 16:19:01'), ('113', '4', 'Haiti', 'HT', '', null, '', '0', '0', '38', '2018-08-12 18:19:22', '1', '35', '2018-08-12 16:19:01'), ('114', '1', 'Heard and Mc Donald Islands', 'HM', null, null, null, '0', '0', '35', '2018-08-12 16:19:01', '1', '35', '2018-08-12 16:19:01'), ('115', '4', 'Honduras', 'HN', '', null, '', '0', '0', '38', '2018-08-12 18:19:39', '1', '35', '2018-08-12 16:19:01'), ('116', '1', 'Hong Kong', 'HK', null, null, null, '0', '0', '35', '2018-08-12 16:19:01', '1', '35', '2018-08-12 16:19:01'), ('117', '2', 'Hungary', 'HU', '', null, '', '0', '0', '38', '2018-08-12 17:34:27', '1', '35', '2018-08-12 16:19:01'), ('118', '2', 'Iceland', 'IS', '', null, '', '0', '0', '38', '2018-08-12 17:34:46', '1', '35', '2018-08-12 16:19:01'), ('119', '1', 'India', 'IN', null, null, null, '0', '0', '35', '2018-08-12 16:19:01', '1', '35', '2018-08-12 16:19:01'), ('120', '1', 'Isle of Man', 'IM', null, null, null, '0', '0', '35', '2018-08-12 16:19:01', '1', '35', '2018-08-12 16:19:01'), ('121', '1', 'Indonesia', 'ID', null, null, null, '0', '0', '35', '2018-08-12 16:19:01', '1', '35', '2018-08-12 16:19:01'), ('122', '1', 'Iran (Islamic Republic of)', 'IR', null, null, null, '0', '0', '35', '2018-08-12 16:19:01', '1', '35', '2018-08-12 16:19:01'), ('123', '1', 'Iraq', 'IQ', null, null, null, '0', '0', '35', '2018-08-12 16:19:01', '1', '35', '2018-08-12 16:19:01'), ('124', '2', 'Ireland', 'IE', '', null, '', '0', '0', '38', '2018-08-12 17:35:09', '1', '35', '2018-08-12 16:19:01'), ('125', '1', 'Israel', 'IL', null, null, null, '0', '0', '35', '2018-08-12 16:19:01', '1', '35', '2018-08-12 16:19:01'), ('126', '2', 'Italy', 'IT', '', null, '', '0', '0', '38', '2018-08-12 17:35:37', '1', '35', '2018-08-12 16:19:01'), ('127', '1', 'Ivory Coast', 'CI', null, null, null, '0', '0', '35', '2018-08-12 16:19:01', '1', '35', '2018-08-12 16:19:01'), ('128', '1', 'Jersey', 'JE', null, null, null, '0', '0', '35', '2018-08-12 16:19:01', '1', '35', '2018-08-12 16:19:01'), ('129', '4', 'Jamaica', 'JM', '', null, '', '0', '0', '38', '2018-08-12 18:20:09', '1', '35', '2018-08-12 16:19:01'), ('130', '1', 'Japan', 'JP', null, null, null, '0', '0', '35', '2018-08-12 16:19:01', '1', '35', '2018-08-12 16:19:01'), ('131', '1', 'Jordan', 'JO', null, null, null, '0', '0', '35', '2018-08-12 16:19:01', '1', '35', '2018-08-12 16:19:01'), ('132', '2', 'Kazakhstan', 'KZ', '', null, '', '0', '0', '38', '2018-08-12 17:36:08', '1', '35', '2018-08-12 16:19:01'), ('133', '3', 'Kenya', 'KE', '', null, '', '0', '0', '38', '2018-08-12 18:01:30', '1', '35', '2018-08-12 16:19:01'), ('134', '6', 'Kiribati', 'KI', '', null, '', '0', '0', '38', '2018-08-12 18:29:36', '1', '35', '2018-08-12 16:19:01'), ('135', '1', 'Korea, Democratic People\'s Republic of', 'KP', null, null, null, '0', '0', '35', '2018-08-12 16:19:01', '1', '35', '2018-08-12 16:19:01'), ('136', '1', 'Korea, Republic of', 'KR', null, null, null, '0', '0', '35', '2018-08-12 16:19:01', '1', '35', '2018-08-12 16:19:01'), ('137', '2', 'Kosovo', 'XK', '', null, '', '0', '0', '38', '2018-08-12 17:36:29', '1', '35', '2018-08-12 16:19:01'), ('138', '1', 'Kuwait', 'KW', null, null, null, '0', '0', '35', '2018-08-12 16:19:01', '1', '35', '2018-08-12 16:19:01'), ('139', '1', 'Kyrgyzstan', 'KG', null, null, null, '0', '0', '35', '2018-08-12 16:19:01', '1', '35', '2018-08-12 16:19:01'), ('140', '1', 'Laos', 'LA', '', null, '', '0', '0', '1000028', '2018-08-13 17:23:16', '1', '35', '2018-08-12 16:19:01'), ('141', '2', 'Latvia', 'LV', '', null, '', '0', '0', '38', '2018-08-12 17:36:53', '1', '35', '2018-08-12 16:19:01'), ('142', '1', 'Lebanon', 'LB', null, null, null, '0', '0', '35', '2018-08-12 16:19:01', '1', '35', '2018-08-12 16:19:01'), ('143', '3', 'Lesotho', 'LS', '', null, '', '0', '0', '38', '2018-08-12 18:01:49', '1', '35', '2018-08-12 16:19:01'), ('144', '3', 'Liberia', 'LR', '', null, '', '0', '0', '38', '2018-08-12 18:02:07', '1', '35', '2018-08-12 16:19:01'), ('145', '3', 'Libyan Arab Jamahiriya', 'LY', '', null, '', '0', '0', '38', '2018-08-12 18:02:25', '1', '35', '2018-08-12 16:19:01'), ('146', '2', 'Liechtenstein', 'LI', '', null, '', '0', '0', '38', '2018-08-12 17:37:12', '1', '35', '2018-08-12 16:19:01'), ('147', '2', 'Lithuania', 'LT', '', null, '', '0', '0', '38', '2018-08-12 17:38:01', '1', '35', '2018-08-12 16:19:01'), ('148', '2', 'Luxembourg', 'LU', '', null, '', '0', '0', '38', '2018-08-12 17:38:42', '1', '35', '2018-08-12 16:19:01'), ('149', '1', 'Macau', 'MO', null, null, null, '0', '0', '35', '2018-08-12 16:19:01', '1', '35', '2018-08-12 16:19:01'), ('150', '2', 'Macedonia', 'MK', '', null, '', '0', '0', '38', '2018-08-12 17:39:10', '1', '35', '2018-08-12 16:19:01'), ('151', '3', 'Madagascar', 'MG', '', null, '', '0', '0', '38', '2018-08-12 18:02:42', '1', '35', '2018-08-12 16:19:01'), ('152', '3', 'Malawi', 'MW', '', null, '', '0', '0', '38', '2018-08-12 18:03:01', '1', '35', '2018-08-12 16:19:01'), ('153', '1', 'Malaysia', 'MY', null, null, null, '0', '0', '35', '2018-08-12 16:19:01', '1', '35', '2018-08-12 16:19:01'), ('154', '1', 'Maldives', 'MV', null, null, null, '0', '0', '35', '2018-08-12 16:19:01', '1', '35', '2018-08-12 16:19:01'), ('155', '3', 'Mali', 'ML', '', null, '', '0', '0', '38', '2018-08-12 18:03:19', '1', '35', '2018-08-12 16:19:01'), ('156', '2', 'Malta', 'MT', '', null, '', '0', '0', '38', '2018-08-12 17:39:34', '1', '35', '2018-08-12 16:19:01'), ('157', '6', 'Marshall Islands', 'MH', '', null, '', '0', '0', '38', '2018-08-12 18:29:55', '1', '35', '2018-08-12 16:19:01'), ('158', '1', 'Martinique', 'MQ', null, null, null, '0', '0', '35', '2018-08-12 16:19:01', '1', '35', '2018-08-12 16:19:01'), ('159', '3', 'Mauritania', 'MR', '', null, '', '0', '0', '38', '2018-08-12 18:03:55', '1', '35', '2018-08-12 16:19:01'), ('160', '3', 'Mauritius', 'MU', '', null, '', '0', '0', '38', '2018-08-12 18:04:17', '1', '35', '2018-08-12 16:19:01'), ('161', '1', 'Mayotte', 'TY', null, null, null, '0', '0', '35', '2018-08-12 16:19:01', '1', '35', '2018-08-12 16:19:01'), ('162', '4', 'Mexico', 'MX', '', null, '', '0', '0', '38', '2018-08-12 18:20:31', '1', '35', '2018-08-12 16:19:01'), ('163', '6', 'Micronesia, Federated States of', 'FM', '', null, '', '0', '0', '38', '2018-08-12 18:30:13', '1', '35', '2018-08-12 16:19:01'), ('164', '2', 'Moldova, Republic of', 'MD', '', null, '', '0', '0', '38', '2018-08-12 17:39:57', '1', '35', '2018-08-12 16:19:01'), ('165', '2', 'Monaco', 'MC', '', null, '', '0', '0', '38', '2018-08-12 17:40:15', '1', '35', '2018-08-12 16:19:01'), ('166', '1', 'Mongolia', 'MN', null, null, null, '0', '0', '35', '2018-08-12 16:19:01', '1', '35', '2018-08-12 16:19:01'), ('167', '2', 'Montenegro', 'ME', '', null, '', '0', '0', '38', '2018-08-12 17:40:35', '1', '35', '2018-08-12 16:19:01'), ('168', '1', 'Montserrat', 'MS', null, null, null, '0', '0', '35', '2018-08-12 16:19:01', '1', '35', '2018-08-12 16:19:01'), ('169', '3', 'Morocco', 'MA', '', null, '', '0', '0', '38', '2018-08-12 18:04:37', '1', '35', '2018-08-12 16:19:01'), ('170', '3', 'Mozambique', 'MZ', '', null, '', '0', '0', '38', '2018-08-12 18:04:55', '1', '35', '2018-08-12 16:19:01'), ('171', '1', 'Myanmar', 'MM', null, null, null, '0', '0', '35', '2018-08-12 16:19:01', '1', '35', '2018-08-12 16:19:01'), ('172', '3', 'Namibia', 'NA', '', null, '', '0', '0', '38', '2018-08-12 18:05:12', '1', '35', '2018-08-12 16:19:01'), ('173', '6', 'Nauru', 'NR', '', null, '', '0', '0', '38', '2018-08-12 18:30:32', '1', '35', '2018-08-12 16:19:01'), ('174', '1', 'Nepal', 'NP', null, null, null, '0', '0', '35', '2018-08-12 16:19:01', '1', '35', '2018-08-12 16:19:01'), ('175', '2', 'Netherlands', 'NL', '', null, '', '0', '0', '38', '2018-08-12 17:41:05', '1', '35', '2018-08-12 16:19:01'), ('176', '2', 'Netherlands Antilles', 'AN', '', null, '', '0', '0', '38', '2018-08-12 17:41:17', '1', '35', '2018-08-12 16:19:01'), ('177', '1', 'New Caledonia', 'NC', null, null, null, '0', '0', '35', '2018-08-12 16:19:01', '1', '35', '2018-08-12 16:19:01'), ('178', '6', 'New Zealand', 'NZ', '', null, '', '0', '0', '38', '2018-08-12 18:30:52', '1', '35', '2018-08-12 16:19:01'), ('179', '4', 'Nicaragua', 'NI', '', null, '', '0', '0', '38', '2018-08-12 18:20:50', '1', '35', '2018-08-12 16:19:01'), ('180', '3', 'Niger', 'NE', '', null, '', '0', '0', '38', '2018-08-12 18:05:30', '1', '35', '2018-08-12 16:19:01'), ('181', '3', 'Nigeria', 'NG', '', null, '', '0', '0', '38', '2018-08-12 18:05:42', '1', '35', '2018-08-12 16:19:01'), ('182', '1', 'Niue', 'NU', null, null, null, '0', '0', '35', '2018-08-12 16:19:01', '1', '35', '2018-08-12 16:19:01'), ('183', '1', 'Norfolk Island', 'NF', null, null, null, '0', '0', '35', '2018-08-12 16:19:01', '1', '35', '2018-08-12 16:19:01'), ('184', '1', 'Northern Mariana Islands', 'MP', null, null, null, '0', '0', '35', '2018-08-12 16:19:01', '1', '35', '2018-08-12 16:19:01'), ('185', '2', 'Norway', 'NO', '', null, '', '0', '0', '38', '2018-08-12 17:41:50', '1', '35', '2018-08-12 16:19:01'), ('186', '1', 'Oman', 'OM', null, null, null, '0', '0', '35', '2018-08-12 16:19:01', '1', '35', '2018-08-12 16:19:01'), ('187', '1', 'Pakistan', 'PK', null, null, null, '0', '0', '35', '2018-08-12 16:19:01', '1', '35', '2018-08-12 16:19:01'), ('188', '6', 'Palau', 'PW', '', null, '', '0', '0', '38', '2018-08-12 18:31:14', '1', '35', '2018-08-12 16:19:01'), ('189', '1', 'Palestine', 'PS', null, null, null, '0', '0', '35', '2018-08-12 16:19:01', '1', '35', '2018-08-12 16:19:01'), ('190', '4', 'Panama', 'PA', '', null, '', '0', '0', '38', '2018-08-12 18:21:18', '1', '35', '2018-08-12 16:19:01'), ('191', '6', 'Papua New Guinea', 'PG', '', null, '', '0', '0', '38', '2018-08-12 18:31:39', '1', '35', '2018-08-12 16:19:01'), ('192', '5', 'Paraguay', 'PY', '', null, '', '0', '0', '38', '2018-08-12 18:27:08', '1', '35', '2018-08-12 16:19:01'), ('193', '5', 'Peru', 'PE', '', null, '', '0', '0', '38', '2018-08-12 18:27:27', '1', '35', '2018-08-12 16:19:01'), ('194', '1', 'Philippines', 'PH', null, null, null, '0', '0', '35', '2018-08-12 16:19:01', '1', '35', '2018-08-12 16:19:01'), ('195', '1', 'Pitcairn', 'PN', null, null, null, '0', '0', '35', '2018-08-12 16:19:01', '1', '35', '2018-08-12 16:19:01'), ('196', '2', 'Poland', 'PL', '', null, '', '0', '0', '38', '2018-08-12 17:42:25', '1', '35', '2018-08-12 16:19:01'), ('197', '2', 'Portugal', 'PT', '', null, '', '0', '0', '38', '2018-08-12 17:42:43', '1', '35', '2018-08-12 16:19:01'), ('198', '1', 'Puerto Rico', 'PR', null, null, null, '0', '0', '35', '2018-08-12 16:19:01', '1', '35', '2018-08-12 16:19:01'), ('199', '1', 'Qatar', 'QA', null, null, null, '0', '0', '35', '2018-08-12 16:19:01', '1', '35', '2018-08-12 16:19:01'), ('200', '1', 'Reunion', 'RE', null, null, null, '0', '0', '35', '2018-08-12 16:19:01', '1', '35', '2018-08-12 16:19:01'), ('201', '2', 'Romania', 'RO', '', null, '', '0', '0', '38', '2018-08-12 17:43:03', '1', '35', '2018-08-12 16:19:01'), ('202', '2', 'Russian Federation', 'RU', '', null, '', '0', '0', '38', '2018-08-12 17:43:22', '1', '35', '2018-08-12 16:19:01'), ('203', '3', 'Rwanda', 'RW', '', null, '', '0', '0', '38', '2018-08-12 18:06:21', '1', '35', '2018-08-12 16:19:01'), ('204', '4', 'Saint Kitts and Nevis', 'KN', '', null, '', '0', '0', '38', '2018-08-12 18:21:42', '1', '35', '2018-08-12 16:19:01'), ('205', '4', 'Saint Lucia', 'LC', '', null, '', '0', '0', '38', '2018-08-12 18:21:59', '1', '35', '2018-08-12 16:19:01'), ('206', '4', 'Saint Vincent and the Grenadines', 'VC', '', null, '', '0', '0', '38', '2018-08-12 18:22:23', '1', '35', '2018-08-12 16:19:01'), ('207', '6', 'Samoa', 'WS', '', null, '', '0', '0', '38', '2018-08-12 18:32:16', '1', '35', '2018-08-12 16:19:01'), ('208', '2', 'San Marino', 'SM', '', null, '', '0', '0', '38', '2018-08-12 17:43:50', '1', '35', '2018-08-12 16:19:01'), ('209', '3', 'Sao Tome and Principe', 'ST', '', null, '', '0', '0', '38', '2018-08-12 18:06:40', '1', '35', '2018-08-12 16:19:01'), ('210', '1', 'Saudi Arabia', 'SA', null, null, null, '0', '0', '35', '2018-08-12 16:19:01', '1', '35', '2018-08-12 16:19:01'), ('211', '3', 'Senegal', 'SN', '', null, '', '0', '0', '38', '2018-08-12 18:07:01', '1', '35', '2018-08-12 16:19:01'), ('212', '2', 'Serbia', 'RS', '', null, '', '0', '0', '38', '2018-08-12 17:44:37', '1', '35', '2018-08-12 16:19:01'), ('213', '3', 'Seychelles', 'SC', '', null, '', '0', '0', '38', '2018-08-12 18:07:29', '1', '35', '2018-08-12 16:19:01'), ('214', '3', 'Sierra Leone', 'SL', '', null, '', '0', '0', '38', '2018-08-12 18:07:48', '1', '35', '2018-08-12 16:19:01'), ('215', '1', 'Singapore', 'SG', null, null, null, '0', '0', '35', '2018-08-12 16:19:01', '1', '35', '2018-08-12 16:19:01'), ('216', '2', 'Slovakia', 'SK', '', null, '', '0', '0', '38', '2018-08-12 17:45:20', '1', '35', '2018-08-12 16:19:01'), ('217', '2', 'Slovenia', 'SI', '', null, '', '0', '0', '38', '2018-08-12 17:46:01', '1', '35', '2018-08-12 16:19:01'), ('218', '6', 'Solomon Islands', 'SB', '', null, '', '0', '0', '38', '2018-08-12 18:32:37', '1', '35', '2018-08-12 16:19:01'), ('219', '3', 'Somalia', 'SO', '', null, '', '0', '0', '38', '2018-08-12 18:03:40', '1', '35', '2018-08-12 16:19:01'), ('220', '3', 'South Africa', 'ZA', '', null, '', '0', '0', '38', '2018-08-12 18:08:30', '1', '35', '2018-08-12 16:19:01'), ('221', '2', 'South Georgia South Sandwich Islands', 'GS', '', null, '', '0', '0', '38', '2018-08-12 17:33:10', '1', '35', '2018-08-12 16:19:01'), ('222', '3', 'South Sudan', 'SS', '', null, '', '0', '0', '38', '2018-08-12 18:11:16', '1', '35', '2018-08-12 16:19:01'), ('223', '2', 'Spain', 'ES', '', null, '', '0', '0', '38', '2018-08-12 17:46:15', '1', '35', '2018-08-12 16:19:01'), ('224', '1', 'Sri Lanka', 'LK', null, null, null, '0', '0', '35', '2018-08-12 16:19:01', '1', '35', '2018-08-12 16:19:01'), ('225', '1', 'St. Helena', 'SH', null, null, null, '0', '0', '35', '2018-08-12 16:19:01', '1', '35', '2018-08-12 16:19:01'), ('226', '1', 'St. Pierre and Miquelon', 'PM', null, null, null, '0', '0', '35', '2018-08-12 16:19:01', '1', '35', '2018-08-12 16:19:01'), ('227', '3', 'Sudan', 'SD', '', null, '', '0', '0', '38', '2018-08-12 18:11:35', '1', '35', '2018-08-12 16:19:01'), ('228', '5', 'Suriname', 'SR', '', null, '', '0', '0', '38', '2018-08-12 18:27:46', '1', '35', '2018-08-12 16:19:01'), ('229', '1', 'Svalbard and Jan Mayen Islands', 'SJ', null, null, null, '0', '0', '35', '2018-08-12 16:19:01', '1', '35', '2018-08-12 16:19:01'), ('230', '1', 'Swaziland', 'SZ', null, null, null, '0', '0', '35', '2018-08-12 16:19:01', '1', '35', '2018-08-12 16:19:01'), ('231', '2', 'Sweden', 'SE', '', null, '', '0', '0', '38', '2018-08-12 17:46:34', '1', '35', '2018-08-12 16:19:01'), ('232', '2', 'Switzerland', 'CH', '', null, '', '0', '0', '38', '2018-08-12 17:46:58', '1', '35', '2018-08-12 16:19:01'), ('233', '1', 'Syrian Arab Republic', 'SY', null, null, null, '0', '0', '35', '2018-08-12 16:19:01', '1', '35', '2018-08-12 16:19:01'), ('234', '1', 'Taiwan', 'TW', null, null, null, '0', '0', '35', '2018-08-12 16:19:01', '1', '35', '2018-08-12 16:19:01'), ('235', '1', 'Tajikistan', 'TJ', null, null, null, '0', '0', '35', '2018-08-12 16:19:01', '1', '35', '2018-08-12 16:19:01'), ('236', '3', 'Tanzania, United Republic of', 'TZ', '', null, '', '0', '0', '38', '2018-08-12 18:12:48', '1', '35', '2018-08-12 16:19:01'), ('237', '1', 'Thailand', 'TH', null, null, null, '0', '0', '35', '2018-08-12 16:19:01', '1', '35', '2018-08-12 16:19:01'), ('238', '3', 'Togo', 'TG', '', null, '', '0', '0', '38', '2018-08-12 18:13:10', '1', '35', '2018-08-12 16:19:01'), ('239', '1', 'Tokelau', 'TK', null, null, null, '0', '0', '35', '2018-08-12 16:19:01', '1', '35', '2018-08-12 16:19:01'), ('240', '6', 'Tonga', 'TO', '', null, '', '0', '0', '38', '2018-08-12 18:33:08', '1', '35', '2018-08-12 16:19:01'), ('241', '4', 'Trinidad and Tobago', 'TT', '', null, '', '0', '0', '38', '2018-08-12 18:22:43', '1', '35', '2018-08-12 16:19:01'), ('242', '3', 'Tunisia', 'TN', '', null, '', '0', '0', '38', '2018-08-12 18:13:30', '1', '35', '2018-08-12 16:19:01'), ('243', '2', 'Turkey', 'TR', '', null, '', '0', '0', '38', '2018-08-12 17:47:55', '1', '35', '2018-08-12 16:19:01'), ('244', '1', 'Turkmenistan', 'TM', null, null, null, '0', '0', '35', '2018-08-12 16:19:01', '1', '35', '2018-08-12 16:19:01'), ('245', '1', 'Turks and Caicos Islands', 'TC', null, null, null, '0', '0', '35', '2018-08-12 16:19:01', '1', '35', '2018-08-12 16:19:01'), ('246', '6', 'Tuvalu', 'TV', '', null, '', '0', '0', '38', '2018-08-12 18:33:29', '1', '35', '2018-08-12 16:19:01'), ('247', '3', 'Uganda', 'UG', '', null, '', '0', '0', '38', '2018-08-12 18:13:49', '1', '35', '2018-08-12 16:19:01'), ('248', '2', 'Ukraine', 'UA', '', null, '', '0', '0', '38', '2018-08-12 17:48:22', '1', '35', '2018-08-12 16:19:01'), ('249', '1', 'United Arab Emirates', 'AE', null, null, null, '0', '0', '35', '2018-08-12 16:19:01', '1', '35', '2018-08-12 16:19:01'), ('250', '2', 'United Kingdom', 'GB', '', null, '', '0', '0', '38', '2018-08-12 17:49:03', '1', '35', '2018-08-12 16:19:01'), ('251', '4', 'United States', 'US', '', null, '', '0', '0', '38', '2018-08-12 18:23:19', '1', '35', '2018-08-12 16:19:01'), ('252', '4', 'United States minor outlying islands', 'UM', '', null, '', '0', '0', '38', '2018-08-12 18:23:31', '1', '35', '2018-08-12 16:19:01'), ('253', '5', 'Uruguay', 'UY', '', null, '', '0', '0', '38', '2018-08-12 18:28:08', '1', '35', '2018-08-12 16:19:01'), ('254', '1', 'Uzbekistan', 'UZ', null, null, null, '0', '0', '35', '2018-08-12 16:19:01', '1', '35', '2018-08-12 16:19:01'), ('255', '6', 'Vanuatu', 'VU', '', null, '', '0', '0', '38', '2018-08-12 18:33:47', '1', '35', '2018-08-12 16:19:01'), ('256', '2', 'Vatican City State', 'VA', '', null, '', '0', '0', '38', '2018-08-12 17:49:24', '1', '35', '2018-08-12 16:19:01'), ('257', '5', 'Venezuela', 'VE', '', null, '', '0', '0', '38', '2018-08-12 18:28:26', '1', '35', '2018-08-12 16:19:01'), ('258', '1', 'Vietnam', 'VN', null, null, null, '0', '0', '35', '2018-08-12 16:19:01', '1', '35', '2018-08-12 16:19:01'), ('259', '1', 'Virgin Islands (British)', 'VG', null, null, null, '0', '0', '35', '2018-08-12 16:19:01', '1', '35', '2018-08-12 16:19:01'), ('260', '1', 'Virgin Islands (U.S.)', 'VI', null, null, null, '0', '0', '35', '2018-08-12 16:19:01', '1', '35', '2018-08-12 16:19:01'), ('261', '1', 'Wallis and Futuna Islands', 'WF', null, null, null, '0', '0', '35', '2018-08-12 16:19:01', '1', '35', '2018-08-12 16:19:01'), ('262', '1', 'Western Sahara', 'EH', null, null, null, '0', '0', '35', '2018-08-12 16:19:01', '1', '35', '2018-08-12 16:19:01'), ('263', '1', 'Yemen', 'YE', null, null, null, '0', '0', '35', '2018-08-12 16:19:01', '1', '35', '2018-08-12 16:19:01'), ('264', '1', 'Zaire', 'ZR', null, null, null, '0', '0', '35', '2018-08-12 16:19:01', '1', '35', '2018-08-12 16:19:01'), ('265', '3', 'Zambia', 'ZM', '', null, '', '0', '0', '38', '2018-08-12 18:14:10', '1', '35', '2018-08-12 16:19:01'), ('266', '3', 'Zimbabwe', 'ZW', '', null, '', '0', '0', '38', '2018-08-12 18:14:28', '1', '35', '2018-08-12 16:19:01');
COMMIT;

-- ----------------------------
--  Table structure for `currency`
-- ----------------------------
DROP TABLE IF EXISTS `currency`;
CREATE TABLE `currency` (
  `id` int(11) NOT NULL AUTO_INCREMENT,
  `name` varchar(255) COLLATE utf8_unicode_ci DEFAULT NULL,
  `status` int(11) DEFAULT NULL,
  PRIMARY KEY (`id`)
) ENGINE=InnoDB AUTO_INCREMENT=2 DEFAULT CHARSET=utf8 COLLATE=utf8_unicode_ci;

-- ----------------------------
--  Records of `currency`
-- ----------------------------
BEGIN;
INSERT INTO `currency` VALUES ('1', 'USD $', '1');
COMMIT;

-- ----------------------------
--  Table structure for `customer_group`
-- ----------------------------
DROP TABLE IF EXISTS `customer_group`;
CREATE TABLE `customer_group` (
  `id` int(11) NOT NULL AUTO_INCREMENT,
  `name` varchar(100) DEFAULT NULL,
  `note` varchar(250) DEFAULT NULL,
  `created_by` int(11) DEFAULT NULL,
  `created_date` datetime DEFAULT NULL,
  `updated_date` datetime DEFAULT NULL,
  `updated_by` int(11) DEFAULT NULL,
  `status` int(1) DEFAULT NULL,
  PRIMARY KEY (`id`)
) ENGINE=InnoDB AUTO_INCREMENT=5 DEFAULT CHARSET=utf8 ROW_FORMAT=COMPACT;

-- ----------------------------
--  Records of `customer_group`
-- ----------------------------
BEGIN;
INSERT INTO `customer_group` VALUES ('1', 'VIP', null, null, null, null, null, '1'), ('2', 'Wholesaler', null, null, null, null, null, '1'), ('3', 'High Budget', null, null, null, null, null, '1'), ('4', 'Low Budget', null, null, null, null, null, '1');
COMMIT;

-- ----------------------------
--  Table structure for `customer_invoice`
-- ----------------------------
DROP TABLE IF EXISTS `customer_invoice`;
CREATE TABLE `customer_invoice` (
  `id` int(11) NOT NULL AUTO_INCREMENT,
  `doc_id` varchar(255) DEFAULT NULL,
  `date` date DEFAULT NULL,
  `due_date` date DEFAULT NULL,
  `id_customer` int(11) DEFAULT NULL,
  `id_project` int(11) DEFAULT NULL,
  `id_payment_method` int(11) DEFAULT NULL,
  `total_tax` decimal(10,2) DEFAULT NULL,
  `id_recurring_invoice` int(11) DEFAULT NULL,
  `recurring_value` int(11) DEFAULT NULL,
  `recurring_type` int(11) DEFAULT NULL,
  `admin_note` varchar(255) DEFAULT NULL,
  `total_amount` decimal(10,2) DEFAULT NULL,
  `receive_amount` decimal(10,2) DEFAULT NULL,
  `balance_amount` decimal(10,2) DEFAULT NULL,
  `note` varchar(255) DEFAULT NULL,
  `term_condition` text,
  `status` tinyint(1) DEFAULT NULL,
  `updated_by` int(11) DEFAULT NULL,
  `updated_date` datetime DEFAULT NULL,
  `created_by` int(11) DEFAULT NULL,
  `created_date` datetime DEFAULT NULL,
  `currency` int(11) DEFAULT NULL,
  `id_sale_agent` int(11) DEFAULT NULL,
  `client_note` varchar(255) DEFAULT NULL,
  `id_discount` int(11) DEFAULT NULL,
  `discount_value` decimal(10,2) DEFAULT NULL,
  `discount_amount` decimal(10,2) DEFAULT NULL,
  `id_tax` int(11) DEFAULT NULL,
  `is_tax` tinyint(1) DEFAULT NULL,
  `tax_amount` decimal(10,2) DEFAULT NULL,
  `sub_total` decimal(10,2) DEFAULT NULL,
  `is_converted_from_proposal` int(11) DEFAULT NULL,
  PRIMARY KEY (`id`)
) ENGINE=InnoDB DEFAULT CHARSET=utf8;

-- ----------------------------
--  Table structure for `customer_invoice_data`
-- ----------------------------
DROP TABLE IF EXISTS `customer_invoice_data`;
CREATE TABLE `customer_invoice_data` (
  `id` int(11) NOT NULL AUTO_INCREMENT,
  `id_customer_invoice` int(11) DEFAULT NULL,
  `id_item` int(11) DEFAULT NULL,
  `item_name` varchar(255) DEFAULT NULL,
  `description` longtext,
  `qty` int(11) DEFAULT NULL,
  `rate` decimal(10,2) DEFAULT NULL,
  `discount_type` int(11) DEFAULT NULL,
  `discount_amount` decimal(10,2) DEFAULT NULL,
  `amount` decimal(10,2) DEFAULT NULL,
  PRIMARY KEY (`id`)
) ENGINE=InnoDB DEFAULT CHARSET=utf8;

-- ----------------------------
--  Table structure for `customer_invoice_tag`
-- ----------------------------
DROP TABLE IF EXISTS `customer_invoice_tag`;
CREATE TABLE `customer_invoice_tag` (
  `id` int(11) NOT NULL AUTO_INCREMENT,
  `id_customer_invoice` int(11) DEFAULT NULL,
  `id_tag` varchar(50) DEFAULT NULL,
  PRIMARY KEY (`id`)
) ENGINE=InnoDB DEFAULT CHARSET=utf8 ROW_FORMAT=COMPACT;

-- ----------------------------
--  Table structure for `customer_payment`
-- ----------------------------
DROP TABLE IF EXISTS `customer_payment`;
CREATE TABLE `customer_payment` (
  `id` int(11) NOT NULL AUTO_INCREMENT,
  `id_customer_invoice` int(11) DEFAULT NULL,
  `id_project` int(11) DEFAULT NULL,
  `doc_id` varchar(255) DEFAULT NULL,
  `date` date DEFAULT NULL,
  `receive_amount` decimal(10,2) DEFAULT NULL,
  `id_payment_method` int(11) DEFAULT NULL,
  `cheque_number` varchar(20) DEFAULT NULL,
  `clearing_date` date DEFAULT NULL,
  `chart_of_account` int(11) DEFAULT NULL,
  `note` varchar(255) DEFAULT NULL,
  `status` tinyint(1) DEFAULT NULL,
  `updated_by` int(11) DEFAULT NULL,
  `updated_date` datetime DEFAULT NULL,
  `created_by` int(11) DEFAULT NULL,
  `created_date` datetime DEFAULT NULL,
  PRIMARY KEY (`id`)
) ENGINE=InnoDB DEFAULT CHARSET=utf8;

-- ----------------------------
--  Table structure for `customer_profile`
-- ----------------------------
DROP TABLE IF EXISTS `customer_profile`;
CREATE TABLE `customer_profile` (
  `id` int(11) NOT NULL AUTO_INCREMENT,
  `customer_name` varchar(250) DEFAULT NULL,
  `company_name` varchar(250) DEFAULT NULL,
  `phone_number` varchar(50) DEFAULT NULL,
  `email_address` varchar(50) DEFAULT NULL,
  `latitute` decimal(16,10) DEFAULT NULL,
  `longitute` decimal(16,10) DEFAULT NULL,
  `address` varchar(250) DEFAULT NULL,
  `id_country` int(11) DEFAULT NULL,
  `id_city` int(11) DEFAULT NULL,
  `group_names` varchar(250) DEFAULT NULL,
  `billing_address` varchar(250) DEFAULT NULL,
  `id_billing_city` int(11) DEFAULT NULL,
  `id_billing_country` int(11) DEFAULT NULL,
  `shipping_address` varchar(250) DEFAULT NULL,
  `id_shipping_city` int(11) DEFAULT NULL,
  `id_shipping_country` int(11) DEFAULT NULL,
  `status` int(1) DEFAULT NULL,
  `created_by` int(11) DEFAULT NULL,
  `created_date` datetime DEFAULT NULL,
  `img_url` varchar(255) DEFAULT NULL,
  `updated_date` datetime DEFAULT NULL,
  `updated_by` int(11) DEFAULT NULL,
  `zip_code` varchar(50) DEFAULT NULL,
  `customer_status` int(1) DEFAULT NULL,
  `website_url` varchar(255) DEFAULT NULL,
  `accommodation_type` int(11) DEFAULT NULL,
  `star_rating` decimal(10,2) DEFAULT NULL,
  `number_of_rooms` int(11) DEFAULT NULL,
  `sale_date` date DEFAULT NULL,
  `accomodation_status` int(11) DEFAULT NULL COMMENT '1=lived , 2 = Inprocesing , 0 = Deactived',
  `lived_date` date DEFAULT NULL,
  `passed_by` int(11) DEFAULT NULL,
  `handle_by` int(11) DEFAULT NULL,
  `deactivated_at` varchar(20) DEFAULT NULL,
  `deactivated_reason` text,
  `deactivated_requested_by` varchar(255) DEFAULT NULL,
  `deactivated_requested_contact_detail` text,
  `deactivated_by` int(11) DEFAULT NULL,
  `id_customer_type` int(11) DEFAULT NULL,
  PRIMARY KEY (`id`)
) ENGINE=InnoDB AUTO_INCREMENT=290 DEFAULT CHARSET=utf8 ROW_FORMAT=COMPACT;

-- ----------------------------
--  Records of `customer_profile`
-- ----------------------------
BEGIN;
INSERT INTO `customer_profile` VALUES ('1', 'Mr. Senghak KOL', '1920 Hotel ', '+855 99 915 918', 'info@1920hotel.com', null, null, 'Street #9, Old Market, Siem Reap, Cambodia', '56', '21', null, '', null, null, '', null, null, '1', null, null, null, '2019-09-03 10:41:56', '1', '1', null, 'http://the1920.com', '1', '4.00', '10', '2016-05-23', '2', null, '2', '5', '', '', '', '', '4', '1'), ('2', 'Mr. Korn Kosal', 'Advaya Residence', '+855 17 465 120', 'gm@advayaresidence.com', null, null, 'Vihear Chin Village, Svay Dangkum, Siem Reap', '56', '21', null, null, null, null, null, null, null, '1', null, null, null, null, null, '17252', null, 'http://advayaresidence.com', '1', '5.00', '17', '2018-08-21', '2', '2019-08-19', '2', '4', '', '', '', '', '4', '1'), ('3', 'Mr. Chhun Sochetra', 'Adventure Hostel Siem Reap', '+855 12 380 484', 'chhunsochetra@gmail.com', null, null, 'Siem Reap, Cambodia', '56', '21', null, null, null, null, null, null, null, '1', null, null, null, null, null, '17252', null, 'http://adventurehostelsiemreap.com', '2', '3.00', '20', '2018-08-21', '2', null, '2', '4', '', '', '', '', '4', '2'), ('4', 'Mr. Christian Husel', 'Alibi Guesthouse ', '+855 88 890 1590', 'info@alibiguesthouse.com', null, null, 'Royal Palace, Sothearos Blvd', '56', '1', null, null, null, null, null, null, null, '1', null, null, null, null, null, '17252', null, 'http://alibiguesthouse.com', '4', '4.00', '10', '2018-08-21', '2', null, '2', '4', '', '', '', '', '4', '4'), ('5', 'Mr. Sok Chanthou', 'Alison Angkor Boutique Villa & Resort', '+855 63 968 808', 'info@alisonangkor.com, booking@alisonangkor.com', null, null, '#826, Street 22, Wat Bo Village', '56', '21', null, null, null, null, null, null, null, '0', null, null, null, null, null, '', null, 'http://alisonangkor.com', '7', '4.00', '12', '2015-03-25', '3', null, '2', '5', '2016-10-26', '', '', '', '4', '7'), ('6', 'Mrs. Naomi Basler', 'Amatao Tropical Residence', '+855 12 590 645', 'gm@amatao.com, rsvn@amatao.com, welcome@amatao.com', null, null, 'Svay Prey Village', '56', '21', null, null, null, null, null, null, null, '1', null, null, null, null, null, '', null, 'http://amatao.com', '8', '4.00', '4', '2017-10-02', '2', null, '2', '4', '', '', '', '', '4', '8'), ('7', 'Mr. Vutha Hour ', 'Anachak Boutique Hotel', '+855 63 769 898', 'info@anachakboutiquehotel.com', null, null, 'Steung Thmey village, Svay Dungkom commune', '56', '21', null, null, null, null, null, null, null, '0', null, null, null, null, null, '', null, 'http://anachakboutiquehotel.com', '1', '4.00', '19', '2015-02-07', '3', null, '2', '5', '', '', '', '', '4', '1'), ('8', 'Pen Sokema', 'Angkor Boutique Villa', '+855 12 914 909', 'booking@angkorboutiquevilla.com', null, null, 'No.335, Wat Damnak, Sala Kamreuok', '56', '21', null, null, null, null, null, null, null, '0', null, null, null, null, null, '', null, 'http://angkorboutiquevilla.com', '7', '3.00', '8', '2014-10-25', '3', null, '2', '5', '2016-10-26', '', '', '', '4', '7'), ('9', 'Mr. Eng Borey ', 'Angkor Century Resort and Spa', '+855 63 963 777', 'info@angkorcentury.com', null, null, 'Komay Road, Khum Svay Dangkom', '56', '21', null, null, null, null, null, null, null, '1', null, null, null, null, null, '17252', null, 'http://angkorcentury.com', '1', '5.00', '190', '2014-10-01', '2', null, '2', '4', '', '', '', '', '4', '1'), ('10', 'Mr. Meas Sopheap', 'Angkor Heart Bungalow', '+855 92 508 863', 'info@angkorheartbungalow.com', null, null, 'Ring Road Krovat - krong Street,Sangkat svay dangkum,', '56', '21', null, null, null, null, null, null, null, '1', null, null, null, null, null, '', null, 'http://angkorheartbungalow.com', '1', '3.00', '7', '2018-02-02', '2', '1970-01-01', '2', '4', '', '', '', '', '4', '1'), ('11', 'Cheung Sokha', 'Angkor Holiday Hotel', '+855 63 966 777', 'gm@angkorholidayhotel.com, reservation@angkorholid', null, null, 'National Road No.6,', '56', '21', null, null, null, null, null, null, null, '0', null, null, null, null, null, '1710', null, 'http://angkorholidayhotel.com', '1', '4.00', '162', '2014-10-25', '3', '1970-01-01', '2', '5', '', 'They want to test other company system,', 'Mr. Kakada (e-commerce)', '+855 63 966 777', '4', '1'), ('12', 'Ms. Sorphia Nguon', 'Angkor Howard Hotel and Convention Center', '+855 63 965 000', 'info@angkorhoward.com', null, null, 'National Road No 6 | Phum Kaksekam, Khum Sror Nge, Siem Reap Province', '56', '21', null, null, null, null, null, null, null, '1', null, null, null, null, null, '', null, 'http://angkorhoward.com', '1', '5.00', '343', '2016-04-29', '2', null, '2', '4', '', '', '', '', '4', '1'), ('13', 'Mr. Noun Leng', 'Angkor International Hotel', '+855 23 217 609', 'angkorhotel11@gmail.com', null, null, '#50, Street 148', '56', '1', null, null, null, null, null, null, null, '0', null, null, null, null, null, '122022', null, 'http://angkorinternationalhotel.com', '1', '3.00', '78', '2015-11-17', '3', null, '2', '5', '2018-11-05', 'Auto Deactivate', 'Mr. Noun Leng', '+855 17 518 827\r\n+855 23 217 609', '4', '1'), ('14', 'Mr. Daravichhay SENG ', 'Angkor Miracle Resort & Spa', '+855 63 969 900', 'em@angkormiracle.com, ee@angkormiracle.com, reserv', null, null, 'National Road No. 6A. Khum Sra Nge (opposite of Cambodian cultural Village) Siem Reap', '56', '21', null, null, null, null, null, null, null, '0', null, null, null, null, null, '', null, 'http://angkormiracle.com/resort', '6', '5.00', '247', '2015-11-30', '3', null, '2', '5', '', '', '', '', '4', '6'), ('15', 'Mr. Piseth', 'Angkor Mithona Guesthouse', '+855 23 990 323', 'info@angkormithonaguesthouse.com', null, null, '# 19, Street 172 L13, Sangkat Chey Chumneah, Phsar Kandal, Khan Daun Penh', '56', '1', null, null, null, null, null, null, null, '0', null, null, null, null, null, '', null, 'http://angkormithonaguesthouse.com', '9', '2.00', '34', '2015-08-15', '3', null, '2', '5', '', '', '', '', '4', '9'), ('16', 'Mr. Peter Phoeng', 'Angkor Pearl Hotel', '+855 92 571 520', 'pphoeng@angkorpearl.com', null, null, '', '56', '21', null, null, null, null, null, null, null, '0', null, null, null, null, null, '1710', null, 'http://angkorpearl.com', '1', '3.00', '45', '2014-12-25', '3', null, '2', '5', '', '', '', '', '4', '1'), ('17', 'Mr. Meng Dy', 'Angkor Rendezvous Villa', '+855 77 588 788', 'millmengdy@gmail.com', null, null, 'Neelka Way', '56', '21', null, null, null, null, null, null, null, '0', null, null, null, null, null, '', null, 'http://angkorrendezvousvillas.com', '3', '5.00', '10', '2017-02-01', '3', null, '2', '5', '', '', '', '', '4', '3'), ('18', 'Ms. Chenda Lam', 'Angkor Siesta Villa', '+855 70 808 182', 'info@angkorsiestavilla.com', null, null, '#12, Phum Beung Don Pa, Sangkat Slor Kram', '56', '21', null, null, null, null, null, null, null, '0', null, null, null, null, null, '17251', null, 'http://angkorsiestavilla.com', '7', '4.00', '7', '2018-01-19', '3', '1970-01-01', '2', '4', '2018-11-30', 'Dear Maranet,\r\n\r\nGreetings from Angkor Siesta Villa\r\n\r\nI am writing to you to inform you that we have disconnected your Channel Manager & IBE (hotellinksolutions) from our hotel recently as we do not have any budget to continue on this.', 'Mr. Sophath ', '012 981 089 ', '5', '7'), ('19', 'Angkor Twinkle Boutique Villa', 'Angkor Twinkle Boutique Villa', '+855 63 963 368', 'booking@angkortwinklevilla.com', null, null, 'Lok Taneuy (St.), Phum Wat Bo, Sangkat Sala Kamreuk', '56', '21', null, null, null, null, null, null, null, '0', null, null, null, null, null, '', null, 'http://angkortwinkleboutiquevilla.com', '7', '3.50', '22', '2016-01-12', '3', null, '2', '5', '', '', '', '', '4', '7'), ('20', 'Mr. Duy Sophal', 'Anise Hotel', '+855 23 222 522', 'reservation@anisehotel.com.kh', null, null, 'N 2C, St 278 off 57, Beoung Keng Kang I, Chamkamorn', '56', '1', null, null, null, null, null, null, null, '1', null, null, null, null, null, '', null, 'http://anisehotel.com.kh', '1', '3.00', '18', '2015-05-11', '2', null, '2', '4', '', '', '', '', '4', '1'), ('21', 'Mr. Sophal', 'Anise Villa Boutique Hotel', '+855 23 225 400', ' reservation@anisevilla.com', null, null, '18 Street 400, Beoung Keng Kang 1', '56', '1', null, null, null, null, null, null, null, '1', null, null, null, null, null, '', null, 'http://anisevilla.com', '1', '3.00', '21', '2015-03-13', '2', null, '2', '4', '', '', '', '', '4', '1'), ('22', 'Mr. Vann Enghong', 'Apsara Centrepole Hotel', '+855 63 968 098', 'book@apsaracentrepole.com', null, null, '522 Svay Dungkum, Old Sok San Street', '56', '21', null, null, null, null, null, null, null, '1', null, null, null, null, null, '', null, 'http://apsaracentrepole.com', '1', '3.50', '19', '2016-10-01', '2', null, '2', '5', '', '', '', '', '4', '1'), ('23', 'Mr. Suy Sophanith', 'Apsara Residence', '+855 63 968 668', 'book@apsara-residence.com', null, null, 'St. 27, Wat Bo Village, Sala Kamreuk Commune', '56', '21', null, null, null, null, null, null, null, '1', null, null, null, null, null, '', null, 'http://apsara-residence.com', '1', '4.00', '22', '2016-10-01', '2', null, '2', '5', '', '', '', '', '4', '1'), ('24', 'Ms. Tep Sothyda', 'Aqua Boutique Guesthouse', '+855 77 528 530', 'info@aqua-boutique-guesthouse.com', null, null, 'No.126, Street 63', '56', '1', null, null, null, null, null, null, null, '0', null, null, null, null, null, '', null, 'http://aqua-boutique-guesthouse.com', '9', '0.00', '20', '2015-03-31', '3', null, '2', '5', '', '', '', '', '4', '9'), ('25', 'Ms. Nora', 'Asarita Angkor Resort & Spa', '+855 63 768 444', 'sales@asaritaangkor.com, asaritaangkor@gmail.com', null, null, 'National Road No 6A, Khum Sra Nge', '56', '21', null, null, null, null, null, null, null, '0', null, null, null, null, null, '17260', null, 'http://asaritaangkor.com', '6', '4.00', '33', '2017-01-16', '3', null, '2', '5', '', '', '', '', '4', '6'), ('26', 'Mr. Komsorth', 'Ashia Hotel & Lounge', '+855 63 968 960', 'info@ashiahotel.com', null, null, 'P Charles De Gaulle, Krong Siem Reap', '56', '21', null, null, null, null, null, null, null, '1', null, null, null, null, null, '', null, 'http://ashiahotel.com', '1', '3.00', '20', '2017-07-11', '2', null, '2', '4', '', '', '', '', '4', '1'), ('27', 'Simen Julner', 'Babel Guesthouse', '+855 78 858 469', 'babelsiemreap@gmail.com', null, null, 'No.738 Wat Bo Road, Salakamroeuk', '56', '21', null, null, null, null, null, null, null, '1', null, null, null, null, null, '1710', null, 'http://babel-siemreap.com', '9', '2.00', '24', '2014-12-25', '2', null, '2', '4', '', '', '', '', '4', '9'), ('28', 'Mr. Chon Savun ', 'Bamboo Angkor Boutique', '+855 10 394 646', 'reservation@bambooangkorboutique.com', null, null, ' Phum Salar Kanseng, Khum Svay Dangkum, Central Area', '56', '21', null, null, null, null, null, null, null, '0', null, null, null, null, null, '1710', null, 'http://bamboo-angkorboutique.com', '7', '4.00', '12', '2015-06-09', '3', null, '2', '5', '', '', '', '', '4', '7'), ('29', 'Mr. Lao Sokun', 'Tanei Boutique Villa', '+855 12 757 867', 'lao_sukun007@yahoo.com', null, null, '#017, Steung Thmey Village, Svay Dangkom', '56', '21', null, null, null, null, null, null, null, '0', null, null, null, null, null, '17252', null, 'http://taneiboutiquevilla.com', '4', '3.00', '28', '2015-05-25', '3', null, '2', '4', '', '', '', '', '4', '4'), ('30', 'Ms. Saradin Ly', 'La Da Kiri Boutique Hotel', '+855 12 781 675', 'info@ladakiriboutique.com', null, null, 'Soksan Street, Khum Svay Dangkom', '56', '21', null, null, null, null, null, null, null, '0', null, null, null, null, null, '17251', null, 'http://ladakiriboutique.com', '7', '4.00', '26', '2015-02-06', '3', '1970-01-01', '2', '4', '2019-04-24', 'They want to change solutions ', 'B. Sema', '070 811 558', '5', '7'), ('31', 'Mr. Soeum Makara', 'Cheathata Angkor Hotel', '+855 63 968 777', 'gm@ctaangkorhotel.com, res@ctaangkorhotel.com', null, null, 'City Center, Angkor Night Market Road, Old Market Area', '56', '21', null, null, null, null, null, null, null, '1', null, null, null, null, null, '17252', null, 'http://angkor.ctaangkorhotel.com', '1', '3.50', '28', '8900-08-03', '2', null, '2', '4', '', '', '', '', '4', '1'), ('32', 'Mr. Sokpheak', 'Base Villa Phnom Penh', '+855 10 292 229', 'reservation@basevillaphnompenh.com', null, null, 'No #29 Street 222', '56', '1', null, null, null, null, null, null, null, '0', null, null, null, null, null, '', null, 'http://basevillaphnompenh.com', '1', '3.00', '12', '2015-11-30', '3', null, '2', '5', '', '', '', '', '4', '1'), ('33', 'Mr. Kenvin Harris', 'Bavyra  Boutique', '+855 63 963 987', 'Kevinrharris62@gmail.com ', null, null, 'Slor Kram Village, Slor kram Commune', '56', '21', null, null, null, null, null, null, null, '0', null, null, null, null, null, '1710', null, 'http://bavyraboutique.com', '7', '3.00', '9', '2015-01-25', '3', null, '2', '5', '', '', '', '', '4', '7'), ('34', 'Mr. Tola Hak (Seyha)', 'Bayon Boutique', '+855 63 969 456', 'gm@bayonboutique.com', null, null, 'Stueng Thmey, Svay Dangkum', '56', '21', null, null, null, null, null, null, null, '1', null, null, null, null, null, '', null, 'http://bayonboutique.com/index.php', '7', '3.50', '18', '2016-10-10', '2', null, '2', '4', '', '', '', '', '4', '7'), ('35', 'Mr. Tola Hak (Seyha)', 'Bayon Shadow Villa', '+855 63 765 443', 'gm@bayonboutique.com', null, null, 'Stueng Thmey, Svay Dangkum', '56', '21', null, null, null, null, null, null, null, '1', null, null, null, null, null, '', null, 'http://bayonshadow.com', '3', '2.50', '18', '2016-10-10', '2', null, '2', '4', '', '', '', '', '4', '3'), ('36', 'jonathon Vallieres', 'Bella Mia Villa', '+855 63 962 111', 'gm.bellamiavilla@gmail.com, gm@bellamiaangkor.com,', null, null, 'Soksan Road, Svay Damkom Village, Svay Damkom commune', '56', '21', null, null, null, null, null, null, null, '0', null, null, null, null, null, '17259', null, 'http://bellamiaangkor.com', '3', '3.50', '9', '2015-10-01', '3', null, '2', '4', '', '', '', '', '4', '3'), ('37', 'Sam Tina', 'Big Lyna Villa', '+855 63 964 807', 'biglyna@yahoo.com', null, null, 'Wat Bo Village, Sangkat Salakamroeuk', '56', '21', null, null, null, null, null, null, null, '0', null, null, null, null, null, '1710', null, 'http://biglynavilla.com', '9', '1.00', '10', '2015-02-11', '3', null, '2', '4', '', '', '', '', '4', '9'), ('38', 'Sieng Saline', 'Bliss Villa ', '+855 63 630 0978', 'blissvilla@asia.com', null, null, '# 051, Sok San Street, Svay Dangkum Village', '56', '21', null, null, null, null, null, null, null, '0', null, null, null, null, null, '17252', null, 'http://theblissvilla.com', '1', '4.00', '21', '2014-12-27', '3', '1970-01-01', '2', '5', '2019-01-03', 'Change Company Solutions', 'Vathana', '+(855) 81 832 181(LINE / WeChat / WhatsApp / Viber / Telegram)', '4', '1'), ('39', 'Ms. Ung Annie', 'Bokre Angkor Hostel ', '+855 85 511 118', 'Info@bokreangkorhostel.com', null, null, '363 Taphul Village, Svay Dangkum Commune', '56', '21', null, null, null, null, null, null, null, '1', null, null, null, null, null, '', null, 'http://eocambovilla.com', '2', '3.00', '30', '2017-10-09', '2', null, '2', '4', '', '', '', '', '4', '2'), ('40', 'Vann pohin', 'Garden Village Guesthouse', '+855 17 297 777', 'gardenvillage@asia.com', null, null, '#434, Sok San Street, Steng Thmey Village, Svaydangkum Commune', '56', '21', null, null, null, null, null, null, null, '1', null, null, null, null, null, '17252', null, 'http://guesthouse.gardenvillageguesthouse.com', '9', '1.00', '29', '2014-12-25', '2', null, '2', '4', '', '', '', '', '4', '9'), ('41', 'Mr. Sokdana Choung ', 'Botoum Hostel', '+855 16 913 999', 'info@botoumhostel.com', null, null, 'Sangkat Svay Dangkum,', '56', '21', null, null, null, null, null, null, null, '1', null, null, null, null, null, '', null, 'http://botoumhostel.com', '1', '3.00', '15', '2018-06-23', '2', null, '2', '4', '', '', '', '', '4', '1'), ('42', 'Mr.Vann pohin', 'Garden Village Hostel', '+855 17 297 777', 'gardenvillage@asia.com', null, null, 'Steung Thmey Village, Svay Dungkom commune', '56', '21', null, null, null, null, null, null, null, '0', null, null, null, null, null, '17252', null, 'http://gardenvillagehostel.com', '2', '1.00', '12', '2015-07-08', '3', null, '2', '4', '', '', '', '', '4', '2'), ('43', 'Vann pohin', 'Garden Village Villa', '+855 17 297 777', 'gardenvillage@asia.com', null, null, 'Garden Village Villa is located close to the Old Market in walking distance to bars, restaurants', '56', '21', null, null, null, null, null, null, null, '0', null, null, null, null, null, '17252', null, 'http://villa.gardenvillagevilla.com', '3', '2.00', '8', '2015-07-08', '3', '1970-01-01', '19', '4', '2019-08-01', 'Low season ', 'Mr. Pohin', '070 630 000', '5', '3'), ('44', 'Mr. Rath', 'Mane Boutique Hotel & Spa', '+855 63 768 899', 'ecom@maneboutiquehotel.com', null, null, 'Village Salakomroeuk, Sangkat Salakomroeuk', '56', '21', null, null, null, null, null, null, null, '0', null, null, null, null, null, '17252', null, 'http://maneboutiquehotel.com', '1', '5.00', '18', '2015-08-26', '3', null, '2', '4', '', '', '', '', '4', '1'), ('45', 'Mr.Kan Chansathya', 'Lynnaya Urban River Resort & Spa', '+855 63 967 755', 'gm@lynnaya.com', null, null, 'Street 20 Krong Siem Reap', '56', '21', null, null, null, null, null, null, null, '0', null, null, null, null, null, '17000', null, 'http://lynnaya-hotel-angkor.com', '1', '4.00', '46', '2015-08-27', '3', null, '2', '4', '', '', '', '', '4', '1'), ('46', 'Horn Bovorn', 'Bou Savy Guesthouse (Bed & Breakfast)', '+855 12 369 600', 'bousavy7777@gmail.com', null, null, '#261, Group 07, Salakanseng Village, Svaydangkum Commune. ', '56', '21', null, null, null, null, null, null, null, '1', null, null, null, null, null, '17252', null, 'http://bousavyguesthouse.com', '9', '2.00', '30', '2015-09-11', '2', null, '2', '4', '', '', '', '', '4', '9'), ('47', 'La Villa du Bonheur', 'La Villa du Bonheur', '+855 77 567 605', 'reservation@lavilladubonheur.com ', null, null, '#056, Viheachen, Svaydangkum', '56', '21', null, null, null, null, null, null, null, '0', null, null, null, null, null, '17252', null, 'http://lavilladubonheur.com', '3', '1.00', '18', '2015-02-16', '3', null, '2', '4', '', '', '', '', '4', '3'), ('48', 'Mr. Oeun Seakheng', 'Sarai Resort & Spa', '+855 93 962 204', 'info@sarairesort.com, ecommerce@sarairesort.com, b', null, null, 'P.O Box 93193, Wat Damnak Village, Sangkat Sala Komreuk ', '56', '21', null, null, null, null, null, null, null, '0', null, null, null, null, null, '17251', null, 'http://sarairesort.com', '6', '5.00', '48', '2015-01-12', '3', null, '2', '4', '', '', '', '', '4', '6'), ('49', 'MR.LING', 'Seven Happiness Holiday HOTEL', '+855 63 968 899', 'sevenhappinessholidayhotel@gmail.com', null, null, 'Road Lorkta neuy Slor Kram Commune', '56', '21', null, null, null, null, null, null, null, '0', null, null, null, null, null, '17251', null, 'http://siemreapevergreenhotel.com', '1', '3.00', '50', '2014-12-25', '3', null, '2', '4', '', '', '', '', '4', '1'), ('50', 'Mr. Pok Dilux', 'Pacific Hotel', '+855 63 761 818', ' reservations@pacifichotel.com.kh', null, null, ' Road No. 6, Kaksekam Village, Sror Nge Commune', '56', '21', null, null, null, null, null, null, null, '0', null, null, null, null, null, '17000', null, 'http://pacifichotel.com.kh', '1', '4.00', '200', '2015-01-22', '3', null, '2', '4', '', '', '', '', '4', '1'), ('51', 'Mr. Long Sopha', 'Heng Kim Ny Boutique', '+855 93 557 717 ', 'info@hengkimnyboutique.com', null, null, '#333, Bakheng (St), Sangkat Svay Dangkum, Siem Reap Province. ', '56', '21', null, null, null, null, null, null, null, '0', null, null, null, null, null, '17252', null, 'http://hengkimnyboutique.com', '1', '4.00', '21', '2015-08-01', '3', null, '2', '4', '', '', '', '', '4', '1'), ('52', 'Mr. Soeum Makara', 'Cheathata Suite Hotel', '+855 63 968 777', 'res@ctaangkorhotel.com', null, null, 'City Cente, Angkor Night Market Road, Old Market Area', '56', '21', null, null, null, null, null, null, null, '1', null, null, null, null, null, '17252', null, 'https://suite.cheathatasuitehotel.com', '1', '4.00', '38', '2014-12-14', '2', null, '2', '4', '', '', '', '', '4', '1'), ('53', 'Martin Disman', 'Hotel Be Angkor', '+855 12 755 311', 'md@theonehotelcollection.com', null, null, 'On The Passage, Old Market Area', '56', '21', null, null, null, null, null, null, null, '0', null, null, null, null, null, '17252', null, 'http://hotelbeangkor.com', '1', '3.00', '3', '2015-03-25', '3', null, '2', '4', '', '', '', '', '4', '1'), ('54', 'Khoun Sokhemra', 'Diamond D\'Angkor Boutique', '+855 63 966 987', 'booking@diamondangkor.com', null, null, 'Road# 50 (Sok San Street) , Group 8, Stoeung Thmey, Sangkat Svay Dang Kom', '56', '21', null, null, null, null, null, null, null, '1', null, null, null, null, null, '17252', null, 'http://diamondangkor.com', '1', '2.00', '15', '2015-12-25', '2', null, '2', '4', '', '', '', '', '4', '1'), ('55', 'Mr. Vichhay', 'Bunseda Angkor Villa', '+855 12 933 080', 'vi_chhay@yahoo.com', null, null, 'House 169, Group 4, Sivatha Road, Svay Dangkum Commune', '56', '21', null, null, null, null, null, null, null, '0', null, null, null, null, null, '17252', null, 'http://bunsedaangkorvilla.com', '3', '1.00', '27', '2014-12-25', '3', null, '2', '4', '', '', '', '', '4', '3'), ('56', 'Mr. Sopheak', 'Relax Inn Boutique Hotel', '+855 96 556 5999', 'sopheakkhoeuth@gmail.com, om@relaxinn.asia', null, null, 'Bakheng Road, Phum Krous, Sangkat Svay Dangkom', '56', '21', null, null, null, null, null, null, null, '0', null, null, null, null, null, '17252', null, 'http://relaxinn.asia', '1', '3.00', '5', '2015-01-25', '3', null, '2', '4', '', '', '', '', '4', '1'), ('57', 'Mr. Luon Thea', 'Golden Temple Residence', '+855 63 212 222', 'info@goldentempleresidence.com', null, null, '# 558, Steung Thmey Village, Sangkat Svaydangkum ', '56', '21', null, null, null, null, null, null, null, '0', null, null, null, null, null, '17252', null, 'http://goldentempleresidence.com', '1', '4.50', '28', '2014-12-25', '3', null, '2', '4', null, null, null, null, '0', '1'), ('58', 'Sovann Touch', 'Gloria Angkor Hotel', '+855 63 763 163', 'info@gloriaangkorhotel.com', null, null, 'National Road N 6, Choung Kaosou Village', '56', '21', null, null, null, null, null, null, null, '0', null, null, null, null, null, '17251', null, 'http://gloriaangkorhotel.com', '1', '3.00', '3', '2014-12-25', '3', null, '2', '4', null, null, null, null, '0', '1'), ('59', 'Mr. Sophat', 'Khemara Angkor Hotel', '+855 63 760 555', 'sales@khemaraangkor.com ', null, null, 'National Road No.6 Sala kanseng, Khum Svaydangkum', '56', '21', null, null, null, null, null, null, null, '0', null, null, null, null, null, '17252', null, 'http://khemaraangkor.com', '1', '4.00', '160', '2015-02-25', '3', null, '2', '4', '', '', '', '', '4', '1'), ('60', 'Mr. Vanna', 'The Moon Boutique Hotel', '+855 17 359 908', 'reservation@themoonboutiquehotel.com', null, null, 'Phum Wat Bo, Sala Kamreuk Commune', '56', '21', null, null, null, null, null, null, null, '0', null, null, null, null, null, '17000', null, 'http://themoonboutiquehotel.com', '1', '3.00', '17', '2015-03-17', '3', '1970-01-01', '2', '4', '2019-01-03', 'Change Company Solutions', 'Sokvanna BOU ', '017 359 908', '4', '1'), ('61', 'Phem Chhorpoan', 'Happy Guesthouse', '+855 12 960 879', 'info@happyangkorguesthouse.com', null, null, 'No. 0134 Wat Bo Village, Salakamroeuk Commune', '56', '21', null, null, null, null, null, null, null, '1', null, null, null, null, null, '17251', null, 'http://happyangkorguesthouse.com', '9', '2.00', '9', '2014-12-25', '2', null, '2', '4', '', '', '', '', '4', '9'), ('62', 'Mr. Tommy Baert', 'Rambutan Hotel - Siem Reap', '+855 12 654 638', 'bookings@rambutansr.com', null, null, 'Wat Damnak Village, Salakamreuk commune', '56', '21', null, null, null, null, null, null, null, '0', null, null, null, null, null, '17000', null, 'http://rambutanhotelsr.com', '1', '3.00', '12', '2015-03-25', '3', null, '2', '4', '', '', '', '', '4', '1'), ('63', 'Mr. Tommy Baert', 'Rambutan Resort - Siem Reap ', '+855 12 654 638', 'bookings@rambutansr.com', null, null, 'Wat Damnak Village, Salakamreuk commune', '56', '21', null, null, null, null, null, null, null, '0', null, null, null, null, null, '17252', null, 'http://rambutanresortsr.com', '6', '3.00', '19', '2015-03-19', '3', null, '2', '4', '', '', '', '', '4', '6'), ('64', 'Mr. Peter Phoeng', 'Angkor Pearl Hotel', '+855 92 571 520', 'pphoeng@angkorpearl.com', null, null, 'Taphul Village Svay Dangkum  ', '56', '21', null, null, null, null, null, null, null, '0', null, null, null, null, null, '17252', null, 'http://angkorpearl.com', '1', '3.00', '45', '2014-03-25', '3', null, '2', '4', '', '', '', '', '4', '1'), ('65', 'Cheng Bunsan', 'The Moon Residence', '+855 69 585 566', 'reservation@themoonresidence.com', null, null, '#100, St.267, Vihear Chen Village, Svay Dangkum Commune', '56', '21', null, null, null, null, null, null, null, '1', null, null, null, null, null, '17252', null, 'http://themoonresidence.com', '1', '4.00', '22', '2015-08-29', '2', null, '2', '4', '', '', '', '', '4', '1'), ('66', 'Mr.Has Sophal', 'The Moon Villa ', '+855 12 629 969', 'reservation@themoonvilla.com', null, null, 'National Road 06,Phum Banteay Chas, Samaki Market zone', '56', '21', null, null, null, null, null, null, null, '0', null, null, null, null, null, '17000', null, 'http://themoonvilla.com', '3', '3.00', '19', '2015-08-29', '3', null, '2', '4', '', '', '', '', '4', '3'), ('67', 'Mr. Mom Phirith', 'Royal Crown Hotel', '+855 92 373 114', 'gm@royalcrownhotel.com.kh', null, null, '#7 Makara Street, Wat Bo Village, Salakamreuk Commune', '56', '21', null, null, null, null, null, null, null, '1', null, null, null, null, null, '17000', null, 'http://royalcrownhotel.com.kh', '7', '4.00', '139', '2015-11-27', '2', null, '2', '4', '', '', '', '', '4', '7'), ('68', 'Kyry Sok', 'Chronicle Residence And Spa', '+855 12 677 939', 'gm@chronicleresidenceandspa.com, operation@chronic', null, null, '# Road 30, 200m way from Borei Phreumprey.', '56', '21', null, null, null, null, null, null, null, '0', null, null, null, null, null, '17000', null, 'http://chronicleresidenceandspa.com', '1', '3.00', '22', '2015-11-27', '3', null, '2', '4', '', '', '', '', '4', '1'), ('69', 'Mr. Chhorng Chhaiya', 'Three Room D\'Angkor', '+855 16 907 567', 'info@threeroomdangkor.com', null, null, 'Wat Leu Road, Village 3, Slor Kram', '56', '21', null, null, null, null, null, null, null, '0', null, null, null, null, null, '17000', null, 'http://threeroomdangkor.com ', '7', '4.00', '3', '2014-08-24', '3', null, '2', '4', '', '', '', '', '4', '7'), ('70', 'Mr. Daravichhay SENG ', 'Angkor Miracle Resort & Spa', '+855 87 882 244', 'em@angkormiracle.com, ee@angkormiracle.com, reserv', null, null, 'National Road No. 6A. Khum Sra Nge (opposite of Cambodian cultural Village) Siem Reap', '56', '21', null, null, null, null, null, null, null, '0', null, null, null, null, null, '17000', null, 'http://angkormiracle.com/resort', '1', '5.00', '247', '2015-11-30', '3', null, '2', '4', '', '', '', '', '4', '1'), ('71', 'Mr. Sophat', 'Nagara Angkor Boutique Hotel ', '+855 70 559 536', 'booking@nagaraangkor-boutique.com', null, null, 'Sok San Road, Stueng Thmei Village, Svay Dangkum Commune', '56', '21', null, null, null, null, null, null, null, '0', null, null, null, null, null, '17252', null, 'http://nagaraangkor-boutique.com', '7', '3.50', '36', '2015-11-21', '3', null, '2', '4', '', '', '', '', '4', '7'), ('72', 'Nareth', 'Shadow of Angkor Guesthouse', '+855 12 968 881', 'shadowofangkor@gmail.com', null, null, 'No 353, Pokambor AV, on the river side, near Old Market', '56', '21', null, null, null, null, null, null, null, '0', null, null, null, null, null, '17000', null, 'http://shadowofangkor.com', '9', '1.00', '16', '2014-12-25', '3', null, '2', '4', '', '', '', '', '4', '9'), ('73', 'Mr. Seng Sakada', 'Vilada Angkor Boutique', '+855 12 565 856', 'gm@viladaangkorboutique.com', null, null, 'Kor Kranch Village, Sangkat Siem Reap', '56', '21', null, null, null, null, null, null, null, '0', null, null, null, null, null, '17000', null, 'http://viladaangkorboutique.com', '7', '4.00', '7', '2015-11-03', '3', null, '2', '4', '', '', '', '', '4', '7'), ('74', 'Laot Tre', 'La Residence Blanc D\'Angkor', '+855 70 261 397', 'sm@residenceblancangkor.com', null, null, ' #194 Krous Village, Svay Dangkum and 6th Street', '56', '21', null, null, null, null, null, null, null, '0', null, null, null, null, null, '17000', null, 'http://residenceblancangkor.com', '1', '4.00', '26', '2014-11-30', '3', null, '2', '4', '', '', '', '', '4', '1'), ('75', 'Mr. Loy Salith', 'The Unique Angkor Villa', '+855 93 305 297', 'info@theuniqueangkorvilla.com', null, null, ' # 558, Steung Thmey Village, Sangkat Svaydangkum', '56', '21', null, null, null, null, null, null, null, '0', null, null, null, null, null, '17252', null, 'http://theuniqueangkorvilla.com', '3', '3.00', '18', '2015-02-07', '3', null, '2', '4', '', '', '', '', '4', '3'), ('76', 'Mr. Martin Dishman', 'The One Villa Angkor', '+855 12 755 311', 'md@theonehotelcollection.com', null, null, 'Just off Street 52, Sambour Village.  5km from Old Market area and Hotel Be.', '56', '21', null, null, null, null, null, null, null, '0', null, null, null, null, null, '17000', null, 'http://theonehotelangkor.com', '1', '5.00', '20', '2014-12-25', '3', null, '2', '4', '', '', '', '', '4', '1'), ('77', 'Ms. Vann Narin ', 'CHEZ MOI SUITE', '+855 12 584 897', 'reservation@chezmoi.asia', null, null, '#0378, Sombai road, Wat Damnak commune, Sangkat Salakamroeuk ', '56', '21', null, null, null, null, null, null, null, '0', null, null, null, null, null, '17000', null, 'http://suite.chezmoi.asia', '7', '4.00', '10', '2016-01-11', '3', '1970-01-01', '2', '4', '2019-06-13', 'They want to save budget for low season ', 'Ms. Narin', '098 958 387', '4', '7'), ('78', 'Chuon Chantola', 'Siem Reap Vacation Hotel', '+855 95 800 881', 'sales@siemreapvacationhotel.com', null, null, 'Taneuy Street, Wat Bo Village, Salakamreuk Commune', '56', '21', null, null, null, null, null, null, null, '0', null, null, null, null, null, '17000', null, 'http://siemreapvacationhotel.com', '1', '3.00', '48', '2014-12-25', '3', null, '2', '4', '', '', '', '', '4', '1'), ('79', 'Mr. Seang Sovann', 'Tropicana Residence & Resort', '+855 12 842 349', 'rm@tropicanaresidence.com', null, null, 'Angkor High School Road, Phum Wat Bo, Salakamreuk', '56', '21', null, null, null, null, null, null, null, '0', null, null, null, null, null, '17000', null, 'http://tropicanaresidence.com', '6', '4.00', '9', '2016-01-11', '3', null, '2', '4', '', '', '', '', '4', '6'), ('80', 'Oul Van', 'Asia Tune Hotel', '+855 23 977 789', 'gm@asiatunehotel.com', null, null, 'No. 85, St. 19 Corner 148, Sangkat Phsar Kandal 2, Khan Daun Penh', '56', '1', null, null, null, null, null, null, null, '0', null, null, null, null, null, '', null, 'http://asiatunehotel.com', '1', '4.00', '83', '2014-12-01', '3', '1970-01-01', '2', '5', '2019-05-02', 'They want to prepare their property and they will back. ', 'Ms. LONG Kimly   ', 'Request by email ', '5', '1'), ('81', 'Mr. Horn Bovuth', 'Bou Savy Villa', '+855 12 898 627', 'info@bousavyvilla.com, bousavyvilla7777@hotmail.co', null, null, 'Sok San Road, Phum Svay Dangkum, Sangkat Svay Dangkum', '56', '21', null, null, null, null, null, null, null, '1', null, null, null, null, null, '063', null, 'http://bousavyvilla.com', '3', '3.50', '20', '2017-08-02', '2', null, '2', '5', '', '', '', '', '4', '3'), ('82', 'Mr. Nath kananda', 'Boutique Kampot Hotel', '+855 61 888 626', 'kananda.nath@gmail.com', null, null, '#10 of 68 Specialty Lodging in Kampot 1 Ousaphea Village, Kampong Kandal', '56', '8', null, null, null, null, null, null, null, '1', null, null, null, null, null, '', null, 'http://boutiquekampot.com', '7', '4.00', '18', '2018-01-29', '2', null, '2', '5', '', '', '', '', '4', '7'), ('83', 'Mr. Chivid', 'Bunwin Boutique Hotel', '+855 63 969 158', 'reservation@bunwinboutique.com', null, null, 'National Road 06, Phum Banteay Chas, Opposite Samaki Market', '56', '21', null, null, null, null, null, null, null, '1', null, null, null, null, null, '', null, 'http://bunwinboutique.com', '1', '4.00', '11', '2015-08-29', '2', null, '2', '5', '', '', '', '', '4', '1'), ('84', 'Mr. Has Sophal', 'Bunwin Plantation', '+855 17 310 229', 'gm@bunwinboutique.com', null, null, 'Kakranh Village', '56', '21', null, null, null, null, null, null, null, '0', null, null, null, null, null, '', null, 'http://plantation.bunwinplantation.com', '1', '3.00', '14', '2015-09-14', '3', null, '2', '5', '', '', '', '', '4', '1'), ('85', 'Mr. Phasy Sun', 'Bunwin Residence', '+855 63 763 677', 'reservation@bunwinresidence.com', null, null, 'Kor Kranh Village ', '56', '21', null, null, null, null, null, null, null, '0', null, null, null, null, null, '', null, 'http://bunwinresidence.com', '3', '4.00', '10', '2015-09-14', '3', '1970-01-01', '2', '5', '2019-02-04', 'Stop selling online', 'Chivid Yem', '(855) 12346644/86 24 06 89', '4', '3'), ('86', 'Ms. Shierlyn', 'Casa Villa Independence Boutique Hotel', '+855 23 211 729', 'reservation@casa-villa.com', null, null, '#4, Street 294, Boeung Keng Kong 1', '56', '1', null, null, null, null, null, null, null, '1', null, null, null, null, null, '', null, 'http://casa-villa.com', '1', '4.00', '12', '2015-01-01', '2', null, '2', '5', '', '', '', '', '4', '1'), ('87', 'Mr. Thorn Ve', 'Central Boutique Angkor Hotel', '+855 63 764 030', 'info@centralboutiqueangkorhotel.com', null, null, 'In front of Sala Bai Hospitality School, Tapoul villa, Svay Dangkum commune.', '56', '21', null, null, null, null, null, null, null, '1', null, null, null, null, null, '', null, 'http://centralboutiqueangkorhotel.com', '1', '3.00', '54', '2016-06-23', '2', null, '2', '5', '', '', '', '', '4', '1'), ('88', 'Ms. Kimly Cheak', 'Central Suite Residence', '+855 63 969 691', 'relations@centralsuiteresidence.com', null, null, 'City Center, Sok San Road, Old Market Area', '56', '21', null, null, null, null, null, null, null, '0', null, null, null, null, null, '17000', null, 'http://centralsuiteresidence.com', '1', '4.00', '32', '2016-03-03', '3', null, '2', '5', '', '', '', '', '4', '1'), ('89', 'Mrs.  ABDOUNE', 'Chateau The Meliya Hotel & Apartment', '+855 23 987 212', 'jessica.a@chateauthemeliya.com', null, null, '10B, St. 264, Sangkat Chaktomuk,  Khan Doun Penh', '56', '1', null, null, null, null, null, null, null, '0', null, null, null, null, null, '', null, 'http://chateauthemeliya.com', '1', '4.00', '54', '2017-03-20', '3', '1970-01-01', '2', '5', '2019-07-01', 'They have a new property and their management team wants to change to another system.', 'Samkot LY ', 'Sent email ', '5', '1'), ('90', 'Mr. Prosa', 'Colina Boutique Hotel', '+855 23 221 088', 'om@colinaboutiquehotel.com', null, null, 'No. 26,  At corner of street 123 and 440, Tuoltompoung I, Chamkarmorn', '56', '1', null, null, null, null, null, null, null, '0', null, null, null, null, null, '', null, 'http://colinaboutiquehotel.com', '7', '4.00', '44', '2015-04-03', '3', null, '2', '5', '', '', '', '', '4', '7'), ('91', 'Kamala Thomas', 'Cubby House Resort', '+855016388573', 'info@cubbyhouse.asia', null, null, 'Otres River Village', '56', '16', null, null, null, null, null, null, null, '1', null, null, null, null, null, '', null, 'http://cubbyhouse.asia', '8', '2.50', '2', '2015-10-27', '2', null, '2', '5', '', '', '', '', '4', '8'), ('92', 'Mr. Sophal Phoeun ', 'Damnak Villa Retreat ', '+855 77 979 711', 'info@damnakvillaretreat.com', null, null, ' | #92,Group#6,Trapeang Ses, Kork Chak, Siem Reap, Cambodia', '56', '21', null, null, null, null, null, null, null, '1', null, null, null, null, null, '17252', null, 'http://damnakvillaretreat.com', '3', '3.00', '6', '2018-07-21', '2', null, '2', '5', '', '', '', '', '4', '3'), ('93', 'Mr. Sombo', 'Damrei Angkor Hotel', '+855 63 968 717', 'info@damreiangkorhotel.com', null, null, 'Street 20, Wat Bo Village, Salakomroek Commune', '56', '21', null, null, null, null, null, null, null, '1', null, null, null, null, null, '', null, 'http://damreiangkorhotel.com', '1', '4.00', '50', '2017-06-12', '2', null, '2', '5', '', '', '', '', '4', '1'), ('94', 'Mr. Peter', 'De I\'homme ', '+855 96 829 3544', 'reservation@hoteldelhomme.com', null, null, 'Phnom Penh', '56', '1', null, null, null, null, null, null, null, '0', null, null, null, null, null, '', null, 'http://deihomme.com', '1', '4.00', '15', '2018-03-29', '3', '1970-01-01', '2', '4', '', '', '', '', '4', '1'), ('95', 'Mr. Mike Hob', 'De Sarann Suites', '+855 63 900 050', 'info@desarannvilla.com, info@desarannsuites.com', null, null, '#092, Group 6, Trapeang Ses Village | Sangkat Kork Chork, Siem Reap', '56', '21', null, null, null, null, null, null, null, '0', null, null, null, null, null, '', null, 'http://desarannsuites.com', '1', '4.00', '8', '2016-08-19', '3', null, '2', '5', '', '', '', '', '4', '1'), ('96', 'Mr. Andrew Pan', 'De Sarann Villa', '+855 88 299 9923', 'info@desarannvilla.com', null, null, '#37 Trang Village, Sangkat Slorkram', '56', '21', null, null, null, null, null, null, null, '0', null, null, null, null, null, '', null, 'http://desarannvilla.com', '3', '4.00', '4', '2016-03-27', '3', null, '2', '5', '', '', '', '', '4', '3'), ('97', 'Mr. Kim May', 'Dechasey Residence', '+855 63 965 945', 'operation@dechaseyresidence.com', null, null, 'Off Route Six, About 300 meters down Korean-Cambodian Friendship Rd', '56', '21', null, null, null, null, null, null, null, '0', null, null, null, null, null, '', null, 'http://communityresidencesiemreap.com', '1', '4.00', '10', '2017-04-28', '3', null, '2', '5', '', '', '', '', '4', '1'), ('98', 'Mr. Maco', 'Demo', '+855 69 955 179', 'info@eocambo.com', null, null, 'slarkram', '56', '21', null, null, null, null, null, null, null, '1', null, null, null, null, null, '17000', null, 'http://eocambo.com', '6', '5.00', '20', '2018-07-02', '1', '2019-01-24', '2', '5', '', '', '', '', '4', '6'), ('99', 'Mr. Heng Sothea', 'Dinata Angkor Boutique', '+855 63 968 836', 'gm@dinataangkor.com', null, null, 'Taphul Road, Svay Dangkum Commune', '56', '21', null, null, null, null, null, null, null, '0', null, null, null, null, null, '', null, 'http://dinataangkor.com', '7', '3.00', '28', '2017-09-22', '3', '1970-01-01', '2', '5', '', '', '', '', '4', '7'), ('100', 'Mr. Paolo', 'Dom Boutique Hotel', '+855 96 330 6403', 'domsiemreap@gmail.com', null, null, 'Wat Damnak village, Sangkat Sala Kamreuk Siem Reap Cambodia', '56', '21', null, null, null, null, null, null, null, '0', null, null, null, null, null, '', null, 'http://domsiemreap.com/en-us', '7', '3.00', '26', '2018-04-06', '3', null, '2', '5', '', '', '', '', '4', '7'), ('101', 'Mr. Phanith Lmoth', 'Double Leaf Boutique Hotel', '+855 23 226 299', 'gm@doubleleafhotel.com', null, null, '#32, Street 123, Toul Tom Pong I, Khan Chamkamon', '56', '1', null, null, null, null, null, null, null, '0', null, null, null, null, null, '', null, 'http://doubleleafhotel.com', '7', '4.00', '48', '2014-12-01', '3', null, '2', '5', '', '', '', '', '4', '7'), ('102', 'Mr. Vorn Savoeun', 'Dyna Boutique Hotel', '+855 63 968 881', 'gm@dynaboutiquehotel.com', null, null, 'Phum Salar Kanseng, Khum Svay DangKum', '56', '21', null, null, null, null, null, null, null, '0', null, null, null, null, null, '', null, 'http://dynaboutiquehotel.com', '7', '3.00', '12', '2015-03-30', '3', null, '2', '5', '', '', '', '', '4', '7'), ('103', 'Mr. Den', 'Eco Villa', '+855 92 307 314', 'den@ehotelbiz.com', null, null, '# Road 30, Behind Krous High School, Infront of Tropical Restaurant, Kruos, Siem Reap', '56', '21', null, null, null, null, null, null, null, '0', null, null, null, null, null, '', null, 'http://ecovillasiemreap.com', '3', '4.00', '10', '2017-02-09', '3', null, '2', '5', '', '', '', '', '4', '3'), ('104', 'Mr. Peter Phich', 'eOcambo Residence', '+855 70 379 905', 'reservation@eocamboresidence.com', null, null, '#Street 22 (Tea Csales@eocamboresidence.comhamrat), Wat Bo Village, Siem Reap', '56', '21', null, null, null, null, null, null, null, '1', null, null, null, null, null, '', null, 'http://eocamboresidence.com', '1', '4.00', '22', '2017-08-09', '2', null, '2', '4', '', '', '', '', '4', '1'), ('105', 'Mr. Peter Phich', 'eOcambo Resort', '+855 70 379 905', 'peter@eocambo.com', null, null, 'BBU Road, Vihear Chen Village, Sangkat Svay Dangkum, Siem Reap', '56', '21', null, null, null, null, null, null, null, '1', null, null, null, null, null, '17252', null, 'http://eocamboresort.com', '6', '5.00', '28', '2018-08-02', '2', null, '2', '4', '', '', '', '', '4', '6'), ('106', 'Mr. Peter', 'eOCambo Villa', '+855 70 379 905', 'info@eocambovilla.com', null, null, 'BBU road, Vihear Chen Village, Svaydangkum Cummune, Siem Reap', '56', '21', null, null, null, null, null, null, null, '1', null, null, null, null, null, '', null, 'http://villa.eocambovilla.com', '3', '2.00', '8', '2017-05-30', '2', null, '2', '4', '', '', '', '', '4', '3'), ('107', 'Mr. Peter Phich', 'eOcambo Village', '+855 70 379 905', 'reservation@eocambovillage.com', null, null, 'Street 22 (Tea Chamrat), Wat Bo Village', '56', '21', null, null, null, null, null, null, null, '1', null, null, null, null, null, '', null, 'http://eocambovillage.com', '1', '4.00', '28', '2017-08-19', '2', null, '2', '4', '', '', '', '', '4', '1'), ('108', 'Mr. Vannak', 'F&B Hostel', '+855 89 672 722', 'phoanvannak@gmail.com', null, null, 'Sok San Road, Phum Svay Dangkum, Sangkat Svay Dangkum', '56', '21', null, null, null, null, null, null, null, '0', null, null, null, null, null, '', null, 'http://fbsiemreaphostel.com', '1', '3.00', '12', '2017-08-09', '3', null, '2', '5', '', '', '', '', '4', '1'), ('109', 'Mr.Krishna ', 'Fancy Boutique Villa', '+855 63 965 377', 'gm@fancyboutiquevilla.com', null, null, 'Samdach Tep Vong Street, Group 2, Steung Thmey Village, Sangkat Svaydangkom', '56', '21', null, null, null, null, null, null, null, '0', null, null, null, null, null, '', null, 'http://fancyboutiquevilla.com', '7', '4.00', '13', '2016-01-15', '3', null, '2', '4', '', '', '', '', '4', '7'), ('110', 'Mr. Phannak ', 'Fancy Guest House', '+855 23 211 829', 'fancyguesthouse@yahoo.com', null, null, 'No. 169B, Street 15, Phsar Kandal 2, Khan Daun Penh', '56', '1', null, null, null, null, null, null, null, '0', null, null, null, null, null, '', null, 'http://fancyguesthouse.com', '9', '0.00', '21', '2014-10-20', '3', null, '2', '4', '', '', '', '', '4', '9'), ('111', 'Mr. Arun Raing', 'Feliz Hostel Cafe & Bar', '+855 23 216 596', ' bookings@felizhostel.com', null, null, 'Z6-132, St 51, Buoeng Keng Kong 1 Commune, Chamkarmon District', '56', '1', null, null, null, null, null, null, null, '1', null, null, null, null, null, '12302', null, 'http://felizhostel.com', '2', '3.00', '18', '2016-07-12', '2', null, '2', '4', '', '', '', '', '4', '2'), ('112', 'Mr. Arun Raing', 'Feliz Urban Hotel', '+855 23 212 555', 'generalmanager.feliz@gmail.com', null, null, ' #3 Bis, Street 288, Boeung Keng Kang Commune, Chamkarmon District, PhnomPenh', '56', '1', null, null, null, null, null, null, null, '1', null, null, null, null, null, '12302', null, 'http://', '1', '4.00', '36', '2017-03-09', '2', null, '2', '4', '', '', '', '', '4', '1'), ('113', 'Mr. CHHAI', 'Flourishing Boutique Hotel', '+855 61 222 637', 'info@flourishingboutique.com', null, null, 'Country Road Wat Chowk, Svay Dangkum, Siem Reap, Cambodja', '56', '21', null, null, null, null, null, null, null, '0', null, null, null, null, null, '', null, 'http://flourishingboutique.com', '1', '4.00', '6', '2016-10-31', '3', null, '2', '5', '', '', '', '', '4', '1'), ('114', 'Mr. Sarat Yoeung', 'G & Z Angkor Hotel', '+855 10 339 235', 'Sarath.y@wegoalconsulting.com', null, null, 'Siem Reap', '56', '21', null, null, null, null, null, null, null, '0', null, null, null, null, null, '', null, 'http://gzangkorhotel.com', '1', '3.00', '21', '2018-04-30', '3', null, '2', '4', '', '', '', '', '4', '1'), ('115', 'Mr. David Chhun', 'G & Z Angkor Boutique', '+855 87 757 555', 'gm@gzinvestmentgroups.com', null, null, 'Siem Reap', '56', '21', null, null, null, null, null, null, null, '0', null, null, null, null, null, '', null, 'http://gzangkorboutique.com', '7', '4.00', '18', '2018-04-30', '3', null, '2', '4', '', '', '', '', '4', '7'), ('116', 'Mr. Oem Sopha', 'Garden Flower Resort ', '+855 96 868 6296', 'info@gardenflowerresort.com', null, null, ' Phum Khnar, Khum Chreav, Siem Reap district,Siem Reap province', '56', '21', null, null, null, null, null, null, null, '0', null, null, null, null, null, '17256', null, 'http://gardenflowerresort.com', '6', '4.00', '30', '2019-02-08', '3', '2019-02-12', '14', '5', '2019-03-22', 'They don\'t have any OTAs that make a reservation and they want to prepare their property.', 'General Manager (B Nisa)', '+855 78 299 995', '5', '6'), ('117', 'Mr. Hom Sokleng', 'GBT 3 Guesthouse', '+855 16 777 818', 'gbt_beach@yahoo.com', null, null, 'Serendipity Street', '56', '16', null, null, null, null, null, null, null, '0', null, null, null, null, null, '1800', null, 'http://gbt3guesthouse.com', '9', '2.00', '46', '2015-05-07', '3', null, '2', '5', '', '', '', '', '4', '9'), ('118', 'Mr. Bill Longo', 'Genevieve\'s Khmer Villa', '+855 63 966 566', 'billlongotemp@gmail.com', null, null, '#0141, Wat Damnak Street, Old Market', '56', '21', null, null, null, null, null, null, null, '0', null, null, null, null, null, '', null, 'http://genevieveskhmervilla.com', '1', '3.00', '29', '2017-09-14', '3', null, '2', '5', '', '', '', '', '4', '1'), ('119', 'Chhem Samnang', 'Glory Angkor Hotel', '+855 12 366 657', 'info@gloryangkorhotel.com', null, null, 'Wat Bo Road, Wat Bo Village,  Salakormrouk Commune, ', '56', '21', null, null, null, null, null, null, null, '1', null, null, null, null, null, '', null, 'http://gloryangkorhotel.com', '1', '4.00', '16', '2018-02-02', '2', null, '2', '5', '', '', '', '', '4', '1'), ('120', 'Mr. Laot Tre', 'Golden Banana Residence ', '+855 70 261 397', 'gm@golden-banana.com', null, null, 'Siem Reap', '56', '21', null, null, null, null, null, null, null, '0', null, null, null, null, null, '', null, 'http://golden-banana.com', '1', '3.00', '30', '2017-12-04', '3', null, '2', '5', '', '', '', '', '4', '1'), ('121', 'Mr. Chen ', 'Golden Butterfly Villa', '+855 96 801 0338', 'info@goldenbutterflyvilla.com', null, null, 'Stung Thmey, Svay Dangkum near Pub Street, Pub Street Alley', '56', '21', null, null, null, null, null, null, null, '1', null, null, null, null, null, '1710', null, 'http://goldenbutterflyvilla.com', '3', '3.00', '25', '2016-08-29', '2', null, '2', '5', '', '', '', '', '4', '3'), ('122', 'Mrs. Lim Siv Mey', 'Golden House International Hotel', '+855 23 222 167', 'mail@goldenhouse.asia', null, null, '#23-25 St.136, Phsar Kandal 1  Daun Penh', '56', '1', null, null, null, null, null, null, null, '1', null, null, null, null, null, '12204', null, 'http://goldenhouse.asia', '1', '3.00', '21', '2014-08-19', '2', null, '2', '5', '', '', '', '', '4', '1'), ('123', 'Mr. Cheab Sokvann', 'Golden Mango Inn', '+855 63 761 857', 'info@goldenmangoinn.com ', null, null, 'Road 6, Chongkaosou Village, Slorkram Commune', '56', '21', null, null, null, null, null, null, null, '0', null, null, null, null, null, '', null, 'http://goldenmangoinn.com', '1', '3.00', '24', '2017-06-16', '3', null, '2', '5', '', '', '', '', '4', '1'), ('124', 'Mr. Sok Sopheng', 'Golden Sand Hotel ', '+855 34 933 607', 'info@goldensandhotel.com.kh', null, null, 'Ochheuteal beach, St. 23 Tola, Sangkat 4', '56', '16', null, null, null, null, null, null, null, '0', null, null, null, null, null, '', null, 'http://goldensandhotel.com.kh', '1', '4.00', '120', '2015-03-18', '3', null, '2', '5', '', '', '', '', '4', '1'), ('125', 'Mr. Chang Suk Oh', 'Golden Sea Beach Hotel & Casino', '+855 12 603 600', 'hotel@goldenseabeach.com', null, null, 'Victory Beach, Vithey Krong, Sangkat 3', '56', '16', null, null, null, null, null, null, null, '0', null, null, null, null, null, '', null, 'http://goldenseabeach.com', '1', '4.00', '40', '2015-01-26', '3', null, '2', '5', '', '', '', '', '4', '1'), ('126', 'Mr. Charkrong Chhong', 'Golden Sea Hotel & Casino', '+855 92 230 888', 'gm@goldenseahotels.com', null, null, 'Ekareach St,Sangkat3, Sihanouk vill Preach Sihanouk Province,Kingdom of Cambodia', '56', '16', null, null, null, null, null, null, null, '0', null, null, null, null, null, '', null, 'http://goldenseahotels.com', '1', '4.00', '105', '2016-06-27', '3', null, '2', '5', '', '', '', '', '4', '1'), ('127', 'Mr. Chot Barang', 'Golden Temple Boutique', '+855 63 212 222', 'reservations@goldentempleboutique.com', null, null, 'Steung Thmey Village, Savay Dangkum Commune, Siem Reap', '56', '21', null, null, null, null, null, null, null, '0', null, null, null, null, null, '17252', null, 'https://www.goldentempleboutique.com/home', '7', '4.00', '19', '2017-07-21', '3', null, '2', '5', '', '', '', '', '4', '7'), ('128', 'Mr. Luon Thea', 'Golden Temple Hotel', '+855 63 967 996', 'info@goldentemplehotel.com, fom@goldentemplehotel.', null, null, '7 Makara road, or Angkor High School road', '56', '21', null, null, null, null, null, null, null, '0', null, null, null, null, null, '', null, 'http://goldentemplehotel.com', '7', '4.00', '29', '2015-09-28', '3', null, '2', '5', '', '', '', '', '4', '7'), ('129', 'Mr. Loun Thea', 'Golden Temple Retreat', '+855 63 217 777', 'gm@goldentempleretreat.com, it@goldentempleresiden', null, null, 'Wat Damnak, Sala Kamreuk, Siem Reap', '56', '21', null, null, null, null, null, null, null, '0', null, null, null, null, null, '17252', null, 'http://retreat.goldentempleretreat.com', '1', '4.00', '32', '2016-12-22', '3', null, '2', '5', '', '', '', '', '4', '1'), ('130', 'Mr. Luon Thea', 'Golden Temple Villa', '+855 12 794 938', 'reservations@goldentemplevilla.com, info@goldentem', null, null, 'Sok San Road, Svay Dangkum', '56', '21', null, null, null, null, null, null, null, '0', null, null, null, null, null, '17252', null, 'http://villa.goldentemplevilla.com', '3', '4.00', '23', '2015-10-16', '3', null, '2', '5', '', '', '', '', '4', '3'), ('131', 'Ms. Nimol Tha', 'Grand Elevation Hotel ', '+855 77 556 528', 'elevation.hotel@yahoo.com', null, null, 'House G6 G7 G8, St. Sothearos, Tonle Basac Charmkarmon, Chamkar Morn, Phnom Penh, Cambodia', '56', '1', null, null, null, null, null, null, null, '1', null, null, null, null, null, '', null, 'https://grandelevationhotel.com', '1', '3.00', '54', '2018-08-16', '2', null, '2', '5', '', '', '', '', '4', '1'), ('132', 'Mr. Phu Vireak', 'Green Amazon Residence', '+855 63 767 7000', 'book@greenamazonresidence.com', null, null, 'Phneachey Village, Svay Dangkom Commune', '56', '21', null, null, null, null, null, null, null, '0', null, null, null, null, null, '', null, 'http://greenamazonresidence.com', '1', '4.00', '52', '2017-12-04', '3', null, '2', '5', '', '', '', '', '4', '1'), ('133', 'Ms. Sothy Samrith', 'La Parranda Residence & Hotel', '+855 23 424 106', 'info@laparrandahotels.com', null, null, 'No.207, St. Mao Tsetoung, Sangkat Toul Svay Prey 2, Khan Chomkamorn', '56', '1', null, null, null, null, null, null, null, '0', null, null, null, null, null, '', null, 'http://laparrandahotels.com', '1', '3.00', '56', '2015-03-05', '3', null, '2', '5', '', '', '', '', '4', '1'), ('134', 'Mr. Piseth', 'KT Apartment Siem Reap', '+855 12 415 774', 'info@kt-apartments.com', null, null, 'Street 26, Siem Reap', '56', '21', null, null, null, null, null, null, null, '1', null, null, null, null, null, '', null, 'http://kt-apartments.com', '5', '0.00', '12', '2017-05-12', '2', null, '2', '5', '', '', '', '', '4', '5'), ('135', 'Mr. Srey Meng Ly', 'Kralanh Petite Villa', '+855 17 597 513', 'gm@kralanhpetitevilla.com', null, null, 'Veal Village | Sangkat Kouk Chork', '56', '21', null, null, null, null, null, null, null, '0', null, null, null, null, null, '', null, 'http://kralanhpetitevilla.com', '3', '3.50', '6', '2016-04-21', '3', null, '2', '5', '', '', '', '', '4', '3'), ('136', 'Mr. Korm Sopheng', 'KOUPREY HOTEL', '+855 63 765 674', 'info@hotelkoupreyangkor.org', null, null, 'Top Town Road, Krous Village, Svay Dangkum', '56', '21', null, null, null, null, null, null, null, '0', null, null, null, null, null, '', null, 'http://hotelkoupreyangkor.org', '1', '3.50', '57', '2015-10-01', '3', null, '2', '5', '', '', '', '', '4', '1'), ('137', 'Ms. KEO SONY', 'Kolab Sor Phnom Penh Hotel', '+855 12 802 707', 'info@kolabsorhotel.com ', null, null, '#436, Street 310, Sangkat Boeung Keng Kang III, Khan Chamkarmon', '56', '1', null, null, null, null, null, null, null, '1', null, null, null, null, null, '', null, 'http://kolabsorhotel.com', '1', '4.00', '52', '2015-02-04', '2', null, '2', '5', '', '', '', '', '4', '1'), ('138', 'Mr. Sitha Nhem ', 'Koh Rong Love Resort', '+855 16 963 198', 'gm@kohrongloveresort.com', null, null, 'Koh Rong Island , Sok San Village, Sangkat Koh Rong, Sihanouk Ville, Sihanouk province', '56', '16', null, null, null, null, null, null, null, '1', null, null, null, null, null, '', null, 'http://kohrongloveresort.com', '6', '0.00', '48', '2017-10-09', '2', null, '2', '5', '', '', '', '', '4', '6'), ('139', 'Mr. Long Vansak', 'Klampuu Villa Hostel', '+855 10 556 191', 'long.vansak@gmail.com', null, null, 'st 53, Stueng Thmei Village, Svay Dangkum Commune', '56', '21', null, null, null, null, null, null, null, '0', null, null, null, null, null, '', null, 'http://klampuuvillahostel.com', '2', '3.00', '11', '2018-01-03', '3', null, '2', '5', '', '', '', '', '4', '2'), ('140', 'Mr. Long Vansak', 'Klampuu Villa', '+855 12 926 020', 'long.vansak@gmail.com', null, null, 'Street 53, Stueng Thmei Village, Svay Dangkum Commune', '56', '21', null, null, null, null, null, null, null, '1', null, null, null, null, null, '17252', null, 'http://klampuuvilla.com', '3', '3.00', '11', '2017-10-31', '2', null, '2', '5', '', '', '', '', '4', '3'), ('141', 'Mr. Hem Sophoun', 'King Rock Boutique Hotel', '+855 63 766 141', 'om@kingrockboutique.com', null, null, 'Group #7, Wat Damnak, Sala Kamreouk', '56', '21', null, null, null, null, null, null, null, '0', null, null, null, null, null, '17254', null, 'http://kingrockboutique.com', '7', '4.00', '18', '2016-06-25', '3', null, '2', '5', '', '', '', '', '4', '7'), ('142', 'Mr. Sam', 'King Boutique Hotel', '+855 63 760 655', 'kingboutiquehotel@gmail.com', null, null, '251 Samdach Tep Vong, Siem Reap 17252', '56', '21', null, null, null, null, null, null, null, '0', null, null, null, null, null, '', null, 'http://kingboutiquehotel.com', '1', '3.00', '24', '2016-10-19', '3', null, '2', '5', '', '', '', '', '4', '1'), ('143', 'Jacky LONG ', 'Khmere Maison D\'Angkor', '+855 63 766 062', 'jacky@khmeremaisondangkor.com', null, null, '#482, BO POX 93090, City Center, National Road No.6, Wat Kesaram Street, Sangkat Svay Dangkum,', '56', '21', null, null, null, null, null, null, null, '0', null, null, null, null, null, '17000', null, 'http://khmeremaisondangkor.com', '7', '3.00', '6', '2015-11-02', '3', null, '2', '5', '', '', '', '', '4', '7'), ('144', 'Ms. Vichna Run', 'Khmer Wooden Hostel', '+855 63 965 444', 'info@khmerwoodenhostel.com', null, null, '#144, Taphul Village, Svaydangkum', '56', '21', null, null, null, null, null, null, null, '0', null, null, null, null, null, '', null, 'http://khmerwoodenhostel.com', '2', '0.00', '4', '2016-02-23', '3', null, '2', '5', '', '', '', '', '4', '2'), ('145', 'Ms. Chea Komrong', 'Khmer Mansion Residence', '+855 63 762 333', 'reservation@khmermansionresidence.com, gm@khmerman', null, null, 'Sok San Street, Stung Thmey Village, Svay Dangkum Commune', '56', '21', null, null, null, null, null, null, null, '1', null, null, null, null, null, '', null, 'http://khmermansionresidence.com/residence.html', '1', '3.00', '47', '2017-08-29', '2', null, '2', '5', '', '', '', '', '4', '1'), ('146', 'Ms. Chea Komrong', 'Khmer Mansion Boutique Hotel', '+855 63 762 333', 'gm@khmermansion.com', null, null, 'Sok San Street, Stung Thmer Village, Svay Dangkum Commune', '56', '21', null, null, null, null, null, null, null, '1', null, null, null, null, null, '', null, 'http://khmermansion.com', '1', '4.00', '22', '2017-06-01', '2', null, '2', '5', '', '', '', '', '4', '1'), ('147', 'Mr. Khavi Sang', 'Khavi Villa', '+855 12 766 624', 'khavicambodia@yahoo.com', null, null, '#12 st 258', '56', '1', null, null, null, null, null, null, null, '0', null, null, null, null, null, '', null, 'http://khavivilla.com', '3', '4.00', '23', '2015-02-24', '3', null, '2', '5', '', '', '', '', '4', '3'), ('148', 'Mr. Khavi Sang', 'Khavi Guesthouse', '+855 23 632 4466', 'khavicambodia@yahoo.com', null, null, '#7DD, Street 258 , S/K Chaktomuk, Khan Daun Penh', '56', '1', null, null, null, null, null, null, null, '0', null, null, null, null, null, '', null, 'http://khavi-guesthouse.com', '9', '3.00', '23', '2015-02-23', '3', null, '2', '5', '', '', '', '', '4', '9'), ('149', 'Ms. Vann Narin', 'Kafu Resort and Spa', '+855 63 964 242', 'info@kafu-resort.com', null, null, 'River Road, Slarkram Commune', '56', '21', null, null, null, null, null, null, null, '0', null, null, null, null, null, '', null, 'http://kafu-resort.com', '1', '3.00', '28', '2017-11-10', '3', '1970-01-01', '2', '5', '2019-06-14', 'They want to save budget for low season', 'Mr. Pisith Roeum', 'By Email ', '5', '1'), ('150', 'Mr. Sok Chan', 'Jasmin Monument Hotel', '+855 23 221 322', 'gm@j-monumenthotel.com', null, null, ' #22s, Street 29, BKK1, Tonlebassac, Chamkarmon', '56', '1', null, null, null, null, null, null, null, '0', null, null, null, null, null, '', null, 'http://j-monumenthotel.com', '1', '4.00', '23', '2017-04-20', '3', '1970-01-01', '2', '5', '', '', '', '', '4', '1'), ('151', 'Mr. Sothea Seng', 'Isann Villa', '+855 12 926 562', 'sothea@mahobkhmer.com', null, null, 'Svay Dongkom,', '56', '21', null, null, null, null, null, null, null, '0', null, null, null, null, null, '', null, 'http://isannvilla.com', '3', '3.00', '15', '2018-02-01', '3', null, '2', '5', '', '', '', '', '4', '3'), ('152', 'Mr. Sothea Seng ', 'Isann Lodge', '+855 63 966 986', 'info@isannlodge.com', null, null, 'Chong Kao Su Village, Sangkat Slor Kram', '56', '21', null, null, null, null, null, null, null, '0', null, null, null, null, null, '', null, 'http://isannlodge.com', '6', '3.50', '12', '2017-06-21', '3', null, '2', '5', '', '', '', '', '4', '6'), ('153', 'Mr. Chhuney', 'Indradevi Boutique Hotel', '+855 63 766 398', 'info@indradeviboutiquehotel.com, Keochhunyu@gmail.', null, null, 'Krous Village, Svay Dankum, Sieam Reap', '56', '21', null, null, null, null, null, null, null, '0', null, null, null, null, null, '', null, 'http://indradeviboutiquehotel.com', '7', '3.50', '20', '2016-12-12', '3', null, '2', '5', '', '', '', '', '4', '7'), ('154', 'Mr. Lim Rithy', 'Indra Porak Residence', '+855 93 859 007', 'sales@indraporak.com', null, null, 'Betong Street, Village Vihear Chen, Sangkat Svay Dangkom,near by Pub Street', '56', '21', null, null, null, null, null, null, null, '0', null, null, null, null, null, '17252', null, 'http://indraporak.com', '7', '4.00', '16', '2015-09-15', '3', null, '2', '5', '', '', '', '', '4', '7'), ('155', 'Ms. Sivly Lim', 'Indochine 2 Hotel', '+855 23 211 525', 'lim.sivly@indochine2hotel.com', null, null, 'No. 28-30, Street 130, Phsar Kandal I, Daun Penh, Phnom Penh, Cambodia.', '56', '1', null, null, null, null, null, null, null, '0', null, null, null, null, null, '12000', null, 'http://indochine2hotel.com', '1', '2.00', '30', '2014-12-01', '3', null, '2', '5', '', '', '', '', '4', '1'), ('156', 'Mr. Pheakdey', 'In Miles Boutique Hotel', '+855 17 995 567', 'info@inmilesboutique.com', null, null, 'No. 042, Charle De Gaulle Blvd (Main Road to Angkor Wat), Mondul 3 village, Sangkat Slor Kram', '56', '21', null, null, null, null, null, null, null, '0', null, null, null, null, null, '', null, 'http://inmilesboutique.com', '1', '2.00', '10', '2017-02-10', '3', null, '2', '5', '', '', '', '', '4', '1'), ('157', 'Mr. Kaizo', 'Hotel Tokyo Service Apartment and Spa', '+855 23 901 358', 'contact@kihoteltokyo.com', null, null, 'Phnom Penh', '56', '1', null, null, null, null, null, null, null, '0', null, null, null, null, null, '', null, 'http://hoteltokyoserviceapartmentandspa.com', '1', '2.00', '100', '2018-02-26', '3', '1970-01-01', '2', '4', '', '', '', '', '4', '1'), ('158', 'Mr. Ea Tola', 'Hotel Records', '+855 23 981 818', 'records@journeyside.com', null, null, 'Phnom Penh', '56', '1', null, null, null, null, null, null, null, '0', null, null, null, null, null, '', null, 'http://hotelrecords.com', '1', '3.00', '15', '2018-06-29', '3', '1970-01-01', '2', '5', '', '', '', '', '4', '1'), ('159', 'Mr. Jimmy', 'Hotel Five.S ', '+855 81 375 375', 'info@hotelfives.com', null, null, 'Krang Vilage, KrangAmpil Commune,', '56', '8', null, null, null, null, null, null, null, '1', null, null, null, null, null, '07452', null, 'http://hotelfives.com', '1', '3.00', '15', '2016-09-20', '2', null, '2', '4', '', '', '', '', '4', '1'), ('160', 'Mr. Ear Tola', 'Hotel Corduroy', '+855 12 850 488', 'tola@journeyside.com', null, null, 'Phnom Penh', '56', '1', null, null, null, null, null, null, null, '0', null, null, null, null, null, '', null, 'http://hotelcorduroy.com', '1', '4.00', '23', '2018-07-10', '3', '1970-01-01', '2', '5', '', '', '', '', '4', '1'), ('161', 'Mr. Chris', 'Hostel 543', '+855 68 386 903', 'thehostel543@gmail.com', null, null, 'Wat Bo road', '56', '21', null, null, null, null, null, null, null, '0', null, null, null, null, null, '', null, 'http://hostel543.com', '2', '0.00', '4', '2015-12-03', '3', null, '2', '5', '', '', '', '', '4', '2'), ('162', 'Mr. Chanthou Choun', 'Horizons Cambodia', '+855 92 730 031', 'info@horizonscambodia.com', null, null, 'Street #23, Wat Bo Village, Siem Reap Cambodia', '56', '21', null, null, null, null, null, null, null, '0', null, null, null, null, null, '', null, 'http://horizonscambodia.com', '7', '3.00', '12', '2018-02-28', '3', null, '2', '5', '', '', '', '', '4', '7'), ('163', 'Ms. Tha Nimol', 'Home Chic Hotel', '+855 11 846 484', 'homechichotel@yahoo.com', null, null, 'NO. 17, ST. 282, Boeung Keng Kang I | Sangkat BKKI, Khan Chamkarmon', '56', '1', null, null, null, null, null, null, null, '1', null, null, null, null, null, '', null, 'http://homechichotel.com/index.php', '1', '3.00', '50', '2018-04-11', '2', null, '2', '4', '', '', '', '', '4', '1'), ('164', 'Narin Hem', 'Hillocks Hotel & Spa', '+855 63 966 699', 'info@hillockshotel.com', null, null, 'Sala Kamreuk Villiage, Sala Kamreuk Commune', '56', '21', null, null, null, null, null, null, null, '0', null, null, null, null, null, '1710', null, 'http://hillockshotel.com', '1', '5.00', '38', '2016-09-26', '3', null, '2', '5', '', '', '', '', '4', '1'), ('165', 'Mr. Sum Chhey', 'Hilary\'s Boutique Hotel', '+855 12 884 467', 'info@hilarysboutiquehotel.com ', null, null, '#16 Bis, Street 302, Sangkat Boeng Keng Kang I,  Khan Chamkamorn', '56', '1', null, null, null, null, null, null, null, '0', null, null, null, null, null, '', null, 'http://hilarysboutiquehotel.com', '7', '3.00', '13', '2014-12-01', '3', null, '2', '5', '', '', '', '', '4', '7'), ('166', 'Mr. Rossi', 'Hideaway Boutique Resort', '+855 12 264 700', 'reservation@hideawayboutiqueresort.com', null, null, 'Siem Reap', '56', '21', null, null, null, null, null, null, null, '0', null, null, null, null, null, '', null, 'http://hideawayboutiqueresort.com', '6', '0.00', '30', '2017-01-19', '3', null, '2', '5', '', '', '', '', '4', '6'), ('167', 'Ms. Oma Ho', 'Heritage Suites Hotel', '+855 63 969 100', 'oma@heritagesuiteshotel.com', null, null, 'Near Wat Polanka, Slokram Village, Khum Slok Kram, Siem Reap', '56', '21', null, null, null, null, null, null, null, '0', null, null, null, null, null, '93101', null, 'https://www.heritagesuiteshotel.com', '7', '5.00', '26', '2016-11-19', '3', null, '2', '5', '', '', '', '', '4', '7'), ('168', 'Mr. Sin Senghong', 'Hello Cambodia Boutique', '+855 77 519 967', 'gm@hellocambodiaboutique.com', null, null, 'Bakheng Road, Siem Reap Central Area,', '56', '21', null, null, null, null, null, null, null, '0', null, null, null, null, null, '', null, 'http://hellocambodiaboutique.com', '7', '4.00', '23', '2018-03-17', '3', '1970-01-01', '2', '4', '', '', '', '', '4', '7'), ('169', 'Mr. Majid Wazir', 'Skor Boutique', '+855 63 966 737', 'info@heavenangkorresidence.com', null, null, '#0517, Street 7 Makara, Wat Bo Village, Sangkat Salakamroeuk, Siem Reap', '56', '21', null, null, null, null, null, null, null, '1', null, null, null, null, null, '', null, 'http://heavenangkorresidence.com', '7', '4.00', '15', '2017-02-20', '2', '1970-01-01', '2', '4', '', '', '', '', '4', '7'), ('170', 'Mr. Vong Senvichet', 'Harmony River Hotel', '+855 89 232 678', 'harmonyriverhotel@yahoo.com', null, null, '#337, Preah Sisowath Blvd, Sangkat Chey', '56', '1', null, null, null, null, null, null, null, '0', null, null, null, null, null, '', null, 'http://harmonyriverhotel.com', '1', '2.00', '17', '2015-12-08', '3', null, '2', '5', '', '', '', '', '4', '1'), ('171', 'Mr. Boren Chhay', 'HanumanAlaya Colonial House', '+855 63 760 581', 'boren@hanumanalaya.com', null, null, 'Treang Village, Slar Kram Commune', '56', '21', null, null, null, null, null, null, null, '0', null, null, null, null, null, '17254', null, 'http://colonialhouse.hanumanalaya.com', '6', '4.00', '11', '2016-12-30', '3', null, '2', '5', '', '', '', '', '4', '6');
INSERT INTO `customer_profile` VALUES ('172', 'Mr. Kosal Sou', 'Green Palace Hotel Phnom Penh', '+855 16 570 057', 'kosal.sou@greenpalacehotel.com', null, null, '7 No 61, St. 111 Corner 232 Boeung Pralit | Makara District', '56', '1', null, null, null, null, null, null, null, '0', null, null, null, null, null, '', null, 'http://greenpalacehotel.com', '1', '4.00', '144', '2018-02-20', '3', '1970-01-01', '2', '5', '2019-07-01', 'Use solutions from another company ', 'Mr. Kosa', '016 570 057', '5', '1'), ('173', 'Mr. Seng Saymeng ', 'Champey Sor Angkor Boutique', '+855 96 444 1411', 'info@champeysorangkorboutique.com', null, null, 'Phum Svay Dangkum, Svay Dangkum ', '56', '21', null, null, null, null, null, null, null, '1', null, null, null, null, null, '17252', null, 'http://champeysorangkorboutique.com', '7', '3.50', '20', '2018-09-04', '2', null, '2', '4', '', '', '', '', '4', '7'), ('174', 'Mr. Ruzaini Rulloda Bin Abdullah ', 'Pearl Resort Cambodia', '+855 12 201 285', 'rrarico@gmail.com', null, null, 'Koh Rong ', '56', '16', null, null, null, null, null, null, null, '1', null, null, null, null, null, '', null, 'http://pearlresortcambodia.com', '1', '5.00', '30', '2018-09-03', '2', null, '2', '4', '', '', '', '', '4', '1'), ('175', 'Mr. Sophy', 'Mango Rain Boutique Hotel', '+855 69 755 554', 'gm@mangorainboutique.com', null, null, 'No. 108 Wat Svay Village, Near Phsar Krom Market, Siem Reap River Side ', '56', '21', null, null, null, null, null, null, null, '0', null, null, null, null, null, '17000', null, 'http://mangorainboutique.com', '7', '3.00', '17', '2015-09-11', '3', null, '2', '4', '', '', '', '', '4', '7'), ('176', 'Mr. Lim Rithy', 'Indra Porak Residence', '+855 93 859 007', 'sales@indraporak.com', null, null, 'Betong Street, Village Vihear Chen, Sangkat Svay Dangkom,near by Pub Street', '56', '21', null, null, null, null, null, null, null, '0', null, null, null, null, null, '17000', null, 'http://indraporak.com', '7', '3.00', '16', '2015-09-15', '3', null, '2', '4', '', '', '', '', '4', '7'), ('177', 'Mr. Bonn', 'Popular Residence Hotel ', '+855 81 566 377', 'gm@popularresidence.com', null, null, 'Sala Kamroeuk Village, Sala Kamroeuk Commune ', '56', '21', null, null, null, null, null, null, null, '1', null, null, null, null, null, '17000', null, '+855 16 783 425', '1', '4.00', '26', '2015-09-19', '2', null, '2', '4', '', '', '', '', '4', '1'), ('178', 'Ran Sophea', 'Ladear Angkor Boutique Hotel', '+855 12 849 190', 'gm@ladearangkorhotel.com', null, null, 'Street 27, Wat Bo Road, Phum Wat Bo, Khum Salakamroeuk', '56', '21', null, null, null, null, null, null, null, '1', null, null, null, null, null, '17000', null, 'http://ladearangkorhotel.com', '7', '3.00', '12', '2015-09-21', '2', null, '2', '4', '', '', '', '', '4', '7'), ('179', 'Mr. Mom Chomroeun', 'Var Sunny Angkor Suite Hotel', '+855 17 673 609', 'gm@varsunnyangkorsuite.com', null, null, 'National Road 6, Chong Kaosur Village', '56', '21', null, null, null, null, null, null, null, '0', null, null, null, null, null, '17000', null, 'http://varsunnyangkorsuite.com', '1', '3.00', '28', '2015-09-25', '3', null, '2', '4', '', '', '', '', '4', '1'), ('180', 'Ms.Hok Rachana', 'Villa Medamrei Boutique Hotel', '+855 12 782 316', 'info@villamedamrei.com', null, null, 'Vihear Chin Village, Svay Dangkum Commnuce', '56', '21', null, null, null, null, null, null, null, '0', null, null, null, null, null, '17000', null, 'http://villamedamrei.com', '1', '3.00', '19', '2015-10-28', '3', null, '2', '4', '', '', '', '', '4', '1'), ('181', 'Seng Parob', 'Panary Angkor Boutique ', '+855 12 920 737', 'info@panaryangkorboutique.com ', null, null, 'Behind New Apsara Supermarket 200 meters on the right hand side, # 20 Road, Wat Bo Street', '56', '21', null, null, null, null, null, null, null, '0', null, null, null, null, null, '17000', null, 'http://panaryangkorboutique.com', '7', '3.50', '14', '2015-11-02', '3', null, '2', '4', '', '', '', '', '4', '7'), ('182', 'Mr. Chris', 'Hostel 543', '+855 93 215 253', 'thehostel543@gmail.com', null, null, 'Wat Bo road', '56', '21', null, null, null, null, null, null, null, '0', null, null, null, null, null, '17000', null, 'http://hostel543.com', '2', '2.00', '4', '2015-12-03', '3', null, '2', '4', '', '', '', '', '4', '2'), ('183', 'Ms. Vann Narin', 'Chez Moi Residence and Spa', '+855 12 584 897', 'residence@chezmoi.asia', null, null, '#Street 22, Wat Bo, Sangkat Salar Komreuk', '56', '21', null, null, null, null, null, null, null, '0', null, null, null, null, null, '17000', null, 'http://residence.chezmoi.asia', '1', '4.00', '16', '2016-01-08', '3', null, '2', '4', '', '', '', '', '4', '1'), ('184', 'Mr. Seang Sovann', 'Tropicana Residence & Resort', '+855 12 842 349', 'rm@tropicanaresidence.com', null, null, 'Angkor High School Road, Phum Wat Bo, Salakamreuk', '56', '21', null, null, null, null, null, null, null, '0', null, null, null, null, null, '17000', null, 'http://tropicanaresidence.com ', '1', '4.00', '16', '2016-01-11', '3', null, '2', '4', '', '', '', '', '4', '1'), ('185', 'Mr. Daravichhay SENG ', 'Angkor Miracle Resort & Spa', '+855 87 882 244', 'em@angkormiracle.com, ee@angkormiracle.com, reserv', null, null, 'National Road No. 6A. Khum Sra Nge (opposite of Cambodian cultural Village) Siem Reap', '56', '21', null, null, null, null, null, null, null, '0', null, null, null, null, null, '17000', null, 'http://angkormiracle.com/resort', '1', '5.00', '247', '2015-11-30', '3', null, '2', '4', '', '', '', '', '4', '1'), ('186', 'Kyry Sok', 'Chronicle Residence And Spa', '+855 12 677 939', 'gm@chronicleresidenceandspa.com, operation@chronic', null, null, '# Road 30, 200m way from Borei Phreumprey.', '56', '21', null, null, null, null, null, null, null, '0', null, null, null, null, null, '17000', null, 'http://chronicleresidenceandspa.com', '1', '3.00', '22', '2015-11-27', '3', null, '2', '4', '', '', '', '', '4', '1'), ('187', 'Mr. Seng Sakada', 'Vilada Angkor Boutique', '+855 12 565 856', 'gm@viladaangkorboutique.com', null, null, 'Kor Kranch Village, Sangkat Siem Reap', '56', '21', null, null, null, null, null, null, null, '0', null, null, null, null, null, '17000', null, 'http://viladaangkorboutique.com', '1', '4.00', '7', '2015-11-03', '3', null, '2', '4', '', '', '', '', '4', '1'), ('188', 'Jacky LONG ', 'Khmere Maison d\'Angkor', '+855 12 660 160', 'jacky@khmeremaisondangkor.com', null, null, '#482, BO POX 93090, City Center, National Road No.6, Wat Kesaram Street, Sangkat Svay Dangkum,', '56', '21', null, null, null, null, null, null, null, '0', null, null, null, null, null, '17000', null, 'http://khmeremaisondangkor.com', '7', '3.00', '6', '2016-11-02', '3', null, '2', '4', '', '', '', '', '4', '7'), ('189', 'Mr.Pahrida Mary', 'Bopha Pollen Hotel', '+855 10 965 899', 'reservation@bophapollenhotel.com, md@bophapollenho', null, null, ' #202, Taphul village , Svay Dangkum Commune', '56', '21', null, null, null, null, null, null, null, '1', null, null, null, null, null, '17000', null, 'http://bophapollenhotel.com', '1', '4.00', '29', '2019-01-17', '2', '2019-01-17', '13', '5', '', '', '', '', '4', '1'), ('190', 'Mr. Sophat', 'Nagara Angkor Boutique Hotel', '+855 70 559 536', 'booking@nagaraangkor-boutique.com', null, null, 'Sok San Road, Stueng Thmei Village, Svay Dangkum Commune', '56', '21', null, null, null, null, null, null, null, '0', null, null, null, null, null, '17000', null, 'http://nagaraangkor-boutique.com', '7', '3.50', '36', '2015-11-21', '3', null, '2', '4', '', '', '', '', '4', '7'), ('191', 'Mr. Has Sophal', 'Bunwin Plantation', '+855 17 310 229', 'gm@bunwinboutique.com', null, null, 'Kakranh Village', '56', '21', null, null, null, null, null, null, null, '0', null, null, null, null, null, '17000', null, 'http://plantation.bunwinplantation.com', '1', '3.00', '14', '2015-09-14', '3', null, '2', '4', '', '', '', '', '4', '1'), ('192', 'Mrs. CHUM Thida', 'Popular Boutique Hotel', '+855 63 963 578', 'gm@popularboutiquehotel.com', null, null, 'Address: #033, Vihear Chin Village, Sangkat Svay Daungkum, Siem Reap City', '56', '21', null, null, null, null, null, null, null, '0', null, null, null, null, null, '17000', null, 'http://popularboutiquehotel.com', '1', '3.00', '36', '2015-09-26', '3', null, '2', '4', '', '', '', '', '4', '1'), ('193', 'Mr.Has Sophal', 'The Moon Villa ', '+855 12 629 969', 'reservation@themoonvilla.com', null, null, 'National Road 06,Phum Banteay Chas, Samaki Market zone', '56', '21', null, null, null, null, null, null, null, '0', null, null, null, null, null, '17000', null, 'http://themoonvilla.com', '3', '3.00', '19', '2015-08-29', '3', null, '2', '4', '', '', '', '', '4', '3'), ('194', 'Mr.Xing', 'New Riverside Hotel', '+855 12 550 055', 'reservation@newriversidehotel.com, booking@newrive', null, null, 'Chunlung Village, Sala Komrak Commune ', '56', '21', null, null, null, null, null, null, null, '0', null, null, null, null, null, '17000', null, 'http://newriversidehotel.com', '1', '3.00', '40', '2015-08-10', '3', null, '2', '4', '', '', '', '', '4', '1'), ('195', 'Mr.Kan Chansathya', 'Lynnaya Urban River Resort & Spa', '+855 63 967 755', 'gm@lynnaya.com', null, null, 'Street 20 Krong', '56', '21', null, null, null, null, null, null, null, '0', null, null, null, null, null, '17000', null, 'http://lynnaya-hotel-angkor.com', '1', '4.00', '46', '2018-08-27', '3', null, '2', '4', '', '', '', '', '4', '1'), ('196', 'Mr. Rath', 'Mane Boutique Hotel & Spa', '+855 97 552 2222', 'ecom@maneboutiquehotel.com', null, null, 'Village Salakomroeuk, Sangkat Salakomroeuk', '56', '21', null, null, null, null, null, null, null, '0', null, null, null, null, null, '17000', null, 'http://maneboutiquehotel.com', '7', '5.00', '18', '2015-08-16', '3', null, '2', '4', '', '', '', '', '4', '7'), ('197', 'Mr.Kham Serey Chantha', 'The Clay D\' Angkor', '+855 12 388 797', 'info@theclaydangkor.com', null, null, 'Sala Kanseng Village, Svay Dangkum Commune', '56', '21', null, null, null, null, null, null, null, '0', null, null, null, null, null, '17000', null, 'http://theclaydangkor.com', '7', '4.00', '6', '2015-09-14', '3', null, '2', '4', '', '', '', '', '4', '7'), ('198', 'Mr. Bo Channa', 'The Palm Boutique Hotel & Residence', '+855 11 855 901', 'gm@thepalmboutique.com', null, null, 'No. 270,Street 63, Sangkat Tonle Bassac (Boung Keng Kong II), Khan Chamkarmorn', '56', '1', null, null, null, null, null, null, null, '0', null, null, null, null, null, '13000', null, 'http://thepalmboutique.com', '1', '4.00', '35', '2015-08-25', '3', null, '2', '4', '', '', '', '', '4', '1'), ('199', 'Mr. Hong', 'Le Grand Mekong Hotel ', '+855 78 591 768', 'gm@legrandmekong.com', null, null, '253-255, Sisowath Quay, Psar Kandal I District, DaunPenh Commune', '56', '1', null, null, null, null, null, null, null, '1', null, null, null, null, null, '17000', null, 'http://legrandmekong.com', '1', '3.50', '44', '2015-07-09', '2', null, '2', '4', '', '', '', '', '4', '1'), ('200', 'Mr. Vong Senvichet', 'Harmony River Hotel', '+855 89 232 678', 'harmonyriverhotel@yahoo.com', null, null, '#337, Preah Sisowath Blvd, Sangkat Chey', '56', '1', null, null, null, null, null, null, null, '0', null, null, null, null, null, '13000', null, 'http://harmonyriverhotel.com', '1', '2.00', '17', '2015-12-02', '3', null, '2', '4', '', '', '', '', '4', '1'), ('201', 'Mr. Chea Saichhour', 'Waterview Guesthouse', '+855 12 717 378', 'waterview.gh@gmail.com', null, null, 'No. 151 Eo, River front Street', '56', '1', null, null, null, null, null, null, null, '0', null, null, null, null, null, '13000', null, 'http://waterviewguesthouse.com', '9', '2.00', '16', '2015-06-02', '3', null, '2', '4', '', '', '', '', '4', '9'), ('202', 'Sambath Morodok', 'The 1959 Boutique Villa', '+855 16 511 522', 'gm@the1959.com', null, null, '#24-25, Soramrit Blvd', '56', '1', null, null, null, null, null, null, null, '0', null, null, null, null, null, '13000', null, 'http://the1959.com', '7', '3.50', '6', '2016-03-24', '3', null, '2', '4', '2018-11-05', 'Auto Deactivate', 'Sambath Morodok', '+855 11 887 789\r\n+855 16 511 522', '4', '7'), ('203', 'Mr. Khemanora', 'Sokea Suites Extends Stay', '+855 12 517 590', 'enquiry@sokeainternational.com.kh', null, null, 'No. 168, Monireth Boulevard, Sangkat Tomnob Tek, Khan Chamkar Mon', '56', '1', null, null, null, null, null, null, null, '0', null, null, null, null, null, '13000', null, 'http://sokeasuites.com', '1', '3.00', '30', '2015-07-20', '3', null, '2', '4', '', '', '', '', '4', '1'), ('204', 'Ms.Sak Sothavy ', 'The Blue Corner Boutique Hotel', '+855 12 927 092', 'reservation@thebluecorner.asia', null, null, 'No.37,Corner St. 63 and St.180, Sangkat Beung Rang,Khan Daun Penh, Phnom Penh', '56', '1', null, null, null, null, null, null, null, '1', null, null, null, null, null, '13000', null, 'http://thebluecorner.asia', '7', '4.00', '23', '2016-03-28', '2', null, '2', '4', '', '', '', '', '4', '7'), ('205', 'Mrs. Sokha Pech', 'Royal Mekong Boutique Hotel', '+855 92 835 003', 'info@royalmekongboutiquehotel.com', null, null, '#17, Street 208, Sankat Beoung Reang, Khan Daun Penh', '56', '1', null, null, null, null, null, null, null, '0', null, null, null, null, null, '13000', null, 'http://royalmekongboutiquehotel.com', '1', '3.00', '24', '2014-07-24', '3', null, '2', '4', '', '', '', '', '4', '1'), ('206', 'Ms. Kim', 'Teav Boutique Hotel', '+855 77 679 999', 'sm@teavgroup.com', null, null, '# 14, Street 310, Boeung Keng Kang I, Khan Chamkar Mon', '56', '1', null, null, null, null, null, null, null, '0', null, null, null, null, null, '13000', null, 'http://bkk1.teavboutiquehotel.com', '7', '4.00', '12', '2014-11-01', '3', null, '2', '4', '', '', '', '', '4', '7'), ('207', 'Mr. Kimly Hong', 'You Eng Hotel', '+855 78 525 268', 'youenghotel@yahoo.com', null, null, 'Russian Federation Blvd, S/K Chorm Chao, Khan Po  Senchey', '56', '1', null, null, null, null, null, null, null, '1', null, null, null, null, null, '13000', null, 'https://youenghotel.com', '1', '4.00', '168', '2014-11-20', '2', null, '2', '4', '', '', '', '', '4', '1'), ('208', 'Mr. TOEM PUNLORK', 'Omana Boutique Hotel', '+855 70 904 482', 'hello@hotel-omana.com', null, null, 'Street 9, Phnom Penh 4139', '56', '1', null, null, null, null, null, null, null, '0', null, null, null, null, null, '13000', null, 'http://hotel-omana.com', '1', '4.00', '13', '2018-06-15', '3', '1970-01-01', '2', '4', '2019-02-04', 'They have to renovate the whole building as our electricity and water supply issue', 'Omana Hotel Owner', 'Phone:   +855 12 430 833/ 23 676 3001\r\nEmail:      hello@hotel-omana.com', '4', '1'), ('209', 'Mr. Peou Sari', 'The Little Garden Villa', '+855 23 217 871', 'info@littlegarden.asia ', null, null, '#8A, Street 398, Boeung Keng Kong I', '56', '1', null, null, null, null, null, null, null, '0', null, null, null, null, null, '13000', null, 'http://thelittlegarden.asia', '3', '3.00', '10', '2014-12-01', '3', null, '2', '4', '', '', '', '', '4', '3'), ('210', 'Mr. Vothyrith Om', 'La Rose Boutique Hotel and Spa', '+855 23 211 130', 'relax@larose.com.kh', null, null, '#164B, Norodom Blvd', '56', '1', null, null, null, null, null, null, null, '1', null, null, null, null, null, '13000', null, 'http://larose.com.kh/home.php', '7', '4.00', '10', '2014-11-03', '2', null, '2', '4', '', '', '', '', '4', '7'), ('211', 'Ms. Chea Dimong', 'Samnang Laor Hotel', '+855 87 838 326', 'gm@samnanglaorhotel.com', null, null, 'No 130, Street 304 & Conner 163, Sangkat Olympic, Khan Chamkamon, Phnom Penh Cambodia. ', '56', '1', null, null, null, null, null, null, null, '0', null, null, null, null, null, '13000', null, 'http://samnanglaorhotel.com', '1', '3.50', '81', '2018-05-08', '3', '1970-01-01', '2', '4', '', '', '', '', '4', '1'), ('212', 'Ms. Sivly Lim', 'Indochine 2 Hotel', '+855 23 211 787', 'lim.sivly@indochine2hotel.com', null, null, 'No. 28-30, Street 130, Phsar Kandal I, Daun Penh, Phnom Penh, Cambodia.', '56', '21', null, null, null, null, null, null, null, '0', null, null, null, null, null, '13000', null, 'http://indochine2hotel.com', '1', '2.00', '30', '2014-12-01', '3', null, '2', '4', '', '', '', '', '4', '1'), ('213', 'Ms. Seng Sinn', 'Starry Angkor Hotel', '+855 63 968 123', 'asst.sales@starryangkorhotel.com', null, null, 'No. G4, National Road 6, Banteay Chas Village, Sangkat Slorkram', '56', '21', null, null, null, null, null, null, null, '0', null, null, null, null, null, '17000', null, 'http://starryangkorhotel.com', '1', '4.00', '127', '2016-02-16', '3', null, '2', '4', '', '', '', '', '4', '1'), ('214', 'Mr. Veasoth', 'Steung Siemreap Thmey Hotel', '+855 12 249 249', 'sales@steungsiemreapthmeyhotel.com', null, null, 'Street 9, Khum Svaydangkum, Old Market Area', '56', '21', null, null, null, null, null, null, null, '0', null, null, null, null, null, '17000', null, 'http://steungsiemreapthmeyhotel.com', '1', '4.00', '76', '2015-10-20', '3', null, '2', '4', '', '', '', '', '4', '1'), ('215', 'Mr. KEO PHAL', 'Suon Angkor Boutique', '+855 10 277 389', 'Phalkeo783@gmail.com', null, null, '#211 Phum Watbo ,Sala Kamreuork, Siem Reap', '56', '21', null, null, null, null, null, null, null, '1', null, null, null, null, null, '', null, 'http://suonangkorboutique.com', '4', '4.00', '27', '2019-03-18', '2', '2019-03-20', '13', '5', '', '', '', '', '4', '4'), ('216', 'Mr. Piseth Dath', 'Ta Tai Hotel Resort & Marina', '+855 92 885 115', 'piseth.dath@tatairesort.com, info@tatairesort.com', null, null, 'Dong village, Ta tai commune, Unlongback District', '56', '8', null, null, null, null, null, null, null, '0', null, null, null, null, null, '13000', null, 'http://tatai-hotel.com', '1', '4.00', '53', '2017-04-19', '3', null, '2', '4', '', '', '', '', '4', '1'), ('217', 'Mr Thim Sin', 'Taingleap Angkor Villa', '+855 78 731 861', 'info@taingleapangkorvilla.com', null, null, 'Centrally located area. Taphul Street,Siem Reap City', '56', '21', null, null, null, null, null, null, null, '0', null, null, null, null, null, '17000', null, 'http://taingleapangkorvilla.com', '1', '3.00', '24', '2014-03-14', '3', null, '2', '4', '', '', '', '', '4', '1'), ('218', 'Mr. Lao Sokun', 'Tanei Boutique Villa', '+855 12 757 867', 'lao_sukun007@yahoo.com', null, null, '#017, Steung Thmey Village, Svay Dangkom', '56', '21', null, null, null, null, null, null, null, '0', null, null, null, null, null, '17000', null, 'http://taneiboutiquevilla.com', '1', '3.00', '28', '2015-03-25', '3', null, '2', '4', '', '', '', '', '4', '1'), ('219', 'Sony Lam', 'Tareach Angkor Villa', '+855 12 771 726', 'sony@tareachangkorvilla.com', null, null, 'Group 14, #781, Vihear Chin Village,  Svaydongkum Commune', '56', '21', null, null, null, null, null, null, null, '0', null, null, null, null, null, '17000', null, 'http://tareachangkorvilla.com', '3', '1.00', '14', '2015-02-05', '3', '1970-01-01', '2', '4', '', '', '', '', '4', '3'), ('220', 'Ms. Kim Lang', 'Teav Bassac Boutique Hotel', '+855 23 982 828', 'sm@teavgroup.com', null, null, '#30, Street 09, Tonel Bassac, Khan Chamkamon', '56', '1', null, null, null, null, null, null, null, '0', null, null, null, null, null, '13000', null, 'http://teavbassachotel.com', '7', '4.00', '25', '2016-10-26', '3', null, '2', '4', '', '', '', '', '4', '7'), ('221', 'Ly  Kim Hua', 'Tep Sodachan Villa Boutique', '+855 77 466 082', 'angkorkimhua@yahoo.com', null, null, '# 456, Group 7, Khnar Village  Chreave Commune', '56', '21', null, null, null, null, null, null, null, '0', null, null, null, null, null, '17000', null, 'http://tepsodachan.com', '1', '3.00', '28', '2015-02-19', '3', null, '2', '4', '', '', '', '', '4', '1'), ('222', 'Mr. Van narin', 'TravellerHome Angkor', '+855 11 684 262', 'gm@travellerhomeangkor.com', null, null, 'Steng Thmei, Svaydongkum', '56', '21', null, null, null, null, null, null, null, '0', null, null, null, null, null, '17252', null, 'http://travellerhomeangkor.com', '1', '4.00', '34', '2016-09-23', '3', '1970-01-01', '2', '5', '2019-05-31', 'They want to save budget for low season', 'Mr. Sopheann', '098 93 2 662 ', '5', '1'), ('223', 'Ms. Jennifer', 'Le Mont Hotel', '+855 16 834 207', 'gm@lemonthotel.com', null, null, 'No. 196 St. 143 corner 304, Sangkat Boeng Keng Kang 2, Chamkarmon', '56', '1', null, null, null, null, null, null, null, '1', null, null, null, null, null, '', null, 'http://lemonthotel.com', '1', '4.00', '98', '2017-12-21', '2', null, '2', '5', '', '', '', '', '4', '1'), ('224', 'Front Office', 'Our Joint Hotel & Guesthouse', '+855 96 557 4054', 'booking@ourjointhotel.com', null, null, ' #142, Psar Krom Street', '56', '21', null, null, null, null, null, null, null, '1', null, null, null, null, null, '', null, 'http://ourjointhotel.com', '1', '3.00', '26', '2017-11-14', '2', null, '2', '5', '', '', '', '', '4', '1'), ('225', 'Mr. Oem Komsorth', 'Reaksmey Chanreas Hotel ', '+855 12 849 967', 'info@reaksmeychanreashotel.com', null, null, '#330 Sivutha Blvd', '56', '21', null, null, null, null, null, null, null, '1', null, null, null, null, null, '', null, 'http://reaksmeychanreashotel.com', '1', '3.00', '44', '2015-10-23', '2', null, '2', '4', '', '', '', '', '4', '1'), ('226', 'Mr.  Sous Phearith', 'Le Chanthou Boutique', '+855 63 766 417', 'info@lechanthou.com', null, null, 'Bakheng Road, Svay Dangkum, Siem Reap', '56', '21', null, null, null, null, null, null, null, '1', null, null, null, null, null, '17254', null, 'http://lechanthouboutique.com', '7', '4.00', '15', '2016-11-28', '2', null, '2', '5', '', '', '', '', '4', '7'), ('227', 'Mr. Sem Sen Visit Veasna', 'Oops Hostel', '+855 63 640 3809', 'info@oopshostel.com, reservation@oopshostel.com, f', null, null, 'No. B01 Sivutha Blvd, Modul I Village, Siem Reap, Cambodia.', '56', '21', null, null, null, null, null, null, null, '1', null, null, null, null, null, '17252', null, 'http://oopshostel.com', '2', '2.00', '70', '2017-09-05', '2', null, '2', '5', '', '', '', '', '4', '2'), ('228', 'Mr. Rady Chum', 'The Villa by Metta', '+855 92 508 545', 'info@mettavilla.com', null, null, 'Salakamreuk, Siem Reap', '56', '21', null, null, null, null, null, null, null, '1', null, null, null, null, null, '17253', null, 'http://mettavilla.com/html', '3', '5.00', '4', '2017-10-26', '2', '1970-01-01', '19', '4', '', '', '', '', '4', '3'), ('229', 'So Visal', 'Shadow Angkor Villa', '+855 63 760 363', 'info@shadowangkorvilla.com', null, null, 'Wat Bo Street , Opposite Wat Preah Prom Rath Pagoda', '56', '21', null, null, null, null, null, null, null, '1', null, null, null, null, null, '1710', null, 'https://shadowangkorvilla.com', '3', '3.00', '20', '2017-01-10', '2', '1970-01-01', '2', '5', '', '', '', '', '4', '3'), ('230', 'Mr. Kong Sophea', 'Orussey One Hotel & Apartment', '+855 70 200 519', 'booking@orussey1.com, gm@orussey1.com', null, null, 'No 14, St 111, Corner 198, Sangkat Boeung Prolit, Khan 7Makara', '56', '1', null, null, null, null, null, null, null, '1', null, null, null, null, null, '', null, 'http://orussey1.com', '1', '4.00', '63', '2018-01-17', '2', null, '2', '4', '', '', '', '', '4', '1'), ('231', 'Mr. Song Vichay', 'The Third Fold Hotel ', '+855 12 278 273', 'vichaysong@gmail.com', null, null, 'Krom 6, Phoum Sala Kanseng, Sangkat Svay Dangkum, Siem Reap, Cambodia', '56', '21', null, null, null, null, null, null, null, '1', null, null, null, null, null, '', null, 'http://thethirdfold.com', '1', '3.50', '24', '2018-10-22', '2', null, '14', '5', '', '', '', '', '4', '1'), ('232', 'Suprabha', 'SNOOZE Capsule', '+855 78 937 329', 'info@snoozepodhostel.com ', null, null, 'No. 025, Sivutha Blvd, Mondul I Village, Svaydangkum Cummune (In front of Vattanac Bank)', '56', '21', null, null, null, null, null, null, null, '1', null, null, null, null, null, '', null, 'http://oasiscapsules.com', '2', '2.00', '14', '2016-06-15', '2', null, '2', '4', '', '', '', '', '4', '2'), ('233', 'Mr. Sok Piseth', 'Damnak Villa Boutique', '+855 92 686 961', 'info@moonflowersiemreap.com', null, null, 'Old Market Area, Wat Damnak Village, Salakomreuk Commune', '56', '21', null, null, null, null, null, null, null, '1', null, null, null, null, null, '', null, 'https://damnakvillaboutique.com', '1', '3.00', '8', '2018-07-09', '2', null, '2', '4', '', '', '', '', '4', '1'), ('234', 'Mr. Son kompheak', 'Udaya Residence', '+855 78 764 111', 'ecom@udayaresidence.com', null, null, '#125, Sala Komroeuk Village, Sala Komroeuk Commune,', '56', '21', null, null, null, null, null, null, null, '1', null, null, null, null, null, '', null, 'http://udayaresidence.com', '7', '4.00', '22', '2016-09-13', '2', null, '2', '5', '', '', '', '', '4', '7'), ('235', 'Mrs. Sreynet Muong ', 'Boreirum Terkchou', '+855 15 360 540', 'boreirumthmordaresortkampot168@gmail.com', null, null, 'Teuk Chhou Road, Krong Kampot, Kampot Province, Cambodia', '56', '8', null, null, null, null, null, null, null, '1', null, null, null, null, null, '', null, 'http://boreirum.com', '1', '3.50', '23', '2018-10-15', '2', '1970-01-01', '19', '4', '', '', '', '', '4', '1'), ('236', 'Mr. Boyd', 'Sovan Mealea Hotel', '+855 15 596 468', 'sales@sovanmealeahotel.com', null, null, 'Loktaneuy St, Watbo Village, Salakamreuk', '56', '21', null, null, null, null, null, null, null, '1', null, null, null, null, null, '17252', null, 'http://sovanmealeahotel.com', '1', '4.00', '42', '2015-12-12', '2', null, '2', '4', '', '', '', '', '4', '1'), ('237', 'Mr. Jimmy', 'Makk Hotel', '+855 86 375 375', 'info@makkhotel.com', null, null, 'Sovansakor District, Kampot City, Kampot', '56', '8', null, null, null, null, null, null, null, '1', null, null, null, null, null, '', null, 'http://makkhotel.com', '1', '3.00', '6', '2016-03-16', '2', null, '2', '4', '', '', '', '', '4', '1'), ('238', 'Try Palace Resort & Spa', 'Try Palace Resort', '+855 36 210 317', 'it@trypalaceresort.com', null, null, 'Phum Thmey, Sangkat Prey Thom', '56', '8', null, null, null, null, null, null, null, '1', null, null, null, null, null, '', null, 'http://trypalaceresort.com', '6', '5.00', '12', '2016-05-16', '2', null, '2', '4', '', '', '', '', '4', '6'), ('239', 'Mr. Rin Sophearith', 'Long Beach Resort Koh Rong', '+855 78 810 009', 'info@longbeachresortkohrong.com', null, null, 'Sok San Village, Koh Rong (Island), Krong Phres SihanoukVille', '56', '16', null, null, null, null, null, null, null, '1', null, null, null, null, null, '', null, 'http://longbeachresortkohrong.com', '6', '5.00', '6', '2018-08-07', '2', null, '2', '4', '', '', '', '', '4', '6'), ('240', 'Mr.Sivantha', 'The Pipes Resort', '+855 12 896 111', 'md@thepipesresort.com', null, null, 'Koh Rong Sanleom', '56', '16', null, null, null, null, null, null, null, '1', null, null, null, null, null, '', null, 'http://thepipesresort.com', '6', '4.00', '12', '2016-12-16', '2', null, '2', '4', '', '', '', '', '4', '6'), ('241', 'CHEN Samphea (Mr.)', 'vKirirom Pine Resort', '+855 78 777 284', 'info@vkirirom.com', null, null, 'Preah Soramarith-Kosamak National Park', '56', '1', null, null, null, null, null, null, null, '1', null, null, null, null, null, 'Kam Pong Speu', null, 'http://vkirirom.com', '1', '4.00', '29', '2015-01-23', '2', null, '2', '4', '', '', '', '', '4', '1'), ('242', 'Ms. Nhek Srey Mom', 'Lux Riverside Hotel & Apartment', '+855 88 888 0968', ' sales@luxriversidehotels.com', null, null, 'No.2,4,6, Street 136, Sangkat Phsar kandal Khan Daun Penh', '56', '1', null, null, null, null, null, null, null, '1', null, null, null, null, null, '', null, 'http://luxriversidehotels.com', '1', '4.00', '102', '2015-03-20', '2', null, '2', '4', '', '', '', '', '4', '1'), ('243', 'Mr. Kara', 'Manor House Boutique Hotel', '+855 17 802 922', 'info@manorhousecambodia.com', null, null, '#21, St. 262, Daun Penh ', '56', '1', null, null, null, null, null, null, null, '1', null, null, null, null, null, '', null, 'http://manorhousecambodia.com', '1', '3.50', '13', '2018-03-28', '2', '1970-01-01', '2', '4', '', '', '', '', '4', '1'), ('244', 'Mr. Lak sokchan', 'Le Cocon Boutique Hotel', ' +855 17 565 959', 'sales@lecoconboutiquehotel.com', null, null, '#29, Street. 334, BKK I, Chamkamon, Phnom Penh', '56', '1', null, null, null, null, null, null, null, '1', null, null, null, null, null, '', null, 'http://lecoconboutiquehotel.com', '1', '4.00', '21', '2017-08-03', '2', null, '2', '4', '', '', '', '', '4', '1'), ('245', 'Mr. Sok Chesda', 'Sokkhak Boutique Resort', '+855 77 765 697', 'contact@sokkhak-boutiqueresort.com, om@sokkhak-bou', null, null, 'Kok Chork Village, Trorpeang Ses Commune, Wat Thmey', '56', '21', null, null, null, null, null, null, null, '1', null, null, null, null, null, '', null, 'http://sokkhak-boutiqueresort.com', '1', '5.00', '12', '2014-12-25', '2', null, '2', '4', '', '', '', '', '4', '1'), ('246', 'Mr. Nareth', 'Shadow Angkor Residence', '+855 92 334 384', 'info@shadowangkorresidence.com', null, null, 'No 353, Pokambor AVE, on the river side, near Old Market', '56', '21', null, null, null, null, null, null, null, '0', null, null, null, null, null, '', null, 'http://shadowangkorresidence.com', '1', '4.00', '9', '2016-04-07', '3', null, '2', '4', '2018-11-02', 'Owner wants Stop using our solutions', 'Nareth', '063 964 774 \r\n066 456 355', '4', '1'), ('247', 'Keith Berry', 'The Golden Gecko Villa', '+855 69 641 082', 'info@thegoldengeckovilla.com', null, null, '20th Street off Wat Bo Road', '56', '21', null, null, null, null, null, null, null, '1', null, null, null, null, null, '', null, 'https://thegoldengeckovilla.com', '3', '3.00', '13', '2016-06-06', '2', null, '2', '4', '', '', '', '', '4', '3'), ('248', 'Mr. Ran Samrah', 'La Rose Blanche Boutique', '+855 93 800 499', 'reservation@laroseblancheboutique.com', null, null, 'Wat Bo Road, Banteay Chas, Slorkram Commune', '56', '21', null, null, null, null, null, null, null, '1', null, null, null, null, null, '', null, 'http://laroseblancheboutique.com', '1', '4.00', '12', '2016-06-24', '2', null, '2', '4', '', '', '', '', '4', '1'), ('249', 'Mr. Lay Sok Meng', 'Metta Residence & Spa', '+855 63 766 388', 'info@mettaresidence.com', null, null, 'Phum Salakamreuk, Sangkat Salakamreuk', '56', '21', null, null, null, null, null, null, null, '1', null, null, null, null, null, '', null, 'http://mettaresidence.com', '1', '5.00', '34', '2016-12-13', '2', null, '2', '4', '', '', '', '', '4', '1'), ('250', 'Mr. Bunpheng', 'Monthara Angkor Residence', '+855 15 877 766', 'info@montharaangkor.com', null, null, '# 208, Taphoul Road, Taphoul Village', '56', '21', null, null, null, null, null, null, null, '0', null, null, null, null, null, '', null, 'http://montharaangkor.com', '1', '4.00', '11', '2017-01-17', '3', '1970-01-01', '2', '4', '', '', '', '', '4', '1'), ('251', 'Mr. Sam Sopheap', 'The Seda Villa', '+855 89 816 888', 'info@sedavilla.com', null, null, 'Vat Damnak Village, Sala Kamroeuk Commune', '56', '21', null, null, null, null, null, null, null, '0', null, null, null, null, null, '', null, 'http://sedavilla.com', '3', '3.00', '11', '2017-05-09', '3', null, '2', '4', '2018-11-27', 'They Sell Property', 'Mr. Sam Sopheap', '+855 89 816 888', '4', '3'), ('252', 'Mr. Seab Sonan', 'Rithy Rine Angkor Residence', '+855 12 302 655', 'info@rithyrineangkorresidence.com', null, null, 'City Center, Sok San Road, Old French Quarter, Siem Reap', '56', '21', null, null, null, null, null, null, null, '1', null, null, null, null, null, '', null, 'http://rithyrineangkorresidence.com', '1', '3.00', '28', '2017-09-05', '2', null, '2', '4', '', '', '', '', '4', '1'), ('253', 'Mr. Samoeun', 'Vihara Residence', '+855 98 777 771', 'gm@vihararesidence.com', null, null, 'Aleah Road, Phum Wat Bo, Khum Salakamroeuk', '56', '21', null, null, null, null, null, null, null, '1', null, null, null, null, null, '', null, 'http://vihararesidence.com', '1', '4.00', '15', '2017-10-19', '2', null, '2', '4', '', '', '', '', '4', '1'), ('254', 'Mr. Long Vansak', 'The Night Hotel', '+855 63 762 762', 'thenightboutique@gmail.com', null, null, 'Sok San Road, Stueng Thmei Village, Svay Dangkum Commune', '56', '21', null, null, null, null, null, null, null, '1', null, null, null, null, null, '', null, 'http://thenight-hotel.com', '1', '4.00', '25', '2017-11-10', '2', null, '2', '4', '', '', '', '', '4', '1'), ('255', 'Ms. Vann Narin', 'SiZen Retreat & Spa', '', 'info@sizen-retreat.com', null, null, 'Wat Bo road, Slorkarm Commune', '56', '21', null, null, null, null, null, null, null, '0', null, null, null, null, null, '', null, '', '1', '3.50', '20', '2017-11-10', '3', '1970-01-01', '2', '4', '2019-06-13', 'They want to save budget for low season ', 'Ms. Narin', '098 958 387', '4', '1'), ('256', 'Mr. Sous Phearith', 'The Villa Sok San Square', '+855 77 777 356', 'info@thevillasoksansquare.com', null, null, '456, Sok San Road, Khum Svay Dangkum', '56', '21', null, null, null, null, null, null, null, '0', null, null, null, null, null, '', null, 'http://thevillasoksansquare.com', '1', '3.00', '27', '2018-02-01', '3', '1970-01-01', '2', '4', '', '', '', '', '4', '1'), ('257', 'Mr. Sin Senghong', 'Okay1 Villa', '+855 77 519 967', 'senghongsinn@gmail.com', null, null, 'No. 0325 Tapul, Sangkat Svay Dangkum', '56', '21', null, null, null, null, null, null, null, '0', null, null, null, null, null, '', null, 'http://okay1villa.com/home.aspx', '3', '3.50', '50', '2018-03-02', '3', '1970-01-01', '2', '4', '', '', '', '', '4', '3'), ('258', 'Mrs.Kong Sophea ', 'Maison Model D\'Angkor', '+855 70 715 712', ' res@maisonmodeldangkor.com', null, null, 'No. 482, City center, National Road No.6, Wat Kesararam Street, Group 17, Phum Taphul, Sangkat Svay Dangkum, Siem Reap City, Cambodia.', '56', '21', null, null, null, null, null, null, null, '0', null, null, null, null, null, '', null, 'http://maisonmodeldangkor.com', '1', '2.00', '4', '2018-08-22', '3', '1970-01-01', '2', '4', '', '', '', '', '4', '1'), ('259', 'Mr. Sengtry NOL', 'Smiling Deluxe Hotel', '+855 17 295 283', 'info@smilingdeluxehotel.com', null, null, 'No. 6, Chong Kaosou Village, Sangkat Slor Kram', '56', '21', null, null, null, null, null, null, null, '0', null, null, null, null, null, '', null, 'http://smiling-hotel.com', '1', '4.00', '36', '2018-09-07', '3', '1970-01-01', '14', '4', '2019-02-04', 'Smiling Deluxe Hotel is going to close expense budget soon', 'SENGTRY', '0964817070', '4', '1'), ('260', 'Ms. Nataliia Shuba', 'Sea Breeze Resort', '+855 15 899 796', 'reservation@seabreeze-sihanoukville.com', null, null, 'St. Otres Beach, Village 6, Commune 4', '56', '16', null, null, null, null, null, null, null, '1', null, null, null, null, null, '', null, 'https://seabreeze-sihanoukville.com', '1', '3.00', '18', '2015-02-07', '2', null, '2', '4', '', '', '', '', '4', '1'), ('261', 'Mr. chamnan En', 'Sabara Angkor Resort & Spa', '+855 11 588 830', 'gm@sabaraangkorresort.com, fo@sabaraangkorresort.c', null, null, 'Sfpda Rd, Krong Siem Reap', '56', '21', null, null, null, null, null, null, null, '1', null, null, null, null, null, '', null, 'http://sabaraangkorresortandspa.com', '1', '5.00', '35', '2018-10-30', '2', null, '15', '4', '', '', '', '', '4', '1'), ('262', 'Mr. Nit Nimol', ' Image d\' Angkor Boutique Villa', '+855 12 466 881', 'info@imagedangkor.com', null, null, 'Airport Road, Kruos Village, Svay Dangkum Siem Reap Cambodia', '56', '21', null, null, null, null, null, null, null, '1', null, null, null, null, null, '', null, 'http://imagedangkor.com', '3', '3.00', '3', '2018-11-10', '2', null, '15', '5', '', '', '', '', '4', '3'), ('263', 'Ms. Yin Sokhunthea', 'Angkor Retreat Villa Boutique & Spa', '+855 76 789 6565', 'info@angkorretreat.com', null, null, '0126, Wat Bo Rd., Slorkrame Village | Siem Reap, Siem Reap 063, Cambodia', '56', '21', null, null, null, null, null, null, null, '0', null, null, null, null, null, '', null, 'http://angkorretreat.com', '1', '3.00', '13', '2018-11-16', '3', '1970-01-01', '14', '4', '2019-04-01', 'Prepare their property ', 'Ms. Len ', '096 431 8059', '5', '1'), ('264', 'Mr. Narong Piseth', 'David Boutique & Spa ', '+855 70 358 788', 'mr.piseth121887@gmail.com', null, null, 'Krous Village Road, Siem Reap, Cambodia', '56', '21', null, null, null, null, null, null, null, '0', null, null, null, null, null, '', null, 'http://davidboutiqueandspa.com', '4', '3.00', '10', '2018-11-15', '3', '1970-01-01', '14', '4', '', '', '', '', '4', '4'), ('265', 'Mr. Orm Piseth', 'Norak Soeng Angkor Hotel', '+855 12 229 947', 'md@noraksoengangkorhotel.com', null, null, '7 Makara Road, | Phum Wat Bo, Sangkat Salakamroeuk, Siem Reap 17254, Cambodia', '56', '21', null, null, null, null, null, null, null, '1', null, null, null, null, null, '', null, 'http://www.noraksoengangkorhotel.com/', '1', '3.00', '25', '2018-11-14', '2', '1970-01-01', '14', '4', '', '', '', '', '4', '1'), ('266', 'Mr. Chin Vichea ', 'Grand Champei Residence ', '+855 78 777 246', 'Chin.vichea@grandchampei.com', null, null, 'Busters Way, Svay Dangkum, Siem Reap, Kingdom of Cambodia.', '56', '21', null, null, null, null, null, null, null, '0', null, null, null, null, null, '', null, 'http://grandchampei.com', '1', '3.50', '35', '2018-12-08', '3', '1970-01-01', '13', '5', '', '', '', '', '4', '1'), ('267', 'Mrs. Sebla Kaplan Ure ', 'Champey Villa', '+855 15 765 138', 'kalplansebla@gmail.com', null, null, '#166, Street#22 Wat Bo, Sala Kamreouk | (Near Wat Bo primary school), Siem Reap kh, Cambodia', '56', '21', null, null, null, null, null, null, null, '0', null, null, null, null, null, '17252', null, 'http://champeyvilla.com', '3', '3.50', '10', '2018-12-07', '3', '1970-01-01', '14', '4', '', '', '', '', '4', '3'), ('268', 'Mr. RaBy RY', 'Crystal Blue Boutique Hotel', '+855 96 510 1168', 'rithraby168@gmail.com', null, null, 'No. 169 Sisowath  Daun Penh, Phnom Penh  Cambodia', '56', '1', null, null, null, null, null, null, null, '1', null, null, null, null, null, '', null, 'https://www.crystalblueboutiquehotel.com/', '7', '3.50', '12', '2018-12-24', '2', null, '13', '5', '', '', '', '', '4', '7'), ('269', 'Ith Sakpitou', 'Damnak Villa Retreat 1 ', '', 'sakpitouith168@gmail.com', null, null, ' | #92,Group#6,Trapeang Ses, Kork Chak, Siem Reap, Cambodia', '56', '21', null, null, null, null, null, null, null, '1', null, null, null, null, null, '', null, 'http://damnakvillaretreat.com', '3', '3.00', '15', '2019-01-05', '2', '2019-01-15', '14', '4', '2019-01-15', '', '', '', '4', '3'), ('270', 'Mr. Meng Morn ', 'Natura Resort', '+855 17 707 526', 'operations@naturahotelresort.com', null, null, 'Wat Enkosey, Phum Traing, Siem Reap, Cambodia ', '56', '21', null, null, null, null, null, null, null, '0', null, null, null, null, null, '', null, 'http://naturahotelresort.com', '1', '4.00', '23', '2019-01-19', '3', '2019-02-12', '13', '4', '2019-07-01', 'Save budget for low season ', 'Mr. Meng Morn ', '017 707 526', '5', '1'), ('271', 'Mr. Zhang Liang', 'The One Gardening Boutique Hotel', '+855 81 216 836', 'gm@theonegardeningboutiquehotel.com', null, null, 'Banteay, Chas village, Slor Kram commune Siem Reap, CAMBODIA', '56', '21', null, null, null, null, null, null, null, '1', null, null, null, null, null, '', null, 'https://theonegardeningboutiquehotel.com', '1', '5.00', '29', '2019-01-30', '2', '2019-02-04', '19', '4', '2019-07-12', 'Due to their budget because they have to work on their new property first.', 'Ms. Keo ', '017 881 224', '5', '1'), ('272', 'Mrs. Douk Angkea Socheata', 'Neth Socheata Hotel ', '+855 63 963 294', 'booking@nethsocheatahotel.com', null, null, '(Pub street area)# 284, 2Thnou Street, directly opposite the Old Market, Siem Reap City, Siem Reap Province, Cambodia', '56', '21', null, null, null, null, null, null, null, '1', null, null, null, null, null, '', null, 'http://nethsocheatahotel.com', '1', '2.00', '22', '2019-02-08', '2', '2019-02-20', '13', '5', '2019-02-11', '', '', '', '4', '1'), ('273', 'Mr. Mam Soksann', 'Pool Party Hostel', '+855 10 303 313', 'poolpartyhostel@gmail.com', null, null, 'Phsar Krom Road , Vihear Chin Village , Svay Dangkum Commune', '56', '21', null, null, null, null, null, null, null, '1', null, null, null, null, null, '', null, 'http://poolpartyhostel.com', '1', '2.00', '20', '2019-02-11', '2', '2019-02-21', '14', '4', '2019-02-21', '', '', '', '4', '1'), ('274', 'Mrs. Tha Nimol', 'Best Central Point Hotel ', '+855 77 556 528', 'hometown.hotel@gmail.com', null, null, 'Phnom Penh ', '56', '1', null, null, null, null, null, null, null, '1', null, null, null, null, null, '', null, 'http://bestcentralpointhotel.com', '1', '3.00', '42', '2019-06-25', '2', '2019-07-01', '19', '5', '2019-06-28', '', '', '', '4', '1'), ('275', 'Mrs. Danh Sokhern', 'Nita Dream Villa', '+855 17 410 768', 'reservation@nitadreamvilla.com', null, null, 'Near Siem Reap Court, Chreav Village, Chreav Commune, Siem Reap City', '56', '21', null, null, null, null, null, null, null, '0', null, null, null, null, null, '17254', null, 'http://nitadreamvilla.com', '1', '3.00', '4', '2019-03-04', '3', '2019-07-01', '2', '4', '2019-07-01', 'Save budget for low season ', 'Ms. Danh Dane ', '015 737 927', '5', '1'), ('276', 'Mr. So', 'Wheel Garden Residence ', '+855 12 458 184', 'sales@wheelgarden.com', null, null, 'Psa Krolanh Street Trapeang Ses Village, Sangkat Kouk Chak, Siem Reap ', '56', '21', null, null, null, null, null, null, null, '1', null, null, null, null, null, '17259', null, 'http://wheelgarden.com', '1', '4.00', '30', '2019-06-28', '2', '2019-07-08', '19', '4', '2019-07-08', '', '', '', '2', '1'), ('277', 'Mr. Komsort', 'Romantic Angkor Residence ', '+855 70 770 002', 'romanticangkors@gmail.com', null, null, 'Wat Bo Village, Sala Kamreuk Commune, Siem Reap Cambodia', '56', '21', null, null, null, null, null, null, null, '1', null, null, null, null, null, '', null, 'http://romanticangkor.com', '7', '4.00', '15', '2019-07-08', '1', '2019-07-08', '19', '5', '2019-07-08', '', '', '', '2', '7'), ('278', 'Mr.Sok Piseth', 'Moon Flower Residence', '+855 69 700 304', 'info@moonflowersiemreap.com', null, null, 'Old Market Area, Wat Damnak Village, Salakomreuk Commune', '56', '21', null, null, null, null, null, null, null, '1', null, null, null, null, null, '', null, 'https://damnakvillaboutique.com', '1', '3.00', '8', '2018-07-09', '2', '2019-08-07', '19', '4', '2019-08-07', '', '', '', '2', '1'), ('279', 'Mr. Borei', 'Siem Reap Palace Residence', '+855 98 675 556', 'book@siemreappalace-residence.com', null, null, 'Siem Reap', '56', '21', null, null, null, null, null, null, null, '1', null, null, null, null, null, '', null, 'http://siemreappalace-residence.com', '7', '4.00', '26', '2019-08-06', '1', '2019-08-07', '19', '4', '2019-08-07', '', '', '', '2', '7'), ('287', 'Mr.Pen Rithy', 'Rithyma', '092 229 88', 'info@rithyma.com', null, null, 'Soem Reap', '56', '21', null, '', null, null, '', null, null, '1', '23', '2019-09-04 10:08:17', null, '2019-09-04 10:08:43', '23', '', null, null, null, null, null, null, null, null, null, null, null, null, null, null, null, null), ('288', 'EOT', 'eOcambo Technology', '010448054', 'theombuntheoun@gmail.com', null, null, 'Siem reap', '56', '21', null, '', '21', '56', '', '21', '56', '1', '1', '2019-09-04 10:37:02', null, '2019-09-04 10:38:09', '1', '17252', null, null, null, null, null, null, null, null, null, null, null, null, null, null, null, null);
COMMIT;

-- ----------------------------
--  Table structure for `customer_profile_contact`
-- ----------------------------
DROP TABLE IF EXISTS `customer_profile_contact`;
CREATE TABLE `customer_profile_contact` (
  `id` int(11) NOT NULL AUTO_INCREMENT,
  `id_customer` int(11) NOT NULL,
  `contact_name` varchar(255) NOT NULL,
  `position` varchar(255) DEFAULT NULL,
  `email_address` varchar(255) DEFAULT NULL,
  `phone` varchar(255) DEFAULT NULL,
  `status` int(1) DEFAULT NULL,
  `created_by` int(11) DEFAULT NULL,
  `created_date` datetime DEFAULT NULL ON UPDATE CURRENT_TIMESTAMP,
  `updated_date` datetime DEFAULT NULL,
  `updated_by` int(11) DEFAULT NULL,
  `note` varchar(500) DEFAULT NULL,
  PRIMARY KEY (`id`)
) ENGINE=InnoDB AUTO_INCREMENT=2 DEFAULT CHARSET=utf8 ROW_FORMAT=COMPACT;

-- ----------------------------
--  Records of `customer_profile_contact`
-- ----------------------------
BEGIN;
INSERT INTO `customer_profile_contact` VALUES ('1', '1', 'teee', '', '', '', '1', '1', '2019-09-03 03:40:31', '2019-09-03 10:40:31', '1', '');
COMMIT;

-- ----------------------------
--  Table structure for `customer_profile_group`
-- ----------------------------
DROP TABLE IF EXISTS `customer_profile_group`;
CREATE TABLE `customer_profile_group` (
  `id` int(11) NOT NULL AUTO_INCREMENT,
  `id_customer_profile` int(11) DEFAULT NULL,
  `id_customer_group` int(11) DEFAULT NULL,
  PRIMARY KEY (`id`)
) ENGINE=InnoDB AUTO_INCREMENT=12 DEFAULT CHARSET=utf8 ROW_FORMAT=COMPACT;

-- ----------------------------
--  Records of `customer_profile_group`
-- ----------------------------
BEGIN;
INSERT INTO `customer_profile_group` VALUES ('1', null, '1'), ('2', null, '2'), ('3', null, '3'), ('4', null, '4'), ('5', '7', '1'), ('6', '7', '2'), ('7', '7', '3'), ('8', '7', '4'), ('10', '1', '1'), ('11', '287', '1');
COMMIT;

-- ----------------------------
--  Table structure for `customer_profile_note`
-- ----------------------------
DROP TABLE IF EXISTS `customer_profile_note`;
CREATE TABLE `customer_profile_note` (
  `id` int(11) NOT NULL AUTO_INCREMENT,
  `note` varchar(255) DEFAULT NULL,
  `created_date` datetime DEFAULT NULL,
  `updated_by` int(11) DEFAULT NULL,
  `created_by` int(11) DEFAULT NULL,
  `updated_date` datetime DEFAULT NULL,
  `status` tinyint(11) DEFAULT NULL,
  `id_customer` int(11) DEFAULT NULL,
  PRIMARY KEY (`id`) USING BTREE
) ENGINE=InnoDB AUTO_INCREMENT=2 DEFAULT CHARSET=utf8;

-- ----------------------------
--  Records of `customer_profile_note`
-- ----------------------------
BEGIN;
INSERT INTO `customer_profile_note` VALUES ('1', 'test', '2019-08-19 16:33:13', null, '1', null, null, '1');
COMMIT;

-- ----------------------------
--  Table structure for `customer_profile_solution`
-- ----------------------------
DROP TABLE IF EXISTS `customer_profile_solution`;
CREATE TABLE `customer_profile_solution` (
  `id` int(11) NOT NULL AUTO_INCREMENT,
  `id_customer` int(11) DEFAULT NULL,
  `id_solution` int(11) DEFAULT NULL,
  PRIMARY KEY (`id`)
) ENGINE=InnoDB AUTO_INCREMENT=761 DEFAULT CHARSET=latin1;

-- ----------------------------
--  Records of `customer_profile_solution`
-- ----------------------------
BEGIN;
INSERT INTO `customer_profile_solution` VALUES ('5', '4', '1'), ('6', '4', '3'), ('7', '4', '6'), ('8', '4', '7'), ('9', '5', '1'), ('10', '5', '2'), ('11', '5', '6'), ('12', '5', '7'), ('13', '6', '1'), ('14', '6', '4'), ('15', '6', '6'), ('16', '7', '1'), ('17', '7', '4'), ('18', '7', '5'), ('19', '7', '6'), ('20', '8', '1'), ('21', '8', '3'), ('22', '8', '4'), ('23', '8', '6'), ('24', '8', '7'), ('25', '9', '1'), ('26', '9', '4'), ('27', '9', '6'), ('28', '9', '7'), ('29', '11', '3'), ('30', '11', '6'), ('31', '13', '1'), ('32', '13', '3'), ('33', '13', '6'), ('34', '13', '7'), ('35', '14', '1'), ('36', '14', '4'), ('37', '14', '6'), ('38', '15', '1'), ('39', '15', '4'), ('40', '15', '6'), ('41', '16', '1'), ('42', '16', '4'), ('43', '16', '6'), ('44', '16', '7'), ('45', '17', '1'), ('46', '17', '4'), ('47', '17', '6'), ('48', '18', '1'), ('49', '18', '4'), ('50', '18', '6'), ('51', '18', '7'), ('52', '19', '1'), ('53', '19', '4'), ('54', '19', '6'), ('55', '20', '1'), ('56', '20', '4'), ('57', '20', '6'), ('58', '20', '7'), ('59', '22', '1'), ('60', '22', '6'), ('61', '22', '7'), ('62', '23', '1'), ('63', '23', '4'), ('64', '23', '6'), ('65', '23', '7'), ('66', '25', '1'), ('67', '25', '3'), ('68', '25', '6'), ('69', '25', '7'), ('70', '26', '1'), ('71', '26', '4'), ('72', '26', '5'), ('73', '26', '6'), ('74', '26', '7'), ('75', '27', '1'), ('76', '27', '3'), ('77', '27', '6'), ('78', '28', '1'), ('79', '28', '3'), ('80', '28', '6'), ('81', '29', '1'), ('82', '29', '4'), ('83', '29', '6'), ('84', '30', '1'), ('85', '30', '2'), ('86', '30', '4'), ('87', '30', '6'), ('88', '30', '7'), ('89', '31', '1'), ('90', '31', '3'), ('91', '31', '6'), ('92', '31', '7'), ('93', '32', '1'), ('94', '32', '4'), ('95', '32', '5'), ('96', '32', '6'), ('97', '32', '7'), ('98', '33', '1'), ('99', '33', '6'), ('100', '33', '7'), ('101', '34', '1'), ('102', '34', '4'), ('103', '34', '5'), ('104', '34', '6'), ('105', '34', '7'), ('106', '36', '1'), ('107', '36', '4'), ('108', '36', '6'), ('109', '36', '7'), ('110', '37', '1'), ('111', '37', '3'), ('112', '37', '6'), ('113', '37', '7'), ('114', '38', '1'), ('115', '38', '3'), ('116', '38', '6'), ('117', '39', '1'), ('118', '39', '3'), ('119', '39', '6'), ('120', '40', '1'), ('121', '40', '4'), ('122', '40', '6'), ('123', '40', '7'), ('124', '41', '1'), ('125', '41', '3'), ('126', '41', '6'), ('127', '41', '7'), ('128', '42', '1'), ('129', '42', '3'), ('130', '42', '6'), ('131', '43', '1'), ('132', '43', '3'), ('133', '43', '6'), ('134', '43', '7'), ('135', '44', '1'), ('136', '44', '3'), ('137', '44', '6'), ('138', '45', '1'), ('139', '45', '2'), ('140', '45', '4'), ('141', '45', '6'), ('142', '45', '7'), ('143', '46', '1'), ('144', '46', '3'), ('145', '46', '6'), ('146', '47', '1'), ('147', '47', '3'), ('148', '47', '6'), ('149', '48', '1'), ('150', '48', '4'), ('151', '48', '6'), ('152', '48', '7'), ('153', '49', '1'), ('154', '49', '4'), ('155', '49', '6'), ('156', '50', '1'), ('157', '50', '4'), ('158', '50', '6'), ('159', '51', '1'), ('160', '51', '4'), ('161', '51', '6'), ('162', '51', '7'), ('163', '54', '1'), ('164', '54', '4'), ('165', '54', '6'), ('166', '54', '7'), ('167', '55', '1'), ('168', '55', '3'), ('169', '55', '6'), ('170', '56', '1'), ('171', '56', '4'), ('172', '56', '6'), ('173', '57', '1'), ('174', '57', '3'), ('175', '57', '6'), ('176', '57', '7'), ('177', '58', '1'), ('178', '58', '3'), ('179', '58', '6'), ('180', '59', '1'), ('181', '59', '5'), ('182', '59', '6'), ('183', '60', '1'), ('184', '60', '4'), ('185', '60', '6'), ('186', '60', '7'), ('187', '61', '1'), ('188', '61', '3'), ('189', '61', '6'), ('190', '61', '7'), ('191', '62', '1'), ('192', '62', '4'), ('193', '62', '5'), ('194', '62', '6'), ('195', '63', '1'), ('196', '63', '4'), ('197', '63', '6'), ('198', '63', '7'), ('199', '64', '1'), ('200', '64', '3'), ('201', '64', '6'), ('202', '66', '1'), ('203', '66', '3'), ('204', '66', '6'), ('205', '66', '7'), ('206', '72', '1'), ('207', '72', '4'), ('208', '72', '5'), ('209', '72', '6'), ('210', '74', '1'), ('211', '74', '3'), ('212', '74', '6'), ('213', '74', '7'), ('214', '81', '1'), ('215', '81', '4'), ('216', '81', '6'), ('217', '83', '1'), ('218', '83', '3'), ('219', '83', '6'), ('220', '96', '1'), ('221', '96', '4'), ('222', '96', '6'), ('223', '96', '7'), ('224', '100', '1'), ('225', '100', '6'), ('226', '100', '7'), ('227', '101', '1'), ('228', '101', '4'), ('229', '101', '6'), ('230', '102', '1'), ('231', '102', '2'), ('232', '102', '3'), ('233', '102', '6'), ('234', '102', '7'), ('235', '103', '1'), ('236', '103', '4'), ('237', '103', '5'), ('238', '103', '6'), ('239', '105', '1'), ('240', '105', '4'), ('241', '105', '6'), ('242', '106', '1'), ('243', '106', '4'), ('244', '106', '6'), ('245', '106', '7'), ('246', '107', '1'), ('247', '107', '4'), ('248', '107', '6'), ('249', '107', '7'), ('250', '109', '1'), ('251', '109', '4'), ('252', '109', '6'), ('253', '109', '7'), ('254', '111', '1'), ('255', '111', '2'), ('256', '111', '4'), ('257', '111', '6'), ('258', '111', '7'), ('259', '112', '1'), ('260', '112', '2'), ('261', '112', '4'), ('262', '112', '6'), ('263', '112', '7'), ('264', '113', '1'), ('265', '113', '4'), ('266', '113', '6'), ('267', '113', '7'), ('268', '114', '1'), ('269', '114', '4'), ('270', '114', '6'), ('271', '114', '7'), ('272', '124', '1'), ('273', '124', '4'), ('274', '124', '6'), ('275', '124', '7'), ('276', '125', '1'), ('277', '125', '4'), ('278', '125', '6'), ('279', '125', '7'), ('280', '126', '1'), ('281', '126', '2'), ('282', '126', '4'), ('283', '126', '6'), ('284', '126', '7'), ('285', '127', '1'), ('286', '127', '4'), ('287', '127', '6'), ('288', '127', '7'), ('289', '131', '1'), ('290', '131', '2'), ('291', '131', '3'), ('292', '131', '6'), ('293', '131', '7'), ('294', '132', '1'), ('295', '132', '2'), ('296', '132', '4'), ('297', '132', '6'), ('298', '132', '7'), ('299', '136', '1'), ('300', '136', '2'), ('301', '136', '4'), ('302', '136', '6'), ('303', '136', '7'), ('304', '139', '1'), ('305', '139', '6'), ('306', '139', '7'), ('307', '141', '1'), ('308', '141', '4'), ('309', '141', '6'), ('310', '141', '7'), ('311', '142', '1'), ('312', '142', '3'), ('313', '142', '6'), ('314', '142', '7'), ('315', '151', '1'), ('316', '151', '3'), ('317', '151', '6'), ('318', '151', '7'), ('319', '154', '1'), ('320', '154', '2'), ('321', '154', '4'), ('322', '154', '6'), ('323', '154', '7'), ('324', '157', '1'), ('325', '157', '3'), ('326', '157', '6'), ('327', '157', '7'), ('328', '158', '1'), ('329', '158', '4'), ('330', '158', '6'), ('331', '158', '7'), ('332', '160', '1'), ('333', '160', '2'), ('334', '160', '6'), ('335', '160', '7'), ('336', '165', '1'), ('337', '165', '4'), ('338', '165', '6'), ('339', '166', '1'), ('340', '166', '4'), ('341', '166', '6'), ('342', '169', '1'), ('343', '169', '6'), ('344', '169', '7'), ('345', '170', '1'), ('346', '170', '2'), ('347', '170', '4'), ('348', '170', '6'), ('349', '170', '7'), ('350', '177', '1'), ('351', '177', '4'), ('352', '177', '6'), ('353', '177', '7'), ('354', '178', '1'), ('355', '178', '2'), ('356', '178', '6'), ('357', '179', '1'), ('358', '179', '2'), ('359', '179', '3'), ('360', '179', '6'), ('361', '179', '7'), ('362', '180', '1'), ('363', '180', '2'), ('364', '180', '6'), ('365', '183', '1'), ('366', '183', '4'), ('367', '183', '6'), ('368', '183', '7'), ('369', '188', '1'), ('370', '188', '4'), ('371', '188', '6'), ('372', '188', '7'), ('373', '189', '1'), ('374', '189', '4'), ('375', '189', '6'), ('376', '189', '7'), ('377', '192', '1'), ('378', '192', '4'), ('379', '192', '6'), ('380', '193', '1'), ('381', '193', '4'), ('382', '193', '6'), ('383', '193', '7'), ('384', '194', '1'), ('385', '194', '2'), ('386', '194', '4'), ('387', '194', '6'), ('388', '194', '7'), ('389', '197', '1'), ('390', '197', '4'), ('391', '197', '6'), ('392', '198', '1'), ('393', '198', '3'), ('394', '198', '6'), ('395', '198', '7'), ('396', '199', '1'), ('397', '199', '4'), ('398', '199', '6'), ('399', '206', '1'), ('400', '206', '4'), ('401', '206', '6'), ('402', '206', '7'), ('403', '212', '1'), ('404', '212', '2'), ('405', '212', '3'), ('406', '212', '6'), ('407', '214', '1'), ('408', '214', '3'), ('409', '214', '6'), ('410', '217', '1'), ('411', '217', '4'), ('412', '217', '6'), ('413', '217', '7'), ('414', '218', '1'), ('415', '218', '3'), ('416', '218', '6'), ('417', '218', '7'), ('418', '219', '1'), ('419', '219', '4'), ('420', '219', '6'), ('421', '223', '1'), ('422', '223', '4'), ('423', '223', '5'), ('424', '223', '6'), ('425', '226', '1'), ('426', '226', '3'), ('427', '226', '6'), ('428', '226', '7'), ('429', '227', '1'), ('430', '227', '4'), ('431', '227', '6'), ('432', '229', '1'), ('433', '229', '3'), ('434', '229', '6'), ('435', '229', '7'), ('436', '230', '1'), ('437', '230', '4'), ('438', '230', '6'), ('439', '230', '7'), ('440', '231', '1'), ('441', '231', '3'), ('442', '231', '6'), ('443', '231', '7'), ('444', '234', '1'), ('445', '234', '6'), ('446', '234', '7'), ('447', '236', '1'), ('448', '236', '3'), ('449', '236', '6'), ('450', '236', '7'), ('451', '237', '1'), ('452', '237', '6'), ('453', '237', '7'), ('454', '241', '1'), ('455', '241', '3'), ('456', '241', '6'), ('457', '241', '7'), ('458', '242', '1'), ('459', '242', '2'), ('460', '242', '4'), ('461', '242', '6'), ('462', '242', '7'), ('463', '245', '1'), ('464', '245', '4'), ('465', '245', '6'), ('466', '246', '1'), ('467', '246', '6'), ('468', '246', '7'), ('469', '248', '1'), ('470', '248', '3'), ('471', '248', '6'), ('472', '248', '7'), ('473', '250', '1'), ('474', '250', '4'), ('475', '250', '6'), ('476', '250', '7'), ('477', '251', '7'), ('478', '252', '1'), ('479', '252', '2'), ('480', '252', '4'), ('481', '252', '6'), ('482', '252', '7'), ('483', '255', '1'), ('484', '255', '4'), ('485', '255', '6'), ('486', '256', '1'), ('487', '256', '4'), ('488', '256', '6'), ('489', '256', '7'), ('490', '257', '1'), ('491', '257', '4'), ('492', '257', '6'), ('493', '259', '1'), ('494', '259', '4'), ('495', '259', '6'), ('496', '259', '7'), ('497', '260', '1'), ('498', '260', '4'), ('499', '260', '6'), ('500', '260', '7'), ('501', '261', '1'), ('502', '261', '2'), ('503', '261', '6'), ('504', '261', '7'), ('505', '262', '1'), ('506', '262', '3'), ('507', '262', '6'), ('508', '262', '7'), ('509', '263', '1'), ('510', '263', '2'), ('511', '263', '4'), ('512', '263', '6'), ('513', '263', '7'), ('514', '264', '1'), ('515', '264', '2'), ('516', '264', '3'), ('517', '264', '6'), ('518', '264', '7'), ('519', '265', '1'), ('520', '265', '4'), ('521', '265', '6'), ('522', '265', '7'), ('523', '266', '1'), ('524', '266', '2'), ('525', '266', '3'), ('526', '266', '6'), ('527', '266', '7'), ('528', '267', '1'), ('529', '267', '6'), ('530', '267', '7'), ('531', '268', '1'), ('532', '268', '4'), ('533', '268', '6'), ('534', '269', '1'), ('535', '269', '2'), ('536', '269', '4'), ('537', '269', '6'), ('538', '269', '7'), ('539', '270', '1'), ('540', '270', '2'), ('541', '270', '3'), ('542', '270', '6'), ('543', '270', '7'), ('544', '271', '1'), ('545', '271', '4'), ('546', '271', '6'), ('547', '271', '7'), ('548', '274', '1'), ('549', '274', '2'), ('550', '274', '4'), ('551', '274', '7'), ('552', '275', '1'), ('553', '275', '3'), ('554', '275', '6'), ('555', '275', '7'), ('556', '277', '1'), ('557', '277', '2'), ('558', '277', '4'), ('559', '277', '6'), ('560', '277', '7'), ('561', '278', '1'), ('562', '278', '4'), ('563', '278', '6'), ('564', '278', '7'), ('565', '279', '1'), ('566', '279', '2'), ('567', '279', '4'), ('568', '279', '6'), ('569', '279', '7'), ('733', '1', '1'), ('734', '1', '2'), ('735', '1', '3'), ('736', '1', '4'), ('737', '1', '6'), ('738', '1', '7'), ('742', '2', '1'), ('743', '2', '2'), ('744', '2', '8');
COMMIT;

-- ----------------------------
--  Table structure for `customer_profile_status`
-- ----------------------------
DROP TABLE IF EXISTS `customer_profile_status`;
CREATE TABLE `customer_profile_status` (
  `id` int(11) NOT NULL AUTO_INCREMENT,
  `name` varchar(255) DEFAULT NULL,
  `created_date` datetime DEFAULT NULL,
  `updated_by` int(11) DEFAULT NULL,
  `created_by` int(11) DEFAULT NULL,
  `updated_date` datetime DEFAULT NULL,
  `status` int(1) DEFAULT NULL,
  PRIMARY KEY (`id`) USING BTREE
) ENGINE=InnoDB AUTO_INCREMENT=7 DEFAULT CHARSET=utf8;

-- ----------------------------
--  Records of `customer_profile_status`
-- ----------------------------
BEGIN;
INSERT INTO `customer_profile_status` VALUES ('1', 'New', null, null, null, null, '1'), ('2', 'Contacted', null, null, null, null, '1'), ('3', 'Qualified', null, null, null, null, '1'), ('4', 'Working', null, null, null, null, '1'), ('5', 'Proposal Sent', null, null, null, null, '1'), ('6', 'Customer', null, null, null, null, '1');
COMMIT;

-- ----------------------------
--  Table structure for `customer_solution_status`
-- ----------------------------
DROP TABLE IF EXISTS `customer_solution_status`;
CREATE TABLE `customer_solution_status` (
  `id` int(11) NOT NULL AUTO_INCREMENT,
  `name` varchar(255) DEFAULT NULL,
  `order_by` int(2) DEFAULT NULL,
  PRIMARY KEY (`id`)
) ENGINE=InnoDB AUTO_INCREMENT=5 DEFAULT CHARSET=utf8;

-- ----------------------------
--  Records of `customer_solution_status`
-- ----------------------------
BEGIN;
INSERT INTO `customer_solution_status` VALUES ('1', 'Inprocessing', '2'), ('2', 'Lived', '3'), ('3', 'Terminated', '4'), ('4', 'New Sale', '1');
COMMIT;

-- ----------------------------
--  Table structure for `customer_type`
-- ----------------------------
DROP TABLE IF EXISTS `customer_type`;
CREATE TABLE `customer_type` (
  `id` int(11) NOT NULL AUTO_INCREMENT,
  `name` varchar(255) COLLATE utf8_unicode_ci DEFAULT NULL,
  `note` text COLLATE utf8_unicode_ci,
  `status` int(1) DEFAULT NULL,
  `created_date` datetime DEFAULT NULL,
  `created_by` int(11) DEFAULT NULL,
  `updated_date` datetime DEFAULT NULL,
  `updated_by` int(11) DEFAULT NULL,
  PRIMARY KEY (`id`)
) ENGINE=InnoDB AUTO_INCREMENT=10 DEFAULT CHARSET=utf8 COLLATE=utf8_unicode_ci;

-- ----------------------------
--  Records of `customer_type`
-- ----------------------------
BEGIN;
INSERT INTO `customer_type` VALUES ('1', 'Hotel', '', '1', '2019-09-01 22:38:59', '1', '2019-09-01 22:41:32', '1'), ('2', 'Hostel', '', '1', '2019-09-01 22:39:08', '1', null, null), ('3', 'Villa', null, '1', null, null, null, null), ('4', 'Boutique', null, '1', null, null, null, null), ('5', 'Apartment', null, '1', null, null, null, null), ('6', 'Resort', null, '1', null, null, null, null), ('7', 'Boutique Hotel', null, '1', null, null, null, null), ('8', 'Holiday House', null, '1', null, null, null, null), ('9', 'Guesthouse', null, '1', null, null, null, null);
COMMIT;

-- ----------------------------
--  Table structure for `data_option_phone_number_country_code`
-- ----------------------------
DROP TABLE IF EXISTS `data_option_phone_number_country_code`;
CREATE TABLE `data_option_phone_number_country_code` (
  `id` int(11) NOT NULL AUTO_INCREMENT,
  `short_name` varchar(10) DEFAULT NULL,
  `names` varchar(50) DEFAULT NULL,
  `code` varchar(50) DEFAULT NULL,
  `status` int(1) DEFAULT NULL,
  `created_by` int(11) NOT NULL,
  `created_date` datetime DEFAULT NULL,
  `updated_by` int(11) DEFAULT NULL,
  `updated_date` datetime DEFAULT NULL,
  PRIMARY KEY (`id`) USING BTREE
) ENGINE=InnoDB AUTO_INCREMENT=231 DEFAULT CHARSET=utf8 ROW_FORMAT=COMPACT;

-- ----------------------------
--  Records of `data_option_phone_number_country_code`
-- ----------------------------
BEGIN;
INSERT INTO `data_option_phone_number_country_code` VALUES ('1', 'AD', 'ANDORRA', '376', '1', '1', '2019-01-09 09:58:14', '1', '2019-04-24 16:52:44'), ('2', 'AE', 'UNITED ARAB EMIRATES', '971', '1', '1', '2019-01-09 09:58:14', null, null), ('3', 'AF', 'AFGHANISTAN', '93', '1', '1', '2019-01-09 09:58:14', null, null), ('4', 'AG', 'ANTIGUA AND BARBUDA', '1268', '1', '1', '2019-01-09 09:58:14', null, null), ('5', 'AI', 'ANGUILLA', '1264', '1', '1', '2019-01-09 09:58:14', null, null), ('6', 'AL', 'ALBANIA', '355', '1', '1', '2019-01-09 09:58:14', null, null), ('7', 'AM', 'ARMENIA', '374', '1', '1', '2019-01-09 09:58:14', null, null), ('8', 'AN', 'NETHERLANDS ANTILLES', '599', '1', '1', '2019-01-09 09:58:14', null, null), ('9', 'AO', 'ANGOLA', '244', '1', '1', '2019-01-09 09:58:14', null, null), ('10', 'AQ', 'ANTARCTICA', '672', '1', '1', '2019-01-09 09:58:14', null, null), ('11', 'AR', 'ARGENTINA', '54', '1', '1', '2019-01-09 09:58:14', null, null), ('12', 'AS', 'AMERICAN SAMOA', '1684', '1', '1', '2019-01-09 09:58:14', null, null), ('13', 'AT', 'AUSTRIA', '43', '1', '1', '2019-01-09 09:58:14', null, null), ('14', 'AU', 'AUSTRALIA', '61', '1', '1', '2019-01-09 09:58:14', null, null), ('15', 'AW', 'ARUBA', '297', '1', '1', '2019-01-09 09:58:14', null, null), ('16', 'AZ', 'AZERBAIJAN', '994', '1', '1', '2019-01-09 09:58:14', null, null), ('17', 'BA', 'BOSNIA AND HERZEGOVINA', '387', '1', '1', '2019-01-09 09:58:14', null, null), ('18', 'BB', 'BARBADOS', '1246', '1', '1', '2019-01-09 09:58:14', null, null), ('19', 'BD', 'BANGLADESH', '880', '1', '1', '2019-01-09 09:58:14', null, null), ('20', 'BE', 'BELGIUM', '32', '1', '1', '2019-01-09 09:58:14', null, null), ('21', 'BF', 'BURKINA FASO', '226', '1', '1', '2019-01-09 09:58:14', null, null), ('22', 'BG', 'BULGARIA', '359', '1', '1', '2019-01-09 09:58:14', null, null), ('23', 'BH', 'BAHRAIN', '973', '1', '1', '2019-01-09 09:58:14', null, null), ('24', 'BI', 'BURUNDI', '257', '1', '1', '2019-01-09 09:58:14', null, null), ('25', 'BJ', 'BENIN', '229', '1', '1', '2019-01-09 09:58:14', null, null), ('26', 'BL', 'SAINT BARTHELEMY', '590', '1', '1', '2019-01-09 09:58:14', null, null), ('27', 'BM', 'BERMUDA', '1441', '1', '1', '2019-01-09 09:58:14', null, null), ('28', 'BN', 'BRUNEI DARUSSALAM', '673', '1', '1', '2019-01-09 09:58:14', null, null), ('29', 'BO', 'BOLIVIA', '591', '1', '1', '2019-01-09 09:58:14', null, null), ('30', 'BR', 'BRAZIL', '55', '1', '1', '2019-01-09 09:58:14', null, null), ('31', 'BS', 'BAHAMAS', '1242', '1', '1', '2019-01-09 09:58:14', null, null), ('32', 'BT', 'BHUTAN', '975', '1', '1', '2019-01-09 09:58:14', null, null), ('33', 'BW', 'BOTSWANA', '267', '1', '1', '2019-01-09 09:58:14', null, null), ('34', 'BY', 'BELARUS', '375', '1', '1', '2019-01-09 09:58:14', null, null), ('35', 'BZ', 'BELIZE', '501', '1', '1', '2019-01-09 09:58:14', null, null), ('36', 'CA', 'CANADA', '1', '1', '1', '2019-01-09 09:58:14', null, null), ('37', 'CC', 'COCOS (KEELING) ISLANDS', '61', '1', '1', '2019-01-09 09:58:14', null, null), ('38', 'CD', 'CONGO, THE DEMOCRATIC REPUBLIC OF THE', '243', '1', '1', '2019-01-09 09:58:14', null, null), ('39', 'CF', 'CENTRAL AFRICAN REPUBLIC', '236', '1', '1', '2019-01-09 09:58:14', null, null), ('40', 'CG', 'CONGO', '242', '1', '1', '2019-01-09 09:58:14', null, null), ('41', 'CH', 'SWITZERLAND', '41', '1', '1', '2019-01-09 09:58:14', null, null), ('42', 'CI', 'COTE D IVOIRE', '225', '1', '1', '2019-01-09 09:58:14', null, null), ('43', 'CK', 'COOK ISLANDS', '682', '1', '1', '2019-01-09 09:58:14', null, null), ('44', 'CL', 'CHILE', '56', '1', '1', '2019-01-09 09:58:14', null, null), ('45', 'CM', 'CAMEROON', '237', '1', '1', '2019-01-09 09:58:14', null, null), ('46', 'CN', 'CHINA', '86', '1', '1', '2019-01-09 09:58:14', null, null), ('47', 'CO', 'COLOMBIA', '57', '1', '1', '2019-01-09 09:58:14', null, null), ('48', 'CR', 'COSTA RICA', '506', '1', '1', '2019-01-09 09:58:14', null, null), ('49', 'CU', 'CUBA', '53', '1', '1', '2019-01-09 09:58:14', null, null), ('50', 'CV', 'CAPE VERDE', '238', '1', '1', '2019-01-09 09:58:14', null, null), ('51', 'CX', 'CHRISTMAS ISLAND', '61', '1', '1', '2019-01-09 09:58:14', null, null), ('52', 'CY', 'CYPRUS', '357', '1', '1', '2019-01-09 09:58:14', null, null), ('53', 'CZ', 'CZECH REPUBLIC', '420', '1', '1', '2019-01-09 09:58:14', null, null), ('54', 'DE', 'GERMANY', '49', '1', '1', '2019-01-09 09:58:14', null, null), ('55', 'DJ', 'DJIBOUTI', '253', '1', '1', '2019-01-09 09:58:14', null, null), ('56', 'DK', 'DENMARK', '45', '1', '1', '2019-01-09 09:58:14', null, null), ('57', 'DM', 'DOMINICA', '1767', '1', '1', '2019-01-09 09:58:14', null, null), ('58', 'DO', 'DOMINICAN REPUBLIC', '1809', '1', '1', '2019-01-09 09:58:14', null, null), ('59', 'DZ', 'ALGERIA', '213', '1', '1', '2019-01-09 09:58:14', null, null), ('60', 'EC', 'ECUADOR', '593', '1', '1', '2019-01-09 09:58:14', null, null), ('61', 'EE', 'ESTONIA', '372', '1', '1', '2019-01-09 09:58:14', null, null), ('62', 'EG', 'EGYPT', '20', '1', '1', '2019-01-09 09:58:14', null, null), ('63', 'ER', 'ERITREA', '291', '1', '1', '2019-01-09 09:58:14', null, null), ('64', 'ES', 'SPAIN', '34', '1', '1', '2019-01-09 09:58:14', null, null), ('65', 'ET', 'ETHIOPIA', '251', '1', '1', '2019-01-09 09:58:14', null, null), ('66', 'FI', 'FINLAND', '358', '1', '1', '2019-01-09 09:58:14', null, null), ('67', 'FJ', 'FIJI', '679', '1', '1', '2019-01-09 09:58:14', null, null), ('68', 'FK', 'FALKLAND ISLANDS (MALVINAS)', '500', '1', '1', '2019-01-09 09:58:14', null, null), ('69', 'FM', 'MICRONESIA, FEDERATED STATES OF', '691', '1', '1', '2019-01-09 09:58:14', null, null), ('70', 'FO', 'FAROE ISLANDS', '298', '1', '1', '2019-01-09 09:58:14', null, null), ('71', 'FR', 'FRANCE', '33', '1', '1', '2019-01-09 09:58:14', null, null), ('72', 'GA', 'GABON', '241', '1', '1', '2019-01-09 09:58:14', null, null), ('73', 'GB', 'UNITED KINGDOM', '44', '1', '1', '2019-01-09 09:58:14', null, null), ('74', 'GD', 'GRENADA', '1473', '1', '1', '2019-01-09 09:58:14', null, null), ('75', 'GE', 'GEORGIA', '995', '1', '1', '2019-01-09 09:58:14', null, null), ('76', 'GH', 'GHANA', '233', '1', '1', '2019-01-09 09:58:14', null, null), ('77', 'GI', 'GIBRALTAR', '350', '1', '1', '2019-01-09 09:58:14', null, null), ('78', 'GL', 'GREENLAND', '299', '1', '1', '2019-01-09 09:58:14', null, null), ('79', 'GM', 'GAMBIA', '220', '1', '1', '2019-01-09 09:58:14', null, null), ('80', 'GN', 'GUINEA', '224', '1', '1', '2019-01-09 09:58:14', null, null), ('81', 'GQ', 'EQUATORIAL GUINEA', '240', '1', '1', '2019-01-09 09:58:14', null, null), ('82', 'GR', 'GREECE', '30', '1', '1', '2019-01-09 09:58:14', null, null), ('83', 'GT', 'GUATEMALA', '502', '1', '1', '2019-01-09 09:58:14', null, null), ('84', 'GU', 'GUAM', '1671', '1', '1', '2019-01-09 09:58:14', null, null), ('85', 'GW', 'GUINEA-BISSAU', '245', '1', '1', '2019-01-09 09:58:14', null, null), ('86', 'GY', 'GUYANA', '592', '1', '1', '2019-01-09 09:58:14', null, null), ('87', 'HK', 'HONG KONG', '852', '1', '1', '2019-01-09 09:58:14', null, null), ('88', 'HN', 'HONDURAS', '504', '1', '1', '2019-01-09 09:58:14', null, null), ('89', 'HR', 'CROATIA', '385', '1', '1', '2019-01-09 09:58:14', null, null), ('90', 'HT', 'HAITI', '509', '1', '1', '2019-01-09 09:58:14', null, null), ('91', 'HU', 'HUNGARY', '36', '1', '1', '2019-01-09 09:58:14', null, null), ('92', 'ID', 'INDONESIA', '62', '1', '1', '2019-01-09 09:58:14', null, null), ('93', 'IE', 'IRELAND', '353', '1', '1', '2019-01-09 09:58:14', null, null), ('94', 'IL', 'ISRAEL', '972', '1', '1', '2019-01-09 09:58:14', null, null), ('95', 'IM', 'ISLE OF MAN', '44', '1', '1', '2019-01-09 09:58:14', null, null), ('96', 'IN', 'INDIA', '91', '1', '1', '2019-01-09 09:58:14', null, null), ('97', 'IQ', 'IRAQ', '964', '1', '1', '2019-01-09 09:58:14', null, null), ('98', 'IR', 'IRAN, ISLAMIC REPUBLIC OF', '98', '1', '1', '2019-01-09 09:58:14', null, null), ('99', 'IS', 'ICELAND', '354', '1', '1', '2019-01-09 09:58:14', null, null), ('100', 'IT', 'ITALY', '39', '1', '1', '2019-01-09 09:58:14', null, null), ('101', 'JM', 'JAMAICA', '1876', '1', '1', '2019-01-09 09:58:14', null, null), ('102', 'JO', 'JORDAN', '962', '1', '1', '2019-01-09 09:58:14', null, null), ('103', 'JP', 'JAPAN', '81', '1', '1', '2019-01-09 09:58:14', null, null), ('104', 'KE', 'KENYA', '254', '1', '1', '2019-01-09 09:58:14', null, null), ('105', 'KG', 'KYRGYZSTAN', '996', '1', '1', '2019-01-09 09:58:14', null, null), ('106', 'KH', 'CAMBODIA', '855', '1', '1', '2019-01-09 09:58:14', null, null), ('107', 'KI', 'KIRIBATI', '686', '1', '1', '2019-01-09 09:58:14', null, null), ('108', 'KM', 'COMOROS', '269', '1', '1', '2019-01-09 09:58:14', null, null), ('109', 'KN', 'SAINT KITTS AND NEVIS', '1869', '1', '1', '2019-01-09 09:58:14', null, null), ('110', 'KP', 'KOREA DEMOCRATIC PEOPLES REPUBLIC OF', '850', '1', '1', '2019-01-09 09:58:14', null, null), ('111', 'KR', 'KOREA REPUBLIC OF', '82', '1', '1', '2019-01-09 09:58:14', null, null), ('112', 'KW', 'KUWAIT', '965', '1', '1', '2019-01-09 09:58:14', null, null), ('113', 'KY', 'CAYMAN ISLANDS', '1345', '1', '1', '2019-01-09 09:58:14', null, null), ('114', 'KZ', 'KAZAKSTAN', '7', '1', '1', '2019-01-09 09:58:14', null, null), ('115', 'LA', 'LAO PEOPLES DEMOCRATIC REPUBLIC', '856', '1', '1', '2019-01-09 09:58:14', null, null), ('116', 'LB', 'LEBANON', '961', '1', '1', '2019-01-09 09:58:14', null, null), ('117', 'LC', 'SAINT LUCIA', '1758', '1', '1', '2019-01-09 09:58:14', null, null), ('118', 'LI', 'LIECHTENSTEIN', '423', '1', '1', '2019-01-09 09:58:14', null, null), ('119', 'LK', 'SRI LANKA', '94', '1', '1', '2019-01-09 09:58:14', null, null), ('120', 'LR', 'LIBERIA', '231', '1', '1', '2019-01-09 09:58:14', null, null), ('121', 'LS', 'LESOTHO', '266', '1', '1', '2019-01-09 09:58:14', null, null), ('122', 'LT', 'LITHUANIA', '370', '1', '1', '2019-01-09 09:58:14', null, null), ('123', 'LU', 'LUXEMBOURG', '352', '1', '1', '2019-01-09 09:58:14', null, null), ('124', 'LV', 'LATVIA', '371', '1', '1', '2019-01-09 09:58:14', null, null), ('125', 'LY', 'LIBYAN ARAB JAMAHIRIYA', '218', '1', '1', '2019-01-09 09:58:14', null, null), ('126', 'MA', 'MOROCCO', '212', '1', '1', '2019-01-09 09:58:14', null, null), ('127', 'MC', 'MONACO', '377', '1', '1', '2019-01-09 09:58:14', null, null), ('128', 'MD', 'MOLDOVA, REPUBLIC OF', '373', '1', '1', '2019-01-09 09:58:14', null, null), ('129', 'ME', 'MONTENEGRO', '382', '1', '1', '2019-01-09 09:58:14', null, null), ('130', 'MF', 'SAINT MARTIN', '1599', '1', '1', '2019-01-09 09:58:14', null, null), ('131', 'MG', 'MADAGASCAR', '261', '1', '1', '2019-01-09 09:58:14', null, null), ('132', 'MH', 'MARSHALL ISLANDS', '692', '1', '1', '2019-01-09 09:58:14', null, null), ('133', 'MK', 'MACEDONIA, THE FORMER YUGOSLAV REPUBLIC OF', '389', '1', '1', '2019-01-09 09:58:14', null, null), ('134', 'ML', 'MALI', '223', '1', '1', '2019-01-09 09:58:14', null, null), ('135', 'MM', 'MYANMAR', '95', '1', '1', '2019-01-09 09:58:14', null, null), ('136', 'MN', 'MONGOLIA', '976', '1', '1', '2019-01-09 09:58:14', null, null), ('137', 'MO', 'MACAU', '853', '1', '1', '2019-01-09 09:58:14', null, null), ('138', 'MP', 'NORTHERN MARIANA ISLANDS', '1670', '1', '1', '2019-01-09 09:58:14', null, null), ('139', 'MR', 'MAURITANIA', '222', '1', '1', '2019-01-09 09:58:14', null, null), ('140', 'MS', 'MONTSERRAT', '1664', '1', '1', '2019-01-09 09:58:14', null, null), ('141', 'MT', 'MALTA', '356', '1', '1', '2019-01-09 09:58:14', null, null), ('142', 'MU', 'MAURITIUS', '230', '1', '1', '2019-01-09 09:58:14', null, null), ('143', 'MV', 'MALDIVES', '960', '1', '1', '2019-01-09 09:58:14', null, null), ('144', 'MW', 'MALAWI', '265', '1', '1', '2019-01-09 09:58:14', null, null), ('145', 'MX', 'MEXICO', '52', '1', '1', '2019-01-09 09:58:14', null, null), ('146', 'MY', 'MALAYSIA', '60', '1', '1', '2019-01-09 09:58:14', null, null), ('147', 'MZ', 'MOZAMBIQUE', '258', '1', '1', '2019-01-09 09:58:14', null, null), ('148', 'NA', 'NAMIBIA', '264', '1', '1', '2019-01-09 09:58:14', null, null), ('149', 'NC', 'NEW CALEDONIA', '687', '1', '1', '2019-01-09 09:58:14', null, null), ('150', 'NE', 'NIGER', '227', '1', '1', '2019-01-09 09:58:14', null, null), ('151', 'NG', 'NIGERIA', '234', '1', '1', '2019-01-09 09:58:14', null, null), ('152', 'NI', 'NICARAGUA', '505', '1', '1', '2019-01-09 09:58:14', null, null), ('153', 'NL', 'NETHERLANDS', '31', '1', '1', '2019-01-09 09:58:14', null, null), ('154', 'NO', 'NORWAY', '47', '1', '1', '2019-01-09 09:58:14', null, null), ('155', 'NP', 'NEPAL', '977', '1', '1', '2019-01-09 09:58:14', null, null), ('156', 'NR', 'NAURU', '674', '1', '1', '2019-01-09 09:58:14', null, null), ('157', 'NU', 'NIUE', '683', '1', '1', '2019-01-09 09:58:14', null, null), ('158', 'NZ', 'NEW ZEALAND', '64', '1', '1', '2019-01-09 09:58:14', null, null), ('159', 'OM', 'OMAN', '968', '1', '1', '2019-01-09 09:58:14', null, null), ('160', 'PA', 'PANAMA', '507', '1', '1', '2019-01-09 09:58:14', null, null), ('161', 'PE', 'PERU', '51', '1', '1', '2019-01-09 09:58:14', null, null), ('162', 'PF', 'FRENCH POLYNESIA', '689', '1', '1', '2019-01-09 09:58:14', null, null), ('163', 'PG', 'PAPUA NEW GUINEA', '675', '1', '1', '2019-01-09 09:58:14', null, null), ('164', 'PH', 'PHILIPPINES', '63', '1', '1', '2019-01-09 09:58:14', null, null), ('165', 'PK', 'PAKISTAN', '92', '1', '1', '2019-01-09 09:58:14', null, null), ('166', 'PL', 'POLAND', '48', '1', '1', '2019-01-09 09:58:14', null, null), ('167', 'PM', 'SAINT PIERRE AND MIQUELON', '508', '1', '1', '2019-01-09 09:58:14', null, null), ('168', 'PN', 'PITCAIRN', '870', '1', '1', '2019-01-09 09:58:14', null, null), ('169', 'PR', 'PUERTO RICO', '1', '1', '1', '2019-01-09 09:58:14', null, null), ('170', 'PT', 'PORTUGAL', '351', '1', '1', '2019-01-09 09:58:14', null, null), ('171', 'PW', 'PALAU', '680', '1', '1', '2019-01-09 09:58:14', null, null), ('172', 'PY', 'PARAGUAY', '595', '1', '1', '2019-01-09 09:58:14', null, null), ('173', 'QA', 'QATAR', '974', '1', '1', '2019-01-09 09:58:14', null, null), ('174', 'RO', 'ROMANIA', '40', '1', '1', '2019-01-09 09:58:14', null, null), ('175', 'RS', 'SERBIA', '381', '1', '1', '2019-01-09 09:58:14', null, null), ('176', 'RU', 'RUSSIAN FEDERATION', '7', '1', '1', '2019-01-09 09:58:14', null, null), ('177', 'RW', 'RWANDA', '250', '1', '1', '2019-01-09 09:58:14', null, null), ('178', 'SA', 'SAUDI ARABIA', '966', '1', '1', '2019-01-09 09:58:14', null, null), ('179', 'SB', 'SOLOMON ISLANDS', '677', '1', '1', '2019-01-09 09:58:14', null, null), ('180', 'SC', 'SEYCHELLES', '248', '1', '1', '2019-01-09 09:58:14', null, null), ('181', 'SD', 'SUDAN', '249', '1', '1', '2019-01-09 09:58:14', null, null), ('182', 'SE', 'SWEDEN', '46', '1', '1', '2019-01-09 09:58:14', null, null), ('183', 'SG', 'SINGAPORE', '65', '1', '1', '2019-01-09 09:58:14', null, null), ('184', 'SH', 'SAINT HELENA', '290', '1', '1', '2019-01-09 09:58:14', null, null), ('185', 'SI', 'SLOVENIA', '386', '1', '1', '2019-01-09 09:58:14', null, null), ('186', 'SK', 'SLOVAKIA', '421', '1', '1', '2019-01-09 09:58:14', null, null), ('187', 'SL', 'SIERRA LEONE', '232', '1', '1', '2019-01-09 09:58:14', null, null), ('188', 'SM', 'SAN MARINO', '378', '1', '1', '2019-01-09 09:58:14', null, null), ('189', 'SN', 'SENEGAL', '221', '1', '1', '2019-01-09 09:58:14', null, null), ('190', 'SO', 'SOMALIA', '252', '1', '1', '2019-01-09 09:58:14', null, null), ('191', 'SR', 'SURINAME', '597', '1', '1', '2019-01-09 09:58:14', null, null), ('192', 'ST', 'SAO TOME AND PRINCIPE', '239', '1', '1', '2019-01-09 09:58:14', null, null), ('193', 'SV', 'EL SALVADOR', '503', '1', '1', '2019-01-09 09:58:14', null, null), ('194', 'SY', 'SYRIAN ARAB REPUBLIC', '963', '1', '1', '2019-01-09 09:58:14', null, null), ('195', 'SZ', 'SWAZILAND', '268', '1', '1', '2019-01-09 09:58:14', null, null), ('196', 'TC', 'TURKS AND CAICOS ISLANDS', '1649', '1', '1', '2019-01-09 09:58:14', null, null), ('197', 'TD', 'CHAD', '235', '1', '1', '2019-01-09 09:58:14', null, null), ('198', 'TG', 'TOGO', '228', '1', '1', '2019-01-09 09:58:14', null, null), ('199', 'TH', 'THAILAND', '66', '1', '1', '2019-01-09 09:58:14', null, null), ('200', 'TJ', 'TAJIKISTAN', '992', '1', '1', '2019-01-09 09:58:14', null, null), ('201', 'TK', 'TOKELAU', '690', '1', '1', '2019-01-09 09:58:14', null, null), ('202', 'TL', 'TIMOR-LESTE', '670', '1', '1', '2019-01-09 09:58:14', null, null), ('203', 'TM', 'TURKMENISTAN', '993', '1', '1', '2019-01-09 09:58:14', null, null), ('204', 'TN', 'TUNISIA', '216', '1', '1', '2019-01-09 09:58:14', null, null), ('205', 'TO', 'TONGA', '676', '1', '1', '2019-01-09 09:58:14', null, null), ('206', 'TR', 'TURKEY', '90', '1', '1', '2019-01-09 09:58:14', null, null), ('207', 'TT', 'TRINIDAD AND TOBAGO', '1868', '1', '1', '2019-01-09 09:58:14', null, null), ('208', 'TV', 'TUVALU', '688', '1', '1', '2019-01-09 09:58:14', null, null), ('209', 'TW', 'TAIWAN, PROVINCE OF CHINA', '886', '1', '1', '2019-01-09 09:58:14', null, null), ('210', 'TZ', 'TANZANIA, UNITED REPUBLIC OF', '255', '1', '1', '2019-01-09 09:58:14', null, null), ('211', 'UA', 'UKRAINE', '380', '1', '1', '2019-01-09 09:58:14', null, null), ('212', 'UG', 'UGANDA', '256', '1', '1', '2019-01-09 09:58:14', null, null), ('213', 'US', 'UNITED STATES', '1', '1', '1', '2019-01-09 09:58:14', null, null), ('214', 'UY', 'URUGUAY', '598', '1', '1', '2019-01-09 09:58:14', null, null), ('215', 'UZ', 'UZBEKISTAN', '998', '1', '1', '2019-01-09 09:58:14', null, null), ('216', 'VA', 'HOLY SEE (VATICAN CITY STATE)', '39', '1', '1', '2019-01-09 09:58:14', null, null), ('217', 'VC', 'SAINT VINCENT AND THE GRENADINES', '1784', '1', '1', '2019-01-09 09:58:14', null, null), ('218', 'VE', 'VENEZUELA', '58', '1', '1', '2019-01-09 09:58:14', null, null), ('219', 'VG', 'VIRGIN ISLANDS, BRITISH', '1284', '1', '1', '2019-01-09 09:58:14', null, null), ('220', 'VI', 'VIRGIN ISLANDS, U.S.', '1340', '1', '1', '2019-01-09 09:58:14', null, null), ('221', 'VN', 'VIET NAM', '84', '1', '1', '2019-01-09 09:58:14', null, null), ('222', 'VU', 'VANUATU', '678', '1', '1', '2019-01-09 09:58:14', null, null), ('223', 'WF', 'WALLIS AND FUTUNA', '681', '1', '1', '2019-01-09 09:58:14', null, null), ('224', 'WS', 'SAMOA', '685', '1', '1', '2019-01-09 09:58:14', null, null), ('225', 'XK', 'KOSOVO', '381', '1', '1', '2019-01-09 09:58:14', null, null), ('226', 'YE', 'YEMEN', '967', '1', '1', '2019-01-09 09:58:14', null, null), ('227', 'YT', 'MAYOTTE', '262', '1', '1', '2019-01-09 09:58:14', null, null), ('228', 'ZA', 'SOUTH AFRICA', '27', '1', '1', '2019-01-09 09:58:14', null, null), ('229', 'ZM', 'ZAMBIA', '260', '1', '1', '2019-01-09 09:58:14', null, null), ('230', 'ZW', 'ZIMBABWE', '263', '1', '1', '2019-01-09 09:58:14', null, null);
COMMIT;

-- ----------------------------
--  Table structure for `data_option_prefix`
-- ----------------------------
DROP TABLE IF EXISTS `data_option_prefix`;
CREATE TABLE `data_option_prefix` (
  `id` int(11) NOT NULL AUTO_INCREMENT,
  `names` varchar(250) NOT NULL,
  `updated_by` int(11) DEFAULT NULL,
  `updated_date` datetime DEFAULT NULL,
  `status` int(1) DEFAULT NULL,
  `created_by` int(11) DEFAULT NULL,
  `created_date` datetime DEFAULT NULL,
  PRIMARY KEY (`id`) USING BTREE
) ENGINE=InnoDB AUTO_INCREMENT=6 DEFAULT CHARSET=utf8 ROW_FORMAT=COMPACT;

-- ----------------------------
--  Records of `data_option_prefix`
-- ----------------------------
BEGIN;
INSERT INTO `data_option_prefix` VALUES ('1', 'Mr.', '1', '2017-12-11 15:34:00', '1', '1', '2017-12-13 17:15:11'), ('2', 'Ms.', '1', '2017-12-11 15:34:08', '1', '1', '2017-12-13 17:15:11'), ('3', 'Mrs.', '1', '2017-12-11 15:34:05', '1', '1', '2017-12-13 17:15:11'), ('4', 'Dr.', '1', '2017-12-11 15:34:03', '1', '1', '2017-12-13 17:15:11'), ('5', 'Prof.', '1', '2017-12-13 17:14:59', '1', '1', '2017-12-13 17:15:11');
COMMIT;

-- ----------------------------
--  Table structure for `department`
-- ----------------------------
DROP TABLE IF EXISTS `department`;
CREATE TABLE `department` (
  `id` int(11) NOT NULL AUTO_INCREMENT,
  `name` varchar(255) COLLATE utf8_unicode_ci DEFAULT NULL,
  `phone_number` varchar(255) COLLATE utf8_unicode_ci DEFAULT NULL,
  `email` varchar(255) COLLATE utf8_unicode_ci DEFAULT NULL,
  `description` text COLLATE utf8_unicode_ci,
  `created_date` datetime DEFAULT NULL,
  `created_by` int(11) DEFAULT NULL,
  `updated_date` datetime DEFAULT NULL,
  `updated_by` int(11) DEFAULT NULL,
  `status` tinyint(1) DEFAULT NULL,
  PRIMARY KEY (`id`)
) ENGINE=InnoDB AUTO_INCREMENT=6 DEFAULT CHARSET=utf8 COLLATE=utf8_unicode_ci;

-- ----------------------------
--  Records of `department`
-- ----------------------------
BEGIN;
INSERT INTO `department` VALUES ('1', 'Sales Consultant', '(+855) 15 710 698 | 85 700 976', 'sales@eocambo.com', '', '2019-07-31 08:45:59', '1', '2019-09-02 08:19:10', '1', '1'), ('2', 'HLS Support', '(+855) 69 955 179 | 77 466 082', 'support@eocambo.com', '', '2019-07-31 08:52:28', '1', '2019-09-02 08:19:33', '1', '1'), ('3', 'Web Development', null, null, '', '2019-07-31 08:53:35', '1', '2019-07-31 08:54:39', '1', '1'), ('4', 'Web Application Development', null, null, '', '2019-07-31 08:54:29', '1', '2019-07-31 08:55:16', '1', '1'), ('5', 'Finance & Accountant', '(+855) 15 710 697 | 78 386 916', 'accountants@eocambo.com', '', '2019-09-02 08:20:14', '1', null, null, '1');
COMMIT;

-- ----------------------------
--  Table structure for `document`
-- ----------------------------
DROP TABLE IF EXISTS `document`;
CREATE TABLE `document` (
  `id` int(11) NOT NULL AUTO_INCREMENT,
  `file_name` varchar(255) COLLATE utf8_unicode_ci NOT NULL,
  `file_size` float DEFAULT '0',
  `id_folder` int(11) DEFAULT '0',
  `id_membership_profile` int(11) DEFAULT NULL,
  `file_path` varchar(255) COLLATE utf8_unicode_ci NOT NULL,
  `thumbnail` varchar(255) COLLATE utf8_unicode_ci DEFAULT NULL,
  `description` varchar(255) COLLATE utf8_unicode_ci DEFAULT NULL,
  `created_by` int(11) NOT NULL,
  `created_date` datetime NOT NULL,
  `updated_date` datetime DEFAULT NULL,
  `updated_by` int(11) DEFAULT NULL,
  `status` int(1) DEFAULT '1',
  `document_permission` int(1) DEFAULT NULL,
  `id_event_list` int(11) DEFAULT NULL,
  `id_employee_profile` int(11) DEFAULT NULL,
  `id_customer_profile` int(11) DEFAULT NULL,
  `id_project` int(11) DEFAULT NULL,
  `id_contract` int(11) DEFAULT NULL,
  `id_lead_profile` int(11) DEFAULT NULL,
  `id_standard_operation_procedure_set_up` int(11) DEFAULT NULL,
  PRIMARY KEY (`id`)
) ENGINE=InnoDB AUTO_INCREMENT=26 DEFAULT CHARSET=utf8 COLLATE=utf8_unicode_ci;

-- ----------------------------
--  Records of `document`
-- ----------------------------
BEGIN;
INSERT INTO `document` VALUES ('4', '57104146_1377043512450167_9075191554859073536_n.jpg', '81940', '1', '1', 'uploads/membership-document/1/57104146_1377043512450167_9075191554859073536_n-15623112285d1efa3c894d4869213136.jpg', 'uploads/thumb/membership-document/1/57104146_1377043512450167_9075191554859073536_n-15623112285d1efa3c894d4869213136.jpg', null, '1', '2019-07-05 14:20:28', null, null, '1', null, null, null, null, null, null, null, null), ('5', '52596283_2220527318168528_2530170177580957696_n.jpg', '47326', '1', '1', 'uploads/membership-document/1/52596283_2220527318168528_2530170177580957696_n-15623112285d1efa3c9194c121627248.jpg', 'uploads/thumb/membership-document/1/52596283_2220527318168528_2530170177580957696_n-15623112285d1efa3c9194c121627248.jpg', null, '1', '2019-07-05 14:20:28', null, null, '1', null, null, null, null, null, null, null, null), ('6', '56985548_2353252254739876_8250224265392029696_o56985548_2353252254739876_8250224265392029696_o.jpg', '159030', '1', '1', 'uploads/membership-document/1/56985548_2353252254739876_8250224265392029696_o56985548_2353252254739876_8250224265392029696_o-15623112285d1efa3cc82d9168525055.jpg', 'uploads/thumb/membership-document/1/56985548_2353252254739876_8250224265392029696_o56985548_2353252254739876_8250224265392029696_o-15623112285d1efa3cc82d9168525055.jpg', null, '1', '2019-07-05 14:20:28', null, null, '1', null, null, null, null, null, null, null, null), ('7', '54518064_2315729361825499_4920409878276603904_o.jpg', '270669', '1', '1', 'uploads/membership-document/1/54518064_2315729361825499_4920409878276603904_o-15623112285d1efa3cc7271651392740.jpg', 'uploads/thumb/membership-document/1/54518064_2315729361825499_4920409878276603904_o-15623112285d1efa3cc7271651392740.jpg', null, '1', '2019-07-05 14:20:29', null, null, '1', null, null, null, null, null, null, null, null), ('16', '64928238_1098443577031984_1099220682396401664_o.jpg', '89372', '10', null, 'uploads/event-list/10/64928238_1098443577031984_1099220682396401664_o-15626829075d24a61b7e9e4082376956.jpg', 'uploads/thumb/event-list/10/64928238_1098443577031984_1099220682396401664_o-15626829075d24a61b7e9e4082376956.jpg', null, '1', '2019-07-09 21:35:07', null, null, '1', null, '1', null, null, null, null, null, null), ('17', '65372280_425946121583765_6722478276213735424_n.jpg', '74886', '10', null, 'uploads/event-list/10/65372280_425946121583765_6722478276213735424_n-15626829075d24a61bb0275554885744.jpg', 'uploads/thumb/event-list/10/65372280_425946121583765_6722478276213735424_n-15626829075d24a61bb0275554885744.jpg', null, '1', '2019-07-09 21:35:07', null, null, '1', null, '1', null, null, null, null, null, null), ('18', 'back & restore up your email in outlook.pdf', '484367', '10', null, 'uploads/event-list/10/back & restore up your email in outlook-15626829075d24a61bbe5d7258535004.pdf', 'thumbs/icon-pdf.png', null, '1', '2019-07-09 21:35:07', null, null, '1', null, '1', null, null, null, null, null, null), ('19', 'index.pdf', '74249', '10', null, 'uploads/event-list/10/index-15626829075d24a61bd3b65560427912.pdf', 'thumbs/icon-pdf.png', null, '1', '2019-07-09 21:35:07', null, null, '1', null, '1', null, null, null, null, null, null), ('20', 'workbook39.pdf', '1161160', '12', '3', 'uploads/membership-document/12/workbook39-15628498975d273269e9c05434389592.pdf', 'thumbs/icon-pdf.png', null, '1', '2019-07-11 19:58:17', null, null, '1', null, null, null, null, null, null, null, null), ('22', 'screen shot 2019-07-16 at 2.01.40 pm.png', '231686', '13', null, 'uploads/document/13/screen shot 2019-07-16 at 2.01.40 pm-15632648255d2d8739e8ebd353060293.png', 'uploads/thumb/document/13/screen shot 2019-07-16 at 2.01.40 pm-15632648255d2d8739e8ebd353060293.png', null, '1', '2019-07-16 15:13:46', null, null, '1', '2', null, null, null, null, null, null, null), ('23', 'mpdf.pdf', '68239', '13', null, 'uploads/document/13/mpdf-15632648575d2d875916d3e416123878.pdf', 'thumbs/icon-pdf.png', null, '1', '2019-07-16 15:14:17', null, null, '1', '2', null, null, null, null, null, null, null), ('24', 'dwfoxv3umaeo7kj.jpg', '113405', '14', null, 'uploads/project/14/dwfoxv3umaeo7kj-15640430285d3967143bf40546473936.jpg', 'uploads/thumb/project/14/dwfoxv3umaeo7kj-15640430285d3967143bf40546473936.jpg', null, '1', '2019-07-25 15:23:48', null, null, '1', null, null, null, null, '7', null, null, null), ('25', '681275_button_512x512.png', '9728', '17', null, 'uploads/standard-operation-procedure-set-up/17/681275_button_512x512-15668043125d638958869f9886021568.png', 'uploads/thumb/standard-operation-procedure-set-up/17/681275_button_512x512-15668043125d638958869f9886021568.png', null, '14', '2019-08-26 14:25:12', null, null, '1', null, null, null, null, null, null, null, '1');
COMMIT;

-- ----------------------------
--  Table structure for `document_format`
-- ----------------------------
DROP TABLE IF EXISTS `document_format`;
CREATE TABLE `document_format` (
  `id` int(11) NOT NULL AUTO_INCREMENT,
  `id_type` int(11) DEFAULT NULL,
  `name` varchar(20) DEFAULT NULL,
  PRIMARY KEY (`id`)
) ENGINE=InnoDB AUTO_INCREMENT=9 DEFAULT CHARSET=utf8;

-- ----------------------------
--  Records of `document_format`
-- ----------------------------
BEGIN;
INSERT INTO `document_format` VALUES ('1', '1', 'INV'), ('2', '2', 'REC'), ('3', '3', 'EXP'), ('4', '4', 'PRO'), ('5', '5', 'QUT'), ('6', '6', 'ADV'), ('7', '7', 'PRE'), ('8', '8', 'ERO');
COMMIT;

-- ----------------------------
--  Table structure for `employee_position`
-- ----------------------------
DROP TABLE IF EXISTS `employee_position`;
CREATE TABLE `employee_position` (
  `id` int(11) NOT NULL AUTO_INCREMENT,
  `position_type` varchar(255) COLLATE utf8_unicode_ci DEFAULT NULL,
  `description` text COLLATE utf8_unicode_ci,
  `created_date` datetime DEFAULT NULL,
  `created_by` int(11) DEFAULT NULL,
  `updated_date` datetime DEFAULT NULL,
  `updated_by` int(11) DEFAULT NULL,
  `status` int(1) DEFAULT NULL,
  `id_department` int(11) DEFAULT NULL,
  PRIMARY KEY (`id`)
) ENGINE=InnoDB AUTO_INCREMENT=8 DEFAULT CHARSET=utf8 COLLATE=utf8_unicode_ci;

-- ----------------------------
--  Records of `employee_position`
-- ----------------------------
BEGIN;
INSERT INTO `employee_position` VALUES ('1', 'Office Manager', '<p style=\"padding: 0px 10px 0px 0px; font-variant-numeric: normal; font-variant-east-asian: normal; font-stretch: normal; font-size: 16px; line-height: 24px; font-family: Roboto, sans-serif; color: rgba(0, 0, 0, 0.87);\"><em>This&nbsp;office manager&nbsp;sample job description can assist in your creating a job application that will attract job candidates who are qualified for the job. Feel free to revise this job description to meet your specific job duties and job requirements.</em></p><h2 style=\"font-variant-numeric: normal; font-variant-east-asian: normal; font-weight: 400; font-stretch: normal; font-size: 18px; line-height: 25px; font-family: Roboto, sans-serif; color: rgba(0, 0, 0, 0.87); margin-top: 30px; margin-right: 0px; margin-left: 0px; padding: 0px;\">Office Manager Job Responsibilities:</h2><p style=\"padding: 0px 10px 0px 0px; font-variant-numeric: normal; font-variant-east-asian: normal; font-stretch: normal; font-size: 16px; line-height: 24px; font-family: Roboto, sans-serif; color: rgba(0, 0, 0, 0.87);\">Supports company operations by maintaining office systems and supervising staff.</p><h2 style=\"font-variant-numeric: normal; font-variant-east-asian: normal; font-weight: 400; font-stretch: normal; font-size: 18px; line-height: 25px; font-family: Roboto, sans-serif; color: rgba(0, 0, 0, 0.87); margin-top: 30px; margin-right: 0px; margin-left: 0px; padding: 0px;\">Office Manager Job Duties:</h2><ul style=\"color: rgba(0, 0, 0, 0.87); font-family: Roboto, sans-serif; font-size: 16px;\"><li>Maintains office services by organizing office operations and procedures; preparing payroll; controlling correspondence; designing filing systems; reviewing and approving supply requisitions; assigning and monitoring clerical functions.</li><li>Provides historical reference by defining procedures for retention, protection, retrieval, transfer, and disposal of records.</li><li>Maintains office efficiency by planning and implementing office systems, layouts, and equipment procurement.</li><li>Designs and implements office policies by establishing standards and procedures; measuring results against standards; making necessary adjustments.</li><li>Completes operational requirements by scheduling and assigning employees; following up on work results.</li><li>Keeps management informed by reviewing and analyzing special reports; summarizing information; identifying trends.</li><li>Maintains office staff by recruiting, selecting, orienting, and training employees.</li><li>Maintains office staff job results by coaching, counseling, and disciplining employees; planning, monitoring, and appraising job results.</li><li>Maintains professional and technical knowledge by attending educational workshops; reviewing professional publications; establishing personal networks; participating in professional societies.</li><li>Achieves financial objectives by preparing an annual budget; scheduling expenditures; analyzing variances; initiating corrective actions.</li><li>Contributes to team effort by accomplishing related results as needed.</li></ul><h2 style=\"font-variant-numeric: normal; font-variant-east-asian: normal; font-weight: 400; font-stretch: normal; font-size: 18px; line-height: 25px; font-family: Roboto, sans-serif; color: rgba(0, 0, 0, 0.87); margin-top: 30px; margin-right: 0px; margin-left: 0px; padding: 0px;\">Office Manager Skills and Qualifications:</h2><p style=\"padding: 0px 10px 0px 0px; font-variant-numeric: normal; font-variant-east-asian: normal; font-stretch: normal; font-size: 16px; line-height: 24px; font-family: Roboto, sans-serif; color: rgba(0, 0, 0, 0.87);\">Supply Management, Informing Others, Tracking Budget Expenses, Delegation, Staffing, Managing Processes, Supervision, Developing Standards, Promoting Process Improvement, Inventory Control, Reporting Skills</p>', '2019-04-18 15:55:50', '1', '2019-07-31 10:46:26', '1', '1', '2'), ('2', 'Web Application Developer', '', '2019-07-19 10:51:14', '1', '2019-08-05 14:13:06', '15', '1', '4'), ('3', 'Senior - Web Application Developer', '', '2019-07-19 10:51:24', '1', '2019-08-05 14:13:26', '15', '1', '4'), ('4', 'Senior - Sales Consultant', '', '2019-07-19 10:51:32', '1', '2019-08-30 15:14:29', '1', '1', '1'), ('5', 'HLS Support', '', '2019-08-03 09:01:54', '13', null, null, '1', '2'), ('6', 'Web Developer', '', '2019-08-05 14:14:08', '15', null, null, '1', '3'), ('7', 'Sale Consultant', '', '2019-08-05 14:28:08', '15', null, null, '1', '1');
COMMIT;

-- ----------------------------
--  Table structure for `employee_profile`
-- ----------------------------
DROP TABLE IF EXISTS `employee_profile`;
CREATE TABLE `employee_profile` (
  `id` int(11) NOT NULL AUTO_INCREMENT,
  `id_prefix` varchar(50) COLLATE utf8_unicode_ci NOT NULL,
  `first_name` varchar(255) COLLATE utf8_unicode_ci NOT NULL,
  `last_name` varchar(255) COLLATE utf8_unicode_ci NOT NULL,
  `join_date` date DEFAULT NULL,
  `date_of_birth` date DEFAULT NULL,
  `place_of_birth` varchar(255) COLLATE utf8_unicode_ci DEFAULT NULL,
  `sex` varchar(8) COLLATE utf8_unicode_ci DEFAULT NULL,
  `nationality` int(11) NOT NULL,
  `address` varchar(255) COLLATE utf8_unicode_ci NOT NULL,
  `id_country` int(11) DEFAULT NULL,
  `id_city` int(11) DEFAULT NULL,
  `marital_status` varchar(20) COLLATE utf8_unicode_ci DEFAULT NULL,
  `phone_number` varchar(255) COLLATE utf8_unicode_ci DEFAULT NULL,
  `id_department` int(11) DEFAULT NULL,
  `email` varchar(255) COLLATE utf8_unicode_ci DEFAULT NULL,
  `id_position` int(11) DEFAULT NULL,
  `username` varchar(255) COLLATE utf8_unicode_ci NOT NULL,
  `password` varchar(255) COLLATE utf8_unicode_ci NOT NULL,
  `confirm_password` varchar(255) COLLATE utf8_unicode_ci NOT NULL,
  `description` text COLLATE utf8_unicode_ci,
  `created_date` datetime DEFAULT NULL,
  `created_by` int(11) DEFAULT NULL,
  `updated_date` datetime DEFAULT NULL,
  `updated_by` int(11) DEFAULT NULL,
  `status` int(1) DEFAULT NULL,
  `img_url` varchar(255) COLLATE utf8_unicode_ci DEFAULT NULL,
  `id_user_type` int(11) DEFAULT NULL,
  `job_description` text COLLATE utf8_unicode_ci,
  `employee_code` varchar(255) COLLATE utf8_unicode_ci DEFAULT NULL,
  `employee_joint_date` date DEFAULT NULL,
  `basic_salary` decimal(10,2) DEFAULT NULL,
  PRIMARY KEY (`id`)
) ENGINE=InnoDB AUTO_INCREMENT=17 DEFAULT CHARSET=utf8 COLLATE=utf8_unicode_ci;

-- ----------------------------
--  Records of `employee_profile`
-- ----------------------------
BEGIN;
INSERT INTO `employee_profile` VALUES ('1', 'Mr.', 'Men', 'Robaer', null, null, '', null, '56', 'Kok Chork, Siem Reap', '56', '21', 'Single', '069 544 447', '3', 'pov@eocambo.com', '2', 'pov', '', '', '', '2019-08-03 08:46:40', '1', '2019-09-01 22:11:32', '1', '1', '28', '1', '', '', null, '200.00'), ('2', 'Mr.', 'THEOM', 'Buntheoun (Maco)', '2015-05-25', '1992-12-02', 'Siem Reap', '0', '56', 'Siem reap', '56', '21', '', '010 448 054', '2', 'theombuntheoun@gmail.com', '1', 'maco', '', '', '', '2019-08-03 08:49:44', '1', '2019-09-03 16:05:46', '13', '1', '43', '1', '<p style=\"padding: 0px 10px 0px 0px; font-variant-numeric: normal; font-variant-east-asian: normal; font-stretch: normal; font-size: 16px; line-height: 24px; font-family: Roboto, sans-serif; color: rgba(0, 0, 0, 0.87);\"><em>This&nbsp;office manager&nbsp;sample job description can assist in your creating a job application that will attract job candidates who are qualified for the job. Feel free to revise this job description to meet your specific job duties and job requirements.</em></p><h2 style=\"font-variant-numeric: normal; font-variant-east-asian: normal; font-weight: 400; font-stretch: normal; font-size: 18px; line-height: 25px; font-family: Roboto, sans-serif; color: rgba(0, 0, 0, 0.87); margin-top: 30px; margin-right: 0px; margin-left: 0px; padding: 0px;\">Office Manager Job Responsibilities:</h2><p style=\"padding: 0px 10px 0px 0px; font-variant-numeric: normal; font-variant-east-asian: normal; font-stretch: normal; font-size: 16px; line-height: 24px; font-family: Roboto, sans-serif; color: rgba(0, 0, 0, 0.87);\">Supports company operations by maintaining office systems and supervising staff.</p><h2 style=\"font-variant-numeric: normal; font-variant-east-asian: normal; font-weight: 400; font-stretch: normal; font-size: 18px; line-height: 25px; font-family: Roboto, sans-serif; color: rgba(0, 0, 0, 0.87); margin-top: 30px; margin-right: 0px; margin-left: 0px; padding: 0px;\">Office Manager Job Duties:</h2><ul style=\"color: rgba(0, 0, 0, 0.87); font-family: Roboto, sans-serif; font-size: 16px;\"><li>Maintains office services by organizing office operations and procedures; preparing payroll; controlling correspondence; designing filing systems; reviewing and approving supply requisitions; assigning and monitoring clerical functions.</li><li>Provides historical reference by defining procedures for retention, protection, retrieval, transfer, and disposal of records.</li><li>Maintains office efficiency by planning and implementing office systems, layouts, and equipment procurement.</li><li>Designs and implements office policies by establishing standards and procedures; measuring results against standards; making necessary adjustments.</li><li>Completes operational requirements by scheduling and assigning employees; following up on work results.</li><li>Keeps management informed by reviewing and analyzing special reports; summarizing information; identifying trends.</li><li>Maintains office staff by recruiting, selecting, orienting, and training employees.</li><li>Maintains office staff job results by coaching, counseling, and disciplining employees; planning, monitoring, and appraising job results.</li><li>Maintains professional and technical knowledge by attending educational workshops; reviewing professional publications; establishing personal networks; participating in professional societies.</li><li>Achieves financial objectives by preparing an annual budget; scheduling expenditures; analyzing variances; initiating corrective actions.</li><li>Contributes to team effort by accomplishing related results as needed.</li></ul><h2 style=\"font-variant-numeric: normal; font-variant-east-asian: normal; font-weight: 400; font-stretch: normal; font-size: 18px; line-height: 25px; font-family: Roboto, sans-serif; color: rgba(0, 0, 0, 0.87); margin-top: 30px; margin-right: 0px; margin-left: 0px; padding: 0px;\">Office Manager Skills and Qualifications:</h2><p style=\"padding: 0px 10px 0px 0px; font-variant-numeric: normal; font-variant-east-asian: normal; font-stretch: normal; font-size: 16px; line-height: 24px; font-family: Roboto, sans-serif; color: rgba(0, 0, 0, 0.87);\">Supply Management, Informing Others, Tracking Budget Expenses, Delegation, Staffing, Managing Processes, Supervision, Developing Standards, Promoting Process Improvement, Inventory Control, Reporting Skills</p>', '', null, '100.00'), ('3', 'Mr.', 'Saody', 'Phal', '2017-12-01', null, '', '0', '56', 'Kok Chork, Siem Reap', '56', '21', 'Single', '087 691 777', '3', 'saody@eocambo.com', '2', 'saody', '', '', '', '2019-08-03 08:52:43', '12', '2019-09-03 16:20:09', '14', '1', '38', '1', '', '', null, '150.00'), ('4', 'Ms.', 'Maranet', 'Mey', '2018-02-07', '1996-06-24', 'Phnom Penh', '0', '56', 'Siem reap', '56', '21', 'Single', '086 907 907', '3', 'maranet@eocambo.com', '6', 'maranet', '', '', '', '2019-08-03 08:58:51', '13', '2019-09-04 09:18:46', '15', '1', '45', '3', '', '', null, '300.00'), ('5', 'Mr.', 'Bunchhay', 'Yoeurn ', '2017-12-11', null, 'Siem Reap', null, '56', 'Siem Reap', '56', '21', 'Single', '096 596 33 22', '2', 'bunchhay@eocambo.com', '5', 'chhay', '123', '123', '', '2019-08-05 13:40:28', null, '2019-08-05 14:41:34', '15', '1', '7', '1', '', null, null, null), ('6', 'Mr.', 'Dararith', 'Kreom ', '2018-01-16', null, '', null, '56', 'Siem reap', '56', '21', 'Single', '096 858 57 89', '3', 'dararith365@gmail.com', '2', 'rith', '123', '123', '', '2019-08-05 13:53:44', null, '2019-08-05 14:42:04', '15', '1', '8', '1', '', null, null, null), ('7', 'Mr.', 'Rachhen', 'Chhun ', '2018-01-03', null, '', null, '56', 'Siem reap', '56', '21', 'Single', '096 967 4239', '3', 'chhunrachhen961@gmail.com', '2', 'chhen', '123', '123', '', '2019-08-05 14:05:36', null, '2019-08-05 14:42:28', '15', '1', '9', '1', '', null, null, null), ('8', 'Mr.', 'Peng Ai', 'Ear ', '2018-06-12', null, '', null, '56', 'Siem reap', '56', null, 'Single', '070 914 156', '3', 'pengai.ear@gmail.com', '2', 'ai', '123', '123', '', '2019-08-05 14:08:38', null, '2019-08-05 14:42:57', '15', '1', '10', '1', '', null, null, null), ('9', 'Mr.', 'Rithyraeck', 'SOEUNG', '2018-05-02', null, '', '0', '56', 'Siem reap', '56', '21', 'Married', '095/010 80 85 90', '1', 'rithyraeck@eocambo.com', '4', 'raeck', '', '', '', '2019-08-05 14:18:58', '15', '2019-09-04 09:18:42', '20', '1', '44', '1', '', '', null, '150.00'), ('10', 'Mr.', 'Mengtry', 'Meas ', '2018-09-13', null, '', null, '56', 'Siem reap', '56', '21', 'Single', '092 30 50 85', '4', 'measmengtry@eocambo.com', '2', 'try', '123', '123', '', '2019-08-05 14:22:11', '15', '2019-08-05 14:43:49', '15', '1', '12', '1', '', null, null, null), ('11', 'Mrs.', 'Theany', 'Uan ', '2019-05-16', null, '', '0', '56', 'Siem Reap', '56', '21', 'Married', '070 307 888', '1', 'uan.theany@gmail.com', '4', 'theany', '', '', '', '2019-08-05 14:24:41', '15', '2019-09-03 11:09:32', '1', '1', null, '2', '', '', null, null), ('12', 'Mr.', 'Pholly', 'Chinh ', '2019-06-01', null, '', '0', '56', 'Siem Reap', '56', '21', 'Single', '010 328 929', '3', 'pholly@eocambo.com', '6', 'pholly', '', '', '', '2019-08-05 14:26:48', '15', '2019-09-04 10:28:28', '23', '1', '49', '4', '', '169', null, null), ('13', 'Ms.', 'Mollika ', 'Ou ', '2019-07-01', null, '', null, '56', 'Siem reap', '56', '21', 'Single', '070 609 640', '1', 'mollikaou070@gmail.com', '7', 'mollika', '123', '123', '', '2019-08-05 14:30:07', '15', null, null, '1', null, '1', '', null, null, null), ('14', 'Ms.', 'Soranick', 'Sen ', '2019-07-10', null, '', null, '56', 'Siem Reap', '56', '21', 'Single', '095 623 523', '1', 'ranick252001@gmail.com', '7', 'ranick', '123', '123', '', '2019-08-05 14:31:59', '15', null, null, '1', null, '1', '', null, null, null), ('15', 'Ms.', 'Hong', 'Ho ', '2019-07-15', null, '', null, '56', 'Siem reap', '56', '21', 'Single', '098 440 005', '1', 'hohong0005@gmail.com', '7', 'hong', '123', '123', '', '2019-08-05 14:33:38', '15', null, null, '1', null, '1', '', null, null, null), ('16', 'Mr.', 'Sao ', 'Nang', '2019-09-01', '1996-12-09', 'Romdeng, Spean Tnoat, Chikraeng, Siem Reap.', '1', '56', 'Thlok Andoung Village, Slor Kram Commune, Siem Reap District, Siem Reap Province.', '56', '21', 'Single', '090493990', '3', 'sainangreall99@gmail.com', '6', 'saonang', '@sai&nang', '@sai&nang', '', '2019-09-04 09:05:45', '1', '2019-09-04 09:50:31', '27', '1', '48', '3', '', '', null, null);
COMMIT;

-- ----------------------------
--  Table structure for `eot_customer`
-- ----------------------------
DROP TABLE IF EXISTS `eot_customer`;
CREATE TABLE `eot_customer` (
  `id` int(11) NOT NULL,
  `name` varchar(255) DEFAULT NULL,
  `address` text,
  `country` int(11) DEFAULT NULL,
  `city` int(11) DEFAULT NULL,
  `postal_code` varchar(255) DEFAULT NULL,
  `contact_person` varchar(255) DEFAULT NULL,
  `general_email` varchar(255) DEFAULT NULL,
  `reservation_email` varchar(255) DEFAULT NULL,
  `invoice_email` varchar(255) DEFAULT NULL,
  `mobile_number_invoice` varchar(255) DEFAULT NULL,
  `main_phone_1` varchar(255) DEFAULT NULL,
  `main_phone_2` varchar(255) DEFAULT NULL,
  `website_url` varchar(255) DEFAULT NULL,
  `accommodation_type` int(11) DEFAULT NULL,
  `star_rating` decimal(10,1) DEFAULT NULL,
  `number_of_rooms` int(11) DEFAULT NULL,
  `sale_date` date DEFAULT NULL,
  `service_agreement` varchar(255) DEFAULT NULL,
  `fee` varchar(255) DEFAULT NULL,
  `status` int(1) DEFAULT NULL,
  `accomodation_stats` int(11) DEFAULT NULL COMMENT '1=lived , 2 = Inprocesing , 0 = Deactived',
  `created_by` int(11) DEFAULT NULL,
  `created_at` datetime DEFAULT NULL,
  `updated_at` datetime DEFAULT NULL,
  `updated_by` int(11) DEFAULT NULL,
  `passed_by` int(11) DEFAULT NULL,
  `handle_by` int(11) DEFAULT NULL,
  `deactivated_at` date DEFAULT NULL,
  `deactivated_reason` text,
  `deactivated_requested_by` varchar(255) DEFAULT NULL,
  `deactivated_requested_contact_detail` text,
  `deactivated_by` int(11) NOT NULL,
  `lived_date` datetime DEFAULT NULL
) ENGINE=InnoDB DEFAULT CHARSET=latin1;

-- ----------------------------
--  Records of `eot_customer`
-- ----------------------------
BEGIN;
INSERT INTO `eot_customer` VALUES ('1', '1920 Hotel ', 'Street #9, Old Market, Siem Reap, Cambodia', '1', '1', '1', 'Mr. Senghak KOL', 'info@1920hotel.com', 'info@1920hotel.com', 'info@1920hotel.com', '+855 63 969 920', '+855 99 915 918', '+855 99 915 918', 'http://the1920.com', '1', '4.0', '10', '2016-05-23', '13', '', null, '2', '12', '2018-09-02 12:59:03', '2018-09-02 12:59:03', '12', '2', '5', '1970-01-01', '', '', '', '4', null), ('4', 'Advaya Residence', 'Vihear Chin Village, Svay Dangkum, Siem Reap', '1', '1', '17252', 'Mr. Korn Kosal', 'gm@advayaresidence.com', 'reservations@advayaresidence.com, gm@advayaresidence.com', 'gm@advayaresidence.com', '+855 17 465 120', '+855 17 465 120', '+855 63 766 365', 'http://advayaresidence.com', '1', '5.0', '17', '2018-08-21', null, '1', null, '2', '12', '2018-11-01 14:01:09', '2018-11-01 14:01:09', '12', '2', '4', '1970-01-01', '', '', '', '4', null), ('5', 'Adventure Hostel Siem Reap', 'Siem Reap, Cambodia', '1', '1', '17252', 'Mr. Chhun Sochetra', 'chhunsochetra@gmail.com', 'thekingteam999@gmail.com', 'thekingteam999@gmail.com', '+855 77 460 077', '+855 12 380 484', '+855 77 460 077', 'http://adventurehostelsiemreap.com', '2', '3.0', '20', '2018-08-21', null, '', null, '2', '12', '2018-11-01 14:02:34', '2018-11-01 14:02:34', '12', '2', '4', '1970-01-01', '', '', '', '4', null), ('6', 'Alibi Guesthouse ', 'Royal Palace, Sothearos Blvd', '1', '2', '17252', 'Mr. Christian Husel', 'info@alibiguesthouse.com', 'info@alibiguesthouse.com', 'info@alibiguesthouse.com', '+855 16 901 590', '+855 88 890 1590', '+855 16 901 590', 'http://alibiguesthouse.com', '4', '4.0', '10', '2018-08-21', null, '', null, '2', '12', '2018-11-01 14:03:57', '2018-11-01 14:03:57', '12', '2', '4', '1970-01-01', '', '', '', '4', null), ('7', 'Alison Angkor Boutique Villa & Resort', '#826, Street 22, Wat Bo Village', '1', '1', '', 'Mr. Sok Chanthou', 'info@alisonangkor.com, booking@alisonangkor.com', 'info@alisonangkor.com, booking@alisonangkor.com', 'info@alisonangkor.com, booking@alisonangkor.com', '', '+855 63 968 808', '+855 86 691 589', 'http://alisonangkor.com', '7', '4.0', '12', '2015-03-25', null, '50', null, '3', '2', '2018-10-31 16:14:43', '2018-10-31 16:14:43', '2', '2', '5', '2016-10-26', '', '', '', '4', null), ('8', 'Amatao Tropical Residence', 'Svay Prey Village', '1', '1', '', 'Mrs. Naomi Basler', 'gm@amatao.com, rsvn@amatao.com, welcome@amatao.com', 'rsvn@amatao.com', 'rsvn@amatao.com', '', '+855 12 590 645', '+855 12 590 645', 'http://amatao.com', '8', '4.0', '4', '2017-10-02', null, '100', null, '2', '2', '2018-08-27 23:03:49', '2018-08-27 23:03:49', '2', '2', '4', '1970-01-01', '', '', '', '4', null), ('9', 'Anachak Boutique Hotel', 'Steung Thmey village, Svay Dungkom commune', '1', '1', '', 'Mr. Vutha Hour ', 'info@anachakboutiquehotel.com', 'reservation@anachakboutiquehotel.com', 'ac@anachakboutiquehotel.com', '', '+855 63 769 898', '+855 70 966 637', 'http://anachakboutiquehotel.com', '1', '4.0', '19', '2015-02-07', null, '100', null, '3', '12', '2018-10-31 10:28:32', '2018-10-31 10:28:32', '12', '2', '5', '1970-01-01', '', '', '', '4', null), ('11', 'Angkor Boutique Villa', 'No.335, Wat Damnak, Sala Kamreuok', '1', '1', '', 'Pen Sokema', 'booking@angkorboutiquevilla.com', 'booking@angkorboutiquevilla.com', 'booking@angkorboutiquevilla.com', '', '+855 12 914 909', '+855 63 765 558', 'http://angkorboutiquevilla.com', '7', '3.0', '8', '2014-10-25', null, '35', null, '3', '2', '2018-10-31 16:16:13', '2018-10-31 16:16:13', '2', '2', '5', '2016-10-26', '', '', '', '4', null), ('13', 'Angkor Century Resort and Spa', 'Komay Road, Khum Svay Dangkom', '1', '1', '17252', 'Mr. Eng Borey ', 'info@angkorcentury.com', 'resa@angkorcentury.com, e-commerce@angkorcentury.com', 'ap@angkorcentury.com, e-commerce@angkorcentury.com', '', '+855 63 963 777', '+855 63 963 789', 'http://angkorcentury.com', '1', '5.0', '190', '2014-10-01', null, '185', null, '2', '12', '2018-11-01 14:11:50', '2018-11-01 14:11:50', '12', '2', '4', '1970-01-01', '', '', '', '4', null), ('14', 'Angkor Heart Bungalow', 'Ring Road Krovat - krong Street,Sangkat svay dangkum,', '1', '1', '', 'Mr. Meas Sopheap', 'info@angkorheartbungalow.com', 'info@angkorheartbungalow.com', 'info@angkorheartbungalow.com', '', '+855 92 508 863', '+855 95 732 009', 'http://angkorheartbungalow.com', '1', '3.0', '7', '2018-02-02', null, '50', null, '2', '12', '2019-05-31 16:00:14', '2019-05-31 16:00:14', '12', '2', '4', '1970-01-01', '', '', '', '4', '1970-01-01 00:00:00'), ('15', 'Angkor Holiday Hotel', 'National Road No.6,', '1', '1', '1710', 'Cheung Sokha', 'gm@angkorholidayhotel.com, reservation@angkorholidayhotel.com, sales@angkorholidayhotel.com', 'reservation@angkorholidayhotel.com, gm@angkorholidayhotel.com, e-commerce@angkorholidayhotel.com', 'gm@angkorholidayhotel.com', '', '+855 63 966 777', '', 'http://angkorholidayhotel.com', '1', '4.0', '162', '2014-10-25', null, '80', null, '3', '13', '2019-02-21 10:15:34', '2019-02-21 10:15:34', '13', '2', '5', '1970-01-01', 'They want to test other company system,', 'Mr. Kakada (e-commerce)', '+855 63 966 777', '4', '1970-01-01 00:00:00'), ('16', 'Angkor Howard Hotel and Convention Center', 'National Road No 6 | Phum Kaksekam, Khum Sror Nge, Siem Reap Province', '1', '1', '', 'Ms. Sorphia Nguon', 'info@angkorhoward.com', 'reservation@angkorhoward.com', 'gcashier@angkorhoward.com', '', '+855 63 965 000', '+855077510429', 'http://angkorhoward.com', '1', '5.0', '343', '2016-04-29', null, '215', null, '2', '12', '2018-11-01 14:19:22', '2018-11-01 14:19:22', '12', '2', '4', '1970-01-01', '', '', '', '4', null), ('17', 'Angkor International Hotel', '#50, Street 148', '1', '2', '122022', 'Mr. Noun Leng', 'angkorhotel11@gmail.com', 'angkorhotel11@gmail.com', 'angkorhotel11@gmail.com', '', '+855 23 217 609', '+855 17 518 827', 'http://angkorinternationalhotel.com', '1', '3.0', '78', '2015-11-17', null, '75', null, '3', '13', '2018-11-08 08:24:58', '2018-11-08 08:24:58', '13', '2', '5', '2018-11-05', 'Auto Deactivate', 'Mr. Noun Leng', '+855 17 518 827\r\n+855 23 217 609', '4', null), ('18', 'Angkor Miracle Resort & Spa', 'National Road No. 6A. Khum Sra Nge (opposite of Cambodian cultural Village) Siem Reap', '1', '1', '', 'Mr. Daravichhay SENG ', 'em@angkormiracle.com, ee@angkormiracle.com, reservations@angkormiracle.com', 'reservations@angkormiracle.com, ee@angkormiracle.com, em@angkormiracle.com', 'acc@angkormiracle.com', '', '+855 63 969 900', '+855 87 882 244', 'http://angkormiracle.com/resort', '6', '5.0', '247', '2015-11-30', null, '150', null, '3', '12', '2018-10-31 10:31:23', '2018-10-31 10:31:23', '12', '2', '5', '1970-01-01', '', '', '', '4', null), ('19', 'Angkor Mithona Guesthouse', '# 19, Street 172 L13, Sangkat Chey Chumneah, Phsar Kandal, Khan Daun Penh', '1', '2', '', 'Mr. Piseth', 'info@angkormithonaguesthouse.com', 'reservation@angkormithonaguesthouse.com', 'info@angkormithonaguesthouse.com', '', '+855 23 990 323', '+855 12 760 673', 'http://angkormithonaguesthouse.com', '9', '2.0', '34', '2015-08-15', null, '50', null, '3', '12', '2018-10-31 10:32:04', '2018-10-31 10:32:04', '12', '2', '5', '1970-01-01', '', '', '', '4', null), ('20', 'Angkor Pearl Hotel', '', '1', '1', '1710', 'Mr. Peter Phoeng', 'pphoeng@angkorpearl.com', 'pphoeng@angkorpearl.com, info@angkorpearl.com', 'pphoeng@angkorpearl.com', '', '+855 92 571 520', '+855 63 966 202', 'http://angkorpearl.com', '1', '3.0', '45', '2014-12-25', null, '100', null, '3', '12', '2018-10-31 10:33:47', '2018-10-31 10:33:47', '12', '2', '5', '1970-01-01', '', '', '', '4', null), ('22', 'Angkor Rendezvous Villa', 'Neelka Way', '1', '1', '', 'Mr. Meng Dy', 'millmengdy@gmail.com', 'arvhotelink@gmail.com, millmengdy@gmail.com', 'millmengdy@gmail.com', '', '+855 77 588 788', '', 'http://angkorrendezvousvillas.com', '3', '5.0', '10', '2017-02-01', null, '60', null, '3', '12', '2018-10-31 10:51:17', '2018-10-31 10:51:17', '12', '2', '5', '1970-01-01', '', '', '', '4', null), ('23', 'Angkor Siesta Villa', '#12, Phum Beung Don Pa, Sangkat Slor Kram', '1', '1', '17251', 'Ms. Chenda Lam', 'info@angkorsiestavilla.com', 'info@angkorsiestavilla.com', 'info@angkorsiestavilla.com', '', '+855 70 808 182', '+855 70 808 182', 'http://angkorsiestavilla.com', '7', '4.0', '7', '2018-01-19', null, '60', null, '3', '12', '2019-01-11 10:59:34', '2019-01-11 10:59:34', '12', '2', '4', '2018-11-30', 'Dear Maranet,\r\n\r\nGreetings from Angkor Siesta Villa\r\n\r\nI am writing to you to inform you that we have disconnected your Channel Manager & IBE (hotellinksolutions) from our hotel recently as we do not have any budget to continue on this.', 'Mr. Sophath ', '012 981 089 ', '5', '1970-01-01 00:00:00'), ('24', 'Angkor Twinkle Boutique Villa', 'Lok Taneuy (St.), Phum Wat Bo, Sangkat Sala Kamreuk', '1', '1', '', 'Angkor Twinkle Boutique Villa', 'booking@angkortwinklevilla.com', 'booking@angkortwinklevilla.com', 'booking@angkortwinklevilla.com ', '', '+855 63 963 368', '+855 17 666 609', 'http://angkortwinkleboutiquevilla.com', '7', '3.5', '22', '2016-01-12', null, '130', null, '3', '13', '2018-10-31 14:00:01', '2018-10-31 14:00:01', '13', '2', '5', '1970-01-01', '', '', '', '4', null), ('25', 'Anise Hotel', 'N 2C, St 278 off 57, Beoung Keng Kang I, Chamkamorn', '1', '2', '', 'Mr. Duy Sophal', 'reservation@anisehotel.com.kh', 'reservation@anisehotel.com.kh', 'manager@anisehotel.com.kh', '', '+855 23 222 522', '+855 12 730 099', 'http://anisehotel.com.kh', '1', '3.0', '18', '2015-05-11', null, '155', null, '2', '12', '2018-11-01 14:35:20', '2018-11-01 14:35:20', '12', '2', '4', '1970-01-01', '', '', '', '4', null), ('26', 'Anise Villa Boutique Hotel', '18 Street 400, Beoung Keng Kang 1', '1', '2', '', 'Mr. Sophal', ' reservation@anisevilla.com', ' reservation@anisevilla.com', ' reservation@anisevilla.com', '', '+855 23 225 400', '+855 12 985 400', 'http://anisevilla.com', '1', '3.0', '21', '2015-03-13', null, '155', null, '2', '12', '2018-11-01 14:41:27', '2018-11-01 14:41:27', '12', '2', '4', '1970-01-01', '', '', '', '4', null), ('27', 'Apsara Centrepole Hotel', '522 Svay Dungkum, Old Sok San Street', '1', '1', '', 'Mr. Vann Enghong', 'book@apsaracentrepole.com', 'book@apsaracentrepole.com', 'book@apsaracentrepole.com, account@apsaracentrepole.com', '', '+855 63 968 098', '+855 95 214 209', 'http://apsaracentrepole.com', '1', '3.5', '19', '2016-10-01', null, '80', null, '2', '12', '2018-11-01 14:43:04', '2018-11-01 14:43:04', '12', '2', '5', '1970-01-01', '', '', '', '4', null), ('28', 'Apsara Residence', 'St. 27, Wat Bo Village, Sala Kamreuk Commune', '1', '1', '', 'Mr. Suy Sophanith', 'book@apsara-residence.com', 'book@apsara-residence.com', 'book@apsara-residence.com, account@apsara-residence.com', '', '+855 63 968 668', '+855 17 353 980', 'http://apsara-residence.com', '1', '4.0', '22', '2016-10-01', null, '80', null, '2', '12', '2018-11-01 14:46:17', '2018-11-01 14:46:17', '12', '2', '5', '1970-01-01', '', '', '', '4', null), ('29', 'Aqua Boutique Guesthouse', 'No.126, Street 63', '1', '2', '', 'Ms. Tep Sothyda', 'info@aqua-boutique-guesthouse.com', 'reservation@aqua-boutique-guesthouse.com', 'info@aqua-boutique-guesthouse.com', '', '+855 77 528 530', '', 'http://aqua-boutique-guesthouse.com', '9', '0.0', '20', '2015-03-31', null, '28', null, '3', '12', '2018-10-31 10:56:26', '2018-10-31 10:56:26', '12', '2', '5', '1970-01-01', '', '', '', '4', null), ('30', 'Asarita Angkor Resort & Spa', 'National Road No 6A, Khum Sra Nge', '1', '1', '17260', 'Ms. Nora', 'sales@asaritaangkor.com, asaritaangkor@gmail.com', 'reservations@asaritaangkor.com, asaritaangkor@gmail.com', 'info@asaritaangkor.com', '', '+855 63 768 444', '+855 93 965 189', 'http://asaritaangkor.com', '6', '4.0', '33', '2017-01-16', null, '150', null, '3', '12', '2018-10-31 10:57:23', '2018-10-31 10:57:23', '12', '2', '5', '1970-01-01', '', '', '', '4', null), ('31', 'Ashia Hotel & Lounge', 'P Charles De Gaulle, Krong Siem Reap', '1', '1', '', 'Mr. Komsorth', 'info@ashiahotel.com', 'reservation@ashiahotel.com', 'info@ashiahotel.com', '', '+855 63 968 960', '+855 70 770 002', 'http://ashiahotel.com', '1', '3.0', '20', '2017-07-11', null, '100', null, '2', '12', '2018-11-01 14:48:58', '2018-11-01 14:48:58', '12', '2', '4', '1970-01-01', '', '', '', '4', null), ('32', 'Babel Guesthouse', 'No.738 Wat Bo Road, Salakamroeuk', '1', '1', '1710', 'Simen Julner', 'babelsiemreap@gmail.com', 'babelsiemreap@gmail.com', 'babelsiemreap@gmail.com', '', '+855 78 858 469', '+855 78 332 301', 'http://babel-siemreap.com', '9', '2.0', '24', '2014-12-25', null, '70', null, '2', '12', '2018-11-02 11:11:33', '2018-11-02 11:11:33', '12', '2', '4', '1970-01-01', '', '', '', '4', null), ('33', 'Bamboo Angkor Boutique', ' Phum Salar Kanseng, Khum Svay Dangkum, Central Area', '1', '1', '1710', 'Mr. Chon Savun ', 'reservation@bambooangkorboutique.com', 'info@bambooangkorboutique.com', 'reservation@bambooangkorboutique.com', '', '+855 10 394 646', '+855 10 394 646', 'http://bamboo-angkorboutique.com', '7', '4.0', '12', '2015-06-09', null, '50', null, '3', '12', '2018-10-31 10:59:09', '2018-10-31 10:59:09', '12', '2', '5', '1970-01-01', '', '', '', '4', null), ('34', 'Tanei Boutique Villa', '#017, Steung Thmey Village, Svay Dangkom', '1', '1', '17252', 'Mr. Lao Sokun', 'lao_sukun007@yahoo.com', 'lao_sukun007@yahoo.com, info@taneiboutiquevilla.com', 'lao_sukun007@yahoo.com', '+855 12 757 867', '+855 12 757 867', '+855 97 746 8787', 'http://taneiboutiquevilla.com', '4', '3.0', '28', '2015-05-25', null, '65', null, '3', '12', '2018-10-31 11:00:15', '2018-10-31 11:00:15', '12', '2', '4', '1970-01-01', '', '', '', '4', null), ('36', 'La Da Kiri Boutique Hotel', 'Soksan Street, Khum Svay Dangkom', '1', '1', '17251', 'Ms. Saradin Ly', 'info@ladakiriboutique.com', 'reservation@ladakiriboutique.com', 'reservation@ladakiriboutique.com', '+855 12 781 675', '+855 12 781 675', '+855 12 781 675', 'http://ladakiriboutique.com', '7', '4.0', '26', '2015-02-06', null, '50', null, '3', '12', '2019-04-24 09:27:02', '2019-04-24 09:27:02', '12', '2', '4', '2019-04-24', 'They want to change solutions ', 'B. Sema', '070 811 558', '5', '1970-01-01 00:00:00'), ('37', 'Cheathata Angkor Hotel', 'City Center, Angkor Night Market Road, Old Market Area', '1', '1', '17252', 'Mr. Soeum Makara', 'gm@ctaangkorhotel.com, res@ctaangkorhotel.com', 'cheathatahotel@gmail.com, res@ctaangkorhotel.com', 'chiv.kouy@ctaangkorhotel.com, res@ctaangkorhotel.com', '+855 63 968 777', '+855 63 968 777', '+855 63 968 777', 'http://angkor.ctaangkorhotel.com', '1', '3.5', '28', '8900-08-03', null, '70', null, '2', '12', '2018-11-01 14:56:48', '2018-11-01 14:56:48', '12', '2', '4', '1970-01-01', '', '', '', '4', null), ('38', 'Base Villa Phnom Penh', 'No #29 Street 222', '1', '2', '', 'Mr. Sokpheak', 'reservation@basevillaphnompenh.com', 'reservation@basevillaphnompenh.com', 'reservation@basevillaphnompenh.com', '', '+855 10 292 229', '+855 96 888 9197', 'http://basevillaphnompenh.com', '1', '3.0', '12', '2015-11-30', null, '100', null, '3', '12', '2018-10-31 11:03:19', '2018-10-31 11:03:19', '12', '2', '5', '1970-01-01', '', '', '', '4', null), ('39', 'Bavyra  Boutique', 'Slor Kram Village, Slor kram Commune', '1', '1', '1710', 'Mr. Kenvin Harris', 'Kevinrharris62@gmail.com ', 'Kevinrharris62@gmail.com', 'Kevinrharris62@gmail.com ', '', '+855 63 963 987', '+855 15 820 227', 'http://bavyraboutique.com', '7', '3.0', '9', '2015-01-25', null, '50', null, '3', '12', '2018-10-31 11:14:58', '2018-10-31 11:14:58', '12', '2', '5', '1970-01-01', '', '', '', '4', null), ('40', 'Bayon Boutique', 'Stueng Thmey, Svay Dangkum', '1', '1', '', 'Mr. Tola Hak (Seyha)', 'gm@bayonboutique.com', 'rsvn@bayonboutique.com, gm@bayonboutique.com, fm@bayonboutique.com', 'fm@bayonboutique.com', '', '+855 63 969 456', '+855 96 678 7208', 'http://bayonboutique.com/index.php', '7', '3.5', '18', '2016-10-10', null, '100', null, '2', '12', '2018-11-01 15:07:36', '2018-11-01 15:07:36', '12', '2', '4', '1970-01-01', '', '', '', '4', null), ('41', 'Bayon Shadow Villa', 'Stueng Thmey, Svay Dangkum', '1', '1', '', 'Mr. Tola Hak (Seyha)', 'gm@bayonboutique.com', 'rsvn@bayonshadow.com, gm@bayonboutique.com, fm@bayonboutique.com', 'rsvn@bayonshadow.com, fm@bayonboutique.com', '', '+855 63 765 443', '+855 96 678 7208', 'http://bayonshadow.com', '3', '2.5', '18', '2016-10-10', null, '100', null, '2', '12', '2018-11-01 15:08:40', '2018-11-01 15:08:40', '12', '2', '4', '1970-01-01', '', '', '', '4', null), ('42', 'Bella Mia Villa', 'Soksan Road, Svay Damkom Village, Svay Damkom commune', '1', '1', '17259', 'jonathon Vallieres', 'gm.bellamiavilla@gmail.com, gm@bellamiaangkor.com, gm@bellamiaangkor.com', 'reservation@bellamiaangkor.com, gm.bellamiavilla@gmail.com', 'gm.bellamiavilla@gmail.com, gm@bellamiaangkor.com', '', '+855 63 962 111', '+855 17 940 344', 'http://bellamiaangkor.com', '3', '3.5', '9', '2015-10-01', null, '75', null, '3', '12', '2018-10-31 11:15:31', '2018-10-31 11:15:31', '12', '2', '4', '1970-01-01', '', '', '', '4', null), ('43', 'Big Lyna Villa', 'Wat Bo Village, Sangkat Salakamroeuk', '1', '1', '1710', 'Sam Tina', 'biglyna@yahoo.com', 'biglyna@yahoo.com', 'biglyna@yahoo.com', '', '+855 63 964 807', '+855 92 630 597', 'http://biglynavilla.com', '9', '1.0', '10', '2015-02-11', null, '50', null, '3', '12', '2018-10-31 11:16:45', '2018-10-31 11:16:45', '12', '2', '4', '1970-01-01', '', '', '', '4', null), ('44', 'Bliss Villa ', '# 051, Sok San Street, Svay Dangkum Village', '1', '1', '17252', 'Sieng Saline', 'blissvilla@asia.com', 'blissvilla@asia.com', 'blissvilla@asia.com', '', '+855 63 630 0978', '', 'http://theblissvilla.com', '1', '4.0', '21', '2014-12-27', null, '80', null, '3', '13', '2019-01-03 08:34:09', '2019-01-03 08:34:09', '13', '2', '5', '2019-01-03', 'Change Company Solutions', 'Vathana', '+(855) 81 832 181(LINE / WeChat / WhatsApp / Viber / Telegram)', '4', '1970-01-01 00:00:00'), ('45', 'Bokre Angkor Hostel ', '363 Taphul Village, Svay Dangkum Commune', '1', '1', '', 'Ms. Ung Annie', 'Info@bokreangkorhostel.com', 'reservation@bokreangkorhostel.com', 'Info@bokreangkorhostel.com', '', '+855 85 511 118', '+855 10 698 777', 'http://eocambovilla.com', '2', '3.0', '30', '2017-10-09', null, '100', null, '2', '12', '2018-11-01 15:12:19', '2018-11-01 15:12:19', '12', '2', '4', '1970-01-01', '', '', '', '4', null), ('46', 'Garden Village Guesthouse', '#434, Sok San Street, Steng Thmey Village, Svaydangkum Commune', '1', '1', '17252', 'Vann pohin', 'gardenvillage@asia.com', 'gardenvillage@asia.com', 'gardenvillage@asia.com', '+855 17 297 777', '+855 17 297 777', '+855 17 297 777', 'http://guesthouse.gardenvillageguesthouse.com', '9', '1.0', '29', '2014-12-25', null, '40', null, '2', '12', '2018-11-01 15:12:55', '2018-11-01 15:12:55', '12', '2', '4', '1970-01-01', '', '', '', '4', null), ('48', 'Botoum Hostel', 'Sangkat Svay Dangkum,', '1', '1', '', 'Mr. Sokdana Choung ', 'info@botoumhostel.com', 'info@botoumhostel.com', 'info@botoumhostel.com', '', '+855 16 913 999', '+855 16 913 999', 'http://botoumhostel.com', '1', '3.0', '15', '2018-06-23', null, '40', null, '2', '12', '2018-11-01 15:13:29', '2018-11-01 15:13:29', '12', '2', '4', '1970-01-01', '', '', '', '4', null), ('49', 'Garden Village Hostel', 'Steung Thmey Village, Svay Dungkom commune', '1', '1', '17252', 'Mr.Vann pohin', 'gardenvillage@asia.com', 'gardenvillage@asia.com', 'gardenvillage@asia.com', '+855 17 297 777', '+855 17 297 777', '+855 17 297 777http://gardenvillagehostel.com', 'http://gardenvillagehostel.com', '2', '1.0', '12', '2015-07-08', null, '30', null, '3', '12', '2018-10-31 11:24:38', '2018-10-31 11:24:38', '12', '2', '4', '1970-01-01', '', '', '', '4', null), ('50', 'Garden Village Villa', 'Garden Village Villa is located close to the Old Market in walking distance to bars, restaurants', '1', '1', '17252', 'Vann pohin', 'gardenvillage@asia.com', 'gardenvillage@asia.com', 'gardenvillage@asia.com', '+855 17 297 777', '+855 17 297 777', '+855 17 297 777', 'http://villa.gardenvillagevilla.com', '3', '2.0', '8', '2015-07-08', null, '30', null, '3', '12', '2019-08-01 10:30:39', '2019-08-01 10:30:39', '12', '19', '4', '2019-08-01', 'Low season ', 'Mr. Pohin', '070 630 000', '5', '1970-01-01 00:00:00'), ('51', 'Mane Boutique Hotel & Spa', 'Village Salakomroeuk, Sangkat Salakomroeuk', '1', '1', '17252', 'Mr. Rath', 'ecom@maneboutiquehotel.com', 'reservations@maneboutiquehotel.com, ecom@maneboutiquehotel.com', 'gm@maneboutiquehotel.com, md@maneboutiquehotel.com, phann.vanrath@gmail.com', '+855 97 552 2222', '+855 63 768 899', '+855 97 552 2222', 'http://maneboutiquehotel.com', '1', '5.0', '18', '2015-08-26', null, '120', null, '3', '12', '2018-10-31 11:29:08', '2018-10-31 11:29:08', '12', '2', '4', '1970-01-01', '', '', '', '4', null), ('52', 'Lynnaya Urban River Resort & Spa', 'Street 20 Krong Siem Reap', '1', '1', '17000', 'Mr.Kan Chansathya', 'gm@lynnaya.com', 'reservation@lynnaya.com', 'reservation@lynnaya.com ', '+855 63 967 755', '+855 63 967 755', '+855 63 967 755', 'http://lynnaya-hotel-angkor.com', '1', '4.0', '46', '2015-08-27', null, '130', null, '3', '13', '2018-10-31 13:50:25', '2018-10-31 13:50:25', '13', '2', '4', '1970-01-01', '', '', '', '4', null), ('54', 'Bou Savy Guesthouse (Bed & Breakfast)', '#261, Group 07, Salakanseng Village, Svaydangkum Commune. ', '1', '1', '17252', 'Horn Bovorn', 'bousavy7777@gmail.com', 'bousavy7777@gmail.com, savy7777@hotmail.com', 'savy7777@hotmail.com', '+855 12 369 600', '+855 12 369 600', '+855 77 752 075', 'http://bousavyguesthouse.com', '9', '2.0', '30', '2015-09-11', null, '100', null, '2', '12', '2018-11-01 15:15:02', '2018-11-01 15:15:02', '12', '2', '4', '1970-01-01', '', '', '', '4', null), ('55', 'La Villa du Bonheur', '#056, Viheachen, Svaydangkum', '1', '1', '17252', 'La Villa du Bonheur', 'reservation@lavilladubonheur.com ', 'reservation@lavilladubonheur.com ', 'reservation@lavilladubonheur.com ', '+855 77 567 605', '+855 77 567 605', '+855 63 765 761', 'http://lavilladubonheur.com', '3', '1.0', '18', '2015-02-16', null, '40', null, '3', '12', '2018-10-31 11:46:55', '2018-10-31 11:46:55', '12', '2', '4', '1970-01-01', '', '', '', '4', null), ('56', 'Sarai Resort & Spa', 'P.O Box 93193, Wat Damnak Village, Sangkat Sala Komreuk ', '1', '1', '17251', 'Mr. Oeun Seakheng', 'info@sarairesort.com, ecommerce@sarairesort.com, book@sarairesort.com', 'book@sarairesort.com, ecommerce@sarairesort.com', 'account@sarairesort.com', '+855 93 962 204', '+855 93 962 204', '+855 63 962 200', 'http://sarairesort.com', '6', '5.0', '48', '2015-01-12', null, '65', null, '3', '12', '2018-10-31 11:48:34', '2018-10-31 11:48:34', '12', '2', '4', '1970-01-01', '', '', '', '4', null), ('57', 'Seven Happiness Holiday HOTEL', 'Road Lorkta neuy Slor Kram Commune', '1', '1', '17251', 'MR.LING', 'sevenhappinessholidayhotel@gmail.com', 'reservations7happinesshotel@gmail.com', 'accsevenhappinessholidayhotel@gmail.com', '+855 63 968 899', '+855 63 968 899', '+855 63 968 899', 'http://siemreapevergreenhotel.com', '1', '3.0', '50', '2014-12-25', null, '120', null, '3', '12', '2018-10-31 11:49:25', '2018-10-31 11:49:25', '12', '2', '4', '1970-01-01', '', '', '', '4', null), ('59', 'Pacific Hotel', ' Road No. 6, Kaksekam Village, Sror Nge Commune', '1', '1', '17000', 'Mr. Pok Dilux', ' reservations@pacifichotel.com.kh', ' reservations@pacifichotel.com.kh', ' reservations@pacifichotel.com.kh', '+855 63 761 818', '+855 63 761 818', '+855 63 761 020', 'http://pacifichotel.com.kh', '1', '4.0', '200', '2015-01-22', null, '15', null, '3', '12', '2018-10-31 11:52:05', '2018-10-31 11:52:05', '12', '2', '4', '1970-01-01', '', '', '', '4', null), ('60', 'Heng Kim Ny Boutique', '#333, Bakheng (St), Sangkat Svay Dangkum, Siem Reap Province. ', '1', '1', '17252', 'Mr. Long Sopha', 'info@hengkimnyboutique.com', 'reservation@hengkimnyboutique.com', 'info@hengkimnyboutique.com', '+855 93 557 717', '+855 93 557 717 ', '+855 63 965 959', 'http://hengkimnyboutique.com', '1', '4.0', '21', '2015-08-01', null, '70', null, '3', '12', '2018-10-31 11:52:45', '2018-10-31 11:52:45', '12', '2', '4', '1970-01-01', '', '', '', '4', null), ('61', 'Cheathata Suite Hotel', 'City Cente, Angkor Night Market Road, Old Market Area', '1', '1', '17252', 'Mr. Soeum Makara', 'res@ctaangkorhotel.com', 'cheathatahotel@gmail.com, res@ctaangkorhotel.com', 'chiv.kouy@ctaangkorhotel.com', '+855 69 966 777', '+855 63 968 777', '+855 69 966 777', 'https://suite.cheathatasuitehotel.com', '1', '4.0', '38', '2014-12-14', null, '70', null, '2', '12', '2018-11-01 15:15:33', '2018-11-01 15:15:33', '12', '2', '4', '1970-01-01', '', '', '', '4', null), ('62', 'Hotel Be Angkor', 'On The Passage, Old Market Area', '1', '1', '17252', 'Martin Disman', 'md@theonehotelcollection.com', 'md@theonehotelcollection.com', 'md@theonehotelcollection.com', '+855 12 755 311', '+855 12 755 311', '+855 63 965 321', 'http://hotelbeangkor.com', '1', '3.0', '3', '2015-03-25', null, '50', null, '3', '12', '2018-10-31 11:54:09', '2018-10-31 11:54:09', '12', '2', '4', '1970-01-01', '', '', '', '4', null), ('63', 'Diamond D\'Angkor Boutique', 'Road# 50 (Sok San Street) , Group 8, Stoeung Thmey, Sangkat Svay Dang Kom', '1', '1', '17252', 'Khoun Sokhemra', 'booking@diamondangkor.com', 'booking@diamondangkor.com', 'booking@diamondangkor.com', '+855 63 966 987', '+855 63 966 987', '+855 63 966 987', 'http://diamondangkor.com', '1', '2.0', '15', '2015-12-25', null, '40', null, '2', '12', '2018-11-01 15:16:06', '2018-11-01 15:16:06', '12', '2', '4', '1970-01-01', '', '', '', '4', null), ('64', 'Bunseda Angkor Villa', 'House 169, Group 4, Sivatha Road, Svay Dangkum Commune', '1', '1', '17252', 'Mr. Vichhay', 'vi_chhay@yahoo.com', 'vi_chhay@yahoo.com', 'vi_chhay@yahoo.com', '+855 12 933 080', '+855 12 933 080', '+855 12 933 080', 'http://bunsedaangkorvilla.com', '3', '1.0', '27', '2014-12-25', null, '70', null, '3', '12', '2018-10-31 11:55:18', '2018-10-31 11:55:18', '12', '2', '4', '1970-01-01', '', '', '', '4', null), ('66', 'Relax Inn Boutique Hotel', 'Bakheng Road, Phum Krous, Sangkat Svay Dangkom', '1', '1', '17252', 'Mr. Sopheak', 'sopheakkhoeuth@gmail.com, om@relaxinn.asia', 'reservation@relaxinn.asia ', 'reservation@relaxinn.asia ', '+855 96 556 5999', '+855 96 556 5999', '  +855 63 502 3999', 'http://relaxinn.asia', '1', '3.0', '5', '2015-01-25', null, '100', null, '3', '12', '2018-10-31 11:57:13', '2018-10-31 11:57:13', '12', '2', '4', '1970-01-01', '', '', '', '4', null), ('68', 'Golden Temple Residence', '# 558, Steung Thmey Village, Sangkat Svaydangkum ', '1', '1', '17252', 'Mr. Luon Thea', 'info@goldentempleresidence.com', 'reservations@goldentempleresidence.com', 'fc@goldentempleresidence.com, reservations@goldentempleresidence.com', '+855 63 210 522', '+855 63 212 222', '+855 63 210 522', 'http://goldentempleresidence.com', '1', '4.5', '28', '2014-12-25', null, '85', null, '3', '13', '2018-08-27 10:26:35', '2018-08-27 10:26:35', '13', '2', '4', null, null, null, null, '0', null), ('69', 'Gloria Angkor Hotel', 'National Road N 6, Choung Kaosou Village', '1', '1', '17251', 'Sovann Touch', 'info@gloriaangkorhotel.com', 'reservation@gloriaangkorhotel.com', 'acc@gloriaangkorhotel.com', '+855 63 763 163', '+855 63 763 163', '+855 63 763 163', 'http://gloriaangkorhotel.com', '1', '3.0', '3', '2014-12-25', null, '70', null, '3', '13', '2018-08-27 10:31:53', '2018-08-27 10:31:53', '13', '2', '4', null, null, null, null, '0', null), ('71', 'Khemara Angkor Hotel', 'National Road No.6 Sala kanseng, Khum Svaydangkum', '1', '1', '17252', 'Mr. Sophat', 'sales@khemaraangkor.com ', ' info@khemaraangkor.com', 'info@khemaraangkor.com, account@khemaraangkor.com', '+855 63 760 555', '+855 63 760 555', '+855 63 760 777', 'http://khemaraangkor.com', '1', '4.0', '160', '2015-02-25', '14', '50', null, '3', '13', '2018-08-27 14:34:28', '2018-08-27 14:34:28', '13', '2', '4', '1970-01-01', '', '', '', '4', null), ('72', 'The Moon Boutique Hotel', 'Phum Wat Bo, Sala Kamreuk Commune', '1', '1', '17000', 'Mr. Vanna', 'reservation@themoonboutiquehotel.com', 'reservation@themoonboutiquehotel.com', 'fc@themoonboutiquehotel.com', '+855 17 359 908', '+855 17 359 908', '+855 63 964 577', 'http://themoonboutiquehotel.com', '1', '3.0', '17', '2015-03-17', null, '55', null, '3', '13', '2019-01-03 08:36:05', '2019-01-03 08:36:05', '13', '2', '4', '2019-01-03', 'Change Company Solutions', 'Sokvanna BOU ', '017 359 908', '4', '1970-01-01 00:00:00'), ('74', 'Happy Guesthouse', 'No. 0134 Wat Bo Village, Salakamroeuk Commune', '1', '1', '17251', 'Phem Chhorpoan', 'info@happyangkorguesthouse.com', 'info@happyangkorguesthouse.com, happy_ghouse@yahoo.com', 'info@happyangkorguesthouse.com', '+855 12 960 879', '+855 12 960 879', '+855 63 963 815', 'http://happyangkorguesthouse.com', '9', '2.0', '9', '2014-12-25', null, '60', null, '2', '12', '2018-11-01 15:18:32', '2018-11-01 15:18:32', '12', '2', '4', '1970-01-01', '', '', '', '4', null), ('77', 'Rambutan Hotel - Siem Reap', 'Wat Damnak Village, Salakamreuk commune', '1', '1', '17000', 'Mr. Tommy Baert', 'bookings@rambutansr.com', 'bookings@rambutansr.com', 'bookings@rambutansr.com', '+855 12 654 638', '+855 12 654 638', '+855 63 766 655', 'http://rambutanhotelsr.com', '1', '3.0', '12', '2015-03-25', null, '45', null, '3', '13', '2018-08-29 20:59:04', '2018-08-29 20:59:04', '13', '2', '4', '1970-01-01', '', '', '', '4', null), ('78', 'Rambutan Resort - Siem Reap ', 'Wat Damnak Village, Salakamreuk commune', '1', '1', '17252', 'Mr. Tommy Baert', 'bookings@rambutansr.com', 'bookings@rambutansr.com', 'bookings@rambutansr.com', '+855 12 654 638', '+855 12 654 638', '+855 63 766 655', 'http://rambutanresortsr.com', '6', '3.0', '19', '2015-03-19', null, '45', null, '3', '13', '2018-08-29 20:58:42', '2018-08-29 20:58:42', '13', '2', '4', '0000-00-00', '', '', '', '4', null), ('80', 'Angkor Pearl Hotel', 'Taphul Village Svay Dangkum  ', '1', '1', '17252', 'Mr. Peter Phoeng', 'pphoeng@angkorpearl.com', 'pphoeng@angkorpearl.com', 'pphoeng@angkorpearl.com', '+855 92 571 520', '+855 92 571 520', '+855 63 966 202', 'http://angkorpearl.com', '1', '3.0', '45', '2014-03-25', null, '100', null, '3', '13', '2018-08-29 21:04:10', '2018-08-29 21:04:10', '13', '2', '4', '0000-00-00', '', '', '', '4', null), ('81', 'The Moon Residence', '#100, St.267, Vihear Chen Village, Svay Dangkum Commune', '1', '1', '17252', 'Cheng Bunsan', 'reservation@themoonresidence.com', 'reservation@themoonresidence.com', 'reservation@themoonresidence.com', '+855 69 585 566', '+855 69 585 566', '+855 63 900 085', 'http://themoonresidence.com', '1', '4.0', '22', '2015-08-29', null, '55', null, '2', '12', '2018-11-02 11:43:22', '2018-11-02 11:43:22', '12', '2', '4', '1970-01-01', '', '', '', '4', null), ('82', 'The Moon Villa ', 'National Road 06,Phum Banteay Chas, Samaki Market zone', '1', '1', '17000', 'Mr.Has Sophal', 'reservation@themoonvilla.com', 'reservation@themoonvilla.com', 'reservation@themoonvilla.com', '+855 12 629 969', '+855 12 629 969', '+855 12 629 969', 'http://themoonvilla.com', '3', '3.0', '19', '2015-08-29', null, '55', null, '3', '13', '2018-08-29 21:18:54', '2018-08-29 21:18:54', '13', '2', '4', '0000-00-00', '', '', '', '4', null), ('83', 'Royal Crown Hotel', '#7 Makara Street, Wat Bo Village, Salakamreuk Commune', '1', '1', '17000', 'Mr. Mom Phirith', 'gm@royalcrownhotel.com.kh', 'reservations@royalcrownhotel.com.kh', 'gm@royalcrownhotel.com.kh', '+855 92 373 114', '+855 92 373 114', '+855 63 760 212', 'http://royalcrownhotel.com.kh', '7', '4.0', '139', '2015-11-27', null, '110', null, '2', '12', '2018-11-01 15:19:10', '2018-11-01 15:19:10', '12', '2', '4', '1970-01-01', '', '', '', '4', null), ('84', 'Chronicle Residence And Spa', '# Road 30, 200m way from Borei Phreumprey.', '1', '1', '17000', 'Kyry Sok', 'gm@chronicleresidenceandspa.com, operation@chronicleresidenceandspa.com, info@chronicleresidenceandspa.com', 'reservation@chronicleresidenceandspa.com, operation@chronicleresidenceandspa.com, info@chronicleresidenceandspa.com', 'account@chronicleresidenceandspa.com', '+855 12 677 939', '+855 12 677 939', '+855 63 963 693', 'http://chronicleresidenceandspa.com', '1', '3.0', '22', '2015-11-27', null, '100', null, '3', '13', '2018-08-29 21:27:24', '2018-08-29 21:27:24', '13', '2', '4', '0000-00-00', '', '', '', '4', null), ('85', 'Three Room D\'Angkor', 'Wat Leu Road, Village 3, Slor Kram', '1', '1', '17000', 'Mr. Chhorng Chhaiya', 'info@threeroomdangkor.com', 'info@threeroomdangkor.com', 'info@threeroomdangkor.com', '+855 16 907 567', '+855 16 907 567', '+855 87 727 273', 'http://threeroomdangkor.com ', '7', '4.0', '3', '2014-08-24', null, '60', null, '3', '13', '2018-08-29 21:30:07', '2018-08-29 21:30:07', '13', '2', '4', '0000-00-00', '', '', '', '4', null), ('86', 'Angkor Miracle Resort & Spa', 'National Road No. 6A. Khum Sra Nge (opposite of Cambodian cultural Village) Siem Reap', '1', '1', '17000', 'Mr. Daravichhay SENG ', 'em@angkormiracle.com, ee@angkormiracle.com, reservations@angkormiracle.com', 'reservations@angkormiracle.com, ee@angkormiracle.com, em@angkormiracle.com', 'acc@angkormiracle.com', '+855 87 882 244', '+855 87 882 244', '+855 63 969 900', 'http://angkormiracle.com/resort', '1', '5.0', '247', '2015-11-30', null, '150', null, '3', '13', '2018-08-29 21:32:57', '2018-08-29 21:32:57', '13', '2', '4', '0000-00-00', '', '', '', '4', null), ('87', 'Nagara Angkor Boutique Hotel ', 'Sok San Road, Stueng Thmei Village, Svay Dangkum Commune', '1', '1', '17252', 'Mr. Sophat', 'booking@nagaraangkor-boutique.com', 'booking@nagaraangkor-boutique.com', 'account@nagaraangkor-boutique.com', '+855 70 559 536', '+855 70 559 536', '+855 63 766 082', 'http://nagaraangkor-boutique.com', '7', '3.5', '36', '2015-11-21', null, '150', null, '3', '13', '2018-08-29 21:35:10', '2018-08-29 21:35:10', '13', '2', '4', '0000-00-00', '', '', '', '4', null), ('88', 'Shadow of Angkor Guesthouse', 'No 353, Pokambor AV, on the river side, near Old Market', '1', '1', '17000', 'Nareth', 'shadowofangkor@gmail.com', 'bookings@shadowofangkor.com', 'shadowofangkor@gmail.com', '+855 12 968 881', '+855 12 968 881', '+855 63 964 774', 'http://shadowofangkor.com', '9', '1.0', '16', '2014-12-25', null, '70', null, '3', '13', '2018-08-29 21:37:22', '2018-08-29 21:37:22', '13', '2', '4', '0000-00-00', '', '', '', '4', null), ('89', 'Vilada Angkor Boutique', 'Kor Kranch Village, Sangkat Siem Reap', '1', '1', '17000', 'Mr. Seng Sakada', 'gm@viladaangkorboutique.com', 'gm@viladaangkorboutique.com', 'gm@viladaangkorboutique.com', '+855 12 565 856', '+855 12 565 856', '+855 17 688 568', 'http://viladaangkorboutique.com', '7', '4.0', '7', '2015-11-03', null, '70', null, '3', '13', '2018-08-29 21:40:23', '2018-08-29 21:40:23', '13', '2', '4', '0000-00-00', '', '', '', '4', null), ('92', 'La Residence Blanc D\'Angkor', ' #194 Krous Village, Svay Dangkum and 6th Street', '1', '1', '17000', 'Laot Tre', 'sm@residenceblancangkor.com', 'reservation@residenceblancangkor.com', 'accountant@residenceblancangkor.com, sm@residenceblancangkor.com', '+855 70 261 397', '+855 70 261 397', '+855 63 963 332', 'http://residenceblancangkor.com', '1', '4.0', '26', '2014-11-30', null, '90', null, '3', '12', '2018-11-01 15:22:30', '2018-11-01 15:22:30', '12', '2', '4', '1970-01-01', '', '', '', '4', null), ('93', 'The Unique Angkor Villa', ' # 558, Steung Thmey Village, Sangkat Svaydangkum', '1', '1', '17252', 'Mr. Loy Salith', 'info@theuniqueangkorvilla.com', 'info@theuniqueangkorvilla.com, reservation@theuniqueangkorvilla.com', 'info@theuniqueangkorvilla.com', '+855 93 305 297', '+855 93 305 297', '+855 12 927 731', 'http://theuniqueangkorvilla.com', '3', '3.0', '18', '2015-02-07', null, '70', null, '3', '13', '2018-08-29 22:01:41', '2018-08-29 22:01:41', '13', '2', '4', '0000-00-00', '', '', '', '4', null), ('94', 'The One Villa Angkor', 'Just off Street 52, Sambour Village.  5km from Old Market area and Hotel Be.', '1', '1', '17000', 'Mr. Martin Dishman', 'md@theonehotelcollection.com', 'md@theonehotelcollection.com', 'md@theonehotelcollection.com', '+855 12 755 311', '+855 12 755 311', '+855 63 965 321', 'http://theonehotelangkor.com', '1', '5.0', '20', '2014-12-25', null, '45', null, '3', '13', '2018-08-29 22:04:16', '2018-08-29 22:04:16', '13', '2', '4', '0000-00-00', '', '', '', '4', null), ('96', 'CHEZ MOI SUITE', '#0378, Sombai road, Wat Damnak commune, Sangkat Salakamroeuk ', '1', '1', '17000', 'Ms. Vann Narin ', 'reservation@chezmoi.asia', 'reservation@chezmoi.asia', 'reservation@chezmoi.asia', '+855 12 584 897', '+855 12 584 897', '+855 63 765 995', 'http://suite.chezmoi.asia', '7', '4.0', '10', '2016-01-11', null, '60', null, '3', '12', '2019-06-14 09:08:29', '2019-06-14 09:08:29', '12', '2', '4', '2019-06-13', 'They want to save budget for low season ', 'Ms. Narin', '098 958 387', '4', '1970-01-01 00:00:00'), ('97', 'Siem Reap Vacation Hotel', 'Taneuy Street, Wat Bo Village, Salakamreuk Commune', '1', '1', '17000', 'Chuon Chantola', 'sales@siemreapvacationhotel.com', 'sales@siemreapvacationhotel.com', 'sales@siemreapvacationhotel.com', '+855 95 800 881', '+855 95 800 881', '+855 95 800 881', 'http://siemreapvacationhotel.com', '1', '3.0', '48', '2014-12-25', null, '50', null, '3', '13', '2018-08-29 22:12:47', '2018-08-29 22:12:47', '13', '2', '4', '0000-00-00', '', '', '', '4', null), ('98', 'Tropicana Residence & Resort', 'Angkor High School Road, Phum Wat Bo, Salakamreuk', '1', '1', '17000', 'Mr. Seang Sovann', 'rm@tropicanaresidence.com', 'reservation@tropicanaresidence.com', 'rm@tropicanaresidence.com, acc@tropicanaresidence.com', '+855 12 842 349', '+855 12 842 349', '+855 63 210 600', 'http://tropicanaresidence.com', '6', '4.0', '9', '2016-01-11', null, '75', null, '3', '13', '2018-08-29 22:16:28', '2018-08-29 22:16:28', '13', '2', '4', '0000-00-00', '', '', '', '4', null), ('100', 'Asia Tune Hotel', 'No. 85, St. 19 Corner 148, Sangkat Phsar Kandal 2, Khan Daun Penh', '1', '2', '', 'Oul Van', 'gm@asiatunehotel.com', 'asia-tune-hotel@googlegroups.com, hls.booking.system.pp@gmail.com', 'reservation@asiatunehotel.com, ap@asiatunehotel.com, om@asiatunehotel.com', '', '+855 23 977 789', '+855 85 266 668', 'http://asiatunehotel.com', '1', '4.0', '83', '2014-12-01', null, '125', null, '3', '12', '2019-05-02 10:46:47', '2019-05-02 10:46:47', '12', '2', '5', '2019-05-02', 'They want to prepare their property and they will back. ', 'Ms. LONG Kimly   ', 'Request by email ', '5', '1970-01-01 00:00:00'), ('101', 'Bou Savy Villa', 'Sok San Road, Phum Svay Dangkum, Sangkat Svay Dangkum', '1', '1', '063', 'Mr. Horn Bovuth', 'info@bousavyvilla.com, bousavyvilla7777@hotmail.com', 'info@bousavyvilla.com, bousavyvilla7777@hotmail.com', 'info@bousavyvilla.com', '', '+855 12 898 627', '+855 12 898 627', 'http://bousavyvilla.com', '3', '3.5', '20', '2017-08-02', null, '40', null, '2', '12', '2018-11-01 15:26:24', '2018-11-01 15:26:24', '12', '2', '5', '1970-01-01', '', '', '', '4', null), ('102', 'Boutique Kampot Hotel', '#10 of 68 Specialty Lodging in Kampot 1 Ousaphea Village, Kampong Kandal', '1', '7', '', 'Mr. Nath kananda', 'kananda.nath@gmail.com', 'kananda.nath@gmail.com, duyen@whl.travel', 'kananda.nath@gmail.com', '', '+855 61 888 626', '+855 61 888 626', 'http://boutiquekampot.com', '7', '4.0', '18', '2018-01-29', null, '150', null, '2', '12', '2018-11-01 15:27:14', '2018-11-01 15:27:14', '12', '2', '5', '1970-01-01', '', '', '', '4', null), ('103', 'Bunwin Boutique Hotel', 'National Road 06, Phum Banteay Chas, Opposite Samaki Market', '1', '1', '', 'Mr. Chivid', 'reservation@bunwinboutique.com', 'reservation@bunwinboutique.com', 'account@bunwinboutique.com, reservation@bunwinboutique.com', '', '+855 63 969 158', '+855 12 346 644', 'http://bunwinboutique.com', '1', '4.0', '11', '2015-08-29', null, '80', null, '2', '12', '2018-11-01 15:27:49', '2018-11-01 15:27:49', '12', '2', '5', '1970-01-01', '', '', '', '4', null), ('104', 'Bunwin Plantation', 'Kakranh Village', '1', '1', '', 'Mr. Has Sophal', 'gm@bunwinboutique.com', 'reservation@bunwinplantation.com', 'reservation@bunwinplantation.com', '', '+855 17 310 229', '+855 17 310 229', 'http://plantation.bunwinplantation.com', '1', '3.0', '14', '2015-09-14', null, '55', null, '3', '12', '2018-09-02 14:02:00', '2018-09-02 14:02:00', '12', '2', '5', '0000-00-00', '', '', '', '4', null), ('105', 'Bunwin Residence', 'Kor Kranh Village ', '1', '1', '', 'Mr. Phasy Sun', 'reservation@bunwinresidence.com', 'reservation@bunwinresidence.com', 'reservation@bunwinresidence.com', '', '+855 63 763 677', '+855 71 368 2967', 'http://bunwinresidence.com', '3', '4.0', '10', '2015-09-14', null, '80', null, '3', '13', '2019-02-05 08:54:10', '2019-02-05 08:54:10', '13', '2', '5', '2019-02-04', 'Stop selling online', 'Chivid Yem', '(855) 12346644/86 24 06 89', '4', '1970-01-01 00:00:00'), ('106', 'Casa Villa Independence Boutique Hotel', '#4, Street 294, Boeung Keng Kong 1', '1', '2', '', 'Ms. Shierlyn', 'reservation@casa-villa.com', 'reservation@casa-villa.com, casavillareservation@gmail.com', 'reservation@casa-villa.com', '', '+855 23 211 729', '+855 96 856 2622', 'http://casa-villa.com', '1', '4.0', '12', '2015-01-01', null, '130', null, '2', '12', '2018-11-01 15:29:23', '2018-11-01 15:29:23', '12', '2', '5', '1970-01-01', '', '', '', '4', null), ('107', 'Central Boutique Angkor Hotel', 'In front of Sala Bai Hospitality School, Tapoul villa, Svay Dangkum commune.', '1', '1', '', 'Mr. Thorn Ve', 'info@centralboutiqueangkorhotel.com', 'info@centralboutiqueangkorhotel.com, dm@centralboutiqueangkor.com', 'info@centralboutiqueangkorhotel.com', '', '+855 63 764 030', '', 'http://centralboutiqueangkorhotel.com', '1', '3.0', '54', '2016-06-23', null, '150', null, '2', '12', '2018-11-01 15:30:17', '2018-11-01 15:30:17', '12', '2', '5', '1970-01-01', '', '', '', '4', null), ('108', 'Central Suite Residence', 'City Center, Sok San Road, Old Market Area', '1', '1', '17000', 'Ms. Kimly Cheak', 'relations@centralsuiteresidence.com', 'relations@centralsuiteresidence.com, om@centralsuiteresidence.com, gm@centralsuiteresidence.com', 'chief-ac@centralsuiteresidence.com, gm@centralsuiteresidence.com', '', '+855 63 969 691', '+855 95 907 676', 'http://centralsuiteresidence.com', '1', '4.0', '32', '2016-03-03', null, '60', null, '3', '12', '2018-09-02 14:14:07', '2018-09-02 14:14:07', '12', '2', '5', '0000-00-00', '', '', '', '4', null), ('109', 'Chateau The Meliya Hotel & Apartment', '10B, St. 264, Sangkat Chaktomuk,  Khan Doun Penh', '1', '2', '', 'Mrs.  ABDOUNE', 'jessica.a@chateauthemeliya.com', 'jessica.a@chateauthemeliya.com, reservation@chateauthemeliya.com', 'jessica.a@chateauthemeliya.com, sreypich.1992@gmail.com', '', '+855 23 987 212', '+855 16 747 524', 'http://chateauthemeliya.com', '1', '4.0', '54', '2017-03-20', null, '120', null, '3', '12', '2019-07-01 11:24:50', '2019-07-01 11:24:50', '12', '2', '5', '2019-07-01', 'They have a new property and their management team wants to change to another system.', 'Samkot LY ', 'Sent email ', '5', '1970-01-01 00:00:00'), ('110', 'Colina Boutique Hotel', 'No. 26,  At corner of street 123 and 440, Tuoltompoung I, Chamkarmorn', '1', '2', '', 'Mr. Prosa', 'om@colinaboutiquehotel.com', 'fo@colinaboutiquehotel.com', 'account@colinaboutiquehotel.com', '', '+855 23 221 088', '', 'http://colinaboutiquehotel.com', '7', '4.0', '44', '2015-04-03', null, '60', null, '3', '12', '2018-09-02 14:40:53', '2018-09-02 14:40:53', '12', '2', '5', '0000-00-00', '', '', '', '4', null), ('111', 'Cubby House Resort', 'Otres River Village', '1', '6', '', 'Kamala Thomas', 'info@cubbyhouse.asia', 'info@cubbyhouse.asia', 'info@cubbyhouse.asia', '', '+855016388573', '+855016388573', 'http://cubbyhouse.asia', '8', '2.5', '2', '2015-10-27', null, '100', null, '2', '12', '2018-11-01 15:32:27', '2018-11-01 15:32:27', '12', '2', '5', '1970-01-01', '', '', '', '4', null), ('112', 'Damnak Villa Retreat ', ' | #92,Group#6,Trapeang Ses, Kork Chak, Siem Reap, Cambodia', '1', '1', '17252', 'Mr. Sophal Phoeun ', 'info@damnakvillaretreat.com', 'info@damnakvillaretreat.com', 'info@damnakvillaretreat.com', '+855 77 979 711', '+855 77 979 711', '+855 77 979 711', 'http://damnakvillaretreat.com', '3', '3.0', '6', '2018-07-21', null, '85', null, '2', '12', '2018-11-01 15:37:08', '2018-11-01 15:37:08', '12', '2', '5', '1970-01-01', '', '', '', '4', null), ('113', 'Damrei Angkor Hotel', 'Street 20, Wat Bo Village, Salakomroek Commune', '1', '1', '', 'Mr. Sombo', 'info@damreiangkorhotel.com', 'reservations@damreiangkorhotel.com ', 'info@damreiangkorhotel.com', '', '+855 63 968 717', '+855 16 885 378', 'http://damreiangkorhotel.com', '1', '4.0', '50', '2017-06-12', null, '100', null, '2', '12', '2018-11-01 15:39:22', '2018-11-01 15:39:22', '12', '2', '5', '1970-01-01', '', '', '', '4', null), ('114', 'De I\'homme ', 'Phnom Penh', '1', '2', '', 'Mr. Peter', 'reservation@hoteldelhomme.com', 'reservation@hoteldelhomme.com', 'reservation@hoteldelhomme.com', '', '+855 96 829 3544', '+855 23 211 498', 'http://deihomme.com', '1', '4.0', '15', '2018-03-29', null, '100', null, '3', '13', '2019-05-29 09:38:58', '2019-05-29 09:38:58', '13', '2', '4', '1970-01-01', '', '', '', '4', '1970-01-01 00:00:00'), ('115', 'De Sarann Suites', '#092, Group 6, Trapeang Ses Village | Sangkat Kork Chork, Siem Reap', '1', '1', '', 'Mr. Mike Hob', 'info@desarannvilla.com, info@desarannsuites.com', 'info@desarannvilla.com, info@desarannsuites.com, duyen@whl.travel', 'info@desarannvilla.com, info@desarannsuites.com', '', '+855 63 900 050', '+855 88 299 9923', 'http://desarannsuites.com', '1', '4.0', '8', '2016-08-19', null, '80', null, '3', '12', '2018-09-02 14:58:51', '2018-09-02 14:58:51', '12', '2', '5', '0000-00-00', '', '', '', '4', null), ('116', 'De Sarann Villa', '#37 Trang Village, Sangkat Slorkram', '1', '1', '', 'Mr. Andrew Pan', 'info@desarannvilla.com', 'info@desarannvilla.com', 'info@desarannvilla.com', '', '+855 88 299 9923', '+855 97 750 8545', 'http://desarannvilla.com', '3', '4.0', '4', '2016-03-27', null, '80', null, '3', '12', '2018-09-02 15:01:36', '2018-09-02 15:01:36', '12', '2', '5', '0000-00-00', '', '', '', '4', null), ('117', 'Dechasey Residence', 'Off Route Six, About 300 meters down Korean-Cambodian Friendship Rd', '1', '1', '', 'Mr. Kim May', 'operation@dechaseyresidence.com', 'operation@dechaseyresidence.com', 'operation@dechaseyresidence.com', '', '+855 63 965 945', '+855 15 374 477', 'http://communityresidencesiemreap.com', '1', '4.0', '10', '2017-04-28', null, '40', null, '3', '13', '2018-10-31 13:56:45', '2018-10-31 13:56:45', '13', '2', '5', '1970-01-01', '', '', '', '4', null), ('118', 'Demo', 'slarkram', '1', '1', '17000', 'Mr. Maco', 'info@eocambo.com', 'info@eocambo.com', 'info@eocambo.com', '+855 69 955 179', '+855 69 955 179', '+855 77 466 082', 'http://eocambo.com', '6', '5.0', '20', '2018-07-02', null, '1', null, '1', '2', '2019-01-02 16:05:01', '2019-01-02 16:05:01', '2', '2', '5', '1970-01-01', '', '', '', '4', '2019-01-24 00:00:00'), ('119', 'Dinata Angkor Boutique', 'Taphul Road, Svay Dangkum Commune', '1', '1', '', 'Mr. Heng Sothea', 'gm@dinataangkor.com', 'gm@dinataangkor.com', 'gm@dinataangkor.com', '', '+855 63 968 836', '+855 77 447 900', 'http://dinataangkor.com', '7', '3.0', '28', '2017-09-22', null, '100', null, '3', '13', '2019-02-05 08:51:10', '2019-02-05 08:51:10', '13', '2', '5', '1970-01-01', '', '', '', '4', '1970-01-01 00:00:00'), ('120', 'Dom Boutique Hotel', 'Wat Damnak village, Sangkat Sala Kamreuk Siem Reap Cambodia', '1', '1', '', 'Mr. Paolo', 'domsiemreap@gmail.com', 'domsiemreap@gmail.com', 'domsiemreap@gmail.com', '', '+855 96 330 6403', '+855 68 639 123', 'http://domsiemreap.com/en-us', '7', '3.0', '26', '2018-04-06', null, '30', null, '3', '12', '2018-09-02 15:28:07', '2018-09-02 15:28:07', '12', '2', '5', '0000-00-00', '', '', '', '4', null), ('121', 'Double Leaf Boutique Hotel', '#32, Street 123, Toul Tom Pong I, Khan Chamkamon', '1', '2', '', 'Mr. Phanith Lmoth', 'gm@doubleleafhotel.com', 'info@doubleleafhotel.com, hls.booking.system.pp@gmail.com', 'gm@doubleleafhotel.com', '', '+855 23 226 299', '+855 23 226 299', 'http://doubleleafhotel.com', '7', '4.0', '48', '2014-12-01', null, '166.5', null, '3', '12', '2018-09-02 15:32:15', '2018-09-02 15:32:15', '12', '2', '5', '0000-00-00', '', '', '', '4', null), ('122', 'Dyna Boutique Hotel', 'Phum Salar Kanseng, Khum Svay DangKum', '1', '1', '', 'Mr. Vorn Savoeun', 'gm@dynaboutiquehotel.com', 'gm@dynaboutiquehotel.com', 'gm@dynaboutiquehotel.com', '', '+855 63 968 881', '+855 77 529 856', 'http://dynaboutiquehotel.com', '7', '3.0', '12', '2015-03-30', null, '75', null, '3', '12', '2018-09-02 15:45:54', '2018-09-02 15:45:54', '12', '2', '5', '0000-00-00', '', '', '', '4', null), ('123', 'Eco Villa', '# Road 30, Behind Krous High School, Infront of Tropical Restaurant, Kruos, Siem Reap', '1', '1', '', 'Mr. Den', 'den@ehotelbiz.com', 'den@ehotelbiz.com, royal@ehotelbiz.net', 'den@ehotelbiz.com', '', '+855 92 307 314', '', 'http://ecovillasiemreap.com', '3', '4.0', '10', '2017-02-09', null, '60', null, '3', '12', '2018-09-02 15:48:26', '2018-09-02 15:48:26', '12', '2', '5', '0000-00-00', '', '', '', '4', null), ('124', 'eOcambo Residence', '#Street 22 (Tea Csales@eocamboresidence.comhamrat), Wat Bo Village, Siem Reap', '1', '1', '', 'Mr. Peter Phich', 'reservation@eocamboresidence.com', 'gm@eocambo.com, sales@eocamboresidence.com, reservation@eocamboresidence.com, peter@eocambo.com, kimkhorn@eocambo.com', 'sales@eocamboresidence.com', '', '+855 70 379 905', '+855 92 991 005', 'http://eocamboresidence.com', '1', '4.0', '22', '2017-08-09', null, '100', null, '2', '12', '2018-11-01 15:41:56', '2018-11-01 15:41:56', '12', '2', '4', '1970-01-01', '', '', '', '4', null), ('125', 'eOcambo Resort', 'BBU Road, Vihear Chen Village, Sangkat Svay Dangkum, Siem Reap', '1', '1', '17252', 'Mr. Peter Phich', 'peter@eocambo.com', 'info@eocamboresort.com, sales@eocamboresidence.com, peter@eocambo.com, kimkhorn@eocambo.com, gm@eocambo.com', 'peter@eocambo.com', '', '+855 70 379 905', '+855 70 379 905', 'http://eocamboresort.com', '6', '5.0', '28', '2018-08-02', null, '1', null, '2', '12', '2018-11-01 15:42:47', '2018-11-01 15:42:47', '12', '2', '4', '1970-01-01', '', '', '', '4', null), ('126', 'eOCambo Villa', 'BBU road, Vihear Chen Village, Svaydangkum Cummune, Siem Reap', '1', '1', '', 'Mr. Peter', 'info@eocambovilla.com', 'info@eocambovilla.com, gm@eocambo.com, peter@eocambo.com', 'info@eocambovilla.com', '', '+855 70 379 905', '+855 70 379 905', 'http://villa.eocambovilla.com', '3', '2.0', '8', '2017-05-30', null, '40', null, '2', '12', '2018-11-01 15:43:39', '2018-11-01 15:43:39', '12', '2', '4', '1970-01-01', '', '', '', '4', null), ('127', 'eOcambo Village', 'Street 22 (Tea Chamrat), Wat Bo Village', '1', '1', '', 'Mr. Peter Phich', 'reservation@eocambovillage.com', 'kimkhorn@eocambo.com, gm@eocambo.com, reservation@eocambovillage.com, peter@eocambo.com, sales@eocamboresidence.com', 'sales@eocamboresidence.com', '', '+855 70 379 905', '+855 92 991 005', 'http://eocambovillage.com', '1', '4.0', '28', '2017-08-19', null, '40', null, '2', '12', '2018-11-01 15:44:50', '2018-11-01 15:44:50', '12', '2', '4', '1970-01-01', '', '', '', '4', null), ('128', 'F&B Hostel', 'Sok San Road, Phum Svay Dangkum, Sangkat Svay Dangkum', '1', '1', '', 'Mr. Vannak', 'phoanvannak@gmail.com', 'phoanvannak@gmail.com', 'phoanvannak@gmail.com', '', '+855 89 672 722', '+855 98 640 885', 'http://fbsiemreaphostel.com', '1', '3.0', '12', '2017-08-09', null, '100', null, '3', '12', '2018-09-02 16:04:51', '2018-09-02 16:04:51', '12', '2', '5', '1970-01-01', '', '', '', '4', null), ('129', 'Fancy Boutique Villa', 'Samdach Tep Vong Street, Group 2, Steung Thmey Village, Sangkat Svaydangkom', '1', '1', '', 'Mr.Krishna ', 'gm@fancyboutiquevilla.com', 'book@fancyboutiquevilla.com, gm@fancyboutiquevilla.com', 'book@fancyboutiquevilla.com, gm@fancyboutiquevilla.com', '', '+855 63 965 377', '+855 70 892 850', 'http://fancyboutiquevilla.com', '7', '4.0', '13', '2016-01-15', null, '90', null, '3', '12', '2018-09-02 16:07:20', '2018-09-02 16:07:20', '12', '2', '4', '0000-00-00', '', '', '', '4', null), ('130', 'Fancy Guest House', 'No. 169B, Street 15, Phsar Kandal 2, Khan Daun Penh', '1', '2', '', 'Mr. Phannak ', 'fancyguesthouse@yahoo.com', 'fanscyguesthouse@yahoo.com', 'fancyguesthouse@yahoo.com', '', '+855 23 211 829', '+855 11 943 219', 'http://fancyguesthouse.com', '9', '0.0', '21', '2014-10-20', null, '85', null, '3', '12', '2018-09-02 16:10:12', '2018-09-02 16:10:12', '12', '2', '4', '0000-00-00', '', '', '', '4', null), ('131', 'Feliz Hostel Cafe & Bar', 'Z6-132, St 51, Buoeng Keng Kong 1 Commune, Chamkarmon District', '1', '2', '12302', 'Mr. Arun Raing', ' bookings@felizhostel.com', 'bookings@felizhostel.com', 'felizhostel@gmail.com', '', '+855 23 216 596', '+855 17 664 495', 'http://felizhostel.com', '2', '3.0', '18', '2016-07-12', null, '100', null, '2', '12', '2018-11-01 15:45:31', '2018-11-01 15:45:31', '12', '2', '4', '1970-01-01', '', '', '', '4', null), ('132', 'Feliz Urban Hotel', ' #3 Bis, Street 288, Boeung Keng Kang Commune, Chamkarmon District, PhnomPenh', '1', '2', '12302', 'Mr. Arun Raing', 'generalmanager.feliz@gmail.com', 'felizurbanhotel@gmail.com', 'panharith.sitthy@gmail.com', '', '+855 23 212 555', '+855 17 664 495', 'http://', '1', '4.0', '36', '2017-03-09', null, '150', null, '2', '12', '2018-11-01 15:46:49', '2018-11-01 15:46:49', '12', '2', '4', '1970-01-01', '', '', '', '4', null), ('133', 'Flourishing Boutique Hotel', 'Country Road Wat Chowk, Svay Dangkum, Siem Reap, Cambodja', '1', '1', '', 'Mr. CHHAI', 'info@flourishingboutique.com', 'info@flourishingboutique.com, reservation@flourishingboutique.com', 'info@flourishingboutique.com', '', '+855 61 222 637', '+855 70 643 747', 'http://flourishingboutique.com', '1', '4.0', '6', '2016-10-31', null, '70', null, '3', '12', '2018-09-02 16:20:40', '2018-09-02 16:20:40', '12', '2', '5', '0000-00-00', '', '', '', '4', null), ('134', 'G & Z Angkor Hotel', 'Siem Reap', '1', '1', '', 'Mr. Sarat Yoeung', 'Sarath.y@wegoalconsulting.com', 'Sarath.y@wegoalconsulting.com', 'Sarath.y@wegoalconsulting.com', '+855 10 339 235', '+855 10 339 235', '+855 10 339 235', 'http://gzangkorhotel.com', '1', '3.0', '21', '2018-04-30', null, '40', null, '3', '13', '2018-09-07 09:08:14', '2018-09-07 09:08:14', '13', '2', '4', '1970-01-01', '', '', '', '4', null), ('135', 'G & Z Angkor Boutique', 'Siem Reap', '1', '1', '', 'Mr. David Chhun', 'gm@gzinvestmentgroups.com', 'reservations@gzinvestmentgroups.com', 'account@gzinvestmentgroups.com', '', '+855 87 757 555', '+855 87 757 555', 'http://gzangkorboutique.com', '7', '4.0', '18', '2018-04-30', null, '60', null, '3', '12', '2018-09-02 16:26:17', '2018-09-02 16:26:17', '12', '2', '4', '1970-01-01', '', '', '', '4', null), ('136', 'Garden Flower Resort ', ' Phum Khnar, Khum Chreav, Siem Reap district,Siem Reap province', '1', '1', '17256', 'Mr. Oem Sopha', 'info@gardenflowerresort.com', 'info@gardenflowerresort.com', 'info@gardenflowerresort.com', '', '+855 96 868 6296', '', 'http://gardenflowerresort.com', '6', '4.0', '30', '2019-02-08', null, '157', null, '3', '12', '2019-03-23 08:45:12', '2019-03-23 08:45:12', '12', '14', '5', '2019-03-22', 'They don\'t have any OTAs that make a reservation and they want to prepare their property.', 'General Manager (B Nisa)', '+855 78 299 995', '5', '2019-02-12 00:00:00'), ('137', 'GBT 3 Guesthouse', 'Serendipity Street', '1', '6', '1800', 'Mr. Hom Sokleng', 'gbt_beach@yahoo.com', 'gbt_beach@yahoo.com', 'gbt_beach@yahoo.com', '', '+855 16 777 818', '+855 16 999 818', 'http://gbt3guesthouse.com', '9', '2.0', '46', '2015-05-07', null, '150', null, '3', '12', '2018-09-02 16:35:57', '2018-09-02 16:35:57', '12', '2', '5', '0000-00-00', '', '', '', '4', null), ('138', 'Genevieve\'s Khmer Villa', '#0141, Wat Damnak Street, Old Market', '1', '1', '', 'Mr. Bill Longo', 'billlongotemp@gmail.com', 'booking@damnakriverside.com', 'booking@damnakriverside.com', '', '+855 63 966 566', '+855 70 245 189', 'http://genevieveskhmervilla.com', '1', '3.0', '29', '2017-09-14', null, '125', null, '3', '12', '2018-09-02 16:37:57', '2018-09-02 16:37:57', '12', '2', '5', '0000-00-00', '', '', '', '4', null), ('139', 'Glory Angkor Hotel', 'Wat Bo Road, Wat Bo Village,  Salakormrouk Commune, ', '1', '1', '', 'Chhem Samnang', 'info@gloryangkorhotel.com', 'info@gloryangkorhotel.com', 'info@gloryangkorhotel.com', '', '+855 12 366 657', '+855 63 966 687', 'http://gloryangkorhotel.com', '1', '4.0', '16', '2018-02-02', null, '60', null, '2', '12', '2018-11-01 15:48:23', '2018-11-01 15:48:23', '12', '2', '5', '1970-01-01', '', '', '', '4', null), ('140', 'Golden Banana Residence ', 'Siem Reap', '1', '1', '', 'Mr. Laot Tre', 'gm@golden-banana.com', 'booking@golden-banana.com, sales@golden-banana.com, sales@villawatdamnak.com, sales@residencewatdamnak.com', 'gm@golden-banana.com, accountant@residencewatdamnak.com', '', '+855 70 261 397', '+855 70 261 397', 'http://golden-banana.com', '1', '3.0', '30', '2017-12-04', null, '30', null, '3', '13', '2018-10-31 13:50:52', '2018-10-31 13:50:52', '13', '2', '5', '1970-01-01', '', '', '', '4', null), ('141', 'Golden Butterfly Villa', 'Stung Thmey, Svay Dangkum near Pub Street, Pub Street Alley', '1', '1', '1710', 'Mr. Chen ', 'info@goldenbutterflyvilla.com', 'reservations@goldenbutterflyvilla.com', 'info@goldenbutterflyvilla.com', '', '+855 96 801 0338', '+855 92 646 439', 'http://goldenbutterflyvilla.com', '3', '3.0', '25', '2016-08-29', null, '100', null, '2', '12', '2018-11-01 15:49:04', '2018-11-01 15:49:04', '12', '2', '5', '1970-01-01', '', '', '', '4', null), ('142', 'Golden House International Hotel', '#23-25 St.136, Phsar Kandal 1  Daun Penh', '1', '2', '12204', 'Mrs. Lim Siv Mey', 'mail@goldenhouse.asia', 'stay@goldenhouse.asia, mail@goldenhouse.asia, hls.booking.system.pp@gmail.com', 'mail@goldenhouse.asia, stay@goldenhouse.asia', '', '+855 23 222 167', '+855 95 566 766', 'http://goldenhouse.asia', '1', '3.0', '21', '2014-08-19', null, '155', null, '2', '12', '2018-11-01 15:50:57', '2018-11-01 15:50:57', '12', '2', '5', '1970-01-01', '', '', '', '4', null), ('143', 'Golden Mango Inn', 'Road 6, Chongkaosou Village, Slorkram Commune', '1', '1', '', 'Mr. Cheab Sokvann', 'info@goldenmangoinn.com ', 'info@goldenmangoinn.com', 'info@goldenmangoinn.com ', '', '+855 63 761 857', '+855 12 952 741', 'http://goldenmangoinn.com', '1', '3.0', '24', '2017-06-16', null, '50', null, '3', '12', '2018-11-01 12:04:33', '2018-11-01 12:04:33', '12', '2', '5', '1970-01-01', '', '', '', '4', null), ('144', 'Golden Sand Hotel ', 'Ochheuteal beach, St. 23 Tola, Sangkat 4', '1', '6', '', 'Mr. Sok Sopheng', 'info@goldensandhotel.com.kh', 'sales@goldensandhotel.com.kh ', 'acc@goldensandhotel.com.kh', '', '+855 34 933 607', '+855 93 776 666', 'http://goldensandhotel.com.kh', '1', '4.0', '120', '2015-03-18', null, '120', null, '3', '12', '2018-09-02 16:53:57', '2018-09-02 16:53:57', '12', '2', '5', '0000-00-00', '', '', '', '4', null), ('145', 'Golden Sea Beach Hotel & Casino', 'Victory Beach, Vithey Krong, Sangkat 3', '1', '6', '', 'Mr. Chang Suk Oh', 'hotel@goldenseabeach.com', 'goldenseabeach567@gmail.com', 'goldenseabeach567@gmail.com', '', '+855 12 603 600', '+855 16 896 600', 'http://goldenseabeach.com', '1', '4.0', '40', '2015-01-26', null, '185', null, '3', '12', '2018-09-02 16:56:08', '2018-09-02 16:56:08', '12', '2', '5', '0000-00-00', '', '', '', '4', null), ('146', 'Golden Sea Hotel & Casino', 'Ekareach St,Sangkat3, Sihanouk vill Preach Sihanouk Province,Kingdom of Cambodia', '1', '6', '', 'Mr. Charkrong Chhong', 'gm@goldenseahotels.com', 'sales@goldenseahotels.com  ', 'fn@goldenseahotels.com', '', '+855 92 230 888', '+855 97 276 8780', 'http://goldenseahotels.com', '1', '4.0', '105', '2016-06-27', null, '35', null, '3', '12', '2018-09-02 16:58:39', '2018-09-02 16:58:39', '12', '2', '5', '0000-00-00', '', '', '', '4', null), ('147', 'Golden Temple Boutique', 'Steung Thmey Village, Savay Dangkum Commune, Siem Reap', '1', '1', '17252', 'Mr. Chot Barang', 'reservations@goldentempleboutique.com', 'reservations@goldentempleboutique.com', 'reservations@goldentempleboutique.com', '', '+855 63 212 222', '+855 98 374 079', 'https://www.goldentempleboutique.com/home', '7', '4.0', '19', '2017-07-21', null, '115', null, '3', '12', '2018-09-02 17:01:27', '2018-09-02 17:01:27', '12', '2', '5', '0000-00-00', '', '', '', '4', null), ('148', 'Golden Temple Hotel', '7 Makara road, or Angkor High School road', '1', '1', '', 'Mr. Luon Thea', 'info@goldentemplehotel.com, fom@goldentemplehotel.com, gm@goldentempleresidence.com', 'reservation@goldentemplehotel.com, fom@goldentemplehotel.com', 'reservation@goldentemplehotel.com, gm@goldentemplehotel.com, ac@goldentemplehotel.com, fom@goldentemple.com, info@goldentemplehotel.com', '', '+855 63 967 996', '+855 12 756 655', 'http://goldentemplehotel.com', '7', '4.0', '29', '2015-09-28', null, '115', null, '3', '12', '2018-09-02 17:03:33', '2018-09-02 17:03:33', '12', '2', '5', '0000-00-00', '', '', '', '4', null), ('149', 'Golden Temple Retreat', 'Wat Damnak, Sala Kamreuk, Siem Reap', '1', '1', '17252', 'Mr. Loun Thea', 'gm@goldentempleretreat.com, it@goldentempleresidence.com', 'reservation@goldentempleretreat.com', 'ac@goldentempleretreat.com', '', '+855 63 217 777', '', 'http://retreat.goldentempleretreat.com', '1', '4.0', '32', '2016-12-22', null, '115', null, '3', '12', '2018-09-02 17:10:27', '2018-09-02 17:10:27', '12', '2', '5', '0000-00-00', '', '', '', '4', null), ('150', 'Golden Temple Villa', 'Sok San Road, Svay Dangkum', '1', '1', '17252', 'Mr. Luon Thea', 'reservations@goldentemplevilla.com, info@goldentempleresidence.com', 'reservations@goldentemplevilla.com', 'gm@goldentemplevilla.com, acm@goldentemplevilla.com', '', '+855 12 794 938', '+855 12 794 938', 'http://villa.goldentemplevilla.com', '3', '4.0', '23', '2015-10-16', null, '115', null, '3', '12', '2018-09-02 17:13:13', '2018-09-02 17:13:13', '12', '2', '5', '0000-00-00', '', '', '', '4', null), ('151', 'Grand Elevation Hotel ', 'House G6 G7 G8, St. Sothearos, Tonle Basac Charmkarmon, Chamkar Morn, Phnom Penh, Cambodia', '1', '2', '', 'Ms. Nimol Tha', 'elevation.hotel@yahoo.com', 'elevation.hotel@yahoo.com', 'elevation.hotel@yahoo.com', '', '+855 77 556 528', '+855 77 556 528', 'https://grandelevationhotel.com', '1', '3.0', '54', '2018-08-16', null, '90', null, '2', '12', '2018-11-01 15:52:01', '2018-11-01 15:52:01', '12', '2', '5', '1970-01-01', '', '', '', '4', null), ('152', 'Green Amazon Residence', 'Phneachey Village, Svay Dangkom Commune', '1', '1', '', 'Mr. Phu Vireak', 'book@greenamazonresidence.com', 'book@greenamazonresidence.com', 'book@greenamazonresidence.com, fc@greenamazonresidence.com', '', '+855 63 767 7000', '+855 63 767 7000', 'http://greenamazonresidence.com', '1', '4.0', '52', '2017-12-04', null, '60', null, '3', '12', '2018-09-02 17:32:34', '2018-09-02 17:32:34', '12', '2', '5', '0000-00-00', '', '', '', '4', null), ('153', 'La Parranda Residence & Hotel', 'No.207, St. Mao Tsetoung, Sangkat Toul Svay Prey 2, Khan Chomkamorn', '1', '2', '', 'Ms. Sothy Samrith', 'info@laparrandahotels.com', 'ecommerce@laparrandahotels.com', 'sale@laparrandahotels.com', '', '+855 23 424 106', '+855 12 212 100', 'http://laparrandahotels.com', '1', '3.0', '56', '2015-03-05', null, '60', null, '3', '12', '2018-09-02 17:34:54', '2018-09-02 17:34:54', '12', '2', '5', '0000-00-00', '', '', '', '4', null), ('154', 'KT Apartment Siem Reap', 'Street 26, Siem Reap', '1', '1', '', 'Mr. Piseth', 'info@kt-apartments.com', 'info@kt-apartments.com', 'info@kt-apartments.com', '', '+855 12 415 774', '+855 87 396 999', 'http://kt-apartments.com', '5', '0.0', '12', '2017-05-12', null, '80', null, '2', '12', '2018-11-01 15:53:05', '2018-11-01 15:53:05', '12', '2', '5', '1970-01-01', '', '', '', '4', null), ('155', 'Kralanh Petite Villa', 'Veal Village | Sangkat Kouk Chork', '1', '1', '', 'Mr. Srey Meng Ly', 'gm@kralanhpetitevilla.com', 'reservation@kralanhpetitevilla.com', 'gm@kralanhpetitevilla.com', '', '+855 17 597 513', '+855 60 486 666', 'http://kralanhpetitevilla.com', '3', '3.5', '6', '2016-04-21', null, '40', null, '3', '12', '2018-09-02 17:42:32', '2018-09-02 17:42:32', '12', '2', '5', '0000-00-00', '', '', '', '4', null), ('156', 'KOUPREY HOTEL', 'Top Town Road, Krous Village, Svay Dangkum', '1', '1', '', 'Mr. Korm Sopheng', 'info@hotelkoupreyangkor.org', 'info@hotelkoupreyangkor.org', 'info@hotelkoupreyangkor.org', '', '+855 63 765 674', '+855 95 595 943', 'http://hotelkoupreyangkor.org', '1', '3.5', '57', '2015-10-01', null, '50', null, '3', '12', '2018-09-02 17:44:53', '2018-09-02 17:44:53', '12', '2', '5', '0000-00-00', '', '', '', '4', null), ('157', 'Kolab Sor Phnom Penh Hotel', '#436, Street 310, Sangkat Boeung Keng Kang III, Khan Chamkarmon', '1', '2', '', 'Ms. KEO SONY', 'info@kolabsorhotel.com ', 'onewoman168@gmail.com, info@kolabsorhotel.com', 'koesony@kolabsorhotel.com, info@kolabsorhotel.com', '', '+855 12 802 707', '+855 23 979 798', 'http://kolabsorhotel.com', '1', '4.0', '52', '2015-02-04', null, '126', null, '2', '12', '2018-11-01 15:53:47', '2018-11-01 15:53:47', '12', '2', '5', '1970-01-01', '', '', '', '4', null), ('158', 'Koh Rong Love Resort', 'Koh Rong Island , Sok San Village, Sangkat Koh Rong, Sihanouk Ville, Sihanouk province', '1', '6', '', 'Mr. Sitha Nhem ', 'gm@kohrongloveresort.com', 'gm@kohrongloveresort.com', 'gm@kohrongloveresort.com', '', '+855 16 963 198', '+855 85 311 161', 'http://kohrongloveresort.com', '6', '0.0', '48', '2017-10-09', null, '150', null, '2', '12', '2018-11-01 15:55:16', '2018-11-01 15:55:16', '12', '2', '5', '1970-01-01', '', '', '', '4', null);
INSERT INTO `eot_customer` VALUES ('159', 'Klampuu Villa Hostel', 'st 53, Stueng Thmei Village, Svay Dangkum Commune', '1', '1', '', 'Mr. Long Vansak', 'long.vansak@gmail.com', 'long.vansak@gmail.com', 'long.vansak@gmail.com', '', '+855 10 556 191', '+855 10 556 191', 'http://klampuuvillahostel.com', '2', '3.0', '11', '2018-01-03', null, '80', null, '3', '13', '2018-10-31 13:09:26', '2018-10-31 13:09:26', '13', '2', '5', '1970-01-01', '', '', '', '4', null), ('160', 'Klampuu Villa', 'Street 53, Stueng Thmei Village, Svay Dangkum Commune', '1', '1', '17252', 'Mr. Long Vansak', 'long.vansak@gmail.com', 'long.vansak@gmail.com', 'long.vansak@gmail.com', '', '+855 12 926 020', '+855 10 556 191', 'http://klampuuvilla.com', '3', '3.0', '11', '2017-10-31', null, '90', null, '2', '12', '2018-11-01 15:55:53', '2018-11-01 15:55:53', '12', '2', '5', '1970-01-01', '', '', '', '4', null), ('161', 'King Rock Boutique Hotel', 'Group #7, Wat Damnak, Sala Kamreouk', '1', '1', '17254', 'Mr. Hem Sophoun', 'om@kingrockboutique.com', 'om@kingrockboutique.com, room@kingrockboutique.com, info@kingrockboutique.com', 'account@kingrockboutique.com', '', '+855 63 766 141', '+855 10 712 425', 'http://kingrockboutique.com', '7', '4.0', '18', '2016-06-25', null, '50', null, '3', '12', '2018-09-02 17:57:32', '2018-09-02 17:57:32', '12', '2', '5', '0000-00-00', '', '', '', '4', null), ('162', 'King Boutique Hotel', '251 Samdach Tep Vong, Siem Reap 17252', '1', '1', '', 'Mr. Sam', 'kingboutiquehotel@gmail.com', 'kingboutiquehotel@gmail.com', 'kingboutiquehotel@gmail.com', '', '+855 63 760 655', '+855 12 930 011', 'http://kingboutiquehotel.com', '1', '3.0', '24', '2016-10-19', null, '45', null, '3', '12', '2018-09-02 17:59:30', '2018-09-02 17:59:30', '12', '2', '5', '0000-00-00', '', '', '', '4', null), ('163', 'Khmere Maison D\'Angkor', '#482, BO POX 93090, City Center, National Road No.6, Wat Kesaram Street, Sangkat Svay Dangkum,', '1', '1', '17000', 'Jacky LONG ', 'jacky@khmeremaisondangkor.com', 'relations@khmeremaisondangkor.com', 'jacky@khmeremaisondangkor.com', '', '+855 63 766 062', '+855 12 660 160', 'http://khmeremaisondangkor.com', '7', '3.0', '6', '2015-11-02', null, '30', null, '3', '12', '2018-09-02 18:03:37', '2018-09-02 18:03:37', '12', '2', '5', '1970-01-01', '', '', '', '4', null), ('164', 'Khmer Wooden Hostel', '#144, Taphul Village, Svaydangkum', '1', '1', '', 'Ms. Vichna Run', 'info@khmerwoodenhostel.com', 'info@khmerwoodenhostel.com', 'info@khmerwoodenhostel.com', '', '+855 63 965 444', '+855 12 458 338', 'http://khmerwoodenhostel.com', '2', '0.0', '4', '2016-02-23', null, '100', null, '3', '12', '2018-09-02 18:05:41', '2018-09-02 18:05:41', '12', '2', '5', '0000-00-00', '', '', '', '4', null), ('165', 'Khmer Mansion Residence', 'Sok San Street, Stung Thmey Village, Svay Dangkum Commune', '1', '1', '', 'Ms. Chea Komrong', 'reservation@khmermansionresidence.com, gm@khmermansionresidence.com', 'reservation@khmermansionresidence.com, gm@khmermansionresidence.com, chhnakchhai99@gmail.com', 'accountant@khmermansionresidence.com', '', '+855 63 762 333', '+855 77 708 558', 'http://khmermansionresidence.com/residence.html', '1', '3.0', '47', '2017-08-29', null, '50', null, '2', '12', '2018-11-01 15:57:48', '2018-11-01 15:57:48', '12', '2', '5', '1970-01-01', '', '', '', '4', null), ('166', 'Khmer Mansion Boutique Hotel', 'Sok San Street, Stung Thmer Village, Svay Dangkum Commune', '1', '1', '', 'Ms. Chea Komrong', 'gm@khmermansion.com', 'gm@khmermansion.com', 'accountant@khmermansion.com', '', '+855 63 762 333', '+855 77 708 558', 'http://khmermansion.com', '1', '4.0', '22', '2017-06-01', null, '50', null, '2', '12', '2018-11-01 15:58:17', '2018-11-01 15:58:17', '12', '2', '5', '1970-01-01', '', '', '', '4', null), ('167', 'Khavi Villa', '#12 st 258', '1', '2', '', 'Mr. Khavi Sang', 'khavicambodia@yahoo.com', 'khavicambodia@yahoo.com', 'khavicambodia@yahoo.com', '', '+855 12 766 624', '', 'http://khavivilla.com', '3', '4.0', '23', '2015-02-24', null, '150', null, '3', '12', '2018-09-02 18:15:26', '2018-09-02 18:15:26', '12', '2', '5', '0000-00-00', '', '', '', '4', null), ('168', 'Khavi Guesthouse', '#7DD, Street 258 , S/K Chaktomuk, Khan Daun Penh', '1', '2', '', 'Mr. Khavi Sang', 'khavicambodia@yahoo.com', 'khavicambodia@yahoo.com', 'khavicambodia@yahoo.com', '', '+855 23 632 4466', '+855 12 766 624', 'http://khavi-guesthouse.com', '9', '3.0', '23', '2015-02-23', null, '100', null, '3', '12', '2018-09-02 18:18:02', '2018-09-02 18:18:02', '12', '2', '5', '0000-00-00', '', '', '', '4', null), ('169', 'Kafu Resort and Spa', 'River Road, Slarkram Commune', '1', '1', '', 'Ms. Vann Narin', 'info@kafu-resort.com', 'info@kafu-resort.com', 'info@kafu-resort.com', '', '+855 63 964 242', '+855 15 364 686', 'http://kafu-resort.com', '1', '3.0', '28', '2017-11-10', null, '60', null, '3', '12', '2019-06-14 08:58:55', '2019-06-14 08:58:55', '12', '2', '5', '2019-06-14', 'They want to save budget for low season', 'Mr. Pisith Roeum', 'By Email ', '5', '1970-01-01 00:00:00'), ('170', 'Jasmin Monument Hotel', ' #22s, Street 29, BKK1, Tonlebassac, Chamkarmon', '1', '2', '', 'Mr. Sok Chan', 'gm@j-monumenthotel.com', 'manager@j-monumenthotel.com, gm@j-monumenthotel.com, stay@j-monumenthotel.com', 'manager@j-monumenthotel.com, gm@j-monumenthotel.com', '', '+855 23 221 322', '+855 86 565 959', 'http://j-monumenthotel.com', '1', '4.0', '23', '2017-04-20', null, '100', null, '3', '13', '2019-01-15 09:21:01', '2019-01-15 09:21:01', '13', '2', '5', '1970-01-01', '', '', '', '4', '1970-01-01 00:00:00'), ('171', 'Isann Villa', 'Svay Dongkom,', '1', '1', '', 'Mr. Sothea Seng', 'sothea@mahobkhmer.com', 'sothea@mahobkhmer.com', 'sothea@mahobkhmer.com', '', '+855 12 926 562', '+855 12 926 562', 'http://isannvilla.com', '3', '3.0', '15', '2018-02-01', null, '100', null, '3', '13', '2018-09-07 09:08:26', '2018-09-07 09:08:26', '13', '2', '5', '1970-01-01', '', '', '', '4', null), ('172', 'Isann Lodge', 'Chong Kao Su Village, Sangkat Slor Kram', '1', '1', '', 'Mr. Sothea Seng ', 'info@isannlodge.com', 'info@isannlodge.com', 'info@isannlodge.com', '', '+855 63 966 986', '+855 12 926 562', 'http://isannlodge.com', '6', '3.5', '12', '2017-06-21', null, '100', null, '3', '12', '2018-09-02 18:33:33', '2018-09-02 18:33:33', '12', '2', '5', '0000-00-00', '', '', '', '4', null), ('173', 'Indradevi Boutique Hotel', 'Krous Village, Svay Dankum, Sieam Reap', '1', '1', '', 'Mr. Chhuney', 'info@indradeviboutiquehotel.com, Keochhunyu@gmail.com', 'info@indradeviboutiquehotel.com, Keochhunyu@gmail.com', 'info@indradeviboutiquehotel.com, Keochhunyu@gmail.com', '', '+855 63 766 398', '+855 95 566 262', 'http://indradeviboutiquehotel.com', '7', '3.5', '20', '2016-12-12', null, '100', null, '3', '12', '2018-09-02 18:35:52', '2018-09-02 18:35:52', '12', '2', '5', '0000-00-00', '', '', '', '4', null), ('174', 'Indra Porak Residence', 'Betong Street, Village Vihear Chen, Sangkat Svay Dangkom,near by Pub Street', '1', '1', '17252', 'Mr. Lim Rithy', 'sales@indraporak.com', 'reservation@indraporak.com, sales@indraporak.com', 'limrithy27@yahoo.com', '', '+855 93 859 007', '+855 63 963 373', 'http://indraporak.com', '7', '4.0', '16', '2015-09-15', null, '50', null, '3', '12', '2018-09-02 18:39:11', '2018-09-02 18:39:11', '12', '2', '5', '0000-00-00', '', '', '', '4', null), ('175', 'Indochine 2 Hotel', 'No. 28-30, Street 130, Phsar Kandal I, Daun Penh, Phnom Penh, Cambodia.', '1', '2', '12000', 'Ms. Sivly Lim', 'lim.sivly@indochine2hotel.com', 'reservation@indochine2hotel.com, hls.booking.system.pp@gmail.com', 'lim.sivly@indochine2hotel.com', '', '+855 23 211 525', '+855 23 211 787', 'http://indochine2hotel.com', '1', '2.0', '30', '2014-12-01', null, '85', null, '3', '12', '2018-09-02 18:41:32', '2018-09-02 18:41:32', '12', '2', '5', '0000-00-00', '', '', '', '4', null), ('176', 'In Miles Boutique Hotel', 'No. 042, Charle De Gaulle Blvd (Main Road to Angkor Wat), Mondul 3 village, Sangkat Slor Kram', '1', '1', '', 'Mr. Pheakdey', 'info@inmilesboutique.com', 'info@inmilesboutique.com, inmilesboutique@gmail.com', 'info@inmilesboutique.com', '', '+855 17 995 567', '', 'http://inmilesboutique.com', '1', '2.0', '10', '2017-02-10', null, '50', null, '3', '12', '2018-09-02 18:46:53', '2018-09-02 18:46:53', '12', '2', '5', '0000-00-00', '', '', '', '4', null), ('177', 'Hotel Tokyo Service Apartment and Spa', 'Phnom Penh', '1', '2', '', 'Mr. Kaizo', 'contact@kihoteltokyo.com', 'contact@kihoteltokyo.com', 'contact@kihoteltokyo.com', '', '+855 23 901 358', '', 'http://hoteltokyoserviceapartmentandspa.com', '1', '2.0', '100', '2018-02-26', null, '70', null, '3', '13', '2019-05-29 09:34:55', '2019-05-29 09:34:55', '13', '2', '4', '1970-01-01', '', '', '', '4', '1970-01-01 00:00:00'), ('178', 'Hotel Records', 'Phnom Penh', '1', '2', '', 'Mr. Ea Tola', 'records@journeyside.com', 'records@journeyside.com', 'records@journeyside.com', '', '+855 23 981 818', '+855 12 850 488', 'http://hotelrecords.com', '1', '3.0', '15', '2018-06-29', null, '30', null, '3', '13', '2019-01-15 09:05:04', '2019-01-15 09:05:04', '13', '2', '5', '1970-01-01', '', '', '', '4', '1970-01-01 00:00:00'), ('179', 'Hotel Five.S ', 'Krang Vilage, KrangAmpil Commune,', '1', '7', '07452', 'Mr. Jimmy', 'info@hotelfives.com', 'info@hotelfives.com', 'gentillesun@gmail.com', '', '+855 81 375 375', '+855 69 370 000', 'http://hotelfives.com', '1', '3.0', '15', '2016-09-20', null, '100', null, '2', '12', '2018-11-01 16:02:59', '2018-11-01 16:02:59', '12', '2', '4', '1970-01-01', '', '', '', '4', null), ('180', 'Hotel Corduroy', 'Phnom Penh', '1', '2', '', 'Mr. Ear Tola', 'tola@journeyside.com', 'tola@journeyside.com', 'tola@journeyside.com', '+855 12 850 488', '+855 12 850 488', '+855 12 850 488', 'http://hotelcorduroy.com', '1', '4.0', '23', '2018-07-10', null, '30', null, '3', '13', '2019-01-15 09:04:40', '2019-01-15 09:04:40', '13', '2', '5', '1970-01-01', '', '', '', '4', '1970-01-01 00:00:00'), ('181', 'Hostel 543', 'Wat Bo road', '1', '1', '', 'Mr. Chris', 'thehostel543@gmail.com', 'thehostel543@gmail.com', 'thehostel543@gmail.com', '', '+855 68 386 903', '+855 93 215 253', 'http://hostel543.com', '2', '0.0', '4', '2015-12-03', null, '135', null, '3', '12', '2018-09-02 19:04:46', '2018-09-02 19:04:46', '12', '2', '5', '0000-00-00', '', '', '', '4', null), ('182', 'Horizons Cambodia', 'Street #23, Wat Bo Village, Siem Reap Cambodia', '1', '1', '', 'Mr. Chanthou Choun', 'info@horizonscambodia.com', 'info@horizonscambodia.com', 'info@horizonscambodia.com', '', '+855 92 730 031', '+855 86 730 031', 'http://horizonscambodia.com', '7', '3.0', '12', '2018-02-28', null, '70', null, '3', '12', '2018-09-02 19:07:04', '2018-09-02 19:07:04', '12', '2', '5', '0000-00-00', '', '', '', '4', null), ('183', 'Home Chic Hotel', 'NO. 17, ST. 282, Boeung Keng Kang I | Sangkat BKKI, Khan Chamkarmon', '1', '2', '', 'Ms. Tha Nimol', 'homechichotel@yahoo.com', 'homechichotel@yahoo.com', 'homechichotel@yahoo.com', '+855 11 846 484', '+855 11 846 484', '+855 11 846 484', 'http://homechichotel.com/index.php', '1', '3.0', '50', '2018-04-11', null, '100', null, '2', '12', '2018-10-31 11:34:49', '2018-10-31 11:34:49', '12', '2', '4', '1970-01-01', '', '', '', '4', null), ('184', 'Hillocks Hotel & Spa', 'Sala Kamreuk Villiage, Sala Kamreuk Commune', '1', '1', '1710', 'Narin Hem', 'info@hillockshotel.com', 'book@hillockshotel.com, info@hillockshotel.com, sm@hillockshotel.com', 'account@hillockshotel.com', '', '+855 63 966 699', '+855 95 345 676', 'http://hillockshotel.com', '1', '5.0', '38', '2016-09-26', null, '60', null, '3', '12', '2018-09-02 19:14:20', '2018-09-02 19:14:20', '12', '2', '5', '0000-00-00', '', '', '', '4', null), ('185', 'Hilary\'s Boutique Hotel', '#16 Bis, Street 302, Sangkat Boeng Keng Kang I,  Khan Chamkamorn', '1', '2', '', 'Mr. Sum Chhey', 'info@hilarysboutiquehotel.com ', 'info@hilarysboutiquehotel.com, hls.booking.system.pp@gmail.com', 'info@hilarysboutiquehotel.com ', '', '+855 12 884 467', '+855 23 555 2360', 'http://hilarysboutiquehotel.com', '7', '3.0', '13', '2014-12-01', null, '90', null, '3', '12', '2018-09-02 19:18:00', '2018-09-02 19:18:00', '12', '2', '5', '0000-00-00', '', '', '', '4', null), ('186', 'Hideaway Boutique Resort', 'Siem Reap', '1', '1', '', 'Mr. Rossi', 'reservation@hideawayboutiqueresort.com', 'reservation@hideawayboutiqueresort.com, rossi.is@gmail.com, jd@jaromirdvoracek.com', 'gm@hideawayboutiqueresort.com', '', '+855 12 264 700', '+855 96 369 2665', 'http://hideawayboutiqueresort.com', '6', '0.0', '30', '2017-01-19', null, '60', null, '3', '12', '2018-09-02 19:20:39', '2018-09-02 19:20:39', '12', '2', '5', '0000-00-00', '', '', '', '4', null), ('187', 'Heritage Suites Hotel', 'Near Wat Polanka, Slokram Village, Khum Slok Kram, Siem Reap', '1', '1', '93101', 'Ms. Oma Ho', 'oma@heritagesuiteshotel.com', 'info@heritagesuiteshotel.com, reservation@heritagesuiteshotel.com', 'oma@heritagesuiteshotel.com', '', '+855 63 969 100', '+855 11 969 100', 'https://www.heritagesuiteshotel.com', '7', '5.0', '26', '2016-11-19', null, '120', null, '3', '12', '2018-09-02 19:23:44', '2018-09-02 19:23:44', '12', '2', '5', '0000-00-00', '', '', '', '4', null), ('188', 'Hello Cambodia Boutique', 'Bakheng Road, Siem Reap Central Area,', '1', '1', '', 'Mr. Sin Senghong', 'gm@hellocambodiaboutique.com', 'reservation@hellocambodiaboutique.com', 'booking@hellocambodiaboutique.com', '', '+855 77 519 967', '+855 63 969 699', 'http://hellocambodiaboutique.com', '7', '4.0', '23', '2018-03-17', null, '80', null, '3', '13', '2019-05-29 09:33:29', '2019-05-29 09:33:29', '13', '2', '4', '1970-01-01', '', '', '', '4', '1970-01-01 00:00:00'), ('189', 'Skor Boutique', '#0517, Street 7 Makara, Wat Bo Village, Sangkat Salakamroeuk, Siem Reap', '1', '1', '', 'Mr. Majid Wazir', 'info@heavenangkorresidence.com', 'info@heavenangkorresidence.com, reservation@heavenangkorresidence.com', 'info@heavenangkorresidence.com', '', '+855 63 966 737', '+855 92 627 046', 'http://heavenangkorresidence.com', '7', '4.0', '15', '2017-02-20', null, '100', null, '2', '12', '2019-04-19 15:35:27', '2019-04-19 15:35:27', '12', '2', '4', '1970-01-01', '', '', '', '4', '1970-01-01 00:00:00'), ('190', 'Harmony River Hotel', '#337, Preah Sisowath Blvd, Sangkat Chey', '1', '2', '', 'Mr. Vong Senvichet', 'harmonyriverhotel@yahoo.com', 'harmonyriverhotel@yahoo.com', 'harmonyriverhotel@yahoo.com', '', '+855 89 232 678', '', 'http://harmonyriverhotel.com', '1', '2.0', '17', '2015-12-08', null, '100', null, '3', '12', '2018-09-02 19:36:54', '2018-09-02 19:36:54', '12', '2', '5', '0000-00-00', '', '', '', '4', null), ('191', 'HanumanAlaya Colonial House', 'Treang Village, Slar Kram Commune', '1', '1', '17254', 'Mr. Boren Chhay', 'boren@hanumanalaya.com', 'reservations@hanumanalaya.com', 'reservations@hanumanalaya.com', '', '+855 63 760 581', '+855 12 789 857', 'http://colonialhouse.hanumanalaya.com', '6', '4.0', '11', '2016-12-30', null, '70', null, '3', '12', '2018-09-02 19:41:02', '2018-09-02 19:41:02', '12', '2', '5', '0000-00-00', '', '', '', '4', null), ('192', 'Green Palace Hotel Phnom Penh', '7 No 61, St. 111 Corner 232 Boeung Pralit | Makara District', '1', '2', '', 'Mr. Kosal Sou', 'kosal.sou@greenpalacehotel.com', 'kosal.sou@greenpalacehotel.com, E-commerce@greenpalacehotel.com, Reservation@greenpalacehotel.com', 'kosal.sou@greenpalacehotel.com', '', '+855 16 570 057', '+855 16 570 057', 'http://greenpalacehotel.com', '1', '4.0', '144', '2018-02-20', null, '75', null, '3', '12', '2019-07-01 11:08:45', '2019-07-01 11:08:45', '12', '2', '5', '2019-07-01', 'Use solutions from another company ', 'Mr. Kosa', '016 570 057', '5', '1970-01-01 00:00:00'), ('193', 'Champey Sor Angkor Boutique', 'Phum Svay Dangkum, Svay Dangkum ', '1', '1', '17252', 'Mr. Seng Saymeng ', 'info@champeysorangkorboutique.com', 'info@champeysorangkorboutique.com', 'info@champeysorangkorboutique.com', '+855 96 444 1411', '+855 96 444 1411', '070770002', 'http://champeysorangkorboutique.com', '7', '3.5', '20', '2018-09-04', null, '110', null, '2', '12', '2018-10-31 11:22:20', '2018-10-31 11:22:20', '12', '2', '4', '1970-01-01', '', '', '', '4', null), ('194', 'Pearl Resort Cambodia', 'Koh Rong ', '1', '6', '', 'Mr. Ruzaini Rulloda Bin Abdullah ', 'rrarico@gmail.com', 'rrarico@gmail.com, it@pearlresortcambodia.com', 'rrarico@gmail.com', '+855 78 284 949', '+855 12 201 285', '+855 12 201 285', 'http://pearlresortcambodia.com', '1', '5.0', '30', '2018-09-03', '15', '100', null, '2', '12', '2018-11-02 11:36:11', '2018-11-02 11:36:11', '12', '2', '4', '1970-01-01', '', '', '', '4', null), ('195', 'Mango Rain Boutique Hotel', 'No. 108 Wat Svay Village, Near Phsar Krom Market, Siem Reap River Side ', '1', '1', '17000', 'Mr. Sophy', 'gm@mangorainboutique.com', 'info@mangorainboutique.com, reservation@mangorainboutique.com', 'info@mangorainboutique.com, reservation@mangorainboutique.com', '+855 69 755 554', '+855 69 755 554', '+855 69 755 554', 'http://mangorainboutique.com', '7', '3.0', '17', '2015-09-11', null, '80', null, '3', '13', '2018-09-09 18:26:20', '2018-09-09 18:26:20', '13', '2', '4', '0000-00-00', '', '', '', '4', null), ('196', 'Indra Porak Residence', 'Betong Street, Village Vihear Chen, Sangkat Svay Dangkom,near by Pub Street', '1', '1', '17000', 'Mr. Lim Rithy', 'sales@indraporak.com', 'reservation@indraporak.com, sales@indraporak.com', 'limrithy27@yahoo.com', '+855 93 859 007', '+855 93 859 007', '+855 63 963 373', 'http://indraporak.com', '7', '3.0', '16', '2015-09-15', null, '50', null, '3', '13', '2018-09-09 18:28:28', '2018-09-09 18:28:28', '13', '2', '4', '0000-00-00', '', '', '', '4', null), ('198', 'Popular Residence Hotel ', 'Sala Kamroeuk Village, Sala Kamroeuk Commune ', '1', '1', '17000', 'Mr. Bonn', 'gm@popularresidence.com', 'gm@popularresidence.com, rdm@popularresidence.com', 'fc@popularresidence.com', '+855 81 566 377', '+855 81 566 377', '+855 16 783 425', '+855 16 783 425', '1', '4.0', '26', '2015-09-19', null, '100', null, '2', '12', '2018-10-31 09:33:07', '2018-10-31 09:33:07', '12', '2', '4', '1970-01-01', '', '', '', '4', null), ('199', 'Ladear Angkor Boutique Hotel', 'Street 27, Wat Bo Road, Phum Wat Bo, Khum Salakamroeuk', '1', '1', '17000', 'Ran Sophea', 'gm@ladearangkorhotel.com', 'reservation@ladearangkorhotel.com', 'fc@ladearangkorhotel.com, ac@ladearangkorhotel.com', '+855 12 849 190', '+855 12 849 190', '+855 63 963 070', 'http://ladearangkorhotel.com', '7', '3.0', '12', '2015-09-21', null, '50', null, '2', '12', '2018-10-31 09:24:40', '2018-10-31 09:24:40', '12', '2', '4', '1970-01-01', '', '', '', '4', null), ('200', 'Var Sunny Angkor Suite Hotel', 'National Road 6, Chong Kaosur Village', '1', '1', '17000', 'Mr. Mom Chomroeun', 'gm@varsunnyangkorsuite.com', 'gm@varsunnyangkorsuite.com', 'gm@varsunnyangkorsuite.com', '+855 17 673 609', '+855 17 673 609', '+855 69 577 599', 'http://varsunnyangkorsuite.com', '1', '3.0', '28', '2015-09-25', null, '155', null, '3', '13', '2018-09-09 18:35:04', '2018-09-09 18:35:04', '13', '2', '4', '0000-00-00', '', '', '', '4', null), ('201', 'Villa Medamrei Boutique Hotel', 'Vihear Chin Village, Svay Dangkum Commnuce', '1', '1', '17000', 'Ms.Hok Rachana', 'info@villamedamrei.com', 'info@villamedamrei.com', 'info@villamedamrei.com', '+855 12 782 316', '+855 12 782 316', '+855 63 763 636 ', 'http://villamedamrei.com', '1', '3.0', '19', '2015-10-28', null, '80', null, '3', '13', '2018-09-09 18:36:39', '2018-09-09 18:36:39', '13', '2', '4', '0000-00-00', '', '', '', '4', null), ('202', 'Panary Angkor Boutique ', 'Behind New Apsara Supermarket 200 meters on the right hand side, # 20 Road, Wat Bo Street', '1', '1', '17000', 'Seng Parob', 'info@panaryangkorboutique.com ', 'info@panaryangkorboutique.com, sokros@hotellinksolutions.com.kh', 'info@panaryangkorboutique.com ', '+855 12 920 737', '+855 12 920 737', '+855 12 920 737', 'http://panaryangkorboutique.com', '7', '3.5', '14', '2015-11-02', null, '50', null, '3', '13', '2018-09-09 18:38:19', '2018-09-09 18:38:19', '13', '2', '4', '0000-00-00', '', '', '', '4', null), ('204', 'Hostel 543', 'Wat Bo road', '1', '1', '17000', 'Mr. Chris', 'thehostel543@gmail.com', 'thehostel543@gmail.com', 'thehostel543@gmail.com', '+855 93 215 253', '+855 93 215 253', '+855 68 386 903', 'http://hostel543.com', '2', '2.0', '4', '2015-12-03', null, '135', null, '3', '13', '2018-09-09 18:41:36', '2018-09-09 18:41:36', '13', '2', '4', '0000-00-00', '', '', '', '4', null), ('205', 'Chez Moi Residence and Spa', '#Street 22, Wat Bo, Sangkat Salar Komreuk', '1', '1', '17000', 'Ms. Vann Narin', 'residence@chezmoi.asia', 'residence@chezmoi.asia', 'residence@chezmoi.asia', '+855 12 584 897', '+855 12 584 897', '+855 12 584 897', 'http://residence.chezmoi.asia', '1', '4.0', '16', '2016-01-08', null, '60', null, '3', '13', '2018-09-09 18:43:15', '2018-09-09 18:43:15', '13', '2', '4', '0000-00-00', '', '', '', '4', null), ('207', 'Tropicana Residence & Resort', 'Angkor High School Road, Phum Wat Bo, Salakamreuk', '1', '1', '17000', 'Mr. Seang Sovann', 'rm@tropicanaresidence.com', 'reservation@tropicanaresidence.com', 'rm@tropicanaresidence.com, acc@tropicanaresidence.com', '+855 12 842 349', '+855 12 842 349', '+855 63 210 600', 'http://tropicanaresidence.com ', '1', '4.0', '16', '2016-01-11', null, '75', null, '3', '13', '2018-09-09 18:46:27', '2018-09-09 18:46:27', '13', '2', '4', '0000-00-00', '', '', '', '4', null), ('208', 'Angkor Miracle Resort & Spa', 'National Road No. 6A. Khum Sra Nge (opposite of Cambodian cultural Village) Siem Reap', '1', '1', '17000', 'Mr. Daravichhay SENG ', 'em@angkormiracle.com, ee@angkormiracle.com, reservations@angkormiracle.com', 'reservations@angkormiracle.com, ee@angkormiracle.com, em@angkormiracle.com', 'acc@angkormiracle.com', '+855 87 882 244', '+855 87 882 244', '+855 63 969 900', 'http://angkormiracle.com/resort', '1', '5.0', '247', '2015-11-30', null, '150', null, '3', '13', '2018-09-09 18:48:21', '2018-09-09 18:48:21', '13', '2', '4', '0000-00-00', '', '', '', '4', null), ('209', 'Chronicle Residence And Spa', '# Road 30, 200m way from Borei Phreumprey.', '1', '1', '17000', 'Kyry Sok', 'gm@chronicleresidenceandspa.com, operation@chronicleresidenceandspa.com, info@chronicleresidenceandspa.com', 'reservation@chronicleresidenceandspa.com, operation@chronicleresidenceandspa.com, info@chronicleresidenceandspa.com', 'account@chronicleresidenceandspa.com', '+855 12 677 939', '+855 12 677 939', '+855 63 963 693', 'http://chronicleresidenceandspa.com', '1', '3.0', '22', '2015-11-27', null, '100', null, '3', '13', '2018-09-09 18:50:14', '2018-09-09 18:50:14', '13', '2', '4', '0000-00-00', '', '', '', '4', null), ('210', 'Vilada Angkor Boutique', 'Kor Kranch Village, Sangkat Siem Reap', '1', '1', '17000', 'Mr. Seng Sakada', 'gm@viladaangkorboutique.com', 'gm@viladaangkorboutique.com', 'gm@viladaangkorboutique.com', '+855 12 565 856', '+855 12 565 856', '+855 17 688 568', 'http://viladaangkorboutique.com', '1', '4.0', '7', '2015-11-03', null, '70', null, '3', '13', '2018-09-09 18:51:37', '2018-09-09 18:51:37', '13', '2', '4', '0000-00-00', '', '', '', '4', null), ('211', 'Khmere Maison d\'Angkor', '#482, BO POX 93090, City Center, National Road No.6, Wat Kesaram Street, Sangkat Svay Dangkum,', '1', '1', '17000', 'Jacky LONG ', 'jacky@khmeremaisondangkor.com', 'relations@khmeremaisondangkor.com', 'jacky@khmeremaisondangkor.com', '+855 12 660 160', '+855 12 660 160', '+855 63 766 062', 'http://khmeremaisondangkor.com', '7', '3.0', '6', '2016-11-02', null, '30', null, '3', '13', '2018-09-09 18:53:23', '2018-09-09 18:53:23', '13', '2', '4', '0000-00-00', '', '', '', '4', null), ('212', 'Bopha Pollen Hotel', ' #202, Taphul village , Svay Dangkum Commune', '1', '1', '17000', 'Mr.Pahrida Mary', 'reservation@bophapollenhotel.com, md@bophapollenhotel.com', 'md@bophapollenhotel.com, reservation@bophapollenhotel.com', 'md@bophapollenhotel.com, reservation@bophapollenhotel.com', '+855 10 965 899', '+855 10 965 899', '+855 63 965 899', 'http://bophapollenhotel.com', '1', '4.0', '29', '2019-01-17', '24', '85', null, '2', '12', '2019-01-22 09:13:02', '2019-01-22 09:13:02', '12', '13', '5', '1970-01-01', '', '', '', '4', '2019-01-17 00:00:00'), ('213', 'Nagara Angkor Boutique Hotel', 'Sok San Road, Stueng Thmei Village, Svay Dangkum Commune', '1', '1', '17000', 'Mr. Sophat', 'booking@nagaraangkor-boutique.com', 'booking@nagaraangkor-boutique.com', 'account@nagaraangkor-boutique.com', '+855 70 559 536', '+855 70 559 536', '+855 63 766 082', 'http://nagaraangkor-boutique.com', '7', '3.5', '36', '2015-11-21', null, '150', null, '3', '13', '2018-09-09 18:56:45', '2018-09-09 18:56:45', '13', '2', '4', '0000-00-00', '', '', '', '4', null), ('215', 'Bunwin Plantation', 'Kakranh Village', '1', '1', '17000', 'Mr. Has Sophal', 'gm@bunwinboutique.com', 'reservation@bunwinplantation.com', 'reservation@bunwinplantation.com', '+855 17 310 229', '+855 17 310 229', '+855 17 310 229', 'http://plantation.bunwinplantation.com', '1', '3.0', '14', '2015-09-14', null, '55', null, '3', '13', '2018-09-09 19:00:09', '2018-09-09 19:00:09', '13', '2', '4', '0000-00-00', '', '', '', '4', null), ('216', 'Popular Boutique Hotel', 'Address: #033, Vihear Chin Village, Sangkat Svay Daungkum, Siem Reap City', '1', '1', '17000', 'Mrs. CHUM Thida', 'gm@popularboutiquehotel.com', 'reservation@popularboutiquehotel.com', 'reservation@popularboutiquehotel.com', '+855 17 820 187', '+855 63 963 578', '+855 17 820 187', 'http://popularboutiquehotel.com', '1', '3.0', '36', '2015-09-26', null, '80', null, '3', '13', '2018-09-09 19:17:32', '2018-09-09 19:17:32', '13', '2', '4', '0000-00-00', '', '', '', '4', null), ('220', 'The Moon Villa ', 'National Road 06,Phum Banteay Chas, Samaki Market zone', '1', '1', '17000', 'Mr.Has Sophal', 'reservation@themoonvilla.com', 'reservation@themoonvilla.com', 'reservation@themoonvilla.com', '+855 12 629 969', '+855 12 629 969', '+855 12 629 969', 'http://themoonvilla.com', '3', '3.0', '19', '2015-08-29', null, '55', null, '3', '13', '2018-09-09 19:24:16', '2018-09-09 19:24:16', '13', '2', '4', '0000-00-00', '', '', '', '4', null), ('221', 'New Riverside Hotel', 'Chunlung Village, Sala Komrak Commune ', '1', '1', '17000', 'Mr.Xing', 'reservation@newriversidehotel.com, booking@newriversidehotel.com', 'reservation@newriversidehotel.com, booking@newriversidehotel.com', 'reservation@newriversidehotel.com, booking@newriversidehotel.com', '+855 12 550 055', '+855 12 550 055', '+855 63 765 533', 'http://newriversidehotel.com', '1', '3.0', '40', '2015-08-10', null, '100', null, '3', '13', '2018-09-09 19:26:02', '2018-09-09 19:26:02', '13', '2', '4', '0000-00-00', '', '', '', '4', null), ('222', 'Lynnaya Urban River Resort & Spa', 'Street 20 Krong', '1', '1', '17000', 'Mr.Kan Chansathya', 'gm@lynnaya.com', 'reservation@lynnaya.com', 'reservation@lynnaya.com ', '+855 63 967 755', '+855 63 967 755', '+855 63 967 755', 'http://lynnaya-hotel-angkor.com', '1', '4.0', '46', '2018-08-27', null, '130', null, '3', '13', '2018-09-09 19:27:39', '2018-09-09 19:27:39', '13', '2', '4', '0000-00-00', '', '', '', '4', null), ('224', 'Mane Boutique Hotel & Spa', 'Village Salakomroeuk, Sangkat Salakomroeuk', '1', '1', '17000', 'Mr. Rath', 'ecom@maneboutiquehotel.com', 'reservations@maneboutiquehotel.com, ecom@maneboutiquehotel.com', 'gm@maneboutiquehotel.com, md@maneboutiquehotel.com, phann.vanrath@gmail.com', '+855 97 552 2222', '+855 97 552 2222', '+855 63 768 899', 'http://maneboutiquehotel.com', '7', '5.0', '18', '2015-08-16', null, '120', null, '3', '13', '2018-09-09 19:31:05', '2018-09-09 19:31:05', '13', '2', '4', '0000-00-00', '', '', '', '4', null), ('225', 'The Clay D\' Angkor', 'Sala Kanseng Village, Svay Dangkum Commune', '1', '1', '17000', 'Mr.Kham Serey Chantha', 'info@theclaydangkor.com', 'info@theclaydangkor.com', 'info@theclaydangkor.com', '+855 12 388 797', '+855 12 388 797', '+855 63 965 596', 'http://theclaydangkor.com', '7', '4.0', '6', '2015-09-14', null, '50', null, '3', '13', '2018-09-09 19:32:43', '2018-09-09 19:32:43', '13', '2', '4', '0000-00-00', '', '', '', '4', null), ('228', 'The Palm Boutique Hotel & Residence', 'No. 270,Street 63, Sangkat Tonle Bassac (Boung Keng Kong II), Khan Chamkarmorn', '1', '2', '13000', 'Mr. Bo Channa', 'gm@thepalmboutique.com', 'info@thepalmboutique.com', 'info@thepalmboutique.com', '+855 11 855 901', '+855 11 855 901', '+855 23 226 999', 'http://thepalmboutique.com', '1', '4.0', '35', '2015-08-25', null, '90', null, '3', '13', '2018-09-09 19:38:27', '2018-09-09 19:38:27', '13', '2', '4', '0000-00-00', '', '', '', '4', null), ('229', 'Le Grand Mekong Hotel ', '253-255, Sisowath Quay, Psar Kandal I District, DaunPenh Commune', '1', '2', '17000', 'Mr. Hong', 'gm@legrandmekong.com', 'gm@legrandmekong.com, info@legrandmekong.com', 'accounts@legrandmekong.com, gm@legrandmekong.com', '+855 78 591 768', '+855 78 591 768', '+855 23 220 336', 'http://legrandmekong.com', '1', '3.5', '44', '2015-07-09', null, '140', null, '2', '12', '2018-10-31 09:46:31', '2018-10-31 09:46:31', '12', '2', '4', '1970-01-01', '', '', '', '4', null), ('232', 'Harmony River Hotel', '#337, Preah Sisowath Blvd, Sangkat Chey', '1', '2', '13000', 'Mr. Vong Senvichet', 'harmonyriverhotel@yahoo.com', 'harmonyriverhotel@yahoo.com', 'harmonyriverhotel@yahoo.com', '+855 89 232 678', '+855 89 232 678', '+855 89 232 678', 'http://harmonyriverhotel.com', '1', '2.0', '17', '2015-12-02', null, '100', null, '3', '13', '2018-09-09 19:45:14', '2018-09-09 19:45:14', '13', '2', '4', '0000-00-00', '', '', '', '4', null), ('233', 'Waterview Guesthouse', 'No. 151 Eo, River front Street', '1', '2', '13000', 'Mr. Chea Saichhour', 'waterview.gh@gmail.com', 'waterview.gh@gmail.com', 'waterview.gh@gmail.com', '+855 12 717 378', '+855 12 717 378', '+855 23 215 375', 'http://waterviewguesthouse.com', '9', '2.0', '16', '2015-06-02', null, '100', null, '3', '13', '2018-09-09 19:47:37', '2018-09-09 19:47:37', '13', '2', '4', '0000-00-00', '', '', '', '4', null), ('234', 'The 1959 Boutique Villa', '#24-25, Soramrit Blvd', '1', '2', '13000', 'Sambath Morodok', 'gm@the1959.com', 'gm@the1959.com, info@the1959.com', 'gm@the1959.com', '+855 16 511 522', '+855 16 511 522', '+855 11 887 789', 'http://the1959.com', '7', '3.5', '6', '2016-03-24', null, '40', null, '3', '13', '2018-11-08 08:24:27', '2018-11-08 08:24:27', '13', '2', '4', '2018-11-05', 'Auto Deactivate', 'Sambath Morodok', '+855 11 887 789\r\n+855 16 511 522', '4', null), ('235', 'Sokea Suites Extends Stay', 'No. 168, Monireth Boulevard, Sangkat Tomnob Tek, Khan Chamkar Mon', '1', '2', '13000', 'Mr. Khemanora', 'enquiry@sokeainternational.com.kh', 'enquiry@sokeainternational.com.kh', 'kh.keiman@yahoo.fr', '+855 12 517 590', '+855 12 517 590', '+855 23 886 778', 'http://sokeasuites.com', '1', '3.0', '30', '2015-07-20', null, '50', null, '3', '13', '2018-09-09 19:52:19', '2018-09-09 19:52:19', '13', '2', '4', '0000-00-00', '', '', '', '4', null), ('237', 'The Blue Corner Boutique Hotel', 'No.37,Corner St. 63 and St.180, Sangkat Beung Rang,Khan Daun Penh, Phnom Penh', '1', '2', '13000', 'Ms.Sak Sothavy ', 'reservation@thebluecorner.asia', 'reservation@thebluecorner.asia, thavy@thebluecorner.asia', 'narong@thebluecorner.asia', '+855 12 927 092', '+855 12 927 092', '+855 23 979 888', 'http://thebluecorner.asia', '7', '4.0', '23', '2016-03-28', null, '70', null, '2', '12', '2018-10-31 09:55:06', '2018-10-31 09:55:06', '12', '2', '4', '1970-01-01', '', '', '', '4', null), ('239', 'Royal Mekong Boutique Hotel', '#17, Street 208, Sankat Beoung Reang, Khan Daun Penh', '1', '2', '13000', 'Mrs. Sokha Pech', 'info@royalmekongboutiquehotel.com', 'info@royalmekongboutiquehotel.com, royalmekong1@gmail.com, hls.booking.system.pp@gmail.com', 'info@royalmekongboutiquehotel.com, royalmekong1@gmail.com', '+855 92 835 003', '+855 92 835 003', '+855 23 988 599', 'http://royalmekongboutiquehotel.com', '1', '3.0', '24', '2014-07-24', null, '150', null, '3', '13', '2018-09-09 20:15:59', '2018-09-09 20:15:59', '13', '2', '4', '0000-00-00', '', '', '', '4', null), ('240', 'Teav Boutique Hotel', '# 14, Street 310, Boeung Keng Kang I, Khan Chamkar Mon', '1', '2', '13000', 'Ms. Kim', 'sm@teavgroup.com', 'sm@teavgroup.com, stay@teavgroup.com', 'manage@teavgroup.com, finance@teavgroup.com', '+855 77 679 999', '+855 77 679 999', '+855 23 981 818', 'http://bkk1.teavboutiquehotel.com', '7', '4.0', '12', '2014-11-01', null, '85', null, '3', '13', '2018-09-22 10:52:27', '2018-09-22 10:52:27', '13', '2', '4', '1970-01-01', '', '', '', '4', null), ('241', 'You Eng Hotel', 'Russian Federation Blvd, S/K Chorm Chao, Khan Po  Senchey', '1', '2', '13000', 'Mr. Kimly Hong', 'youenghotel@yahoo.com', 'youenghotel@yahoo.com', 'youenghotel@yahoo.com, hongkimly09@gmail.com', '+855 68 888 815', '+855 78 525 268', '+855 78 525 268', 'https://youenghotel.com', '1', '4.0', '168', '2014-11-20', null, '176', null, '2', '12', '2018-10-31 09:55:57', '2018-10-31 09:55:57', '12', '2', '4', '1970-01-01', '', '', '', '4', null), ('242', 'Omana Boutique Hotel', 'Street 9, Phnom Penh 4139', '1', '2', '13000', 'Mr. TOEM PUNLORK', 'hello@hotel-omana.com', 'hello@hotel-omana.com', 'hello@hotel-omana.com', '+855 70 904 482', '+855 70 904 482', '+855 12 430 833', 'http://hotel-omana.com', '1', '4.0', '13', '2018-06-15', null, '130', null, '3', '13', '2019-02-05 08:56:35', '2019-02-05 08:56:35', '13', '2', '4', '2019-02-04', 'They have to renovate the whole building as our electricity and water supply issue', 'Omana Hotel Owner', 'Phone:   +855 12 430 833/ 23 676 3001\r\nEmail:      hello@hotel-omana.com', '4', '1970-01-01 00:00:00'), ('244', 'The Little Garden Villa', '#8A, Street 398, Boeung Keng Kong I', '1', '2', '13000', 'Mr. Peou Sari', 'info@littlegarden.asia ', 'info@littlegarden.asia, hls.booking.system.pp@gmail.com', 'info@littlegarden.asia ', '+855 23 217 871', '+855 23 217 871', '+855 23 217 871', 'http://thelittlegarden.asia', '3', '3.0', '10', '2014-12-01', null, '121.5', null, '3', '13', '2018-09-09 20:27:24', '2018-09-09 20:27:24', '13', '2', '4', '0000-00-00', '', '', '', '4', null), ('245', 'La Rose Boutique Hotel and Spa', '#164B, Norodom Blvd', '1', '2', '13000', 'Mr. Vothyrith Om', 'relax@larose.com.kh', 'relax@larose.com.kh, hls.booking.system.pp@gmail.com', 'accountant@larose.com.kh', '+855 23 211 130', '+855 23 211 130', '+855 23 211 130', 'http://larose.com.kh/home.php', '7', '4.0', '10', '2014-11-03', null, '40', null, '2', '12', '2018-10-31 09:58:06', '2018-10-31 09:58:06', '12', '2', '4', '1970-01-01', '', '', '', '4', null), ('246', 'Samnang Laor Hotel', 'No 130, Street 304 & Conner 163, Sangkat Olympic, Khan Chamkamon, Phnom Penh Cambodia. ', '1', '2', '13000', 'Ms. Chea Dimong', 'gm@samnanglaorhotel.com', 'reservation@samnanglaorhotel.com, gm@samnanglaorhotel.com', 'account@samnanglaorhotel.com', '+855 87 838 326', '+855 87 838 326', '+855 61 838 326', 'http://samnanglaorhotel.com', '1', '3.5', '81', '2018-05-08', null, '80', null, '3', '13', '2019-05-29 09:36:27', '2019-05-29 09:36:27', '13', '2', '4', '1970-01-01', '', '', '', '4', '1970-01-01 00:00:00'), ('247', 'Indochine 2 Hotel', 'No. 28-30, Street 130, Phsar Kandal I, Daun Penh, Phnom Penh, Cambodia.', '1', '1', '13000', 'Ms. Sivly Lim', 'lim.sivly@indochine2hotel.com', 'reservation@indochine2hotel.com, hls.booking.system.pp@gmail.com', 'lim.sivly@indochine2hotel.com', '+855 23 211 787', '+855 23 211 787', '+855 23 211 525', 'http://indochine2hotel.com', '1', '2.0', '30', '2014-12-01', null, '85', null, '3', '13', '2018-09-09 20:44:26', '2018-09-09 20:44:26', '13', '2', '4', '0000-00-00', '', '', '', '4', null), ('249', 'Starry Angkor Hotel', 'No. G4, National Road 6, Banteay Chas Village, Sangkat Slorkram', '1', '1', '17000', 'Ms. Seng Sinn', 'asst.sales@starryangkorhotel.com', 'asst.sales@starryangkorhotel.com', 'asst.sales@starryangkorhotel.com', '+855 63 968 123', '+855 63 968 123', '+855 63 968 124', 'http://starryangkorhotel.com', '1', '4.0', '127', '2016-02-16', null, '35', null, '3', '13', '2018-09-22 09:16:56', '2018-09-22 09:16:56', '13', '2', '4', '0000-00-00', '', '', '', '4', null), ('250', 'Steung Siemreap Thmey Hotel', 'Street 9, Khum Svaydangkum, Old Market Area', '1', '1', '17000', 'Mr. Veasoth', 'sales@steungsiemreapthmeyhotel.com', 'resv@steungsiemreapthmeyhotel.com', 'account@steungsiemreapthmeyhotel.com', '+855 63 965 167', '+855 12 249 249', '+855 63 965 167', 'http://steungsiemreapthmeyhotel.com', '1', '4.0', '76', '2015-10-20', null, '185', null, '3', '12', '2018-10-31 10:03:46', '2018-10-31 10:03:46', '12', '2', '4', '1970-01-01', '', '', '', '4', null), ('251', 'Suon Angkor Boutique', '#211 Phum Watbo ,Sala Kamreuork, Siem Reap', '1', '1', '', 'Mr. KEO PHAL', 'Phalkeo783@gmail.com', 'Phalkeo783@gmail.com', 'Phalkeo783@gmail.com', '+855 10 277 389', '+855 10 277 389', '', 'http://suonangkorboutique.com', '4', '4.0', '27', '2019-03-18', null, '60', null, '2', '12', '2019-03-21 08:33:08', '2019-03-21 08:33:08', '12', '13', '5', '1970-01-01', '', '', '', '4', '2019-03-20 00:00:00'), ('252', 'Ta Tai Hotel Resort & Marina', 'Dong village, Ta tai commune, Unlongback District', '1', '7', '13000', 'Mr. Piseth Dath', 'piseth.dath@tatairesort.com, info@tatairesort.com', 'piseth.dath@tatairesort.com, info@tatairesort.com', 'piseth.dath@tatairesort.com, info@tatairesort.com', '+855 92 885 115', '+855 92 885 115', '+855 15 885 115', 'http://tatai-hotel.com', '1', '4.0', '53', '2017-04-19', null, '180', null, '3', '13', '2018-10-31 13:53:13', '2018-10-31 13:53:13', '13', '2', '4', '1970-01-01', '', '', '', '4', null), ('253', 'Taingleap Angkor Villa', 'Centrally located area. Taphul Street,Siem Reap City', '1', '1', '17000', 'Mr Thim Sin', 'info@taingleapangkorvilla.com', 'reservation@taingleapangkorvilla.com, info@taingleapangkorvilla.com', 'info@taingleapangkorvilla.com', '+855 78 731 861', '+855 78 731 861', '+855 63 965 589', 'http://taingleapangkorvilla.com', '1', '3.0', '24', '2014-03-14', null, '100', null, '3', '13', '2018-09-22 09:40:24', '2018-09-22 09:40:24', '13', '2', '4', '0000-00-00', '', '', '', '4', null), ('254', 'Tanei Boutique Villa', '#017, Steung Thmey Village, Svay Dangkom', '1', '1', '17000', 'Mr. Lao Sokun', 'lao_sukun007@yahoo.com', 'lao_sukun007@yahoo.com, info@taneiboutiquevilla.com', 'lao_sukun007@yahoo.com', '+855 12 757 867', '+855 12 757 867', '+855 97 746 8787', 'http://taneiboutiquevilla.com', '1', '3.0', '28', '2015-03-25', null, '65', null, '3', '13', '2018-09-22 09:52:42', '2018-09-22 09:52:42', '13', '2', '4', '0000-00-00', '', '', '', '4', null), ('255', 'Tareach Angkor Villa', 'Group 14, #781, Vihear Chin Village,  Svaydongkum Commune', '1', '1', '17000', 'Sony Lam', 'sony@tareachangkorvilla.com', 'sony@tareachangkorvilla.com', 'sony@tareachangkorvilla.com', '+855 12 771 726', '+855 12 771 726', '+855 12 771 726', 'http://tareachangkorvilla.com', '3', '1.0', '14', '2015-02-05', null, '45', null, '3', '13', '2019-05-29 09:35:21', '2019-05-29 09:35:21', '13', '2', '4', '1970-01-01', '', '', '', '4', '1970-01-01 00:00:00'), ('256', 'Teav Bassac Boutique Hotel', '#30, Street 09, Tonel Bassac, Khan Chamkamon', '1', '2', '13000', 'Ms. Kim Lang', 'sm@teavgroup.com', 'sm@teavgroup.com, sales@teavgroup.com, staybassac@teavgroup.com, manager@teavgroup.com', 'manager@teavgroup.com, finance@teavgroup.com', '+855 23 982 828', '+855 23 982 828', '+855 23 982 828', 'http://teavbassachotel.com', '7', '4.0', '25', '2016-10-26', null, '100', null, '3', '12', '2018-10-31 10:25:15', '2018-10-31 10:25:15', '12', '2', '4', '1970-01-01', '', '', '', '4', null), ('257', 'Tep Sodachan Villa Boutique', '# 456, Group 7, Khnar Village  Chreave Commune', '1', '1', '17000', 'Ly  Kim Hua', 'angkorkimhua@yahoo.com', 'angkorkimhua@yahoo.com', 'angkorkimhua@yahoo.com', '+855 77 466 082', '+855 77 466 082', '', 'http://tepsodachan.com', '1', '3.0', '28', '2015-02-19', null, '70', null, '3', '12', '2018-10-31 10:26:14', '2018-10-31 10:26:14', '12', '2', '4', '1970-01-01', '', '', '', '4', null), ('259', 'TravellerHome Angkor', 'Steng Thmei, Svaydongkum', '1', '1', '17252', 'Mr. Van narin', 'gm@travellerhomeangkor.com', 'info@travellerhomeangkor.com', 'gm@travellerhomeangkor.com', '', '+855 11 684 262', '+855 11 684 262', 'http://travellerhomeangkor.com', '1', '4.0', '34', '2016-09-23', null, '', null, '3', '12', '2019-05-31 08:48:30', '2019-05-31 08:48:30', '12', '2', '5', '2019-05-31', 'They want to save budget for low season', 'Mr. Sopheann', '098 93 2 662 ', '5', '1970-01-01 00:00:00'), ('260', 'Le Mont Hotel', 'No. 196 St. 143 corner 304, Sangkat Boeng Keng Kang 2, Chamkarmon', '1', '2', '', 'Ms. Jennifer', 'gm@lemonthotel.com', 'reservation@lemonthotel.com, gm@lemonthotel.com, duyen@whl.travel', 'gm@lemonthotel.com', '', '+855 16 834 207', '+855 16 834 207', 'http://lemonthotel.com', '1', '4.0', '98', '2017-12-21', null, '', null, '2', '12', '2018-11-01 14:01:45', '2018-11-01 14:01:45', '12', '2', '5', '1970-01-01', '', '', '', '4', null), ('261', 'Our Joint Hotel & Guesthouse', ' #142, Psar Krom Street', '1', '1', '', 'Front Office', 'booking@ourjointhotel.com', 'booking@ourjointhotel.com', 'booking@ourjointhotel.com', '', '+855 96 557 4054', '+855 63 964 868', 'http://ourjointhotel.com', '1', '3.0', '26', '2017-11-14', null, '', null, '2', '12', '2018-11-01 14:03:19', '2018-11-01 14:03:19', '12', '2', '5', '1970-01-01', '', '', '', '4', null), ('262', 'Reaksmey Chanreas Hotel ', '#330 Sivutha Blvd', '1', '1', '', 'Mr. Oem Komsorth', 'info@reaksmeychanreashotel.com', 'reservation@reaksmeychanreashotel.com', 'info@reaksmeychanreashotel.com', '', '+855 12 849 967', '+855 63 963 557', 'http://reaksmeychanreashotel.com', '1', '3.0', '44', '2015-10-23', null, '', null, '2', '12', '2018-11-01 14:05:26', '2018-11-01 14:05:26', '12', '2', '4', '1970-01-01', '', '', '', '4', null), ('263', 'Le Chanthou Boutique', 'Bakheng Road, Svay Dangkum, Siem Reap', '1', '1', '17254', 'Mr.  Sous Phearith', 'info@lechanthou.com', 'info@lechanthou.com', 'info@lechanthou.com', '', '+855 63 766 417', '+855 69 518 088', 'http://lechanthouboutique.com', '7', '4.0', '15', '2016-11-28', null, '', null, '2', '12', '2018-11-01 14:06:20', '2018-11-01 14:06:20', '12', '2', '5', '1970-01-01', '', '', '', '4', null), ('264', 'Oops Hostel', 'No. B01 Sivutha Blvd, Modul I Village, Siem Reap, Cambodia.', '1', '1', '17252', 'Mr. Sem Sen Visit Veasna', 'info@oopshostel.com, reservation@oopshostel.com, fb@oopshostel.com', 'info@oopshostel.com, reservation@oopshostel.com, fb@oopshostel.com', 'info@oopshostel.com, reservation@oopshostel.com, fb@oopshostel.com', '', '+855 63 640 3809', '+855 99 926 999', 'http://oopshostel.com', '2', '2.0', '70', '2017-09-05', null, '', null, '2', '12', '2018-11-01 14:08:03', '2018-11-01 14:08:03', '12', '2', '5', '1970-01-01', '', '', '', '4', null), ('265', 'The Villa by Metta', 'Salakamreuk, Siem Reap', '1', '1', '17253', 'Mr. Rady Chum', 'info@mettavilla.com', 'info@mettavilla.com', 'info@mettavilla.com', '', '+855 92 508 545', '+855 81 333 328', 'http://mettavilla.com/html', '3', '5.0', '4', '2017-10-26', null, '', null, '2', '12', '2019-07-11 08:39:11', '2019-07-11 08:39:11', '12', '19', '4', '1970-01-01', '', '', '', '4', '1970-01-01 00:00:00'), ('266', 'Shadow Angkor Villa', 'Wat Bo Street , Opposite Wat Preah Prom Rath Pagoda', '1', '1', '1710', 'So Visal', 'info@shadowangkorvilla.com', 'reservation@shadowangkorvilla.com', 'info@shadowangkorvilla.com', '', '+855 63 760 363', '+855 17 243 2280', 'https://shadowangkorvilla.com', '3', '3.0', '20', '2017-01-10', '27', '', null, '2', '12', '2019-04-18 11:41:39', '2019-04-18 11:41:39', '12', '2', '5', '1970-01-01', '', '', '', '4', '1970-01-01 00:00:00'), ('267', 'Orussey One Hotel & Apartment', 'No 14, St 111, Corner 198, Sangkat Boeung Prolit, Khan 7Makara', '1', '2', '', 'Mr. Kong Sophea', 'booking@orussey1.com, gm@orussey1.com', 'booking@orussey1.com, gm@orussey1.com, bunchea@orussey1.com', 'gm@orussey1.com, bunchea@orussey1.com, booking@orussey1.com', '', '+855 70 200 519', '+855 89 616 908', 'http://orussey1.com', '1', '4.0', '63', '2018-01-17', null, '', null, '2', '12', '2018-11-01 14:10:54', '2018-11-01 14:10:54', '12', '2', '4', '1970-01-01', '', '', '', '4', null), ('268', 'The Third Fold Hotel ', 'Krom 6, Phoum Sala Kanseng, Sangkat Svay Dangkum, Siem Reap, Cambodia', '1', '1', '', 'Mr. Song Vichay', 'vichaysong@gmail.com', 'vichaysong@gmail.com', 'vichaysong@gmail.com', '+855 12 278 273', '+855 12 278 273', '+855 12 278 273', 'http://thethirdfold.com', '1', '3.5', '24', '2018-10-22', null, '', null, '2', '12', '2018-10-31 09:09:57', '2018-10-31 09:09:57', '12', '14', '5', '1970-01-01', '', '', '', '4', null), ('269', 'SNOOZE Capsule', 'No. 025, Sivutha Blvd, Mondul I Village, Svaydangkum Cummune (In front of Vattanac Bank)', '1', '1', '', 'Suprabha', 'info@snoozepodhostel.com ', 'info@snoozepodhostel.com, dgranger@independentpropertyservices.com, nara@ips-cambodia.com', 'info@snoozepodhostel.com ', '', '+855 78 937 329', '+855 63 969 929', 'http://oasiscapsules.com', '2', '2.0', '14', '2016-06-15', null, '', null, '2', '12', '2018-11-20 11:10:14', '2018-11-20 11:10:14', '12', '2', '4', '1970-01-01', '', '', '', '4', null), ('270', 'Damnak Villa Boutique', 'Old Market Area, Wat Damnak Village, Salakomreuk Commune', '1', '1', '', 'Mr. Sok Piseth', 'info@moonflowersiemreap.com', 'info@moonflowersiemreap.com', 'info@moonflowersiemreap.com', '', '+855 92 686 961', '+855 77 979 711', 'https://damnakvillaboutique.com', '1', '3.0', '8', '2018-07-09', null, '', null, '2', '12', '2018-11-01 14:16:23', '2018-11-01 14:16:23', '12', '2', '4', '1970-01-01', '', '', '', '4', null), ('271', 'Udaya Residence', '#125, Sala Komroeuk Village, Sala Komroeuk Commune,', '1', '1', '', 'Mr. Son kompheak', 'ecom@udayaresidence.com', 'ecom@udayaresidence.com, info@udayaresidence.com', 'reservation@udayaresidence.com, fn@udayaresidence.com', '', '+855 78 764 111', '+855 63 764 111', 'http://udayaresidence.com', '7', '4.0', '22', '2016-09-13', null, '', null, '2', '12', '2018-11-01 14:18:32', '2018-11-01 14:18:32', '12', '2', '5', '1970-01-01', '', '', '', '4', null), ('274', 'Boreirum Terkchou', 'Teuk Chhou Road, Krong Kampot, Kampot Province, Cambodia', '1', '7', '', 'Mrs. Sreynet Muong ', 'boreirumthmordaresortkampot168@gmail.com', 'boreirumthmordaresortkampot168@gmail.com', 'boreirumthmordaresortkampot168@gmail.com', '+855 15 360 540', '+855 15 360 540', '086750280', 'http://boreirum.com', '1', '3.5', '23', '2018-10-15', '19', '120', null, '2', '12', '2019-07-11 08:39:35', '2019-07-11 08:39:35', '12', '19', '4', '1970-01-01', '', '', '', '4', '1970-01-01 00:00:00'), ('275', 'Sovan Mealea Hotel', 'Loktaneuy St, Watbo Village, Salakamreuk', '1', '1', '17252', 'Mr. Boyd', 'sales@sovanmealeahotel.com', 'sales@sovanmealeahotel.com', 'sales@sovanmealeahotel.com', '+855 15 596 468', '+855 15 596 468', '+855 63 967 768', 'http://sovanmealeahotel.com', '1', '4.0', '42', '2015-12-12', null, '135', null, '2', '12', '2018-11-01 14:20:45', '2018-11-01 14:20:45', '12', '2', '4', '1970-01-01', '', '', '', '4', null), ('277', 'Makk Hotel', 'Sovansakor District, Kampot City, Kampot', '1', '7', '', 'Mr. Jimmy', 'info@makkhotel.com', 'info@makkhotel.com', 'info@makkhotel.com', '+855 69 370 000', '+855 86 375 375', '', 'http://makkhotel.com', '1', '3.0', '6', '2016-03-16', null, '100', null, '2', '12', '2018-11-01 14:28:15', '2018-11-01 14:28:15', '12', '2', '4', '1970-01-01', '', '', '', '4', null), ('278', 'Try Palace Resort', 'Phum Thmey, Sangkat Prey Thom', '1', '8', '', 'Try Palace Resort & Spa', 'it@trypalaceresort.com', 'info@trypalaceresort.com', 'it@trypalaceresort.com', '+855 17 325 352', '+855 36 210 317', '', 'http://trypalaceresort.com', '6', '5.0', '12', '2016-05-16', null, '100', null, '2', '12', '2018-11-01 14:30:20', '2018-11-01 14:30:20', '12', '2', '4', '1970-01-01', '', '', '', '4', null), ('279', 'Long Beach Resort Koh Rong', 'Sok San Village, Koh Rong (Island), Krong Phres SihanoukVille', '1', '6', '', 'Mr. Rin Sophearith', 'info@longbeachresortkohrong.com', 'reservations@longbeachresortkohrong.com  ', 'info@longbeachresortkohrong.com', '+855 78 810 009', '+855 78 810 009', '', 'http://longbeachresortkohrong.com', '6', '5.0', '6', '2018-08-07', null, '80', null, '2', '12', '2018-11-01 14:33:38', '2018-11-01 14:33:38', '12', '2', '4', '1970-01-01', '', '', '', '4', null), ('280', 'The Pipes Resort', 'Koh Rong Sanleom', '1', '6', '', 'Mr.Sivantha', 'md@thepipesresort.com', 'md@thepipesresort.com, booking@thepipesresort.com, gm@thepipesresort.com', 'booking@thepipesresort.com', '+855 12 896 111', '+855 12 896 111', '', 'http://thepipesresort.com', '6', '4.0', '12', '2016-12-16', null, '90', null, '2', '12', '2018-11-01 14:34:33', '2018-11-01 14:34:33', '12', '2', '4', '1970-01-01', '', '', '', '4', null), ('281', 'vKirirom Pine Resort', 'Preah Soramarith-Kosamak National Park', '1', '2', 'Kam Pong Speu', 'CHEN Samphea (Mr.)', 'info@vkirirom.com', 'reservation@asiato.asia, info@vkirirom.com', 'sreymom@asiato.asia, vanny@asiato.asia', '+855 78 777 284', '+855 78 777 284', '', 'http://vkirirom.com', '1', '4.0', '29', '2015-01-23', null, '70', null, '2', '12', '2018-11-01 14:36:03', '2018-11-01 14:36:03', '12', '2', '4', '1970-01-01', '', '', '', '4', null), ('282', 'Lux Riverside Hotel & Apartment', 'No.2,4,6, Street 136, Sangkat Phsar kandal Khan Daun Penh', '1', '2', '', 'Ms. Nhek Srey Mom', ' sales@luxriversidehotels.com', 'reservations@luxriversidehotels.com', 'doungrathananhek@yahoo.com, reservations@luxriversidehotels.com', '+855 88 888 0968', '+855 88 888 0968', '+855 23 722 828', 'http://luxriversidehotels.com', '1', '4.0', '102', '2015-03-20', null, '84', null, '2', '12', '2018-11-01 14:42:17', '2018-11-01 14:42:17', '12', '2', '4', '1970-01-01', '', '', '', '4', null), ('283', 'Manor House Boutique Hotel', '#21, St. 262, Daun Penh ', '1', '2', '', 'Mr. Kara', 'info@manorhousecambodia.com', 'info@manorhousecambodia.com', 'info@manorhousecambodia.com', '+855 17 802 922', '+855 17 802 922', '+855 92 230 130', 'http://manorhousecambodia.com', '1', '3.5', '13', '2018-03-28', null, '124', null, '2', '12', '2019-01-28 10:49:09', '2019-01-28 10:49:09', '12', '2', '4', '1970-01-01', '', '', '', '4', '1970-01-01 00:00:00'), ('284', 'Le Cocon Boutique Hotel', '#29, Street. 334, BKK I, Chamkamon, Phnom Penh', '1', '2', '', 'Mr. Lak sokchan', 'sales@lecoconboutiquehotel.com', 'info@lecoconboutiquehotel.com', 'sales@lecoconboutiquehotel.com', ' +855 17 565 959', ' +855 17 565 959', '+855 23 986 668', 'http://lecoconboutiquehotel.com', '1', '4.0', '21', '2017-08-03', null, '100', null, '2', '12', '2018-11-01 14:46:55', '2018-11-01 14:46:55', '12', '2', '4', '1970-01-01', '', '', '', '4', null), ('285', 'Sokkhak Boutique Resort', 'Kok Chork Village, Trorpeang Ses Commune, Wat Thmey', '1', '1', '', 'Mr. Sok Chesda', 'contact@sokkhak-boutiqueresort.com, om@sokkhak-boutiqueresort.com', 'contact@sokkhak-boutiqueresort.com, fm@chanreytreecoltd.com, om@sokkhak-boutiqueresort.com', 'contact@sokkhak-boutiqueresort.com', '+855 12 315 178', '+855 77 765 697', '', 'http://sokkhak-boutiqueresort.com', '1', '5.0', '12', '2014-12-25', null, '50', null, '2', '12', '2018-11-01 14:47:42', '2018-11-01 14:47:42', '12', '2', '4', '1970-01-01', '', '', '', '4', null), ('286', 'Shadow Angkor Residence', 'No 353, Pokambor AVE, on the river side, near Old Market', '1', '1', '', 'Mr. Nareth', 'info@shadowangkorresidence.com', 'info@shadowangkorresidence.com', 'info@shadowangkorresidence.com', '+855 92 334 384', '+855 92 334 384', '', 'http://shadowangkorresidence.com', '1', '4.0', '9', '2016-04-07', null, '50', null, '3', '13', '2018-11-07 08:36:51', '2018-11-07 08:36:51', '13', '2', '4', '2018-11-02', 'Owner wants Stop using our solutions', 'Nareth', '063 964 774 \r\n066 456 355', '4', null), ('287', 'The Golden Gecko Villa', '20th Street off Wat Bo Road', '1', '1', '', 'Keith Berry', 'info@thegoldengeckovilla.com', 'info@thegoldengeckovilla.com', 'info@thegoldengeckovilla.com', '+855 69 641 082', '+855 69 641 082', '', 'https://thegoldengeckovilla.com', '3', '3.0', '13', '2016-06-06', null, '195', null, '2', '12', '2018-11-01 14:32:36', '2018-11-01 14:32:36', '12', '2', '4', '1970-01-01', '', '', '', '4', null), ('288', 'La Rose Blanche Boutique', 'Wat Bo Road, Banteay Chas, Slorkram Commune', '1', '1', '', 'Mr. Ran Samrah', 'reservation@laroseblancheboutique.com', 'reservation@laroseblancheboutique.com', 'reservation@laroseblancheboutique.com', '+855 12 819 449', '+855 93 800 499', '', 'http://laroseblancheboutique.com', '1', '4.0', '12', '2016-06-24', null, '70', null, '2', '12', '2018-11-01 14:50:29', '2018-11-01 14:50:29', '12', '2', '4', '1970-01-01', '', '', '', '4', null), ('289', 'Metta Residence & Spa', 'Phum Salakamreuk, Sangkat Salakamreuk', '1', '1', '', 'Mr. Lay Sok Meng', 'info@mettaresidence.com', 'info@mettaresidence.com', 'fc@mettaresidence.com', '+855 69 228 228', '+855 63 766 388', '+855 69 228 228', 'http://mettaresidence.com', '1', '5.0', '34', '2016-12-13', null, '80', null, '2', '12', '2018-11-01 14:50:59', '2018-11-01 14:50:59', '12', '2', '4', '1970-01-01', '', '', '', '4', null), ('290', 'Monthara Angkor Residence', '# 208, Taphoul Road, Taphoul Village', '1', '1', '', 'Mr. Bunpheng', 'info@montharaangkor.com', 'info@montharaangkor.com', 'info@montharaangkor.com', '+855 15 877 766', '+855 15 877 766', '', 'http://montharaangkor.com', '1', '4.0', '11', '2017-01-17', null, '50', null, '3', '13', '2019-01-15 09:22:26', '2019-01-15 09:22:26', '13', '2', '4', '1970-01-01', '', '', '', '4', '1970-01-01 00:00:00'), ('291', 'The Seda Villa', 'Vat Damnak Village, Sala Kamroeuk Commune', '1', '1', '', 'Mr. Sam Sopheap', 'info@sedavilla.com', 'info@sedavilla.com, reservation@sedavilla.com', 'info@sedavilla.com', '+855 89 816 888', '+855 89 816 888', '', 'http://sedavilla.com', '3', '3.0', '11', '2017-05-09', null, '45', null, '3', '13', '2018-11-27 11:09:03', '2018-11-27 11:09:03', '13', '2', '4', '2018-11-27', 'They Sell Property', 'Mr. Sam Sopheap', '+855 89 816 888', '4', null), ('292', 'Rithy Rine Angkor Residence', 'City Center, Sok San Road, Old French Quarter, Siem Reap', '1', '1', '', 'Mr. Seab Sonan', 'info@rithyrineangkorresidence.com', 'res@rithyrineangkorresidence.com', 'acc@rithyrineangkorresidence.com', '+855 12 302 655', '+855 12 302 655', '+855 93 577 756', 'http://rithyrineangkorresidence.com', '1', '3.0', '28', '2017-09-05', null, '45', null, '2', '12', '2018-11-01 14:55:56', '2018-11-01 14:55:56', '12', '2', '4', '1970-01-01', '', '', '', '4', null), ('293', 'Vihara Residence', 'Aleah Road, Phum Wat Bo, Khum Salakamroeuk', '1', '1', '', 'Mr. Samoeun', 'gm@vihararesidence.com', 'reservation@vihararesidence.com', 'gm@vihararesidence.com', '+855 98 777 771', '+855 98 777 771', '', 'http://vihararesidence.com', '1', '4.0', '15', '2017-10-19', null, '50', null, '2', '12', '2018-11-01 14:57:17', '2018-11-01 14:57:17', '12', '2', '4', '1970-01-01', '', '', '', '4', null), ('294', 'The Night Hotel', 'Sok San Road, Stueng Thmei Village, Svay Dangkum Commune', '1', '1', '', 'Mr. Long Vansak', 'thenightboutique@gmail.com', 'thenightboutique@gmail.com', 'thenightboutique@gmail.com', '+855 10 556 191', '+855 63 762 762', '+855 10 556 191', 'http://thenight-hotel.com', '1', '4.0', '25', '2017-11-10', null, '70', null, '2', '12', '2018-11-01 14:57:51', '2018-11-01 14:57:51', '12', '2', '4', '1970-01-01', '', '', '', '4', null), ('295', 'SiZen Retreat & Spa', 'Wat Bo road, Slorkarm Commune', '1', '1', '', 'Ms. Vann Narin', 'info@sizen-retreat.com', '', '', '', '', '', '', '1', '3.5', '20', '2017-11-10', null, '60', null, '3', '12', '2019-06-14 09:09:51', '2019-06-14 09:09:51', '12', '2', '4', '2019-06-13', 'They want to save budget for low season ', 'Ms. Narin', '098 958 387', '4', '1970-01-01 00:00:00'), ('296', 'The Villa Sok San Square', '456, Sok San Road, Khum Svay Dangkum', '1', '1', '', 'Mr. Sous Phearith', 'info@thevillasoksansquare.com', 'info@thevillasoksansquare.com', 'info@thevillasoksansquare.com, hy.rady@thevillasoksansquare.com', '+855 77 777 356', '+855 77 777 356', '+855 63 768 877', 'http://thevillasoksansquare.com', '1', '3.0', '27', '2018-02-01', null, '60', null, '3', '13', '2019-05-29 09:40:20', '2019-05-29 09:40:20', '13', '2', '4', '1970-01-01', '', '', '', '4', '1970-01-01 00:00:00'), ('297', 'Okay1 Villa', 'No. 0325 Tapul, Sangkat Svay Dangkum', '1', '1', '', 'Mr. Sin Senghong', 'senghongsinn@gmail.com', 'senghongsinn@gmail.com', 'senghongsinn@gmail.com', '+855 77 519 967', '+855 77 519 967', '+855 63 966 444', 'http://okay1villa.com/home.aspx', '3', '3.5', '50', '2018-03-02', null, '80', null, '3', '13', '2019-05-29 09:34:23', '2019-05-29 09:34:23', '13', '2', '4', '1970-01-01', '', '', '', '4', '1970-01-01 00:00:00'), ('298', 'Maison Model D\'Angkor', 'No. 482, City center, National Road No.6, Wat Kesararam Street, Group 17, Phum Taphul, Sangkat Svay Dangkum, Siem Reap City, Cambodia.', '1', '1', '', 'Mrs.Kong Sophea ', ' res@maisonmodeldangkor.com', ' res@maisonmodeldangkor.com', ' res@maisonmodeldangkor.com', '+855 70 715 712', '+855 70 715 712', '', 'http://maisonmodeldangkor.com', '1', '2.0', '4', '2018-08-22', null, '40', null, '3', '13', '2019-01-15 09:29:34', '2019-01-15 09:29:34', '13', '2', '4', '1970-01-01', '', '', '', '4', '1970-01-01 00:00:00'), ('299', 'Smiling Deluxe Hotel', 'No. 6, Chong Kaosou Village, Sangkat Slor Kram', '1', '1', '', 'Mr. Sengtry NOL', 'info@smilingdeluxehotel.com', 'info@smilingdeluxehotel.com', 'info@smilingdeluxehotel.com', '+855 17 295 283', '+855 17 295 283', '+855 63 763 838', 'http://smiling-hotel.com', '1', '4.0', '36', '2018-09-07', null, '130', null, '3', '13', '2019-02-05 08:50:35', '2019-02-05 08:50:35', '13', '14', '4', '2019-02-04', 'Smiling Deluxe Hotel is going to close expense budget soon', 'SENGTRY', '0964817070', '4', '1970-01-01 00:00:00'), ('300', 'Sea Breeze Resort', 'St. Otres Beach, Village 6, Commune 4', '1', '6', '', 'Ms. Nataliia Shuba', 'reservation@seabreeze-sihanoukville.com', 'reservation@seabreeze-sihanoukville.com', 'gm@seabreeze-sihanoukville.com', '+855 15 899 796', '+855 15 899 796', '', 'https://seabreeze-sihanoukville.com', '1', '3.0', '18', '2015-02-07', null, '50', null, '2', '12', '2018-11-01 15:11:35', '2018-11-01 15:11:35', '12', '2', '4', '1970-01-01', '', '', '', '4', null), ('301', 'Sabara Angkor Resort & Spa', 'Sfpda Rd, Krong Siem Reap', '1', '1', '', 'Mr. chamnan En', 'gm@sabaraangkorresort.com, fo@sabaraangkorresort.com', 'reservation@sabaraangkorresort.com', 'account@sabaraangkorresort.com', '+855 11 588 830', '+855 11 588 830', '', 'http://sabaraangkorresortandspa.com', '1', '5.0', '35', '2018-10-30', null, '50', null, '2', '13', '2018-11-08 08:19:55', '2018-11-08 08:19:55', '13', '15', '4', '1970-01-01', '', '', '', '4', null), ('302', ' Image d\' Angkor Boutique Villa', 'Airport Road, Kruos Village, Svay Dangkum Siem Reap Cambodia', '1', '1', '', 'Mr. Nit Nimol', 'info@imagedangkor.com', 'info@imagedangkor.com', 'info@imagedangkor.com', '+855 12 466 881', '+855 12 466 881', '', 'http://imagedangkor.com', '3', '3.0', '3', '2018-11-10', null, '60', null, '2', '12', '2018-11-27 11:00:01', '2018-11-27 11:00:01', '12', '15', '5', '1970-01-01', '', '', '', '4', null), ('303', 'Angkor Retreat Villa Boutique & Spa', '0126, Wat Bo Rd., Slorkrame Village | Siem Reap, Siem Reap 063, Cambodia', '1', '1', '', 'Ms. Yin Sokhunthea', 'info@angkorretreat.com', 'info@angkorretreat.com', 'info@angkorretreat.com', '+855 76 789 6565', '+855 76 789 6565', '', 'http://angkorretreat.com', '1', '3.0', '13', '2018-11-16', null, '127', null, '3', '12', '2019-04-01 14:08:42', '2019-04-01 14:08:42', '12', '14', '4', '2019-04-01', 'Prepare their property ', 'Ms. Len ', '096 431 8059', '5', '1970-01-01 00:00:00'), ('304', 'David Boutique & Spa ', 'Krous Village Road, Siem Reap, Cambodia', '1', '1', '', 'Mr. Narong Piseth', 'mr.piseth121887@gmail.com', 'mr.piseth121887@gmail.com', 'mr.piseth121887@gmail.com', '+855 70 358 788', '+855 70 358 788', '', 'http://davidboutiqueandspa.com', '4', '3.0', '10', '2018-11-15', null, '94', null, '3', '13', '2019-05-29 09:32:41', '2019-05-29 09:32:41', '13', '14', '4', '1970-01-01', '', '', '', '4', '1970-01-01 00:00:00'), ('305', 'Norak Soeng Angkor Hotel', '7 Makara Road, | Phum Wat Bo, Sangkat Salakamroeuk, Siem Reap 17254, Cambodia', '1', '1', '', 'Mr. Orm Piseth', 'md@noraksoengangkorhotel.com', 'md@noraksoengangkorhotel.com', 'md@noraksoengangkorhotel.com', '+855 12 229 947', '+855 12 229 947', '', 'http://www.noraksoengangkorhotel.com/', '1', '3.0', '25', '2018-11-14', null, '145', null, '2', '13', '2019-01-15 09:05:15', '2019-01-15 09:05:15', '13', '14', '4', '1970-01-01', '', '', '', '4', '1970-01-01 00:00:00'), ('306', 'Grand Champei Residence ', 'Busters Way, Svay Dangkum, Siem Reap, Kingdom of Cambodia.', '1', '1', '', 'Mr. Chin Vichea ', 'Chin.vichea@grandchampei.com', 'Chin.vichea@grandchampei.com', 'Chin.vichea@grandchampei.com', '+855 78 777 246', '+855 78 777 246', '+855 78 777 246', 'http://grandchampei.com', '1', '3.5', '35', '2018-12-08', null, '', null, '3', '13', '2019-05-29 09:49:05', '2019-05-29 09:49:05', '13', '13', '5', '1970-01-01', '', '', '', '4', '1970-01-01 00:00:00'), ('307', 'Champey Villa', '#166, Street#22 Wat Bo, Sala Kamreouk | (Near Wat Bo primary school), Siem Reap kh, Cambodia', '1', '1', '17252', 'Mrs. Sebla Kaplan Ure ', 'kalplansebla@gmail.com', 'kalplansebla@gmail.com', 'kalplansebla@gmail.com', '+855 15 765 138', '+855 15 765 138', '', 'http://champeyvilla.com', '3', '3.5', '10', '2018-12-07', null, '60', null, '3', '13', '2019-05-29 09:41:42', '2019-05-29 09:41:42', '13', '14', '4', '1970-01-01', '', '', '', '4', '1970-01-01 00:00:00'), ('308', 'Crystal Blue Boutique Hotel', 'No. 169 Sisowath  Daun Penh, Phnom Penh  Cambodia', '1', '2', '', 'Mr. RaBy RY', 'rithraby168@gmail.com', 'rithraby168@gmail.com', 'rithraby168@gmail.com', '+855 96 510 1168', '+855 96 510 1168', '+855 96 510 1168', 'https://www.crystalblueboutiquehotel.com/', '7', '3.5', '12', '2018-12-24', '20', '', null, '2', '12', '2018-12-28 13:26:35', '2018-12-28 13:26:35', '12', '13', '5', '1970-01-01', '', '', '', '4', null), ('309', 'Damnak Villa Retreat 1 ', ' | #92,Group#6,Trapeang Ses, Kork Chak, Siem Reap, Cambodia', '1', '1', '', 'Ith Sakpitou', 'sakpitouith168@gmail.com', 'info@damnakvillaretreat.com, sakpitouith168@gmail.com', 'sakpitouith168@gmail.com', '+855 77 979 711', '', '', 'http://damnakvillaretreat.com', '3', '3.0', '15', '2019-01-05', null, '55', null, '2', '13', '2019-01-15 09:28:12', '2019-01-15 09:28:12', '13', '14', '4', '2019-01-15', '', '', '', '4', '2019-01-15 00:00:00'), ('310', 'Natura Resort', 'Wat Enkosey, Phum Traing, Siem Reap, Cambodia ', '1', '1', '', 'Mr. Meng Morn ', 'operations@naturahotelresort.com', 'operations@naturahotelresort.com', 'operations@naturahotelresort.com', '+855 17 707 526', '+855 17 707 526', '', 'http://naturahotelresort.com', '1', '4.0', '23', '2019-01-19', '21', '100', null, '3', '12', '2019-07-01 11:17:40', '2019-07-01 11:17:40', '12', '13', '4', '2019-07-01', 'Save budget for low season ', 'Mr. Meng Morn ', '017 707 526', '5', '2019-02-12 00:00:00'), ('311', 'The One Gardening Boutique Hotel', 'Banteay, Chas village, Slor Kram commune Siem Reap, CAMBODIA', '1', '1', '', 'Mr. Zhang Liang', 'gm@theonegardeningboutiquehotel.com', 'reservation@theonegardeningboutiquehotel.com, info@laysungboutique.com', 'gm@theonegardeningboutiquehotel.com', '', '+855 81 216 836', '+855 81 216 836', 'https://theonegardeningboutiquehotel.com', '1', '5.0', '29', '2019-01-30', '30', '130', null, '2', '12', '2019-07-19 10:01:07', '2019-07-19 10:01:07', '12', '19', '4', '2019-07-12', 'Due to their budget because they have to work on their new property first.', 'Ms. Keo ', '017 881 224', '5', '2019-02-04 00:00:00'), ('312', 'Neth Socheata Hotel ', '(Pub street area)# 284, 2Thnou Street, directly opposite the Old Market, Siem Reap City, Siem Reap Province, Cambodia', '1', '1', '', 'Mrs. Douk Angkea Socheata', 'booking@nethsocheatahotel.com', 'booking@nethsocheatahotel.com', 'booking@nethsocheatahotel.com', '', '+855 63 963 294', '+855 81 832 181', 'http://nethsocheatahotel.com', '1', '2.0', '22', '2019-02-08', null, '102', null, '2', '12', '2019-02-20 15:59:16', '2019-02-20 15:59:16', '12', '13', '5', '2019-02-11', '', '', '', '4', '2019-02-20 00:00:00'), ('313', 'Pool Party Hostel', 'Phsar Krom Road , Vihear Chin Village , Svay Dangkum Commune', '1', '1', '', 'Mr. Mam Soksann', 'poolpartyhostel@gmail.com', 'booking@poolpartyhostel.com, poolpartyhostel@gmail.com', 'poolpartyhostel@gmail.com', '+855 10 303 313', '+855 10 303 313', '', 'http://poolpartyhostel.com', '1', '2.0', '20', '2019-02-11', '26', '130', null, '2', '13', '2019-05-29 09:31:31', '2019-05-29 09:31:31', '13', '14', '4', '2019-02-21', '', '', '', '4', '2019-02-21 00:00:00'), ('314', 'Best Central Point Hotel ', 'Phnom Penh ', '1', '2', '', 'Mrs. Tha Nimol', 'hometown.hotel@gmail.com', 'hometown.hotel@gmail.com', 'hometown.hotel@gmail.com', '+855 77 556 528', '+855 77 556 528', '+855 77 556 528', 'http://bestcentralpointhotel.com', '1', '3.0', '42', '2019-06-25', '34', '90', null, '2', '2', '2019-07-03 14:42:16', '2019-07-03 14:42:16', '2', '19', '5', '2019-06-28', '', '', '', '4', '2019-07-01 00:00:00'), ('315', 'Nita Dream Villa', 'Near Siem Reap Court, Chreav Village, Chreav Commune, Siem Reap City', '1', '1', '17254', 'Mrs. Danh Sokhern', 'reservation@nitadreamvilla.com', 'reservation@nitadreamvilla.com', 'reservation@nitadreamvilla.com', '+855 17 410 768', '+855 17 410 768', '', 'http://nitadreamvilla.com', '1', '3.0', '4', '2019-03-04', null, '40', null, '3', '12', '2019-07-01 15:25:27', '2019-07-01 15:25:27', '12', '2', '4', '2019-07-01', 'Save budget for low season ', 'Ms. Danh Dane ', '015 737 927', '5', '2019-07-01 00:00:00');
INSERT INTO `eot_customer` VALUES ('316', 'Wheel Garden Residence ', 'Psa Krolanh Street Trapeang Ses Village, Sangkat Kouk Chak, Siem Reap ', '1', '1', '17259', 'Mr. So', 'sales@wheelgarden.com', 'sales@wheelgarden.com, info@wheelgarden.com', 'acc@wheelgarden.com, gm@wheelgarden.com', '', '+855 12 458 184', '+855 70 487 618', 'http://wheelgarden.com', '1', '4.0', '30', '2019-06-28', null, '110', null, '2', '12', '2019-07-08 08:22:00', '2019-07-08 08:22:00', '12', '19', '4', '2019-07-08', '', '', '', '2', '2019-07-08 00:00:00'), ('317', 'Romantic Angkor Residence ', 'Wat Bo Village, Sala Kamreuk Commune, Siem Reap Cambodia', '1', '1', '', 'Mr. Komsort', 'romanticangkors@gmail.com', 'romanticangkors@gmail.com', 'romanticangkors@gmail.com', '+855 70 770 002', '+855 70 770 002', '+855 70 770 002', 'http://romanticangkor.com', '7', '4.0', '15', '2019-07-08', '35', '110', null, '1', '12', '2019-07-08 14:52:54', '2019-07-08 14:52:54', '12', '19', '5', '2019-07-08', '', '', '', '2', '2019-07-08 00:00:00'), ('318', 'Moon Flower Residence', 'Old Market Area, Wat Damnak Village, Salakomreuk Commune', '1', '1', '', 'Mr.Sok Piseth', 'info@moonflowersiemreap.com', 'info@moonflowersiemreap.com', 'info@moonflowersiemreap.com', '', '+855 69 700 304', '+855 77 979 711', 'https://damnakvillaboutique.com', '1', '3.0', '8', '2018-07-09', null, '85', null, '2', '12', '2019-08-07 09:37:43', '2019-08-07 09:37:43', '12', '19', '4', '2019-08-07', '', '', '', '2', '2019-08-07 00:00:00'), ('319', 'Siem Reap Palace Residence', 'Siem Reap', '1', '1', '', 'Mr. Borei', 'book@siemreappalace-residence.com', 'book@siemreappalace-residence.com', 'book@siemreappalace-residence.com', '+855 98 675 556', '+855 98 675 556', '+855 98 675 556', 'http://siemreappalace-residence.com', '7', '4.0', '26', '2019-08-06', null, '50', null, '1', '12', '2019-08-07 10:24:13', '2019-08-07 10:24:13', '12', '19', '4', '2019-08-07', '', '', '', '2', '2019-08-07 00:00:00');
COMMIT;

-- ----------------------------
--  Table structure for `event_list`
-- ----------------------------
DROP TABLE IF EXISTS `event_list`;
CREATE TABLE `event_list` (
  `id` int(11) NOT NULL AUTO_INCREMENT,
  `img_url` varchar(255) COLLATE utf8_unicode_ci DEFAULT NULL,
  `event_name` varchar(255) COLLATE utf8_unicode_ci NOT NULL,
  `number_of_audient` int(11) DEFAULT NULL,
  `address` varchar(255) COLLATE utf8_unicode_ci NOT NULL,
  `address_line_2` varchar(255) COLLATE utf8_unicode_ci DEFAULT NULL,
  `id_country` int(11) DEFAULT NULL,
  `id_city` int(11) DEFAULT NULL,
  `id_province` varchar(255) COLLATE utf8_unicode_ci DEFAULT NULL,
  `postal_code` varchar(255) COLLATE utf8_unicode_ci DEFAULT NULL,
  `prefix_phone_code` int(11) DEFAULT NULL,
  `phone_number` varchar(255) COLLATE utf8_unicode_ci DEFAULT NULL,
  `prefix_phone_code_line_2` int(11) DEFAULT NULL,
  `phone_number_line_2` varchar(255) COLLATE utf8_unicode_ci DEFAULT NULL,
  `email` varchar(255) COLLATE utf8_unicode_ci DEFAULT NULL,
  `description` text COLLATE utf8_unicode_ci,
  `created_date` datetime DEFAULT NULL,
  `created_by` int(11) DEFAULT NULL,
  `updated_date` datetime DEFAULT NULL,
  `updated_by` int(11) DEFAULT NULL,
  `status` int(1) DEFAULT NULL,
  `from_date` date DEFAULT NULL,
  `to_date` date DEFAULT NULL,
  `fee_for_membership` decimal(10,2) DEFAULT '0.00',
  `fee_for_subscriber` decimal(10,2) DEFAULT '0.00',
  `authorized` int(1) DEFAULT NULL,
  PRIMARY KEY (`id`)
) ENGINE=InnoDB AUTO_INCREMENT=2 DEFAULT CHARSET=utf8 COLLATE=utf8_unicode_ci;

-- ----------------------------
--  Records of `event_list`
-- ----------------------------
BEGIN;
INSERT INTO `event_list` VALUES ('1', '4', 'Village Excursions by Vespa Famtrip', null, 'River side', '', '56', '21', 'Palate Restaurant', '', null, '', null, '', '', 'Time Activity Remarks \r\n\r\n08:00 Pick up from the Hotel Departure exactly on time \r\n08:10 ? 09:00 Ride to countryside fresh palm juice gathering and tasting  \r\n09:00 ? 09:30 Ride and explanation about house temples and stroll over local market \r\n09:30 ? 10:30 Ride to  Wat Svay Romeat Pagoda,  sightseeing,   blessing ceremony and fortune teller  \r\n10:30 ? 11:45 West  Mebon temple island During rainy season transported by   boat and dui during dry season by Vespa \r\n11:45 ? 13:00 Lunch and drinks at private farm picnic  \r\n13:00 ? 13:10 Visit to basket weaving and farming family  13:10 ? 13:35 Visit to sticky rice making and Local medicine   along the road back  \r\n13:30 ? 14:00 Return to hotel and end tour \r\n  \r\nImportant: \r\no The safety of the guests is paramount and all guests must wear helmets. \r\no The price is 40 US$ per person \r\no Each guest is driven by their personal drivers (only holders of local or international driver?s license are eligible to drive in Siem Reap and road conditions demand full concentration). \r\no Every tour is accompanied by a guide. o All snacks, drinks and foods are included in the price of the tour. Individual purchases during the tour are for the account of guests. \r\no The tour program may vary, for instance due to spontaneous extra activities or if an activity should not be available due to circumstances beyond our control. \r\no Guests are advised to use sunscreen and to wear comfortable clothes and footwear that can be cleaned easily.\r\n The tour rides rain or shine. In the monsoon season first- rate raincoats are provided by VA SR', '2019-07-03 16:39:16', '1', '2019-07-16 14:37:25', '1', '1', '2019-07-12', '2019-07-12', '40.00', '50.00', '1');
COMMIT;

-- ----------------------------
--  Table structure for `expense`
-- ----------------------------
DROP TABLE IF EXISTS `expense`;
CREATE TABLE `expense` (
  `id` int(11) NOT NULL AUTO_INCREMENT,
  `doc_id` varchar(50) DEFAULT NULL,
  `id_related_to` int(11) DEFAULT NULL,
  `id_related_profile` int(11) DEFAULT NULL,
  `date` date DEFAULT NULL,
  `chart_of_account` int(11) DEFAULT NULL,
  `chart_of_account_amount` decimal(10,2) DEFAULT NULL,
  `id_payment_method` int(11) DEFAULT NULL,
  `cheque_number` varchar(10) DEFAULT NULL,
  `clearing_date` date DEFAULT NULL,
  `total_amount` decimal(10,2) DEFAULT NULL,
  `paid_amount` decimal(10,2) DEFAULT NULL,
  `balance_amount` decimal(10,2) DEFAULT NULL,
  `remark` varchar(255) DEFAULT NULL,
  `created_by` int(11) DEFAULT NULL,
  `created_date` datetime DEFAULT NULL,
  `updated_by` int(11) DEFAULT NULL,
  `updated_date` datetime DEFAULT NULL,
  `status` tinyint(1) DEFAULT NULL,
  `img_url` varchar(255) DEFAULT NULL,
  PRIMARY KEY (`id`)
) ENGINE=InnoDB DEFAULT CHARSET=utf8 ROW_FORMAT=COMPACT;

-- ----------------------------
--  Table structure for `expense_data`
-- ----------------------------
DROP TABLE IF EXISTS `expense_data`;
CREATE TABLE `expense_data` (
  `id` int(11) NOT NULL AUTO_INCREMENT,
  `id_expense` int(11) DEFAULT NULL,
  `chart_of_account` int(11) DEFAULT NULL,
  `description` varchar(255) DEFAULT NULL,
  `amount` decimal(10,2) DEFAULT NULL,
  `status` tinyint(1) DEFAULT NULL,
  PRIMARY KEY (`id`)
) ENGINE=InnoDB AUTO_INCREMENT=5 DEFAULT CHARSET=utf8 ROW_FORMAT=COMPACT;

-- ----------------------------
--  Records of `expense_data`
-- ----------------------------
BEGIN;
INSERT INTO `expense_data` VALUES ('2', '1', '126', '', '10.00', '1'), ('3', '2', '237', '', '5.00', '1'), ('4', '3', '237', '', '5.00', '1');
COMMIT;

-- ----------------------------
--  Table structure for `expense_related_to`
-- ----------------------------
DROP TABLE IF EXISTS `expense_related_to`;
CREATE TABLE `expense_related_to` (
  `id` int(11) NOT NULL AUTO_INCREMENT,
  `name` varchar(255) DEFAULT NULL,
  PRIMARY KEY (`id`)
) ENGINE=InnoDB AUTO_INCREMENT=4 DEFAULT CHARSET=utf8;

-- ----------------------------
--  Records of `expense_related_to`
-- ----------------------------
BEGIN;
INSERT INTO `expense_related_to` VALUES ('1', 'Supplier'), ('2', 'Customer'), ('3', 'Project');
COMMIT;

-- ----------------------------
--  Table structure for `finance_chart_of_account`
-- ----------------------------
DROP TABLE IF EXISTS `finance_chart_of_account`;
CREATE TABLE `finance_chart_of_account` (
  `id` int(11) NOT NULL AUTO_INCREMENT,
  `date` date DEFAULT NULL,
  `transaction_type` varchar(100) DEFAULT NULL,
  `doc_id` varchar(50) DEFAULT NULL,
  `name` varchar(50) DEFAULT NULL,
  `name_type` varchar(50) DEFAULT NULL,
  `description` varchar(255) DEFAULT NULL,
  `debit` decimal(10,2) DEFAULT NULL,
  `credit` decimal(10,2) DEFAULT NULL,
  `balance` decimal(10,2) DEFAULT NULL,
  `account_type` int(11) DEFAULT NULL,
  `chart_of_account` int(11) DEFAULT NULL,
  `created_date` datetime DEFAULT NULL,
  `created_by` int(11) DEFAULT NULL,
  `status` tinyint(1) DEFAULT NULL,
  `updated_date` datetime DEFAULT NULL,
  `updated_by` int(11) DEFAULT NULL,
  PRIMARY KEY (`id`) USING BTREE
) ENGINE=InnoDB AUTO_INCREMENT=27 DEFAULT CHARSET=utf8 ROW_FORMAT=COMPACT;

-- ----------------------------
--  Records of `finance_chart_of_account`
-- ----------------------------
BEGIN;
INSERT INTO `finance_chart_of_account` VALUES ('3', '2019-08-19', 'Invoice', 'INV19080003', '2', 'Customer', 'INV19080003', '0.00', '40.00', '1040.00', '1', '1', '2019-08-19 15:43:37', '22', '1', null, null), ('4', '2019-08-19', 'Invoice', 'INV19080003', '2', 'Customer', 'INV19080003', '40.00', '0.00', '1040.00', '45', '63', '2019-08-19 15:43:37', '22', '1', null, null), ('5', '2019-08-06', 'Invoice', 'INV19080002', '1', 'customer', 'INV19080002', '0.00', '1000.00', '1000.00', '1', '1', '2019-08-19 15:44:41', '22', '1', null, null), ('6', '2019-08-06', 'Invoice', 'INV19080002', '1', 'customer', 'INV19080002', '1000.00', '0.00', '1000.00', '45', '63', '2019-08-19 15:44:41', '22', '1', null, null), ('7', '2019-08-19', 'Payment', 'REC19080001', '2', 'customer', 'REC19080001', '0.00', '20.00', '1020.00', '45', '63', '2019-08-19 15:45:25', '22', '1', null, null), ('8', '2019-08-19', 'Payment', 'REC19080001', '2', 'customer', 'REC19080001', '20.00', '0.00', '20.00', '3', '38', '2019-08-19 15:45:25', '22', '1', null, null), ('13', '2019-08-19', 'Expense', 'EXP19080001', '1', 'supplier', '', '10.00', '0.00', '10.00', '2', '126', '2019-08-22 10:16:43', '1', '1', null, null), ('14', '2019-08-19', 'Expense', 'EXP19080001', '1', 'supplier', '', '0.00', '10.00', '10.00', '3', '38', '2019-08-22 10:16:43', '1', '1', null, null), ('15', '2019-08-22', 'Expense', 'EXP19080002', '1', 'customer', '', '5.00', '0.00', '5.00', '46', '237', '2019-08-22 10:17:56', '1', '1', null, null), ('16', '2019-08-22', 'Expense', 'EXP19080002', '1', 'customer', '', '0.00', '5.00', '5.00', '3', '38', '2019-08-22 10:17:56', '1', '1', null, null), ('19', '2019-08-22', 'Invoice', 'INV19080001', '1', 'customer', 'INV19080001', '0.00', '2000.00', '3040.00', '1', '1', '2019-08-22 16:52:31', '1', '1', null, null), ('20', '2019-08-22', 'Invoice', 'INV19080001', '1', 'customer', 'INV19080001', '2000.00', '0.00', '3020.00', '45', '63', '2019-08-22 16:52:31', '1', '1', null, null), ('21', '2019-08-22', 'Payment', 'REC19080001', '1', 'customer', 'REC19080001', '0.00', '2000.00', '1020.00', '45', '63', '2019-08-22 16:52:48', '1', '1', null, null), ('22', '2019-08-22', 'Payment', 'REC19080001', '1', 'customer', 'REC19080001', '2000.00', '0.00', '2000.00', '3', '39', '2019-08-22 16:52:48', '1', '1', null, null), ('23', '2019-08-22', 'Expense', 'EXP19080003', '2', 'project', '', '5.00', '0.00', '10.00', '46', '237', '2019-08-22 16:53:26', '1', '1', null, null), ('24', '2019-08-22', 'Expense', 'EXP19080003', '2', 'project', '', '0.00', '5.00', '0.00', '3', '38', '2019-08-22 16:53:26', '1', '1', null, null), ('25', '2019-09-03', 'Invoice', 'INV19090001', '1', 'Customer', 'INV19090001', '0.00', '1000.00', '4040.00', '1', '1', '2019-09-03 10:40:53', '1', '1', null, null), ('26', '2019-09-03', 'Invoice', 'INV19090001', '1', 'Customer', 'INV19090001', '1000.00', '0.00', '2020.00', '45', '63', '2019-09-03 10:40:53', '1', '1', null, null);
COMMIT;

-- ----------------------------
--  Table structure for `finance_chart_of_account_amount`
-- ----------------------------
DROP TABLE IF EXISTS `finance_chart_of_account_amount`;
CREATE TABLE `finance_chart_of_account_amount` (
  `id` int(11) NOT NULL AUTO_INCREMENT,
  `account_type` int(11) DEFAULT NULL,
  `chart_of_account` int(11) DEFAULT NULL,
  `ending_balance` decimal(10,2) DEFAULT NULL,
  `name` varchar(50) DEFAULT NULL,
  `name_type` varchar(50) DEFAULT NULL,
  PRIMARY KEY (`id`) USING BTREE
) ENGINE=InnoDB AUTO_INCREMENT=2 DEFAULT CHARSET=utf8 ROW_FORMAT=COMPACT;

-- ----------------------------
--  Records of `finance_chart_of_account_amount`
-- ----------------------------
BEGIN;
INSERT INTO `finance_chart_of_account_amount` VALUES ('1', '9', '51', '0.00', '1', 'Employee');
COMMIT;

-- ----------------------------
--  Table structure for `folder`
-- ----------------------------
DROP TABLE IF EXISTS `folder`;
CREATE TABLE `folder` (
  `id` int(11) NOT NULL AUTO_INCREMENT,
  `folder_name` varchar(255) COLLATE utf8_unicode_ci DEFAULT NULL,
  `id_membership_profile` varchar(255) COLLATE utf8_unicode_ci DEFAULT NULL,
  `status` int(1) DEFAULT NULL,
  `created_by` int(11) DEFAULT NULL,
  `created_date` datetime DEFAULT NULL,
  `updated_by` int(11) DEFAULT NULL,
  `updated_date` datetime DEFAULT NULL,
  `id_document_permission` int(1) DEFAULT NULL,
  `id_event_list` int(11) DEFAULT NULL,
  `id_employee_profile` int(11) DEFAULT NULL,
  `id_customer_profile` int(11) DEFAULT NULL,
  `id_project` int(11) DEFAULT NULL,
  `id_contract` int(11) DEFAULT NULL,
  `id_lead_profile` int(11) DEFAULT NULL,
  `id_standard_operation_procedure_set_up` int(11) DEFAULT NULL,
  PRIMARY KEY (`id`)
) ENGINE=InnoDB AUTO_INCREMENT=19 DEFAULT CHARSET=utf8 COLLATE=utf8_unicode_ci;

-- ----------------------------
--  Records of `folder`
-- ----------------------------
BEGIN;
INSERT INTO `folder` VALUES ('1', 'Test folder', '1', '1', '1', '2019-07-03 16:53:40', null, null, null, null, null, null, null, null, null, null), ('2', 'Testing', '', '1', '1', '2019-07-09 20:38:32', null, null, null, null, null, null, null, null, null, null), ('3', 'ds', '', '1', '1', '2019-07-09 20:50:36', null, null, null, null, null, null, null, null, null, null), ('4', 'sdf', '', '1', '1', '2019-07-09 20:53:00', null, null, null, null, null, null, null, null, null, null), ('5', '??????????????? ??????????? ????', '', '1', '1', '2019-07-09 20:55:36', null, null, null, null, null, null, null, null, null, null), ('6', '??????????????? ??????????? ???? ??? ???? ???? eOcambo Technologoy', '', '1', '1', '2019-07-09 20:59:06', null, null, null, null, null, null, null, null, null, null), ('7', 'testing 3', '', '1', '1', '2019-07-09 21:02:05', null, null, null, null, null, null, null, null, null, null), ('8', 'Testing folder 4', '', '1', '1', '2019-07-09 21:03:18', null, null, null, null, null, null, null, null, null, null), ('10', 'Testing Event Document', null, '1', '1', '2019-07-09 21:34:35', null, null, null, '1', null, null, null, null, null, null), ('11', 'Testing folder 4', '2', '1', '1', '2019-07-11 19:54:57', null, null, null, null, null, null, null, null, null, null), ('12', 'Testing folder 4', '3', '1', '1', '2019-07-11 19:57:57', null, null, null, null, null, null, null, null, null, null), ('13', 'test', '', '1', '1', '2019-07-16 15:13:31', null, null, '2', null, null, null, null, null, null, null), ('14', 'Bill', null, '1', '1', '2019-07-25 14:59:46', null, null, null, null, null, null, '7', null, null, null), ('15', 'Bill', null, '1', '1', '2019-07-25 15:05:17', null, null, null, null, '4', null, null, null, null, null), ('17', 'Testing SOP Document', null, '1', '14', '2019-08-26 14:24:57', null, null, null, null, null, null, null, null, null, '1'), ('18', 'test doc', null, '1', '1', '2019-09-03 14:16:56', null, null, null, null, null, '1', null, null, null, null);
COMMIT;

-- ----------------------------
--  Table structure for `hls_solutions`
-- ----------------------------
DROP TABLE IF EXISTS `hls_solutions`;
CREATE TABLE `hls_solutions` (
  `id` int(11) NOT NULL AUTO_INCREMENT,
  `name` varchar(255) DEFAULT NULL,
  `icon` varchar(255) DEFAULT NULL,
  `description` text,
  `status` bit(1) DEFAULT NULL,
  PRIMARY KEY (`id`)
) ENGINE=InnoDB AUTO_INCREMENT=12 DEFAULT CHARSET=utf8;

-- ----------------------------
--  Records of `hls_solutions`
-- ----------------------------
BEGIN;
INSERT INTO `hls_solutions` VALUES ('1', 'Booking Engine', 'fa fa-cog', null, b'1'), ('2', 'Front Desk', 'fa fa-desktop', null, b'1'), ('3', 'Website', 'fa fa-id-card', null, b'1'), ('4', 'Boooking Widget', 'fa fa-file-code-o', null, b'1'), ('5', 'Mobile Website', 'fa fa-mobile', null, b'1'), ('6', 'Social Media', 'fa fa-users', null, b'1'), ('7', 'Channel Manager', 'fa fa-snowflake-o', null, b'1'), ('8', 'Reputation Manager', 'fa fa-comment', null, b'1'), ('9', 'eO-DMC', 'fa fa-wpexplorer', null, b'1'), ('10', 'eO-CSMA', 'fa fa-mobile', null, b'1'), ('11', 'eO-BMS', 'fa fa-line-chart', null, b'1');
COMMIT;

-- ----------------------------
--  Table structure for `invoice_status`
-- ----------------------------
DROP TABLE IF EXISTS `invoice_status`;
CREATE TABLE `invoice_status` (
  `id` int(11) NOT NULL AUTO_INCREMENT,
  `name` varchar(255) COLLATE utf8_unicode_ci DEFAULT NULL,
  `css_class` varchar(20) COLLATE utf8_unicode_ci DEFAULT NULL,
  `status` tinyint(4) DEFAULT NULL,
  PRIMARY KEY (`id`)
) ENGINE=InnoDB AUTO_INCREMENT=6 DEFAULT CHARSET=utf8 COLLATE=utf8_unicode_ci;

-- ----------------------------
--  Records of `invoice_status`
-- ----------------------------
BEGIN;
INSERT INTO `invoice_status` VALUES ('1', 'PAID', 'label-info', '1'), ('2', 'OVERDUE', 'label-warning', '1'), ('3', 'PARTIALLY PAID', 'label-success', '1'), ('4', 'UNPAID', 'label-mint', '1'), ('5', 'VOIDED', 'label-danger', '1');
COMMIT;

-- ----------------------------
--  Table structure for `item`
-- ----------------------------
DROP TABLE IF EXISTS `item`;
CREATE TABLE `item` (
  `id` int(11) NOT NULL AUTO_INCREMENT,
  `description` varchar(255) DEFAULT NULL,
  `long_description` text,
  `short_description` varchar(255) DEFAULT NULL,
  `rate` decimal(10,2) DEFAULT NULL,
  `id_tax` int(11) DEFAULT NULL,
  `id_group` int(11) DEFAULT NULL,
  `unit` int(11) DEFAULT NULL,
  `status` tinyint(1) DEFAULT NULL,
  `updated_by` int(11) DEFAULT NULL,
  `updated_date` datetime DEFAULT NULL,
  `created_by` int(11) DEFAULT NULL,
  `created_date` datetime DEFAULT NULL,
  PRIMARY KEY (`id`)
) ENGINE=InnoDB AUTO_INCREMENT=18 DEFAULT CHARSET=utf8;

-- ----------------------------
--  Records of `item`
-- ----------------------------
BEGIN;
INSERT INTO `item` VALUES ('1', 'Premium Website (Silver)', '', '-Maintenance  3 months\r\n-Website Speed 60 - 70', '1000.00', null, '1', '1', '1', '20', '2019-09-04 09:40:13', '12', '2019-08-15 11:26:14'), ('2', 'Booking Engine 1-10 Rooms', '', '', '40.00', null, '2', '1', '1', null, null, '12', '2019-08-15 11:27:53'), ('3', 'Booking Engine 11-29 Rooms', null, null, '50.00', null, '2', '1', '1', null, null, '12', '2019-08-15 11:28:36'), ('4', 'Booking Engine 30-59 Rooms', null, null, '60.00', null, '2', '1', '1', null, null, '12', '2019-08-15 11:28:38'), ('5', 'Booking Engine 60-Unlimited', null, null, '75.00', null, '2', '1', '1', null, null, '12', '2019-08-15 11:28:43'), ('6', 'Premium Website (Platinum)', '', '-Maintenance 9 months\r\n-Website Speed 80-90', '2000.00', null, '1', '1', '1', '20', '2019-09-04 09:33:18', '12', '2019-08-15 11:26:14'), ('7', 'Channel Manger 1-10 Rooms', '', '', '60.00', null, '2', null, '1', null, null, '12', '2019-08-15 11:38:05'), ('10', 'Channel Manager 11-29 rooms ', '', '', '70.00', null, '2', '29', '1', null, '2019-08-15 11:49:36', null, '2019-08-15 11:47:14'), ('11', 'Channel Manager 30-59 rooms  ', '', '', '90.00', null, '2', '59', '1', null, '2019-08-15 11:49:52', null, '2019-08-15 11:48:18'), ('12', 'Channel Manager 60-Unlimited ', '', '', '130.00', null, '2', '60', '1', '20', '2019-09-04 09:41:25', null, '2019-08-15 11:48:39'), ('13', 'Template Website Unlimited rooms', '', '', '35.00', null, '2', null, '1', null, '2019-08-15 11:52:14', null, '2019-08-15 11:51:17'), ('14', 'Front Desk Unlimited Rooms ', '', '', '40.00', null, '2', null, '1', null, null, null, '2019-08-15 11:52:45'), ('15', 'eO-BMS (Standard Package) ', 'A Business Management System is a set of tools for planning and implementing policies, practices, guidelines, processes and procedures that are used in the development, deployment and execution of business plans and strategies and all associated management activities. \r\n\r\n', 'A Business Management System is a set of tools for planning and implementing policies, practices, guidelines, processes and procedures that are used in the development, deployment and execution of business plans and strategies and all associated managemen', '159.00', null, '4', null, '1', '20', '2019-09-04 09:42:20', '1', '2019-08-30 15:01:41'), ('16', 'eO-BMS (Premium Package)', 'A Business Management System is a set of tools for planning and implementing policies, practices, guidelines, processes and procedures that are used in the development, deployment and execution of business plans and strategies and all associated management activities.', 'A Business Management System is a set of tools for planning and implementing policies, practices, guidelines, processes and procedures that are used in the development, deployment and execution of business plans and strategies and all associated managemen', '299.00', null, '4', null, '1', '20', '2019-09-04 09:42:46', '1', '2019-08-30 15:03:05'), ('17', 'Premium Website (Gold)', '', '-Maintenance 6 months\r\n-Website Speed 70 - 80', '1500.00', null, '1', null, '1', '20', '2019-09-04 09:35:52', '20', '2019-09-04 09:34:43');
COMMIT;

-- ----------------------------
--  Table structure for `item_data`
-- ----------------------------
DROP TABLE IF EXISTS `item_data`;
CREATE TABLE `item_data` (
  `id` int(11) NOT NULL AUTO_INCREMENT,
  `id_item` int(11) DEFAULT NULL,
  `id_data` int(11) DEFAULT NULL,
  `description` varchar(255) DEFAULT NULL,
  `status` tinyint(1) DEFAULT NULL,
  PRIMARY KEY (`id`)
) ENGINE=InnoDB AUTO_INCREMENT=258 DEFAULT CHARSET=utf8;

-- ----------------------------
--  Records of `item_data`
-- ----------------------------
BEGIN;
INSERT INTO `item_data` VALUES ('138', '6', '1', '', null), ('139', '6', '2', '', '1'), ('140', '6', '3', '', null), ('141', '6', '4', '', null), ('142', '6', '5', '', null), ('143', '6', '6', '', null), ('144', '6', '7', '', null), ('145', '6', '8', '', null), ('146', '6', '9', '', null), ('147', '6', '10', '', null), ('148', '6', '11', '', null), ('149', '6', '12', '', null), ('150', '6', '13', '', '1'), ('151', '6', '14', '', null), ('152', '6', '15', '', null), ('168', '17', '1', '', null), ('169', '17', '2', '', '1'), ('170', '17', '3', '', null), ('171', '17', '4', '', null), ('172', '17', '5', '', null), ('173', '17', '6', '', null), ('174', '17', '7', '', null), ('175', '17', '8', '', null), ('176', '17', '9', '', null), ('177', '17', '10', '', null), ('178', '17', '11', '', null), ('179', '17', '12', '', null), ('180', '17', '13', '', '1'), ('181', '17', '14', '', null), ('182', '17', '15', '', null), ('183', '1', '1', '', '0'), ('184', '1', '2', '', '1'), ('185', '1', '3', '', '0'), ('186', '1', '4', '', null), ('187', '1', '5', '', null), ('188', '1', '6', '', null), ('189', '1', '7', '', null), ('190', '1', '8', '', null), ('191', '1', '9', '', null), ('192', '1', '10', '', null), ('193', '1', '11', '', null), ('194', '1', '12', '', null), ('195', '1', '13', '', '1'), ('196', '1', '14', '', null), ('197', '1', '15', '', null), ('213', '12', '1', '', null), ('214', '12', '2', '', null), ('215', '12', '3', '', null), ('216', '12', '4', '', null), ('217', '12', '5', '', null), ('218', '12', '6', '', null), ('219', '12', '7', '', null), ('220', '12', '8', '', null), ('221', '12', '9', '', null), ('222', '12', '10', '', null), ('223', '12', '11', '', null), ('224', '12', '12', '', null), ('225', '12', '13', '', '1'), ('226', '12', '14', '', null), ('227', '12', '15', '', null), ('228', '15', '1', 'Unlimited', '1'), ('229', '15', '2', 'YES', '1'), ('230', '15', '3', '10GB', '1'), ('231', '15', '4', 'YES', '1'), ('232', '15', '5', 'YES', '1'), ('233', '15', '6', 'YES', '1'), ('234', '15', '7', 'YES', '1'), ('235', '15', '8', 'YES', '1'), ('236', '15', '9', 'YES', '1'), ('237', '15', '10', 'YES', '1'), ('238', '15', '11', 'YES', '1'), ('239', '15', '12', 'YES', '1'), ('240', '15', '13', 'YES', '1'), ('241', '15', '14', 'YES', '1'), ('242', '15', '15', 'YES', '1'), ('243', '16', '1', 'Unlimited', '1'), ('244', '16', '2', 'YES', '1'), ('245', '16', '3', '25GB', '1'), ('246', '16', '4', 'YES', '1'), ('247', '16', '5', 'YES', '1'), ('248', '16', '6', 'YES', '1'), ('249', '16', '7', 'YES', '1'), ('250', '16', '8', 'YES', '1'), ('251', '16', '9', 'YES', '1'), ('252', '16', '10', 'YES', '1'), ('253', '16', '11', 'YES', '1'), ('254', '16', '12', 'YES', '1'), ('255', '16', '13', 'YES', '1'), ('256', '16', '14', 'YES', '1'), ('257', '16', '15', 'YES', '1');
COMMIT;

-- ----------------------------
--  Table structure for `item_group`
-- ----------------------------
DROP TABLE IF EXISTS `item_group`;
CREATE TABLE `item_group` (
  `id` int(11) NOT NULL AUTO_INCREMENT,
  `name` varchar(255) DEFAULT NULL,
  `created_date` datetime DEFAULT NULL,
  `updated_by` int(11) DEFAULT NULL,
  `created_by` int(11) DEFAULT NULL,
  `updated_date` datetime DEFAULT NULL,
  `status` tinyint(11) DEFAULT NULL,
  `main_logo` varchar(255) DEFAULT NULL,
  `description` text,
  `inclusive_benefit` text,
  `plan_detail` text,
  PRIMARY KEY (`id`) USING BTREE
) ENGINE=InnoDB AUTO_INCREMENT=13 DEFAULT CHARSET=utf8;

-- ----------------------------
--  Records of `item_group`
-- ----------------------------
BEGIN;
INSERT INTO `item_group` VALUES ('1', 'Premium Website', '2019-07-17 21:15:36', '20', '1', '2019-09-04 11:45:38', '1', '53', '<div><span style=\"font-size: 12px;\">*<span style=\"white-space:pre\">	</span>The above rate is in USD$, nett, inclusive of 10% VAT.</span></div><div><span style=\"font-size: 12px;\">*<span style=\"white-space:pre\">	</span>The rate is non-commissionable.</span></div><div><span style=\"font-size: 12px;\">*<span style=\"white-space:pre\">	</span>All content &amp; images to be provided by client.</span></div><div><span style=\"font-size: 12px;\">*<span style=\"white-space:pre\">	</span>CMS system work with PHP &amp;MySQL Language (word press CMS).</span></div><div><span style=\"font-size: 12px;\">*<span style=\"white-space:pre\">	</span>4 weeks to complete the website including training and testing.</span></div>', '<div style=\"\"><span style=\"font-size: 10px;\"><span style=\"font-size: 12px;\"></span><span style=\"white-space: pre; font-size: 12px;\">	</span><span style=\"font-size: 12px;\">Consultation about Social Media/ digital marketing from eOcambo Technology team.</span></span></div><div style=\"\"><span style=\"font-size: 10px;\"><span style=\"font-size: 12px;\"></span><span style=\"white-space: pre; font-size: 12px;\">	</span><span style=\"font-size: 12px;\">Advice on how to get more business through Social Media &amp; Online Digital Marketing.</span></span></div><div style=\"\"><span style=\"font-size: 10px;\"><span style=\"font-size: 12px;\"></span><span style=\"white-space: pre; font-size: 12px;\">	</span><span style=\"font-size: 12px;\">Local support and service from the eOcambo Support Team whenever required.</span></span></div><div style=\"\"><span style=\"font-size: 10px;\"><span style=\"font-size: 12px;\"></span><span style=\"white-space: pre; font-size: 12px;\">	</span><span style=\"font-size: 12px;\">Website maintenance.</span></span></div><div style=\"\"><span style=\"font-size: 10px;\"><span style=\"font-size: 12px;\"></span><span style=\"white-space: pre; font-size: 12px;\">	</span><span style=\"font-size: 12px;\">Website Training at eOcambo Technology Office&nbsp;</span></span></div><div style=\"\"><span style=\"font-size: 10px;\"><span style=\"font-size: 12px;\"></span><span style=\"white-space: pre; font-size: 12px;\">	</span><span style=\"font-size: 12px;\">Unique Website Design</span></span></div><div style=\"\"><span style=\"font-size: 10px;\"><span style=\"font-size: 12px;\"></span><span style=\"white-space: pre; font-size: 12px;\">	</span><span style=\"font-size: 12px;\"> Web Services</span></span></div><div style=\"\"><span style=\"font-size: 10px;\"><span style=\"font-size: 12px;\"></span><span style=\"white-space: pre; font-size: 12px;\">	</span><span style=\"font-size: 12px;\"> Branding Design</span></span></div><div style=\"\"><span style=\"font-size: 10px;\"><span style=\"font-size: 12px;\"></span><span style=\"white-space: pre; font-size: 12px;\">	</span><span style=\"font-size: 12px;\"> Web Application</span></span></div><div style=\"\"><span style=\"font-size: 12px;\"></span><span style=\"font-size: 12px; white-space: pre;\">	</span><span style=\"font-size: 12px;\">&nbsp;Optimized&nbsp;Design</span></div><div style=\"\"><span style=\"font-size: 10px;\"><span style=\"font-size: 12px;\"></span><span style=\"white-space: pre; font-size: 12px;\">	</span><span style=\"font-size: 12px;\"> Easy to Build and Navigate</span></span></div><div style=\"\"><span style=\"font-size: 10px;\"><span style=\"font-size: 12px;\"></span><span style=\"white-space: pre; font-size: 12px;\">	</span><span style=\"font-size: 12px;\"> Google Tools Integrated</span></span></div><div style=\"\"><span style=\"font-size: 12px;\"></span><span style=\"font-size: 12px; white-space: pre;\">	</span><span style=\"font-size: 12px;\"> SEO Optimized&nbsp;&amp; Fast</span></div><div style=\"\"><span style=\"font-size: 10px;\"><span style=\"font-size: 12px;\"></span><span style=\"white-space: pre; font-size: 12px;\">	</span><span style=\"font-size: 12px;\"> All the tools needed to create a beautiful website</span></span></div>', null), ('2', 'Channel Manager', '2019-07-17 21:42:13', '20', '1', '2019-09-04 13:48:02', '1', '54', '<div>*&nbsp; &nbsp; &nbsp; One-time setup fee&nbsp;</div><div>*<span style=\"white-space:pre\">	</span>The above contract rate is in USD$, nett, inclusive of 10% VAT.</div><div>*<span style=\"white-space:pre\">	</span>Inclusive of daily service maintenance.&nbsp;</div><div>*<span style=\"white-space:pre\">	</span>The rate is non-commissionable.</div><div>*<span style=\"white-space:pre\">	</span>The rate is per month.</div><div>*<span style=\"white-space:pre\">	</span>The Hotel Link Solutions (HLS) general Terms of Service apply. See the current version at www.hotellinksolutions.com/terms-of-service.The terms are subject to change from time to time.</div>', '<ul><li>Automatic register/list your property to our OTAs: www.accommodationcentral.net (Commission free).</li><li>Automatic register/list your property to our OTAs: www.accommodation-cambodia.com (3% Commission fee).</li><li>Consultation on Social Media/ digital marketing from eOcambo Technology team.</li><li>Advice on how to get more bookings through Social Media &amp; Online Digital Marketing.</li><li>Local support and service from the eOcambo Support Team whenever you need it.</li><li>Complimentary evaluation your business through online (Healthcheck/Reputation Management) monthly basis Or upon request (For accommodation only).</li><li>Regular group training at eOcambo Technology offices to improve digital marketing knowledge in order to drive more productions.<br></li></ul>', null), ('3', 'Front Desk', '2019-07-25 14:50:43', '20', '1', '2019-09-04 13:57:09', '1', null, '<div>*&nbsp; &nbsp; &nbsp; One-time setup fee&nbsp;</div><div>*<span style=\"white-space: pre;\">	</span>The above contract rate is in USD$, nett, inclusive of 10% VAT.</div><div>*<span style=\"white-space: pre;\">	</span>Inclusive of daily service maintenance.&nbsp;</div><div>*<span style=\"white-space: pre;\">	</span>The rate is non-commissionable.</div><div>*<span style=\"white-space: pre;\">	</span>The rate is per month.</div><div>*<span style=\"white-space: pre;\">	</span>The Hotel Link Solutions (HLS) general Terms of Service apply. See the current version at www.hotellinksolutions.com/terms-of-service.The terms are subject to change from time to time.</div>', '<ul><li>Automatic register/list your property to our OTAs: www.accommodationcentral.net (Commission free).</li><li>Automatic register/list your property to our OTAs: www.accommodation-cambodia.com (3% Commission fee).</li><li>Consultation on Social Media/ digital marketing from eOcambo Technology team.</li><li>Advice on how to get more bookings through Social Media &amp; Online Digital Marketing.</li><li>Local support and service from the eOcambo Support Team whenever you need it.</li><li>Complimentary evaluation your business through online (Healthcheck/Reputation Management) monthly basis Or upon request (For accommodation only).</li><li>Regular group training at eOcambo Technology offices to improve digital marketing knowledge in order to drive more productions.</li></ul>', null), ('4', 'eO-BMS', '2019-08-30 14:58:20', '20', '1', '2019-09-04 14:03:58', '1', null, '<div>*<span style=\"white-space:pre\">	</span>The above rates are in USD, nett, inclusive of 10% VAT.</div><div>*<span style=\"white-space:pre\">	</span>The rates are non-commissionable.</div><div>*<span style=\"white-space:pre\">	</span>Included daily service maintenance.&nbsp;</div><div>*<span style=\"white-space:pre\">	</span>The rates are per month.</div>', '<ul><li>Consultation about Social Media/ digital marketing from eOcambo Technology team.</li><li>Advice on how to get more business through Social Media &amp; Online Digital Marketing.</li><li>Local support and service from the eOcambo Support Team whenever required.</li><li>System maintenance.</li><li>System Training.</li><li>Regular group training at eOcambo Technology offices to improve digital marketing knowledge in order to drive more business.</li><li>Easy Administration.</li><li>Powerful Publishing Tools.</li><li>Detailed Analytics.</li><li>Simple Workflow and Publishing Controls.</li><li>Security.</li><li>Tiered Permissions That Suit Your Organization<br></li></ul>', null), ('5', 'Booking Engine', '2019-09-04 09:56:58', '20', '20', '2019-09-04 14:30:04', '1', null, '<div>*&nbsp; &nbsp; &nbsp; One-time setup fee&nbsp;</div><div>*<span style=\"white-space: pre;\">	</span>The above contract rate is in USD$, nett, inclusive of 10% VAT.</div><div>*<span style=\"white-space: pre;\">	</span>Inclusive of daily service maintenance.&nbsp;</div><div>*<span style=\"white-space: pre;\">	</span>The rate is non-commissionable.</div><div>*<span style=\"white-space: pre;\">	</span>The rate is per month.</div><div>*<span style=\"white-space: pre;\">	</span>The Hotel Link Solutions (HLS) general Terms of Service apply. See the current version at www.hotellinksolutions.com/terms-of-service.The terms are subject to change from time to time.</div>', '<ul><li>Automatic register/list your property to our OTAs: www.accommodationcentral.net (Commission free).</li><li>Automatic register/list your property to our OTAs: www.accommodation-cambodia.com (3% Commission fee).</li><li>Consultation on Social Media/ digital marketing from eOcambo Technology team.</li><li>Advice on how to get more bookings through Social Media &amp; Online Digital Marketing.</li><li>Local support and service from the eOcambo Support Team whenever you need it.</li><li>Complimentary evaluation your business through online (Healthcheck/Reputation Management) monthly basis Or upon request (For accommodation only).</li><li>Regular group training at eOcambo Technology offices to improve digital marketing knowledge in order to drive more productions.</li></ul>', null), ('6', 'Template Website', '2019-09-04 10:20:38', '20', '20', '2019-09-04 14:33:55', '1', null, '<div>*&nbsp; &nbsp; &nbsp; One-time setup fee&nbsp;</div><div>*<span style=\"white-space: pre;\">	</span>The above contract rate is in USD$, nett, inclusive of 10% VAT.</div><div>*<span style=\"white-space: pre;\">	</span>Inclusive of daily service maintenance.&nbsp;</div><div>*<span style=\"white-space: pre;\">	</span>The rate is non-commissionable.</div><div>*<span style=\"white-space: pre;\">	</span>The rate is per month.</div><div>*<span style=\"white-space: pre;\">	</span>The Hotel Link Solutions (HLS) general Terms of Service apply. See the current version at www.hotellinksolutions.com/terms-of-service.The terms are subject to change from time to time.</div>', '<ul><li>Automatic register/list your property to our OTAs: www.accommodationcentral.net (Commission free).</li><li>Automatic register/list your property to our OTAs: www.accommodation-cambodia.com (3% Commission fee).</li><li>Consultation on Social Media/ digital marketing from eOcambo Technology team.</li><li>Advice on how to get more bookings through Social Media &amp; Online Digital Marketing.</li><li>Local support and service from the eOcambo Support Team whenever you need it.</li><li>Complimentary evaluation your business through online (Healthcheck/Reputation Management) monthly basis Or upon request (For accommodation only).</li><li>Regular group training at eOcambo Technology offices to improve digital marketing knowledge in order to drive more productions.</li></ul>', null), ('7', 'eO-DMC', '2019-09-04 10:21:57', '20', '20', '2019-09-04 11:50:47', '1', null, '', '', null), ('8', 'eO-CSMA', '2019-09-04 10:22:15', '20', '20', '2019-09-04 11:50:56', '1', null, '', '', null), ('9', 'Domain & Hosting', '2019-09-04 10:23:14', '20', '20', '2019-09-04 11:51:04', '1', null, '', '', null), ('10', 'Social Media Support', '2019-09-04 10:24:25', '20', '20', '2019-09-04 11:51:12', '1', null, '', '', null), ('11', 'Content Writer', '2019-09-04 10:25:11', '20', '20', '2019-09-04 11:51:22', '1', null, '', '', null), ('12', 'Photo & Video Shooting', '2019-09-04 10:25:53', '20', '20', '2019-09-04 11:51:31', '1', null, '', '', null);
COMMIT;

-- ----------------------------
--  Table structure for `item_group_data`
-- ----------------------------
DROP TABLE IF EXISTS `item_group_data`;
CREATE TABLE `item_group_data` (
  `id` int(11) NOT NULL AUTO_INCREMENT,
  `id_type` int(11) DEFAULT NULL,
  `title` varchar(255) DEFAULT NULL,
  `status` tinyint(1) DEFAULT NULL,
  `updated_by` int(11) DEFAULT NULL,
  `updated_date` datetime DEFAULT NULL,
  `created_by` int(11) DEFAULT NULL,
  `created_date` datetime DEFAULT NULL,
  PRIMARY KEY (`id`)
) ENGINE=InnoDB AUTO_INCREMENT=18 DEFAULT CHARSET=utf8;

-- ----------------------------
--  Records of `item_group_data`
-- ----------------------------
BEGIN;
INSERT INTO `item_group_data` VALUES ('1', '1', 'Users', '1', null, null, '1', '2019-08-30 18:48:02'), ('2', '1', 'Training', '1', null, null, '1', '2019-08-30 18:49:45'), ('3', '1', 'Storage', '1', null, null, '1', '2019-08-30 18:49:53'), ('4', '2', 'Customer Relationship Management (CRM)', '1', null, null, '1', '2019-08-30 18:50:06'), ('5', '2', 'Project Management', '1', null, null, '1', '2019-08-30 18:50:14'), ('6', '2', 'Sales', '1', null, null, '1', '2019-08-30 18:50:21'), ('7', '2', 'Finance', '1', null, null, '1', '2019-08-30 18:50:29'), ('8', '2', 'Standard Operation Procedure (S.O.P)', '1', null, null, '1', '2019-08-30 18:50:39'), ('9', '2', 'Key Performance Indicator (K.P.I)', '1', null, null, '1', '2019-08-30 18:50:49'), ('10', '2', 'Human Resource', '1', null, null, '1', '2019-08-30 18:50:57'), ('11', '2', 'Budget Setup', '1', null, null, '1', '2019-08-30 18:51:04'), ('12', '2', 'Document Management', '1', null, null, '1', '2019-08-30 18:51:14'), ('13', '3', 'Online Support', '1', '20', '2019-09-04 13:34:10', '1', '2019-08-30 18:51:25'), ('14', '3', 'User Guide', '1', null, null, '1', '2019-08-30 18:51:34'), ('15', '4', 'Hosting', '1', null, null, '1', '2019-08-30 18:51:40'), ('16', '2', 'Website Feature', '1', null, null, '20', '2019-09-04 11:22:06'), ('17', '2', 'Reservation Management', '1', null, null, '20', '2019-09-04 13:47:04');
COMMIT;

-- ----------------------------
--  Table structure for `item_group_department`
-- ----------------------------
DROP TABLE IF EXISTS `item_group_department`;
CREATE TABLE `item_group_department` (
  `id` int(11) NOT NULL AUTO_INCREMENT,
  `id_item_group` int(11) DEFAULT NULL,
  `id_department` int(11) DEFAULT NULL,
  PRIMARY KEY (`id`)
) ENGINE=InnoDB AUTO_INCREMENT=51 DEFAULT CHARSET=utf8;

-- ----------------------------
--  Records of `item_group_department`
-- ----------------------------
BEGIN;
INSERT INTO `item_group_department` VALUES ('31', '1', '3'), ('32', '9', '2'), ('33', '9', '3'), ('34', '10', '2'), ('35', '10', '3'), ('36', '11', '1'), ('37', '11', '3'), ('38', '12', '1'), ('39', '12', '2'), ('40', '12', '4'), ('44', '2', '2'), ('45', '3', '2'), ('46', '4', '1'), ('47', '4', '2'), ('48', '4', '5'), ('49', '5', '2'), ('50', '6', '2');
COMMIT;

-- ----------------------------
--  Table structure for `item_group_template_detail`
-- ----------------------------
DROP TABLE IF EXISTS `item_group_template_detail`;
CREATE TABLE `item_group_template_detail` (
  `id` int(11) NOT NULL AUTO_INCREMENT,
  `id_item_group` int(11) DEFAULT NULL,
  `id_item_group_type` int(11) DEFAULT NULL,
  `title` varchar(255) DEFAULT NULL,
  `description` text,
  PRIMARY KEY (`id`)
) ENGINE=InnoDB AUTO_INCREMENT=111 DEFAULT CHARSET=utf8;

-- ----------------------------
--  Records of `item_group_template_detail`
-- ----------------------------
BEGIN;
INSERT INTO `item_group_template_detail` VALUES ('81', '1', '16', 'Unique Layout', 'Inspiring and exclusive layout to showcase the unique quality of each business.'), ('82', '1', '16', 'Default Template Page', 'Home Page, Room (Listing + Detail), Facility & Service (Listing & Detail), Package (Listing & Detail), Blog (Listing & Detail), About Us, Contact Us, Gallery'), ('83', '1', '16', 'Add more pages', 'Add up to 10 additional pages to your website.'), ('84', '1', '16', 'SEO (Yeast)', 'Plugin to manage content that is visible on search engines and help to maximize website ranking.'), ('85', '1', '16', 'Cache System', 'To improve website speed and the ranking of the website on search engines'), ('86', '1', '16', 'Security', 'High Level website security to prevent website data being compromised.'), ('87', '1', '16', 'Responsive', 'Adaptability to any screen size, Desktop, Tablet, Mobile.'), ('88', '1', '16', 'Google MY Business', 'Website will appear on Google My Business at right side while searching by business name.'), ('89', '1', '16', 'Google Maps', 'Your property will be connected to Google Maps.'), ('90', '1', '16', 'Web Mail', 'Professional business email services.'), ('91', '1', '16', 'Form Captcha', 'Security enabled to ensure contact is not a malicious internet robot.'), ('92', '1', '16', 'Fav Icon', 'Unique file containing small icons to identify services or amenities in the website.'), ('93', '1', '16', 'Hide WordPress Error', 'Hide the error in WordPress.'), ('94', '1', '16', 'Contact form', 'The website able to manage multiple contact forms, including customized forms and mail contents flexibly with simple markup. Supported by Ajax-powered submission, CAPTCHA security and, Akismet spam filtering.'), ('95', '7', '4', '', ''), ('96', '8', '4', '', ''), ('97', '9', '4', '', ''), ('98', '10', '4', '', ''), ('99', '11', '4', '', ''), ('100', '12', '4', '', ''), ('104', '2', '17', 'Main Feature', ' Expand the list of OTAs you work with.\r\n Ensure all OTAs and your website have the same rates.\r\n Ensure all OTAs have the same room availability.'), ('105', '3', '17', 'Main Feature', ' Ensure all the Room types are matched in the system.\r\n Ensure all OTAs and your website have the same rates and connected.\r\n Ensure all the training of the system.'), ('106', '4', '4', 'Supplier Profile', 'Manage all your supplier or partner profiles and contacts'), ('107', '4', '4', 'Customer', '?	Profile: general information of your customers. \r\n?	Contact: create multiple contacts for your customers. \r\n?	Solution: list of products or services which the customers are using. \r\n?	Invoice: keep in track your invoices and items. \r\n?	Payment: Track payment from invoices which are paid. \r\n?	Contract: record all your customers contracts. \r\n?	Proposals: create attractive proposals for customers and increase sales. \r\n?	Project: keep track of your customer?s projects. \r\n?	Task: keep track of tasks between customers. \r\n?	Documentation: upload and manage related customer?s documents. \r\n?	Note: Make notes on customers unique needed.  \r\n?	Import Data: Import or upload multiple customer?s information (new customers).'), ('108', '4', '5', 'Overview', '?	Overview details and track time spent on project for each staff member.'), ('109', '5', '17', 'Main Feature', ' Install an optimized booking widget on your website.\r\n Allow travelers to make secure payments online.'), ('110', '6', '16', 'Main Feature', ' Design and Build your website look and feel.\r\n Optimize your website for search engines.\r\n Enhance the loading speed of your website.\r\n Free hosting and domain.');
COMMIT;

-- ----------------------------
--  Table structure for `item_group_type`
-- ----------------------------
DROP TABLE IF EXISTS `item_group_type`;
CREATE TABLE `item_group_type` (
  `id` int(11) NOT NULL AUTO_INCREMENT,
  `name` varchar(255) DEFAULT NULL,
  PRIMARY KEY (`id`)
) ENGINE=InnoDB AUTO_INCREMENT=5 DEFAULT CHARSET=utf8;

-- ----------------------------
--  Records of `item_group_type`
-- ----------------------------
BEGIN;
INSERT INTO `item_group_type` VALUES ('1', 'Essential'), ('2', 'Main Feature'), ('3', 'Support'), ('4', 'Hosting');
COMMIT;

-- ----------------------------
--  Table structure for `knowledge_base`
-- ----------------------------
DROP TABLE IF EXISTS `knowledge_base`;
CREATE TABLE `knowledge_base` (
  `id` int(11) NOT NULL AUTO_INCREMENT,
  `name` varchar(255) COLLATE utf8_unicode_ci DEFAULT NULL,
  `slug` varbinary(255) DEFAULT NULL,
  `group` int(11) DEFAULT NULL,
  `internal_article` tinyint(1) DEFAULT NULL COMMENT '1= yes, 0 = No',
  `disabled` tinyint(1) DEFAULT NULL,
  `description` text COLLATE utf8_unicode_ci,
  `created_date` datetime DEFAULT NULL,
  `created_by` int(11) DEFAULT NULL,
  `updated_date` datetime DEFAULT NULL,
  `updated_by` int(11) DEFAULT NULL,
  `short_description` varchar(255) COLLATE utf8_unicode_ci DEFAULT NULL,
  PRIMARY KEY (`id`)
) ENGINE=InnoDB AUTO_INCREMENT=2 DEFAULT CHARSET=utf8 COLLATE=utf8_unicode_ci;

-- ----------------------------
--  Table structure for `knowledge_base_position`
-- ----------------------------
DROP TABLE IF EXISTS `knowledge_base_position`;
CREATE TABLE `knowledge_base_position` (
  `id` int(11) NOT NULL AUTO_INCREMENT,
  `id_knowledge_base` int(11) DEFAULT NULL,
  `id_position` varchar(50) DEFAULT NULL,
  PRIMARY KEY (`id`)
) ENGINE=InnoDB AUTO_INCREMENT=3 DEFAULT CHARSET=utf8 ROW_FORMAT=COMPACT;

-- ----------------------------
--  Records of `knowledge_base_position`
-- ----------------------------
BEGIN;
INSERT INTO `knowledge_base_position` VALUES ('1', '1', '1'), ('2', '1', '2');
COMMIT;

-- ----------------------------
--  Table structure for `lead_profile`
-- ----------------------------
DROP TABLE IF EXISTS `lead_profile`;
CREATE TABLE `lead_profile` (
  `id` int(11) NOT NULL AUTO_INCREMENT,
  `lead_name` varchar(250) DEFAULT NULL,
  `company_name` varchar(250) DEFAULT NULL,
  `phone_number` varchar(50) DEFAULT NULL,
  `email_address` varchar(50) DEFAULT NULL,
  `latitute` decimal(16,10) DEFAULT NULL,
  `longitute` decimal(16,10) DEFAULT NULL,
  `address` varchar(250) DEFAULT NULL,
  `id_country` int(11) DEFAULT NULL,
  `id_city` int(11) DEFAULT NULL,
  `group_names` varchar(250) DEFAULT NULL,
  `billing_address` varchar(250) DEFAULT NULL,
  `id_billing_city` int(11) DEFAULT NULL,
  `id_billing_country` int(11) DEFAULT NULL,
  `shipping_address` varchar(250) DEFAULT NULL,
  `id_shipping_city` int(11) DEFAULT NULL,
  `id_shipping_country` int(11) DEFAULT NULL,
  `status` int(1) DEFAULT NULL,
  `created_by` int(11) DEFAULT NULL,
  `created_date` datetime DEFAULT NULL,
  `img_url` varchar(255) DEFAULT NULL,
  `updated_date` datetime DEFAULT NULL,
  `updated_by` int(11) DEFAULT NULL,
  `zip_code` varchar(50) DEFAULT NULL,
  `customer_status` int(1) DEFAULT NULL,
  `assigned_to` int(11) DEFAULT NULL,
  `id_source` int(11) DEFAULT NULL,
  `note` varchar(255) DEFAULT NULL,
  PRIMARY KEY (`id`)
) ENGINE=InnoDB AUTO_INCREMENT=3 DEFAULT CHARSET=utf8 ROW_FORMAT=COMPACT;

-- ----------------------------
--  Records of `lead_profile`
-- ----------------------------
BEGIN;
INSERT INTO `lead_profile` VALUES ('2', 'MR. SALIN', 'CIBM', '12456', 'STVEN@EOCAMBO.COM', null, null, 'SR', '56', '21', null, '', null, null, '', null, null, '1', '1', '2019-09-03 11:57:09', null, '2019-09-03 11:59:42', '1', '', '3', '3', '1', '');
COMMIT;

-- ----------------------------
--  Table structure for `lead_profile_note`
-- ----------------------------
DROP TABLE IF EXISTS `lead_profile_note`;
CREATE TABLE `lead_profile_note` (
  `id` int(11) NOT NULL AUTO_INCREMENT,
  `note` varchar(255) DEFAULT NULL,
  `created_date` datetime DEFAULT NULL,
  `updated_by` int(11) DEFAULT NULL,
  `created_by` int(11) DEFAULT NULL,
  `updated_date` datetime DEFAULT NULL,
  `status` tinyint(11) DEFAULT NULL,
  `id_lead_profile` int(11) DEFAULT NULL,
  PRIMARY KEY (`id`) USING BTREE
) ENGINE=InnoDB DEFAULT CHARSET=utf8;

-- ----------------------------
--  Table structure for `leave_application`
-- ----------------------------
DROP TABLE IF EXISTS `leave_application`;
CREATE TABLE `leave_application` (
  `id` int(11) NOT NULL AUTO_INCREMENT,
  `id_approver` int(11) DEFAULT NULL,
  `start_date` date DEFAULT NULL,
  `end_date` date DEFAULT NULL,
  `img_url` varchar(255) DEFAULT NULL,
  `id_employee` int(11) DEFAULT NULL,
  `is_half_day` tinyint(1) DEFAULT NULL,
  `id_leave_type_name` int(11) DEFAULT NULL,
  `leave_reason` varchar(255) DEFAULT NULL,
  `reject_reason` varchar(255) DEFAULT NULL,
  `id_leave_status` varchar(255) DEFAULT NULL,
  `created_by` int(11) DEFAULT NULL,
  `created_date` datetime DEFAULT NULL,
  `updated_by` int(11) DEFAULT NULL,
  `updated_date` datetime DEFAULT NULL,
  PRIMARY KEY (`id`) USING BTREE
) ENGINE=InnoDB AUTO_INCREMENT=2 DEFAULT CHARSET=utf8 ROW_FORMAT=COMPACT;

-- ----------------------------
--  Records of `leave_application`
-- ----------------------------
BEGIN;
INSERT INTO `leave_application` VALUES ('1', '2', '2019-07-30', '2019-08-01', null, '1', '1', '1', '2', '', '1', '1', '2019-08-19 16:06:47', '1', '2019-08-19 16:07:16');
COMMIT;

-- ----------------------------
--  Table structure for `leave_in_the_year`
-- ----------------------------
DROP TABLE IF EXISTS `leave_in_the_year`;
CREATE TABLE `leave_in_the_year` (
  `id` int(11) NOT NULL AUTO_INCREMENT,
  `name` varbinary(255) DEFAULT NULL,
  `id_year_list` int(11) DEFAULT NULL,
  `id_month_list` int(11) DEFAULT NULL,
  `status` tinyint(1) DEFAULT NULL,
  `created_by` int(11) DEFAULT NULL,
  `created_date` datetime DEFAULT NULL,
  `updated_by` int(11) DEFAULT NULL,
  `updated_date` datetime DEFAULT NULL,
  PRIMARY KEY (`id`)
) ENGINE=InnoDB AUTO_INCREMENT=2 DEFAULT CHARSET=utf8 COLLATE=utf8_unicode_ci;

-- ----------------------------
--  Records of `leave_in_the_year`
-- ----------------------------
BEGIN;
INSERT INTO `leave_in_the_year` VALUES ('1', 0x54657374696e67204c65617665, '1', '1', '1', '22', '2019-08-19 15:41:37', null, null);
COMMIT;

-- ----------------------------
--  Table structure for `leave_in_the_year_data`
-- ----------------------------
DROP TABLE IF EXISTS `leave_in_the_year_data`;
CREATE TABLE `leave_in_the_year_data` (
  `id` int(11) NOT NULL AUTO_INCREMENT,
  `id_leave_in_the_year` int(11) DEFAULT NULL,
  `leave_type_value` int(11) DEFAULT NULL,
  `id_leave_type` int(11) DEFAULT NULL,
  `id_month_list` int(11) DEFAULT NULL,
  `id_year_list` int(11) DEFAULT NULL,
  `created_date` datetime DEFAULT NULL,
  `created_by` int(11) DEFAULT NULL,
  `updated_date` datetime DEFAULT NULL,
  `updated_by` int(11) DEFAULT NULL,
  PRIMARY KEY (`id`)
) ENGINE=InnoDB AUTO_INCREMENT=11 DEFAULT CHARSET=utf8 COLLATE=utf8_unicode_ci;

-- ----------------------------
--  Records of `leave_in_the_year_data`
-- ----------------------------
BEGIN;
INSERT INTO `leave_in_the_year_data` VALUES ('1', '1', '0', '1', null, null, null, null, null, null), ('2', '1', '0', '2', null, null, null, null, null, null), ('3', '1', '0', '3', null, null, null, null, null, null), ('4', '1', '0', '4', null, null, null, null, null, null), ('5', '1', '0', '5', null, null, null, null, null, null), ('6', '1', '0', '6', null, null, null, null, null, null), ('7', '1', '0', '7', null, null, null, null, null, null), ('8', '1', '0', '8', null, null, null, null, null, null), ('9', '1', '0', '9', null, null, null, null, null, null), ('10', '1', '0', '10', null, null, null, null, null, null);
COMMIT;

-- ----------------------------
--  Table structure for `leave_role`
-- ----------------------------
DROP TABLE IF EXISTS `leave_role`;
CREATE TABLE `leave_role` (
  `id` int(11) NOT NULL AUTO_INCREMENT,
  `names` varchar(250) NOT NULL,
  `updated_by` int(11) DEFAULT NULL,
  `updated_date` datetime DEFAULT NULL,
  `status` tinyint(1) DEFAULT NULL,
  `created_by` int(11) DEFAULT NULL,
  `created_date` datetime DEFAULT NULL,
  PRIMARY KEY (`id`) USING BTREE
) ENGINE=InnoDB AUTO_INCREMENT=2 DEFAULT CHARSET=utf8 ROW_FORMAT=COMPACT;

-- ----------------------------
--  Records of `leave_role`
-- ----------------------------
BEGIN;
INSERT INTO `leave_role` VALUES ('1', 'Maximum of leaving Day. ', '11', '2017-12-13 17:33:19', '1', '11', '2017-12-13 17:33:19');
COMMIT;

-- ----------------------------
--  Table structure for `leave_status`
-- ----------------------------
DROP TABLE IF EXISTS `leave_status`;
CREATE TABLE `leave_status` (
  `id` int(11) NOT NULL AUTO_INCREMENT,
  `css` varchar(255) DEFAULT NULL,
  `approve_status_name` varchar(255) DEFAULT NULL,
  PRIMARY KEY (`id`) USING BTREE
) ENGINE=InnoDB AUTO_INCREMENT=4 DEFAULT CHARSET=utf8 ROW_FORMAT=COMPACT;

-- ----------------------------
--  Records of `leave_status`
-- ----------------------------
BEGIN;
INSERT INTO `leave_status` VALUES ('1', 'label-warning', 'Pending'), ('2', 'label-success', 'Approved'), ('3', 'label-danger', 'Rejected');
COMMIT;

-- ----------------------------
--  Table structure for `leave_type_condition`
-- ----------------------------
DROP TABLE IF EXISTS `leave_type_condition`;
CREATE TABLE `leave_type_condition` (
  `id` int(11) NOT NULL AUTO_INCREMENT,
  `names` varchar(250) NOT NULL,
  `updated_by` int(11) DEFAULT NULL,
  `updated_date` datetime DEFAULT NULL,
  `status` tinyint(1) DEFAULT NULL,
  `created_by` int(11) DEFAULT NULL,
  `created_date` datetime DEFAULT NULL,
  PRIMARY KEY (`id`) USING BTREE
) ENGINE=InnoDB AUTO_INCREMENT=5 DEFAULT CHARSET=utf8 ROW_FORMAT=COMPACT;

-- ----------------------------
--  Records of `leave_type_condition`
-- ----------------------------
BEGIN;
INSERT INTO `leave_type_condition` VALUES ('1', 'Paid', '11', '2017-12-13 17:32:50', '1', '11', '2017-12-13 17:32:50'), ('2', 'Unpaid', '11', '2017-12-13 17:32:56', '1', '11', '2017-12-13 17:32:56'), ('3', 'Compensatory Off', '11', '2017-12-13 17:33:01', '1', '11', '2017-12-13 17:33:01'), ('4', 'On Duty', '11', '2017-12-13 17:33:06', '1', '11', '2017-12-13 17:33:06');
COMMIT;

-- ----------------------------
--  Table structure for `leave_type_name`
-- ----------------------------
DROP TABLE IF EXISTS `leave_type_name`;
CREATE TABLE `leave_type_name` (
  `id` int(11) NOT NULL AUTO_INCREMENT,
  `names` varchar(250) NOT NULL,
  `shortcut` varchar(255) DEFAULT NULL,
  `css_style` varchar(255) DEFAULT NULL,
  `updated_by` int(11) DEFAULT NULL,
  `updated_date` datetime DEFAULT NULL,
  `status` tinyint(1) DEFAULT NULL,
  `created_by` int(11) DEFAULT NULL,
  `created_date` datetime DEFAULT NULL,
  PRIMARY KEY (`id`) USING BTREE
) ENGINE=InnoDB AUTO_INCREMENT=11 DEFAULT CHARSET=utf8 ROW_FORMAT=COMPACT;

-- ----------------------------
--  Records of `leave_type_name`
-- ----------------------------
BEGIN;
INSERT INTO `leave_type_name` VALUES ('1', 'WORKING DAY', 'WD', '#1eb1ed', '1', '2018-12-03 13:05:31', '1', '11', '2017-12-13 17:32:17'), ('2', 'DAY OFF', 'OFF', '#1072bd', '11', '2017-12-13 17:32:36', '1', '11', '2017-12-13 17:32:36'), ('3', 'HALF PUBLIC HOLIDAY', 'HPH', '#e06b21', '1', '2018-12-03 13:05:56', '1', '11', '2017-12-13 17:32:41'), ('4', 'PUBLIC HOLIDAY', 'PH', '#964714', '1', '2018-12-03 13:06:01', '1', '1', '2018-12-03 13:06:01'), ('5', 'HALF ANNUAL LEAVE', 'HAL', '#8eb5e0', '1', '2018-12-03 13:06:16', '1', '1', '2018-12-03 13:06:16'), ('6', 'ANNUAL LEAVE', 'AL', '#568ed3', '1', '2018-12-03 13:06:23', '1', '1', '2018-12-03 13:06:23'), ('7', 'HALF DAY SICK LEAVE', 'HSL', '#fdbf2d', null, null, '1', null, null), ('8', 'SICK LEAVE', 'SL', '#fffd38', null, null, '1', null, null), ('9', 'ABSENCE', 'ABS', '#6f359e', null, null, '1', null, null), ('10', 'LATE', 'L', '#fc0d1b', null, null, '1', null, null);
COMMIT;

-- ----------------------------
--  Table structure for `marital_status`
-- ----------------------------
DROP TABLE IF EXISTS `marital_status`;
CREATE TABLE `marital_status` (
  `id` int(11) NOT NULL AUTO_INCREMENT,
  `names` varchar(250) NOT NULL,
  `updated_by` int(11) DEFAULT NULL,
  `updated_date` datetime DEFAULT NULL,
  `status` int(1) DEFAULT NULL,
  `created_by` int(11) DEFAULT NULL,
  `created_date` datetime DEFAULT NULL,
  PRIMARY KEY (`id`) USING BTREE
) ENGINE=InnoDB AUTO_INCREMENT=5 DEFAULT CHARSET=utf8 ROW_FORMAT=COMPACT;

-- ----------------------------
--  Records of `marital_status`
-- ----------------------------
BEGIN;
INSERT INTO `marital_status` VALUES ('1', 'Single', null, null, '1', '1', '2019-04-22 08:44:08'), ('2', 'Married', null, null, '1', '1', '2019-04-22 08:46:07'), ('3', 'Widowed', null, null, '1', '1', '2019-04-22 08:46:30'), ('4', 'Divorced', null, null, '1', '1', '2019-04-22 08:47:16');
COMMIT;

-- ----------------------------
--  Table structure for `membership_document`
-- ----------------------------
DROP TABLE IF EXISTS `membership_document`;
CREATE TABLE `membership_document` (
  `id` int(11) NOT NULL AUTO_INCREMENT,
  `id_membership_profile` int(11) NOT NULL,
  `document_name` varchar(255) COLLATE utf8_unicode_ci DEFAULT NULL,
  `document_type` varchar(255) COLLATE utf8_unicode_ci DEFAULT NULL,
  `document_size` varchar(100) COLLATE utf8_unicode_ci DEFAULT NULL,
  `uploaded_date` datetime DEFAULT NULL,
  `description` varchar(255) COLLATE utf8_unicode_ci DEFAULT NULL,
  `created_date` datetime DEFAULT NULL,
  `created_by` int(11) DEFAULT NULL,
  `updated_date` datetime DEFAULT NULL,
  `updated_by` int(11) DEFAULT NULL,
  `status` int(1) DEFAULT NULL,
  PRIMARY KEY (`id`)
) ENGINE=InnoDB DEFAULT CHARSET=utf8 COLLATE=utf8_unicode_ci;

-- ----------------------------
--  Table structure for `membership_event`
-- ----------------------------
DROP TABLE IF EXISTS `membership_event`;
CREATE TABLE `membership_event` (
  `id` int(11) NOT NULL AUTO_INCREMENT,
  `id_membership_profile` int(11) NOT NULL,
  `id_event_list` int(11) NOT NULL,
  `number_of_audient` int(11) NOT NULL,
  `address` varchar(255) COLLATE utf8_unicode_ci NOT NULL,
  `address_line_2` varchar(255) COLLATE utf8_unicode_ci DEFAULT NULL,
  `id_country` int(11) DEFAULT NULL,
  `id_city` int(11) DEFAULT NULL,
  `id_province` varchar(255) COLLATE utf8_unicode_ci DEFAULT NULL,
  `postal_code` varchar(255) COLLATE utf8_unicode_ci DEFAULT NULL,
  `prefix_phone_code` int(11) DEFAULT NULL,
  `phone_number` varchar(255) COLLATE utf8_unicode_ci DEFAULT NULL,
  `prefix_phone_code_line_2` int(11) DEFAULT NULL,
  `phone_number_line_2` varchar(255) COLLATE utf8_unicode_ci DEFAULT NULL,
  `email` varchar(255) COLLATE utf8_unicode_ci DEFAULT NULL,
  `description` text COLLATE utf8_unicode_ci,
  `created_date` datetime DEFAULT NULL,
  `created_by` int(11) DEFAULT NULL,
  `updated_date` datetime DEFAULT NULL,
  `updated_by` int(11) DEFAULT NULL,
  `status` int(1) DEFAULT NULL,
  `from_date` date DEFAULT NULL,
  `to_date` date DEFAULT NULL,
  `register_date` date DEFAULT NULL,
  `amount` decimal(10,2) DEFAULT NULL,
  `balance` decimal(10,2) DEFAULT NULL,
  `id_payment_type` int(11) DEFAULT NULL,
  `id_payment_method` int(11) DEFAULT NULL,
  `member_description` varchar(255) COLLATE utf8_unicode_ci DEFAULT NULL,
  `paid` decimal(10,2) DEFAULT NULL,
  `event_fee` decimal(10,2) DEFAULT NULL,
  `approval_status` int(1) DEFAULT NULL,
  PRIMARY KEY (`id`)
) ENGINE=InnoDB AUTO_INCREMENT=5 DEFAULT CHARSET=utf8 COLLATE=utf8_unicode_ci;

-- ----------------------------
--  Records of `membership_event`
-- ----------------------------
BEGIN;
INSERT INTO `membership_event` VALUES ('1', '1', '1', '2', 'River side', '', '56', '21', 'Palate Restaurant', '', null, '', null, '', '', 'Time Activity Remarks \r\n\r\n08:00 Pick up from the Hotel Departure exactly on time \r\n08:10 ? 09:00 Ride to countryside fresh palm juice gathering and tasting  \r\n09:00 ? 09:30 Ride and explanation about house temples and stroll over local market \r\n09:30 ? 10:30 Ride to  Wat Svay Romeat Pagoda,  sightseeing,   blessing ceremony and fortune teller  \r\n10:30 ? 11:45 West  Mebon temple island During rainy season transported by   boat and dui during dry season by Vespa \r\n11:45 ? 13:00 Lunch and drinks at private farm picnic  \r\n13:00 ? 13:10 Visit to basket weaving and farming family  13:10 ? 13:35 Visit to sticky rice making and Local medicine   along the road back  \r\n13:30 ? 14:00 Return to hotel and end tour \r\n  \r\nImportant: \r\no The safety of the guests is paramount and all guests must wear helmets. \r\no The price is 40 US$ per person \r\no Each guest is driven by their personal drivers (only holders of local or international driver?s license are eligible to drive in Siem Reap and road conditions demand full concentration). \r\no Every tour is accompanied by a guide. o All snacks, drinks and foods are included in the price of the tour. Individual purchases during the tour are for the account of guests. \r\no The tour program may vary, for instance due to spontaneous extra activities or if an activity should not be available due to circumstances beyond our control. \r\no Guests are advised to use sunscreen and to wear comfortable clothes and footwear that can be cleaned easily.\r\n The tour rides rain or shine. In the monsoon season first- rate raincoats are provided by VA SR', '2019-07-03 16:47:53', '1', null, null, '1', '2019-07-12', '2019-07-12', '2019-07-03', '80.00', '80.00', '2', '1', '', '0.00', '40.00', '1'), ('2', '2', '1', '1', 'River side', '', '56', '21', 'Palate Restaurant', '', null, '', null, '', '', 'Time Activity Remarks \r\n\r\n08:00 Pick up from the Hotel Departure exactly on time \r\n08:10 ? 09:00 Ride to countryside fresh palm juice gathering and tasting  \r\n09:00 ? 09:30 Ride and explanation about house temples and stroll over local market \r\n09:30 ? 10:30 Ride to  Wat Svay Romeat Pagoda,  sightseeing,   blessing ceremony and fortune teller  \r\n10:30 ? 11:45 West  Mebon temple island During rainy season transported by   boat and dui during dry season by Vespa \r\n11:45 ? 13:00 Lunch and drinks at private farm picnic  \r\n13:00 ? 13:10 Visit to basket weaving and farming family  13:10 ? 13:35 Visit to sticky rice making and Local medicine   along the road back  \r\n13:30 ? 14:00 Return to hotel and end tour \r\n  \r\nImportant: \r\no The safety of the guests is paramount and all guests must wear helmets. \r\no The price is 40 US$ per person \r\no Each guest is driven by their personal drivers (only holders of local or international driver?s license are eligible to drive in Siem Reap and road conditions demand full concentration). \r\no Every tour is accompanied by a guide. o All snacks, drinks and foods are included in the price of the tour. Individual purchases during the tour are for the account of guests. \r\no The tour program may vary, for instance due to spontaneous extra activities or if an activity should not be available due to circumstances beyond our control. \r\no Guests are advised to use sunscreen and to wear comfortable clothes and footwear that can be cleaned easily.\r\n The tour rides rain or shine. In the monsoon season first- rate raincoats are provided by VA SR', '2019-07-03 17:03:30', '1', null, null, '1', '2019-07-12', '2019-07-12', '2019-07-03', '50.00', '50.00', '2', '1', '', null, '50.00', '1'), ('3', '2', '1', '2', 'River side', '', null, null, 'Palate Restaurant', '', null, '', null, '', '', 'Time Activity Remarks \r\n\r\n08:00 Pick up from the Hotel Departure exactly on time \r\n08:10 ? 09:00 Ride to countryside fresh palm juice gathering and tasting  \r\n09:00 ? 09:30 Ride and explanation about house temples and stroll over local market \r\n09:30 ? 10:30 Ride to  Wat Svay Romeat Pagoda,  sightseeing,   blessing ceremony and fortune teller  \r\n10:30 ? 11:45 West  Mebon temple island During rainy season transported by   boat and dui during dry season by Vespa \r\n11:45 ? 13:00 Lunch and drinks at private farm picnic  \r\n13:00 ? 13:10 Visit to basket weaving and farming family  13:10 ? 13:35 Visit to sticky rice making and Local medicine   along the road back  \r\n13:30 ? 14:00 Return to hotel and end tour \r\n  \r\nImportant: \r\no The safety of the guests is paramount and all guests must wear helmets. \r\no The price is 40 US$ per person \r\no Each guest is driven by their personal drivers (only holders of local or international driver?s license are eligible to drive in Siem Reap and road conditions demand full concentration). \r\no Every tour is accompanied by a guide. o All snacks, drinks and foods are included in the price of the tour. Individual purchases during the tour are for the account of guests. \r\no The tour program may vary, for instance due to spontaneous extra activities or if an activity should not be available due to circumstances beyond our control. \r\no Guests are advised to use sunscreen and to wear comfortable clothes and footwear that can be cleaned easily.\r\n The tour rides rain or shine. In the monsoon season first- rate raincoats are provided by VA SR', '2019-07-03 17:22:51', '1', null, null, '1', '2019-07-12', '2019-07-12', '2019-07-03', '80.00', null, null, null, null, null, '40.00', '1'), ('4', '2', '1', '3', 'River side', '', null, null, 'Palate Restaurant', '', null, '', null, '', '', 'Time Activity Remarks \r\n\r\n08:00 Pick up from the Hotel Departure exactly on time \r\n08:10 ? 09:00 Ride to countryside fresh palm juice gathering and tasting  \r\n09:00 ? 09:30 Ride and explanation about house temples and stroll over local market \r\n09:30 ? 10:30 Ride to  Wat Svay Romeat Pagoda,  sightseeing,   blessing ceremony and fortune teller  \r\n10:30 ? 11:45 West  Mebon temple island During rainy season transported by   boat and dui during dry season by Vespa \r\n11:45 ? 13:00 Lunch and drinks at private farm picnic  \r\n13:00 ? 13:10 Visit to basket weaving and farming family  13:10 ? 13:35 Visit to sticky rice making and Local medicine   along the road back  \r\n13:30 ? 14:00 Return to hotel and end tour \r\n  \r\nImportant: \r\no The safety of the guests is paramount and all guests must wear helmets. \r\no The price is 40 US$ per person \r\no Each guest is driven by their personal drivers (only holders of local or international driver?s license are eligible to drive in Siem Reap and road conditions demand full concentration). \r\no Every tour is accompanied by a guide. o All snacks, drinks and foods are included in the price of the tour. Individual purchases during the tour are for the account of guests. \r\no The tour program may vary, for instance due to spontaneous extra activities or if an activity should not be available due to circumstances beyond our control. \r\no Guests are advised to use sunscreen and to wear comfortable clothes and footwear that can be cleaned easily.\r\n The tour rides rain or shine. In the monsoon season first- rate raincoats are provided by VA SR', '2019-07-04 08:51:16', '1', null, null, '1', '2019-07-12', '2019-07-12', '2019-07-04', '120.00', '0.00', null, null, null, '120.00', '40.00', '1');
COMMIT;

-- ----------------------------
--  Table structure for `membership_payment`
-- ----------------------------
DROP TABLE IF EXISTS `membership_payment`;
CREATE TABLE `membership_payment` (
  `id` int(11) NOT NULL AUTO_INCREMENT,
  `id_membership_profile` int(11) NOT NULL,
  `amount` decimal(10,2) DEFAULT NULL,
  `paid` decimal(10,2) DEFAULT NULL,
  `balance` decimal(10,2) DEFAULT NULL,
  `id_payment_type` int(11) DEFAULT NULL,
  `id_payment_method` int(11) DEFAULT NULL,
  `id_membership_type` int(11) DEFAULT NULL,
  `from_date` date DEFAULT NULL,
  `to_date` date DEFAULT NULL,
  `description` varchar(255) COLLATE utf8_unicode_ci DEFAULT NULL,
  `created_date` datetime DEFAULT NULL,
  `created_by` int(11) DEFAULT NULL,
  `updated_date` datetime DEFAULT NULL,
  `updated_by` int(11) DEFAULT NULL,
  `status` int(1) DEFAULT NULL,
  `id_payment_for` int(11) DEFAULT NULL,
  PRIMARY KEY (`id`)
) ENGINE=InnoDB AUTO_INCREMENT=3 DEFAULT CHARSET=utf8 COLLATE=utf8_unicode_ci;

-- ----------------------------
--  Records of `membership_payment`
-- ----------------------------
BEGIN;
INSERT INTO `membership_payment` VALUES ('1', '1', '80.00', '0.00', '80.00', '2', '1', null, '2019-07-12', '2019-07-12', '', null, null, null, null, '1', '2'), ('2', '2', '50.00', null, '50.00', '2', '1', null, '2019-07-12', '2019-07-12', '', null, null, null, null, '1', '2');
COMMIT;

-- ----------------------------
--  Table structure for `membership_profile`
-- ----------------------------
DROP TABLE IF EXISTS `membership_profile`;
CREATE TABLE `membership_profile` (
  `id` int(11) NOT NULL AUTO_INCREMENT,
  `id_prefix` int(11) NOT NULL,
  `first_name` varchar(255) COLLATE utf8_unicode_ci NOT NULL,
  `last_name` varchar(255) COLLATE utf8_unicode_ci NOT NULL,
  `company_name` varchar(255) COLLATE utf8_unicode_ci NOT NULL,
  `passport_no` varchar(255) COLLATE utf8_unicode_ci DEFAULT NULL,
  `date_of_birth` date DEFAULT NULL,
  `place_of_birth` varchar(255) COLLATE utf8_unicode_ci DEFAULT NULL,
  `sex` varchar(8) COLLATE utf8_unicode_ci DEFAULT NULL,
  `nationality` int(11) NOT NULL,
  `address` varchar(255) COLLATE utf8_unicode_ci NOT NULL,
  `address_line_2` varchar(255) COLLATE utf8_unicode_ci DEFAULT NULL,
  `id_country` int(11) DEFAULT NULL,
  `id_city` int(11) DEFAULT NULL,
  `id_province` varchar(255) COLLATE utf8_unicode_ci DEFAULT NULL,
  `postal_code` varchar(255) COLLATE utf8_unicode_ci DEFAULT NULL,
  `marital_status` int(2) DEFAULT NULL,
  `prefix_phone_code` int(11) DEFAULT NULL,
  `phone_number` varchar(255) COLLATE utf8_unicode_ci DEFAULT NULL,
  `prefix_phone_code_line_2` int(11) DEFAULT NULL,
  `phone_number_line_2` varchar(255) COLLATE utf8_unicode_ci DEFAULT NULL,
  `email` varchar(255) COLLATE utf8_unicode_ci DEFAULT NULL,
  `website` varchar(255) COLLATE utf8_unicode_ci DEFAULT NULL,
  `contact_person` varchar(255) COLLATE utf8_unicode_ci DEFAULT NULL,
  `position` varchar(255) COLLATE utf8_unicode_ci DEFAULT NULL,
  `mot_licence_no` varchar(255) COLLATE utf8_unicode_ci DEFAULT NULL,
  `year_of_establishment` varchar(255) COLLATE utf8_unicode_ci DEFAULT NULL,
  `type_of_business` varchar(255) COLLATE utf8_unicode_ci DEFAULT NULL,
  `username` varchar(255) COLLATE utf8_unicode_ci NOT NULL,
  `password` varchar(255) COLLATE utf8_unicode_ci NOT NULL,
  `confirm_password` varchar(255) COLLATE utf8_unicode_ci NOT NULL,
  `description` varchar(255) COLLATE utf8_unicode_ci DEFAULT NULL,
  `created_date` datetime DEFAULT NULL,
  `created_by` int(11) DEFAULT NULL,
  `updated_date` datetime DEFAULT NULL,
  `updated_by` int(11) DEFAULT NULL,
  `status` int(1) DEFAULT NULL,
  `img_url` varchar(255) COLLATE utf8_unicode_ci DEFAULT NULL,
  `membership_type` int(11) NOT NULL,
  PRIMARY KEY (`id`)
) ENGINE=InnoDB AUTO_INCREMENT=4 DEFAULT CHARSET=utf8 COLLATE=utf8_unicode_ci;

-- ----------------------------
--  Records of `membership_profile`
-- ----------------------------
BEGIN;
INSERT INTO `membership_profile` VALUES ('1', '1', 'Eng', 'Kunthea', 'Euro Khmer Voyages', '', '1980-06-01', '', '', '56', '#0677, Group 25, Slor Kram, Banteay Chas', '', '56', '21', '', '', '2', '106', '069955545', null, '', 'kunthea@ekvoyages.com', '', '', '', '', '', '', 'kunthea', '', '', '', '2019-07-03 16:28:05', '1', '2019-07-03 16:28:54', '1', '1', '3', '1'), ('2', '1', 'chum', 'sokun', 'test subscriber ', '', '2019-07-03', '', '', '56', '#0677, Group 25, Slor Kram, Banteay Chas', '', null, null, '', '', '2', null, '', null, '', 'sokun@ekvoyages.com', '', '', '', '', '', '', 'sokun', '', '', '', '2019-07-03 16:58:02', '1', '2019-07-10 21:24:22', '8', '1', '16', '1'), ('3', '4', 'Next', 'Step', 'eOcambo Village', '', null, '', null, '56', 'SR', '', null, null, '', '', null, null, '', null, '', 'nextstep@eocambo.com', 'eocambo.com', '', '', '', '', '', 'NextStep', '123456', '123456', '', '2019-07-10 21:24:12', '8', null, null, '1', null, '1');
COMMIT;

-- ----------------------------
--  Table structure for `membership_type`
-- ----------------------------
DROP TABLE IF EXISTS `membership_type`;
CREATE TABLE `membership_type` (
  `id` int(11) NOT NULL AUTO_INCREMENT,
  `membership_type` varchar(255) COLLATE utf8_unicode_ci DEFAULT NULL,
  `description` varchar(255) COLLATE utf8_unicode_ci DEFAULT NULL,
  `created_date` datetime DEFAULT NULL,
  `created_by` int(11) DEFAULT NULL,
  `updated_date` datetime DEFAULT NULL,
  `updated_by` int(11) DEFAULT NULL,
  `status` int(1) DEFAULT NULL,
  PRIMARY KEY (`id`)
) ENGINE=InnoDB AUTO_INCREMENT=6 DEFAULT CHARSET=utf8 COLLATE=utf8_unicode_ci;

-- ----------------------------
--  Records of `membership_type`
-- ----------------------------
BEGIN;
INSERT INTO `membership_type` VALUES ('1', 'Diamond', 'sdfsd', '2019-04-18 08:57:41', '1', '2019-04-18 08:57:41', '1', '1'), ('2', 'Gold', '', '2019-04-18 10:36:33', '1', '2019-04-18 10:36:33', '1', '1'), ('4', 'Silver', '', '2019-04-18 14:02:07', '1', '2019-04-22 11:05:15', '1', '1'), ('5', 'Brone', '', '2019-04-18 14:03:38', '1', '2019-04-18 14:12:47', '1', '1');
COMMIT;

-- ----------------------------
--  Table structure for `migration`
-- ----------------------------
DROP TABLE IF EXISTS `migration`;
CREATE TABLE `migration` (
  `version` varchar(180) NOT NULL,
  `apply_time` int(11) DEFAULT NULL,
  PRIMARY KEY (`version`)
) ENGINE=InnoDB DEFAULT CHARSET=utf8;

-- ----------------------------
--  Records of `migration`
-- ----------------------------
BEGIN;
INSERT INTO `migration` VALUES ('m000000_000000_base', '1552447078'), ('m130524_201442_init', '1552447085');
COMMIT;

-- ----------------------------
--  Table structure for `milestone_data`
-- ----------------------------
DROP TABLE IF EXISTS `milestone_data`;
CREATE TABLE `milestone_data` (
  `id` int(11) NOT NULL AUTO_INCREMENT,
  `id_milestone_type` int(11) DEFAULT NULL,
  `id_project` int(11) DEFAULT NULL,
  `id_task` int(11) DEFAULT NULL,
  PRIMARY KEY (`id`)
) ENGINE=InnoDB DEFAULT CHARSET=utf8;

-- ----------------------------
--  Table structure for `month_list`
-- ----------------------------
DROP TABLE IF EXISTS `month_list`;
CREATE TABLE `month_list` (
  `id` int(11) NOT NULL AUTO_INCREMENT,
  `name` varchar(20) DEFAULT NULL,
  PRIMARY KEY (`id`)
) ENGINE=InnoDB AUTO_INCREMENT=13 DEFAULT CHARSET=utf8;

-- ----------------------------
--  Records of `month_list`
-- ----------------------------
BEGIN;
INSERT INTO `month_list` VALUES ('1', 'January'), ('2', 'February'), ('3', 'March'), ('4', 'April'), ('5', 'May'), ('6', 'June'), ('7', 'July'), ('8', 'August'), ('9', 'September'), ('10', 'October'), ('11', 'November'), ('12', 'December');
COMMIT;

-- ----------------------------
--  Table structure for `pay_period`
-- ----------------------------
DROP TABLE IF EXISTS `pay_period`;
CREATE TABLE `pay_period` (
  `id` int(11) NOT NULL AUTO_INCREMENT,
  `name` varchar(255) DEFAULT NULL,
  PRIMARY KEY (`id`)
) ENGINE=InnoDB AUTO_INCREMENT=7 DEFAULT CHARSET=utf8;

-- ----------------------------
--  Records of `pay_period`
-- ----------------------------
BEGIN;
INSERT INTO `pay_period` VALUES ('1', '1 month'), ('2', '2 months'), ('3', '3 months'), ('4', '4 months'), ('5', '5 months'), ('6', '6 months');
COMMIT;

-- ----------------------------
--  Table structure for `payment_for`
-- ----------------------------
DROP TABLE IF EXISTS `payment_for`;
CREATE TABLE `payment_for` (
  `id` int(11) NOT NULL AUTO_INCREMENT,
  `names` varchar(250) NOT NULL,
  `updated_by` int(11) DEFAULT NULL,
  `updated_date` datetime DEFAULT NULL,
  `status` int(1) DEFAULT NULL,
  `created_by` int(11) DEFAULT NULL,
  `created_date` datetime DEFAULT NULL,
  PRIMARY KEY (`id`) USING BTREE
) ENGINE=InnoDB AUTO_INCREMENT=3 DEFAULT CHARSET=utf8 ROW_FORMAT=COMPACT;

-- ----------------------------
--  Records of `payment_for`
-- ----------------------------
BEGIN;
INSERT INTO `payment_for` VALUES ('1', 'Membership', null, null, '1', '1', '2019-05-17 11:19:01'), ('2', 'Event', null, null, '1', '1', '2019-05-17 11:19:11');
COMMIT;

-- ----------------------------
--  Table structure for `payment_method`
-- ----------------------------
DROP TABLE IF EXISTS `payment_method`;
CREATE TABLE `payment_method` (
  `id` int(11) NOT NULL AUTO_INCREMENT,
  `names` varchar(250) NOT NULL,
  `updated_by` int(11) DEFAULT NULL,
  `updated_date` datetime DEFAULT NULL,
  `status` int(1) DEFAULT NULL,
  `created_by` int(11) DEFAULT NULL,
  `created_date` datetime DEFAULT NULL,
  PRIMARY KEY (`id`) USING BTREE
) ENGINE=InnoDB AUTO_INCREMENT=7 DEFAULT CHARSET=utf8 ROW_FORMAT=COMPACT;

-- ----------------------------
--  Records of `payment_method`
-- ----------------------------
BEGIN;
INSERT INTO `payment_method` VALUES ('1', 'Cash', '1', '2019-04-23 15:34:27', '1', '11', '2017-12-13 17:20:12'), ('2', 'Transfer Money', '11', '2017-12-13 17:20:18', '1', '11', '2017-12-13 17:20:18'), ('3', 'Cheque', '11', '2017-12-13 17:20:24', '1', '11', '2017-12-13 17:20:24'), ('5', 'E-payment', '11', '2017-12-13 17:20:29', '1', '11', '2017-12-13 17:20:29'), ('6', 'POS Credit Card', '35', '2018-08-11 19:23:31', '1', '35', '2018-08-11 19:23:31');
COMMIT;

-- ----------------------------
--  Table structure for `payment_status`
-- ----------------------------
DROP TABLE IF EXISTS `payment_status`;
CREATE TABLE `payment_status` (
  `id` int(11) NOT NULL AUTO_INCREMENT,
  `names` varchar(250) NOT NULL,
  `updated_by` int(11) DEFAULT NULL,
  `updated_date` datetime DEFAULT NULL,
  `status` int(1) DEFAULT NULL,
  `created_by` int(11) DEFAULT NULL,
  `created_date` datetime DEFAULT NULL,
  PRIMARY KEY (`id`) USING BTREE
) ENGINE=InnoDB AUTO_INCREMENT=5 DEFAULT CHARSET=utf8 ROW_FORMAT=COMPACT;

-- ----------------------------
--  Records of `payment_status`
-- ----------------------------
BEGIN;
INSERT INTO `payment_status` VALUES ('1', 'Paid', '1', '2019-06-03 11:34:41', '1', '1', '2019-05-17 08:50:14'), ('2', 'Pending', null, null, '1', '1', '2019-05-17 08:50:26'), ('3', 'Overdue', null, null, '1', '1', '2019-05-17 08:50:35'), ('4', 'Expired', '1', '2019-06-03 11:35:57', '1', '1', '2019-05-17 08:50:47');
COMMIT;

-- ----------------------------
--  Table structure for `payment_type`
-- ----------------------------
DROP TABLE IF EXISTS `payment_type`;
CREATE TABLE `payment_type` (
  `id` int(11) NOT NULL AUTO_INCREMENT,
  `names` varchar(250) NOT NULL,
  `updated_by` int(11) DEFAULT NULL,
  `updated_date` datetime DEFAULT NULL,
  `status` int(1) DEFAULT NULL,
  `created_by` int(11) DEFAULT NULL,
  `created_date` datetime DEFAULT NULL,
  PRIMARY KEY (`id`) USING BTREE
) ENGINE=InnoDB AUTO_INCREMENT=6 DEFAULT CHARSET=utf8 ROW_FORMAT=COMPACT;

-- ----------------------------
--  Records of `payment_type`
-- ----------------------------
BEGIN;
INSERT INTO `payment_type` VALUES ('1', 'Pre-payment', '1', '2019-07-03 13:30:09', '1', '11', '2017-12-13 17:20:41'), ('2', 'Cash on Arrival', '1', '2019-07-03 13:30:40', '1', '11', '2017-12-13 17:20:46'), ('3', 'Before check out', '1', '2019-07-03 13:30:45', '1', '11', '2017-12-13 17:20:52'), ('4', 'Credit', '1', '2019-07-03 13:30:48', '1', '11', '2017-12-13 17:20:59'), ('5', 'Deposit', '1', '2019-07-03 13:31:03', '1', '11', '2017-12-13 17:21:05');
COMMIT;

-- ----------------------------
--  Table structure for `payroll`
-- ----------------------------
DROP TABLE IF EXISTS `payroll`;
CREATE TABLE `payroll` (
  `id` int(11) NOT NULL AUTO_INCREMENT,
  `id_payroll_request` int(11) DEFAULT NULL,
  `doc_id` varchar(50) DEFAULT NULL,
  `date` date DEFAULT NULL,
  `pay_for` int(11) DEFAULT NULL,
  `total_net_pay` decimal(10,2) DEFAULT NULL,
  `chart_of_account` int(11) DEFAULT NULL,
  `amount` decimal(10,2) DEFAULT NULL,
  `amount_in_word` varchar(255) DEFAULT NULL,
  `chart_of_account_option` int(11) DEFAULT NULL,
  `amount_option` decimal(10,2) DEFAULT NULL,
  `amount_in_word_option` varchar(255) DEFAULT NULL,
  `status` tinyint(1) DEFAULT NULL,
  `updated_by` int(11) DEFAULT NULL,
  `updated_date` datetime DEFAULT NULL,
  `created_by` int(11) DEFAULT NULL,
  `created_date` datetime DEFAULT NULL,
  PRIMARY KEY (`id`)
) ENGINE=InnoDB AUTO_INCREMENT=2 DEFAULT CHARSET=utf8;

-- ----------------------------
--  Records of `payroll`
-- ----------------------------
BEGIN;
INSERT INTO `payroll` VALUES ('1', '1', 'PRO19080002', '2019-08-20', '1', null, null, null, null, null, null, null, '3', '1', '2019-08-20 11:31:51', '1', '2019-08-20 08:13:40');
COMMIT;

-- ----------------------------
--  Table structure for `payroll_data`
-- ----------------------------
DROP TABLE IF EXISTS `payroll_data`;
CREATE TABLE `payroll_data` (
  `id` int(11) NOT NULL AUTO_INCREMENT,
  `id_payroll` int(11) DEFAULT NULL,
  `id_type` int(11) DEFAULT NULL,
  `description` varchar(255) DEFAULT NULL,
  `amount` decimal(10,2) DEFAULT NULL,
  PRIMARY KEY (`id`)
) ENGINE=InnoDB DEFAULT CHARSET=utf8;

-- ----------------------------
--  Table structure for `payroll_request`
-- ----------------------------
DROP TABLE IF EXISTS `payroll_request`;
CREATE TABLE `payroll_request` (
  `id` int(11) NOT NULL AUTO_INCREMENT,
  `date` date DEFAULT NULL,
  `id_year` int(11) DEFAULT NULL,
  `id_month` int(11) DEFAULT NULL,
  `total_amount` decimal(10,2) DEFAULT NULL,
  `id_prepared_by` varchar(255) DEFAULT NULL,
  `status` tinyint(1) DEFAULT NULL,
  `updated_by` int(11) DEFAULT NULL,
  `updated_date` datetime DEFAULT NULL,
  `created_by` int(11) DEFAULT NULL,
  `created_date` datetime DEFAULT NULL,
  `grand_total_basic_salary` decimal(10,2) DEFAULT NULL,
  `grand_total_probation_pass_amount` decimal(10,2) DEFAULT NULL,
  `grand_total_probation_working_day` int(11) DEFAULT NULL,
  `grand_total_probation_per_day_amount` decimal(10,2) DEFAULT NULL,
  `grand_total_probation_pass_total_amount` decimal(10,2) DEFAULT NULL,
  `grand_total_absent` int(11) DEFAULT NULL,
  `grand_total_absent_deduct_amount` decimal(10,2) DEFAULT NULL,
  `grand_total_advance_deduct_amount` decimal(10,2) DEFAULT NULL,
  `grand_total_increase_amount` decimal(10,2) DEFAULT NULL,
  `grand_total_other_amount` decimal(10,2) DEFAULT NULL,
  `grand_total_balance_amount` decimal(10,2) DEFAULT NULL,
  `grand_total_service_charge_amount` decimal(10,2) DEFAULT NULL,
  `grand_total_bonus_amount` decimal(10,2) DEFAULT NULL,
  `grand_total_net_pay_amount` decimal(10,2) DEFAULT NULL,
  `grand_total_tip_amount` decimal(10,2) DEFAULT NULL,
  `grand_total_total_net_pay_amount` decimal(10,2) DEFAULT NULL,
  PRIMARY KEY (`id`)
) ENGINE=InnoDB AUTO_INCREMENT=3 DEFAULT CHARSET=utf8;

-- ----------------------------
--  Records of `payroll_request`
-- ----------------------------
BEGIN;
INSERT INTO `payroll_request` VALUES ('1', '2019-08-19', '1', '1', null, '1', '1', null, null, '22', '2019-08-19 15:34:22', null, null, null, null, null, null, null, null, null, null, null, null, null, null, null, null), ('2', '2019-08-21', '1', '2', null, '3', '3', '1', '2019-08-21 10:37:09', '1', '2019-08-20 15:57:04', null, null, null, null, null, null, null, null, null, null, null, null, null, null, null, null);
COMMIT;

-- ----------------------------
--  Table structure for `payroll_request_data`
-- ----------------------------
DROP TABLE IF EXISTS `payroll_request_data`;
CREATE TABLE `payroll_request_data` (
  `id` int(11) NOT NULL AUTO_INCREMENT,
  `id_payroll_request` int(11) DEFAULT NULL,
  `id_employee` int(11) DEFAULT NULL,
  `basic_salary` decimal(10,2) DEFAULT NULL,
  `probation_pass_amount` decimal(10,2) DEFAULT NULL,
  `probation_working_day` int(11) DEFAULT NULL,
  `probation_per_day_amount` decimal(10,2) DEFAULT NULL,
  `probation_pass_total_amount` decimal(10,2) DEFAULT NULL,
  `absent` int(11) DEFAULT NULL,
  `absent_deduct_amount` decimal(10,2) DEFAULT NULL,
  `advance_deduct_amount` decimal(10,2) DEFAULT NULL,
  `increase_amount` decimal(10,2) DEFAULT NULL,
  `other_amount` decimal(10,2) DEFAULT NULL,
  `balance_amount` decimal(10,2) DEFAULT NULL,
  `service_charge_amount` decimal(10,2) DEFAULT NULL,
  `bonus_amount` decimal(10,2) DEFAULT NULL,
  `net_pay_amount` decimal(10,2) DEFAULT NULL,
  `id_payment_method` int(11) DEFAULT NULL,
  `tip_amount` decimal(10,2) DEFAULT NULL,
  `total_net_pay_amount` decimal(10,2) DEFAULT NULL,
  `remark` varchar(255) DEFAULT NULL,
  PRIMARY KEY (`id`)
) ENGINE=InnoDB DEFAULT CHARSET=utf8;

-- ----------------------------
--  Table structure for `payroll_request_status`
-- ----------------------------
DROP TABLE IF EXISTS `payroll_request_status`;
CREATE TABLE `payroll_request_status` (
  `id` int(11) NOT NULL AUTO_INCREMENT,
  `name` varchar(20) DEFAULT NULL,
  `css_class` varchar(20) CHARACTER SET utf8 COLLATE utf8_unicode_ci DEFAULT NULL,
  `status` tinyint(4) DEFAULT NULL,
  PRIMARY KEY (`id`)
) ENGINE=InnoDB AUTO_INCREMENT=4 DEFAULT CHARSET=utf8;

-- ----------------------------
--  Records of `payroll_request_status`
-- ----------------------------
BEGIN;
INSERT INTO `payroll_request_status` VALUES ('1', 'Approved', 'label label-info', '1'), ('2', 'Requested', 'label label-primary', '1'), ('3', 'Preparing', 'label label-danger', '1');
COMMIT;

-- ----------------------------
--  Table structure for `payroll_status`
-- ----------------------------
DROP TABLE IF EXISTS `payroll_status`;
CREATE TABLE `payroll_status` (
  `id` int(11) NOT NULL AUTO_INCREMENT,
  `name` varchar(20) DEFAULT NULL,
  `css_class` varchar(20) CHARACTER SET utf8 COLLATE utf8_unicode_ci DEFAULT NULL,
  `status` tinyint(4) DEFAULT NULL,
  PRIMARY KEY (`id`)
) ENGINE=InnoDB AUTO_INCREMENT=5 DEFAULT CHARSET=utf8;

-- ----------------------------
--  Records of `payroll_status`
-- ----------------------------
BEGIN;
INSERT INTO `payroll_status` VALUES ('1', 'Approved', 'label label-info', '1'), ('2', 'Paid', 'label label-primary', '1'), ('3', 'Rejected', 'label label-danger', '1'), ('4', 'Waiting for Approval', 'label label-mint', '1');
COMMIT;

-- ----------------------------
--  Table structure for `payroll_type`
-- ----------------------------
DROP TABLE IF EXISTS `payroll_type`;
CREATE TABLE `payroll_type` (
  `id` int(11) NOT NULL AUTO_INCREMENT,
  `name` varchar(50) DEFAULT NULL,
  `status` tinyint(1) DEFAULT NULL,
  `updated_by` int(11) DEFAULT NULL,
  `updated_date` datetime DEFAULT NULL,
  `created_by` int(11) DEFAULT NULL,
  `created_date` datetime DEFAULT NULL,
  PRIMARY KEY (`id`)
) ENGINE=InnoDB AUTO_INCREMENT=5 DEFAULT CHARSET=utf8;

-- ----------------------------
--  Records of `payroll_type`
-- ----------------------------
BEGIN;
INSERT INTO `payroll_type` VALUES ('1', 'Basic Salary', '1', null, null, null, null), ('2', 'Overtime', '1', null, null, null, null), ('3', 'Allowance', '1', null, null, null, null), ('4', 'Deduct', '1', null, null, null, null);
COMMIT;

-- ----------------------------
--  Table structure for `permission_action`
-- ----------------------------
DROP TABLE IF EXISTS `permission_action`;
CREATE TABLE `permission_action` (
  `id` int(11) NOT NULL AUTO_INCREMENT,
  `user_type_id` int(11) DEFAULT NULL,
  `permission_menu_id` int(11) DEFAULT NULL,
  `is_show_menu` int(11) DEFAULT NULL,
  PRIMARY KEY (`id`)
) ENGINE=InnoDB AUTO_INCREMENT=920 DEFAULT CHARSET=utf8;

-- ----------------------------
--  Records of `permission_action`
-- ----------------------------
BEGIN;
INSERT INTO `permission_action` VALUES ('632', '1', '1', null), ('633', '1', '42', null), ('634', '1', '23', null), ('635', '1', '44', null), ('636', '1', '20', null), ('637', '1', '24', null), ('638', '1', '28', null), ('639', '1', '31', null), ('640', '1', '32', null), ('641', '1', '33', null), ('642', '1', '43', null), ('643', '1', '64', null), ('644', '1', '45', null), ('645', '1', '21', null), ('646', '1', '63', null), ('647', '1', '49', null), ('648', '1', '25', null), ('649', '1', '29', null), ('650', '1', '30', null), ('651', '1', '38', null), ('652', '1', '39', null), ('653', '1', '40', null), ('654', '1', '51', null), ('655', '1', '57', null), ('656', '1', '58', null), ('657', '1', '59', null), ('658', '1', '60', null), ('659', '1', '50', null), ('660', '1', '11', null), ('661', '1', '22', null), ('662', '1', '35', null), ('663', '1', '47', null), ('664', '1', '52', null), ('665', '1', '55', null), ('666', '1', '56', null), ('667', '1', '61', null), ('668', '1', '54', null), ('669', '1', '6', null), ('670', '1', '62', null), ('671', '1', '27', null), ('672', '1', '48', null), ('673', '1', '41', null), ('674', '1', '46', null), ('675', '1', '8', null), ('676', '1', '13', null), ('677', '1', '17', null), ('678', '1', '34', null), ('840', '2', '1', null), ('841', '2', '23', null), ('842', '2', '44', null), ('843', '2', '20', null), ('844', '2', '24', null), ('845', '2', '64', null), ('846', '2', '31', null), ('847', '2', '33', null), ('848', '2', '45', null), ('849', '2', '28', null), ('850', '2', '32', null), ('851', '2', '43', null), ('852', '2', '21', null), ('853', '2', '63', null), ('854', '2', '30', null), ('855', '2', '25', null), ('856', '2', '39', null), ('857', '2', '29', null), ('858', '2', '38', null), ('859', '2', '40', null), ('860', '2', '57', null), ('861', '2', '60', null), ('862', '2', '58', null), ('863', '2', '59', null), ('864', '2', '52', null), ('865', '2', '22', null), ('866', '2', '55', null), ('867', '2', '35', null), ('868', '2', '54', null), ('869', '2', '6', null), ('893', '3', '1', null), ('894', '3', '20', null), ('895', '3', '21', null), ('896', '3', '63', null), ('897', '3', '57', null), ('898', '3', '59', null), ('899', '3', '60', null), ('900', '3', '58', null), ('901', '3', '50', null), ('902', '3', '55', null), ('903', '3', '22', null), ('904', '3', '35', null), ('905', '3', '6', null), ('906', '4', '1', null), ('907', '4', '23', null), ('908', '4', '20', null), ('909', '4', '63', null), ('910', '4', '57', null), ('911', '4', '60', null), ('912', '4', '58', null), ('913', '4', '59', null), ('914', '4', '50', null), ('915', '4', '22', null), ('916', '4', '55', null), ('917', '4', '35', null), ('918', '4', '52', null), ('919', '4', '6', null);
COMMIT;

-- ----------------------------
--  Table structure for `permission_action_data`
-- ----------------------------
DROP TABLE IF EXISTS `permission_action_data`;
CREATE TABLE `permission_action_data` (
  `id` int(11) NOT NULL AUTO_INCREMENT,
  `id_permission_action` int(11) DEFAULT NULL,
  `allow_action` varchar(255) DEFAULT NULL,
  PRIMARY KEY (`id`)
) ENGINE=InnoDB AUTO_INCREMENT=61 DEFAULT CHARSET=utf8;

-- ----------------------------
--  Records of `permission_action_data`
-- ----------------------------
BEGIN;
INSERT INTO `permission_action_data` VALUES ('1', '1', 'index,detail,view,update'), ('2', '2', 'subscriber,subscriber-detail'), ('3', '3', 'index'), ('4', '4', 'index'), ('5', '5', 'index'), ('6', '6', 'index,subscriber'), ('7', '7', 'index'), ('8', '8', 'index'), ('9', '9', 'index'), ('10', '10', 'index'), ('11', '12', 'index'), ('12', '12', 'index'), ('13', '13', 'index'), ('14', '14', 'index'), ('15', '15', 'index'), ('16', '16', 'index'), ('17', '17', 'index'), ('18', '18', 'index'), ('19', '19', 'index'), ('20', '20', 'index,validation'), ('21', '21', 'index'), ('22', '22', 'index'), ('23', '23', 'index'), ('24', '24', 'index'), ('25', '25', 'index'), ('26', '26', 'index'), ('27', '27', 'index'), ('28', '28', 'index'), ('29', '29', 'index'), ('30', '30', 'index'), ('31', '31', 'index'), ('32', '32', 'index'), ('33', '33', 'index'), ('34', '34', 'index'), ('35', '35', 'index'), ('36', '36', 'index'), ('37', '37', 'index'), ('38', '38', 'index,update'), ('39', '39', 'index,update'), ('40', '40', 'index'), ('41', '41', 'index'), ('42', '42', 'index'), ('43', '43', 'index'), ('44', '44', 'index'), ('45', '45', 'index,profile'), ('46', '46', 'index'), ('47', '47', 'index'), ('48', '48', 'index'), ('49', '49', 'index'), ('50', '50', 'index'), ('51', '51', 'index'), ('52', '52', 'index'), ('53', '53', 'index'), ('54', '54', 'index'), ('55', '55', 'index'), ('56', '56', 'index'), ('57', '57', 'index'), ('58', '58', 'index'), ('59', '59', 'index'), ('60', '60', 'index');
COMMIT;

-- ----------------------------
--  Table structure for `permission_menu`
-- ----------------------------
DROP TABLE IF EXISTS `permission_menu`;
CREATE TABLE `permission_menu` (
  `id` int(11) NOT NULL AUTO_INCREMENT,
  `is_parent` tinyint(1) DEFAULT NULL,
  `parent_id` int(11) DEFAULT NULL,
  `menu_name` varchar(100) DEFAULT NULL,
  `menu_icon` varchar(50) DEFAULT NULL,
  `menu_url` varchar(255) DEFAULT NULL,
  `css_class` varchar(500) DEFAULT NULL,
  `status` tinyint(1) DEFAULT NULL,
  `contoller` varchar(255) DEFAULT NULL,
  `action` varchar(255) DEFAULT NULL,
  `extra_action` text,
  `sort` int(11) DEFAULT NULL,
  PRIMARY KEY (`id`)
) ENGINE=InnoDB AUTO_INCREMENT=65 DEFAULT CHARSET=utf8;

-- ----------------------------
--  Records of `permission_menu`
-- ----------------------------
BEGIN;
INSERT INTO `permission_menu` VALUES ('1', '1', '0', 'Dashboard', 'demo-pli-home', '/', 'index dashboard', '1', 'site', 'index', 'index,create,view,update,delete', '1'), ('2', '1', '0', 'Subscriber', 'fa fa-group', 'membership-profile/subscriber', 'membership-profile-subscriber membership-profile-subscriber membership-payment-subscriber membership-event-subscriber membership-document-subscriber', '0', 'membership-profile', 'subscriber', 'index,create,view,update,delete', null), ('3', '1', '0', 'Event', 'fa fa-calendar', 'event-list/index', 'event-list-index', '0', 'event-list', 'index', 'index,create,view,update,delete', null), ('4', '1', '0', 'Task', 'fa fa-tasks', 'membership-event/task', 'membership-event-task', '0', 'event-list', 'index', 'index,create,view,update,delete', null), ('5', '1', '0', 'Payment', 'demo-pli-coin', 'membership-payment/payment', 'membership-payment-payment', '0', 'membership-payment', 'payment', 'index,create,view,update,delete', null), ('6', '1', '0', 'Document', 'fa fa-file-text-o', 'document/index', 'document-index document-subscriber', '1', 'document', 'index', 'index,create,view,update,delete,,document,create-folder,dependent-folder,get-info,rename-folder,delete-folder,upload-document,upload,remove,download', '12'), ('7', '1', '0', 'User', 'demo-pli-male icon-fw', 'user/index', 'user-index', '0', 'user', 'index', 'index,create,view,update,delete', '0'), ('8', '1', '0', 'Setting', 'demo-pli-gear icon-lg icon-fw', '#', 'company-profile-index payment-status-index data-option-phone-country-code-index data-option-prefix-index marital-status-index country-index city-index payment-method-index', '1', null, null, 'index,create,view,update,delete', '15'), ('9', '0', '8', 'Payment Status', null, 'payment-status/index', 'payment-status-index', '0', 'payment-status', 'index', 'index,create,view,update,delete', '0'), ('10', '0', '8', 'Payment For', null, 'payment-for/index', 'payment-for-index', '0', 'payment-for', 'index', 'index,create,view,update,delete', '0'), ('11', '0', '50', 'Position', null, 'employee-position/index', 'employee-position-index', '1', 'employee-position', 'index', 'index,create,view,update,delete', '6'), ('12', '0', '8', 'Permission', null, 'permission/index', 'permission-index', '0', 'permission', 'index', 'index,create,view,update,delete', '0'), ('13', '0', '8', 'Prefix', null, 'data-option-prefix/index', 'data-option-prefix-index', '1', 'data-option-prefix', 'index', 'index,create,view,update,delete', '0'), ('14', '0', '8', 'Phone country code', null, 'data-option-phone-country-code/index', 'data-option-phone-country-code-index', '0', 'data-option-phone-country-code', 'index', 'index,create,view,update,delete', '0'), ('15', '0', '8', 'Marital Status', null, 'marital-status/index', 'marital-status-index', '0', 'marital-status', 'index', 'index,create,view,update,delete', '0'), ('16', '0', '8', 'Country', null, 'country/index', 'country-index', '0', 'country', 'index', 'index,create,view,update,delete', '0'), ('17', '0', '8', 'City', null, 'city/index', 'city-index', '1', 'city', 'index', 'index,create,view,update,delete', '0'), ('18', '0', '8', 'Payment Type', null, 'payment-type/index', 'payment-type-index', '0', 'payment-type', 'index', 'index,create,view,update,delete', '0'), ('19', '0', '8', 'Payment Method', null, 'payment-method/index', 'payment-method-index', '0', 'payment-method', 'index', 'index,create,view,update,delete', '0'), ('20', '1', '0', 'Projects', 'fa fa-cubes', 'project/index', 'project-index', '1', 'project', 'index', 'index,create,view,update,delete,overview,task,copy,timesheet,sale-invoice,sale-payment,sale-quotation,dependent-get-customer-info,sale-expense,document,create-folder,dependent-folder,get-info,rename-folder,delete-folder,upload-document,upload,remove,download,note', '5'), ('21', '1', '0', 'Tasks', 'fa fa-tasks', 'task/index', 'task-index', '1', 'task', 'index', 'index,create,view,update,delete,copy', '7'), ('22', '0', '50', 'Employee', '', 'employee-profile/index', 'employee-profile-index', '1', 'employee-profile', 'index', 'index,create,view,update,delete,profile,document,create-folder,dependent-folder,get-info,rename-folder,delete-folder,upload-document,upload,remove,download,get-department', '1'), ('23', '1', '0', 'Customer', 'fa fa-user-o', 'customer-profile/index', 'customer-profile-index', '1', 'customer-profile', 'index', 'index,create,view,update,delete,import-csv,download-sample-csv,profile,solution,document,create-folder,dependent-folder,get-info,rename-folder,delete-folder,upload-document,upload,remove,download', '3'), ('24', '1', '0', 'Sales', 'fa fa-balance-scale', '#', 'item-group-data-index quotation-index item-index item-group-index proposal-index contract-index contract-type-index', '1', 'sale', 'index', 'index,create,view,update,delete', '6'), ('25', '0', '49', 'Expense', 'fa fa-file-text-o', 'expense/index', 'expense-index', '1', 'expense', 'index', 'index,create,view,update,delete', '0'), ('27', '1', '0', 'Report', 'fa fa-area-chart', 'report/index', 'finance-chart-of-account-index index', '1', 'report', 'index', 'index,create,view,update,delete,report', '14'), ('28', '0', '24', 'Items', null, 'item/index', 'item-index', '1', 'item', 'index', 'index,create,view,update,delete', '5'), ('29', '0', '49', 'Invoices', null, 'customer-invoice/index', 'customer-invoice-index customer-invoice-view', '1', 'customer-invoice', 'index', 'index,create,view,update,delete,void,validation-payment', '0'), ('30', '0', '49', 'Payments', null, 'customer-payment/index', 'customer-payment-index customer-payment-view', '1', 'customer-payment', 'index', 'index,create,view,update,delete', '0'), ('31', '0', '24', 'Contracts', null, 'contract/index', 'contract-index', '1', 'contract', 'index', 'index,create,view,update,delete,detail,document,create-folder,dependent-folder,get-info,rename-folder,delete-folder,upload-document,upload,remove,download,overview', '3'), ('32', '0', '24', 'Item Group', null, 'item-group/index', 'item-group-index', '1', 'item-group', 'index', 'index,create,view,update,delete', '6'), ('33', '0', '24', 'Proposal', null, 'proposal/index', 'proposal-index', '1', 'proposal', 'index', 'index,create,view,update,delete,overview,note', '1'), ('34', '0', '8', 'Company Profile', null, 'company-profile/index', 'company-profile-index', '1', 'company-profile', 'index', 'index,create,view,update,delete', '0'), ('35', '1', '0', 'Knowledge Base', 'fa fa-file-text-o', 'knowledge-base/index', 'knowledge-base-index', '1', 'knowledge-base', 'index', 'index,create,view,update,delete,article', '9'), ('38', '0', '49', 'Account Type', null, 'account-type/index', 'account-type-index', '1', 'account-type', null, 'index,create,view,update,delete', '0'), ('39', '0', '49', 'Chart of Account', null, 'chart-account/index', 'chart-account-index', '1', 'chart-account', null, 'index,create,view,update,delete', '0'), ('40', '0', '49', 'Bank', null, 'bank/index', 'bank-index', '1', 'bank', null, 'index,create,view,update,delete', '0'), ('41', '0', '27', 'Chart of Account', null, 'finance-chart-of-account/index', 'finance-chart-of-account-index', '1', 'finance-chart-of-account', null, 'index,create,view,update,delete', '0'), ('42', '1', '0', 'Supplier', 'demo-pli-male-female', 'supplier-profile/index', 'supplier-profile-index', '1', 'supplier-profile', null, 'index,create,view,update,delete', '2'), ('43', '0', '24', 'Quotation', null, 'quotation/index', 'quotation-index', '1', 'quotation', 'index', 'index,create,view,update,delete,overview,pdf,dependent-get-customer-info,download', '2'), ('44', '1', '0', 'Lead', 'fa fa-tty', 'lead-profile/index', 'lead-profile-index', '1', 'lead-profile', 'index', 'index,create,view,update,delete,import-csv,download-sample-csv,profile,document,create-folder,dependent-folder,get-info,rename-folder,delete-folder,upload-document,upload,remove,download,convert-lead', '4'), ('45', '0', '24', 'Contract Type', null, 'contract-type/index', 'contract-type-index', '1', 'contract-type', 'index', 'index,create,view,update,delete', '4'), ('46', '0', '27', 'Sale Report', null, 'sale-report/invoice?smMenu=1', 'sale-report-invoice', '1', 'sale-report', 'invoice', 'index,create,view,update,delete,invoice,proposal,quotation', '0'), ('47', '0', '50', 'Department', null, 'department/index', 'department-index', '1', 'department', 'index', 'index,create,view,update,delete', '5'), ('48', '0', '27', 'Employee Report', null, 'employee-report/report?smMenu=1', 'employee-report-project', '1', 'employee-report', 'project', 'index,create,view,update,delete,report,tasks,project', null), ('49', '1', '0', 'Finance', 'fa fa-money', '#', 'account-type-index chart-account-index bank-index payroll-index customer-invoice-index customer-invoice-view  customer-payment-index customer-payment-view expense-index', '1', ' ', null, 'index,create,view,update,delete', '10'), ('50', '1', '0', 'Human Resource', 'demo-pli-address-book', '#', 'department-index employee-position-index leave-in-the-year-index leave-application-index payroll-request-index payroll-type-index cash-advance-request-index employee-profile-index ', '1', 'hr', 'index', 'index,create,view,update,delete', '10'), ('51', '0', '49', 'Payroll', null, 'payroll/index', 'payroll-index', '1', 'payroll', 'index', 'index,create,view,update,delete', '3'), ('52', '0', '50', 'Cash Advance Request', null, 'cash-advance-request/index', 'cash-advance-request-index', '1', 'cash-advance-request', 'index', 'index,create,view,update,delete', '4'), ('53', '0', '50', 'Payroll Type', null, 'payroll-type/index', 'payroll-type-index', '0', 'payroll-type', 'index', 'index,create,view,update,delete', '0'), ('54', '1', '0', 'Budget Setup', 'demo-pli-coin', 'budget-set-up/index', 'budget-set-up-index', '1', 'budget-set-up', 'index', 'index,create,view,update,delete', '11'), ('55', '0', '50', 'Leave Application', null, 'leave-application/index', 'leave-application-index', '1', 'leave-application', 'index', 'index,create,view,update,delete', '2'), ('56', '0', '50', 'Payroll Request', null, 'payroll-request/index', 'payroll-request-index', '1', 'payroll-request', 'index', 'index,create,view,update,delete', '6'), ('57', '1', '0', 'K.P.I', 'demo-pli-tactic', 'standard-operation/index', 'standard-operation-index standard-operation-step-index sop-goal-setup-index', '1', 'standard-operation', 'index', 'index,create,view,update,delete,form-view', '9'), ('58', '0', '57', 'Set Up', null, 'standard-operation-step/index', 'standard-operation-step-index', '1', 'standard-operation-step', 'index', 'index,create,view,update,delete', '0'), ('59', '0', '57', 'K.P.I', '', 'sop-goal-setup/index', 'sop-goal-setup-index', '1', 'sop-goal-setup', 'index', 'index,create,view,update,delete', '0'), ('60', '0', '57', 'Milestone', '', 'standard-operation/index', 'standard-operation-index', '1', 'standard-operation', 'index', 'index,create,view,update,delete', '0'), ('61', '0', '50', 'Leave Setup', null, 'leave-in-the-year/index', 'leave-in-the-year-index', '0', 'leave-in-the-year', 'index', 'index,create,view,update,delete', '0'), ('62', '1', '0', 'User Type & Roles', 'demo-pli-computer-secure', 'user-type/index', 'user-type-index user-type-roles user-type-update', '1', 'user-type', 'index', 'index,create,view,update,delete,roles', '13'), ('63', '1', '0', 'S.O.P', 'demo-pli-receipt-4', 'standard-operation-procedure-set-up/index', 'standard-operation-procedure-set-up-index', '1', 'standard-operation-procedure-set-up', 'index', 'index,create,view,update,delete,sop-setup,,document,create-folder,dependent-folder,get-info,rename-folder,delete-folder,upload-document,upload,remove,download', '8'), ('64', '0', '24', 'Item Group Data', null, 'item-group-data/index', 'item-group-data-index', '1', 'item-group-data', 'index', 'index,create,view,update,delete,item', '7');
COMMIT;

-- ----------------------------
--  Table structure for `permission_menu_live`
-- ----------------------------
DROP TABLE IF EXISTS `permission_menu_live`;
CREATE TABLE `permission_menu_live` (
  `id` int(11) NOT NULL AUTO_INCREMENT,
  `is_parent` tinyint(1) DEFAULT NULL,
  `parent_id` int(11) DEFAULT NULL,
  `menu_name` varchar(100) DEFAULT NULL,
  `menu_icon` varchar(50) DEFAULT NULL,
  `menu_url` varchar(255) DEFAULT NULL,
  `css_class` varchar(500) DEFAULT NULL,
  `status` tinyint(1) DEFAULT NULL,
  `contoller` varchar(255) DEFAULT NULL,
  `action` varchar(255) DEFAULT NULL,
  `extra_action` text,
  `sort` int(11) DEFAULT NULL,
  PRIMARY KEY (`id`)
) ENGINE=InnoDB AUTO_INCREMENT=65 DEFAULT CHARSET=utf8;

-- ----------------------------
--  Records of `permission_menu_live`
-- ----------------------------
BEGIN;
INSERT INTO `permission_menu_live` VALUES ('1', '1', '0', 'Dashboard', 'demo-pli-home', '/', 'index dashboard', '1', 'site', 'index', 'index,create,view,update,delete', '1'), ('2', '1', '0', 'Subscriber', 'fa fa-group', 'membership-profile/subscriber', 'membership-profile-subscriber membership-profile-subscriber membership-payment-subscriber membership-event-subscriber membership-document-subscriber', '0', 'membership-profile', 'subscriber', 'index,create,view,update,delete', null), ('3', '1', '0', 'Event', 'fa fa-calendar', 'event-list/index', 'event-list-index', '0', 'event-list', 'index', 'index,create,view,update,delete', null), ('4', '1', '0', 'Task', 'fa fa-tasks', 'membership-event/task', 'membership-event-task', '0', 'event-list', 'index', 'index,create,view,update,delete', null), ('5', '1', '0', 'Payment', 'demo-pli-coin', 'membership-payment/payment', 'membership-payment-payment', '0', 'membership-payment', 'payment', 'index,create,view,update,delete', null), ('6', '1', '0', 'Document', 'fa fa-file-text-o', 'document/index', 'document-index document-subscriber', '1', 'document', 'index', 'index,create,view,update,delete,,document,create-folder,dependent-folder,get-info,rename-folder,delete-folder,upload-document,upload,remove,download', '12'), ('7', '1', '0', 'User', 'demo-pli-male icon-fw', 'user/index', 'user-index', '0', 'user', 'index', 'index,create,view,update,delete', '0'), ('8', '1', '0', 'Setting', 'demo-pli-gear icon-lg icon-fw', '#', 'company-profile-index payment-status-index data-option-phone-country-code-index data-option-prefix-index marital-status-index country-index city-index payment-method-index', '1', null, null, 'index,create,view,update,delete', '15'), ('9', '0', '8', 'Payment Status', null, 'payment-status/index', 'payment-status-index', '0', 'payment-status', 'index', 'index,create,view,update,delete', '0'), ('10', '0', '8', 'Payment For', null, 'payment-for/index', 'payment-for-index', '0', 'payment-for', 'index', 'index,create,view,update,delete', '0'), ('11', '0', '50', 'Position', null, 'employee-position/index', 'employee-position-index', '1', 'employee-position', 'index', 'index,create,view,update,delete', '0'), ('12', '0', '8', 'Permission', null, 'permission/index', 'permission-index', '0', 'permission', 'index', 'index,create,view,update,delete', '0'), ('13', '0', '8', 'Prefix', null, 'data-option-prefix/index', 'data-option-prefix-index', '1', 'data-option-prefix', 'index', 'index,create,view,update,delete', '0'), ('14', '0', '8', 'Phone country code', null, 'data-option-phone-country-code/index', 'data-option-phone-country-code-index', '0', 'data-option-phone-country-code', 'index', 'index,create,view,update,delete', '0'), ('15', '0', '8', 'Marital Status', null, 'marital-status/index', 'marital-status-index', '0', 'marital-status', 'index', 'index,create,view,update,delete', '0'), ('16', '0', '8', 'Country', null, 'country/index', 'country-index', '0', 'country', 'index', 'index,create,view,update,delete', '0'), ('17', '0', '8', 'City', null, 'city/index', 'city-index', '1', 'city', 'index', 'index,create,view,update,delete', '0'), ('18', '0', '8', 'Payment Type', null, 'payment-type/index', 'payment-type-index', '0', 'payment-type', 'index', 'index,create,view,update,delete', '0'), ('19', '0', '8', 'Payment Method', null, 'payment-method/index', 'payment-method-index', '0', 'payment-method', 'index', 'index,create,view,update,delete', '0'), ('20', '1', '0', 'Projects', 'fa fa-cubes', 'project/index', 'project-index', '1', 'project', 'index', 'index,create,view,update,delete,overview,task,copy,timesheet,sale-invoice,sale-payment,sale-quotation,dependent-get-customer-info,sale-expense,document,create-folder,dependent-folder,get-info,rename-folder,delete-folder,upload-document,upload,remove,download,note', '5'), ('21', '1', '0', 'Tasks', 'fa fa-tasks', 'task/index', 'task-index', '1', 'task', 'index', 'index,create,view,update,delete,copy', '7'), ('22', '0', '50', 'Employee', '', 'employee-profile/index', 'employee-profile-index', '1', 'employee-profile', 'index', 'index,create,view,update,delete,profile,document,create-folder,dependent-folder,get-info,rename-folder,delete-folder,upload-document,upload,remove,download,get-department', '0'), ('23', '1', '0', 'Customer', 'fa fa-user-o', 'customer-profile/index', 'customer-profile-index', '1', 'customer-profile', 'index', 'index,create,view,update,delete,import-csv,download-sample-csv,profile,solution,document,create-folder,dependent-folder,get-info,rename-folder,delete-folder,upload-document,upload,remove,download', '3'), ('24', '1', '0', 'Sales', 'fa fa-balance-scale', '#', 'item-group-data-index quotation-index item-index item-group-index proposal-index contract-index contract-type-index', '1', 'sale', 'index', 'index,create,view,update,delete', '6'), ('25', '0', '49', 'Expense', 'fa fa-file-text-o', 'expense/index', 'expense-index', '1', 'expense', 'index', 'index,create,view,update,delete', '0'), ('27', '1', '0', 'Report', 'fa fa-area-chart', 'report/index', 'finance-chart-of-account-index index', '1', 'report', 'index', 'index,create,view,update,delete,report', '14'), ('28', '0', '24', 'Items', null, 'item/index', 'item-index', '1', 'item', 'index', 'index,create,view,update,delete', '0'), ('29', '0', '49', 'Invoices', null, 'customer-invoice/index', 'customer-invoice-index customer-invoice-view', '1', 'customer-invoice', 'index', 'index,create,view,update,delete,void,validation-payment', '0'), ('30', '0', '49', 'Payments', null, 'customer-payment/index', 'customer-payment-index customer-payment-view', '1', 'customer-payment', 'index', 'index,create,view,update,delete', '0'), ('31', '0', '24', 'Contracts', null, 'contract/index', 'contract-index', '1', 'contract', 'index', 'index,create,view,update,delete,detail,document,create-folder,dependent-folder,get-info,rename-folder,delete-folder,upload-document,upload,remove,download', '0'), ('32', '0', '24', 'Item Group', null, 'item-group/index', 'item-group-index', '1', 'item-group', 'index', 'index,create,view,update,delete', '0'), ('33', '0', '24', 'Proposal', null, 'proposal/index', 'proposal-index', '1', 'proposal', 'index', 'index,create,view,update,delete,overview,note', '0'), ('34', '0', '8', 'Company Profile', null, 'company-profile/index', 'company-profile-index', '1', 'company-profile', 'index', 'index,create,view,update,delete', '0'), ('35', '0', '50', 'Knowledge Base', 'fa fa-file-text-o', 'knowledge-base/index', 'knowledge-base-index', '1', 'knowledge-base', 'index', 'index,create,view,update,delete,article', '0'), ('38', '0', '49', 'Account Type', null, 'account-type/index', 'account-type-index', '1', 'account-type', null, 'index,create,view,update,delete', '0'), ('39', '0', '49', 'Chart of Account', null, 'chart-account/index', 'chart-account-index', '1', 'chart-account', null, 'index,create,view,update,delete', '0'), ('40', '0', '49', 'Bank', null, 'bank/index', 'bank-index', '1', 'bank', null, 'index,create,view,update,delete', '0'), ('41', '0', '27', 'Chart of Account', null, 'finance-chart-of-account/index', 'finance-chart-of-account-index', '1', 'finance-chart-of-account', null, 'index,create,view,update,delete', '0'), ('42', '1', '0', 'Supplier', 'demo-pli-male-female', 'supplier-profile/index', 'supplier-profile-index', '1', 'supplier-profile', null, 'index,create,view,update,delete', '2'), ('43', '0', '24', 'Quotation', null, 'quotation/index', 'quotation-index', '1', 'quotation', 'index', 'index,create,view,update,delete,overview,pdf,dependent-get-customer-info,download', '0'), ('44', '1', '0', 'Lead', 'fa fa-tty', 'lead-profile/index', 'lead-profile-index', '1', 'lead-profile', 'index', 'index,create,view,update,delete,import-csv,download-sample-csv,profile,document,create-folder,dependent-folder,get-info,rename-folder,delete-folder,upload-document,upload,remove,download,convert-lead', '4'), ('45', '0', '24', 'Contract Type', null, 'contract-type/index', 'contract-type-index', '1', 'contract-type', 'index', 'index,create,view,update,delete', '0'), ('46', '0', '27', 'Sale Report', null, 'sale-report/invoice?smMenu=1', 'sale-report-invoice', '1', 'sale-report', 'invoice', 'index,create,view,update,delete,invoice,proposal,quotation', '0'), ('47', '0', '50', 'Department', null, 'department/index', 'department-index', '1', 'department', 'index', 'index,create,view,update,delete', '0'), ('48', '0', '27', 'Employee Report', null, 'employee-report/report?smMenu=1', 'employee-report-project', '1', 'employee-report', 'project', 'index,create,view,update,delete,report,tasks,project', null), ('49', '1', '0', 'Finance', 'fa fa-money', '#', 'account-type-index chart-account-index bank-index payroll-index customer-invoice-index customer-invoice-view  customer-payment-index customer-payment-view expense-index', '1', ' ', null, 'index,create,view,update,delete', '8'), ('50', '1', '0', 'Human Resource', 'demo-pli-address-book', '#', 'department-index employee-position-index leave-in-the-year-index leave-application-index payroll-request-index payroll-type-index cash-advance-request-index employee-profile-index knowledge-base-index', '1', 'hr', 'index', 'index,create,view,update,delete', '10'), ('51', '0', '49', 'Payroll', null, 'payroll/index', 'payroll-index', '1', 'payroll', 'index', 'index,create,view,update,delete', '0'), ('52', '0', '50', 'Cash Advance Request', null, 'cash-advance-request/index', 'cash-advance-request-index', '1', 'cash-advance-request', 'index', 'index,create,view,update,delete', '0'), ('53', '0', '50', 'Payroll Type', null, 'payroll-type/index', 'payroll-type-index', '0', 'payroll-type', 'index', 'index,create,view,update,delete', '0'), ('54', '1', '0', 'Budget Setup', 'demo-pli-coin', 'budget-set-up/index', 'budget-set-up-index', '1', 'budget-set-up', 'index', 'index,create,view,update,delete', '11'), ('55', '0', '50', 'Leave Application', null, 'leave-application/index', 'leave-application-index', '1', 'leave-application', 'index', 'index,create,view,update,delete', '0'), ('56', '0', '50', 'Payroll Request', null, 'payroll-request/index', 'payroll-request-index', '1', 'payroll-request', 'index', 'index,create,view,update,delete', '0'), ('57', '1', '0', 'K.P.I', 'demo-pli-tactic', 'standard-operation/index', 'standard-operation-index standard-operation-step-index sop-goal-setup-index', '1', 'standard-operation', 'index', 'index,create,view,update,delete,form-view', '9'), ('58', '0', '57', 'Set Up', null, 'standard-operation-step/index', 'standard-operation-step-index', '1', 'standard-operation-step', 'index', 'index,create,view,update,delete', '0'), ('59', '0', '57', 'K.P.I', '', 'sop-goal-setup/index', 'sop-goal-setup-index', '1', 'sop-goal-setup', 'index', 'index,create,view,update,delete', '0'), ('60', '0', '57', 'Milestone', '', 'standard-operation/index', 'standard-operation-index', '1', 'standard-operation', 'index', 'index,create,view,update,delete,update-step-sop', '0'), ('61', '0', '50', 'Leave Setup', null, 'leave-in-the-year/index', 'leave-in-the-year-index', '0', 'leave-in-the-year', 'index', 'index,create,view,update,delete', '0'), ('62', '1', '0', 'User Type & Roles', 'demo-pli-computer-secure', 'user-type/index', 'user-type-index user-type-roles user-type-update', '1', 'user-type', 'index', 'index,create,view,update,delete,roles', '13'), ('63', '1', '0', 'S.O.P', 'demo-pli-receipt-4', 'standard-operation-procedure-set-up/index', 'standard-operation-procedure-set-up-index', '1', 'standard-operation-procedure-set-up', 'index', 'index,create,view,update,delete,sop-setup,,document,create-folder,dependent-folder,get-info,rename-folder,delete-folder,upload-document,upload,remove,download', '8'), ('64', '0', '24', 'Item Group Data', null, 'item-group-data/index', 'item-group-data-index', '1', 'item-group-data', 'index', 'index,create,view,update,delete,item', '0');
COMMIT;

-- ----------------------------
--  Table structure for `priority`
-- ----------------------------
DROP TABLE IF EXISTS `priority`;
CREATE TABLE `priority` (
  `id` int(11) NOT NULL AUTO_INCREMENT,
  `name` varchar(255) DEFAULT NULL,
  `css_class` varchar(50) DEFAULT NULL,
  PRIMARY KEY (`id`)
) ENGINE=InnoDB AUTO_INCREMENT=5 DEFAULT CHARSET=utf8;

-- ----------------------------
--  Records of `priority`
-- ----------------------------
BEGIN;
INSERT INTO `priority` VALUES ('1', 'Low', 'label-primary'), ('2', 'Medium', 'label-info'), ('3', 'High', 'label-warning'), ('4', 'Urgent', 'label-danger');
COMMIT;

-- ----------------------------
--  Table structure for `project`
-- ----------------------------
DROP TABLE IF EXISTS `project`;
CREATE TABLE `project` (
  `id` int(11) NOT NULL AUTO_INCREMENT,
  `project_name` varchar(255) DEFAULT NULL,
  `id_customer` int(11) DEFAULT NULL,
  `is_calculate` tinyint(4) DEFAULT NULL,
  `project_progress` decimal(10,2) DEFAULT NULL,
  `id_billing_type` tinyint(1) DEFAULT NULL,
  `rate` decimal(10,2) DEFAULT NULL,
  `estimated_hour` decimal(10,2) DEFAULT NULL,
  `start_date` date DEFAULT NULL,
  `due_date` date DEFAULT NULL,
  `deadline` date DEFAULT NULL,
  `id_priority` int(11) DEFAULT NULL,
  `description` text,
  `cut_off_day` int(11) DEFAULT NULL,
  `note` text,
  `is_pin` tinyint(1) DEFAULT NULL,
  `status` tinyint(1) DEFAULT NULL,
  `updated_by` int(11) DEFAULT NULL,
  `updated_date` datetime DEFAULT NULL,
  `created_by` int(11) DEFAULT NULL,
  `created_date` datetime DEFAULT NULL,
  PRIMARY KEY (`id`)
) ENGINE=InnoDB AUTO_INCREMENT=3 DEFAULT CHARSET=utf8;

-- ----------------------------
--  Records of `project`
-- ----------------------------
BEGIN;
INSERT INTO `project` VALUES ('1', 'Rithyma | Premium Website', '287', '1', null, null, null, null, '2019-09-04', '2019-09-18', '2019-09-25', '3', '', '3', null, '0', '2', '23', '2019-09-04 11:55:55', '1', '2019-09-04 10:30:12'), ('2', 'EOH | Premium Website', '98', '1', null, null, null, null, '2019-09-03', '2019-09-17', '2019-09-24', '3', '', '3', null, '0', '2', '23', '2019-09-04 13:28:12', '23', '2019-09-04 11:59:43');
COMMIT;

-- ----------------------------
--  Table structure for `project_member`
-- ----------------------------
DROP TABLE IF EXISTS `project_member`;
CREATE TABLE `project_member` (
  `id` int(11) NOT NULL AUTO_INCREMENT,
  `id_project` int(11) DEFAULT NULL,
  `id_employee` int(11) DEFAULT NULL,
  PRIMARY KEY (`id`)
) ENGINE=InnoDB AUTO_INCREMENT=11 DEFAULT CHARSET=utf8;

-- ----------------------------
--  Records of `project_member`
-- ----------------------------
BEGIN;
INSERT INTO `project_member` VALUES ('7', '1', '16'), ('10', '2', '12');
COMMIT;

-- ----------------------------
--  Table structure for `project_note`
-- ----------------------------
DROP TABLE IF EXISTS `project_note`;
CREATE TABLE `project_note` (
  `id` int(11) NOT NULL AUTO_INCREMENT,
  `id_project` int(11) DEFAULT NULL,
  `id_user` int(11) DEFAULT NULL,
  `note` text,
  PRIMARY KEY (`id`)
) ENGINE=InnoDB DEFAULT CHARSET=utf8;

-- ----------------------------
--  Table structure for `project_status`
-- ----------------------------
DROP TABLE IF EXISTS `project_status`;
CREATE TABLE `project_status` (
  `id` int(11) NOT NULL AUTO_INCREMENT,
  `name` varchar(255) DEFAULT NULL,
  `css_class` varchar(50) DEFAULT NULL,
  PRIMARY KEY (`id`)
) ENGINE=InnoDB AUTO_INCREMENT=6 DEFAULT CHARSET=utf8 ROW_FORMAT=COMPACT;

-- ----------------------------
--  Records of `project_status`
-- ----------------------------
BEGIN;
INSERT INTO `project_status` VALUES ('1', 'Not Started', 'label-mint'), ('2', 'In Progress', 'label-success'), ('3', 'On Hold', 'label-warning'), ('4', 'Cancelled', 'label-danger'), ('5', 'Finished', 'label-info');
COMMIT;

-- ----------------------------
--  Table structure for `project_tag`
-- ----------------------------
DROP TABLE IF EXISTS `project_tag`;
CREATE TABLE `project_tag` (
  `id` int(11) NOT NULL AUTO_INCREMENT,
  `id_project` int(11) DEFAULT NULL,
  `id_tag` varchar(50) DEFAULT NULL,
  PRIMARY KEY (`id`)
) ENGINE=InnoDB AUTO_INCREMENT=8 DEFAULT CHARSET=utf8 ROW_FORMAT=COMPACT;

-- ----------------------------
--  Records of `project_tag`
-- ----------------------------
BEGIN;
INSERT INTO `project_tag` VALUES ('3', '1', 'website'), ('7', '2', 'website');
COMMIT;

-- ----------------------------
--  Table structure for `project_timesheet`
-- ----------------------------
DROP TABLE IF EXISTS `project_timesheet`;
CREATE TABLE `project_timesheet` (
  `id` int(11) NOT NULL AUTO_INCREMENT,
  `start_date` date DEFAULT NULL,
  `start_time` varchar(20) DEFAULT NULL,
  `end_date` date DEFAULT NULL,
  `end_time` varchar(20) DEFAULT NULL,
  `id_project` int(11) DEFAULT NULL,
  `id_task` int(11) DEFAULT NULL,
  `id_employee` int(11) DEFAULT NULL,
  `note` varchar(255) DEFAULT NULL,
  `description` text,
  `status` tinyint(1) DEFAULT NULL,
  `updated_by` int(11) DEFAULT NULL,
  `updated_date` datetime DEFAULT NULL,
  `created_by` int(11) DEFAULT NULL,
  `created_date` datetime DEFAULT NULL,
  PRIMARY KEY (`id`)
) ENGINE=InnoDB DEFAULT CHARSET=utf8;

-- ----------------------------
--  Table structure for `project_timesheet_description`
-- ----------------------------
DROP TABLE IF EXISTS `project_timesheet_description`;
CREATE TABLE `project_timesheet_description` (
  `id` int(11) NOT NULL AUTO_INCREMENT,
  `id_project_timesheet` int(11) DEFAULT NULL,
  `description` varchar(500) DEFAULT NULL,
  PRIMARY KEY (`id`)
) ENGINE=InnoDB DEFAULT CHARSET=utf8;

-- ----------------------------
--  Table structure for `project_timesheet_member`
-- ----------------------------
DROP TABLE IF EXISTS `project_timesheet_member`;
CREATE TABLE `project_timesheet_member` (
  `id` int(11) NOT NULL AUTO_INCREMENT,
  `id_project_timesheet` int(11) DEFAULT NULL,
  `id_employee` int(11) DEFAULT NULL,
  PRIMARY KEY (`id`)
) ENGINE=InnoDB DEFAULT CHARSET=utf8 ROW_FORMAT=COMPACT;

-- ----------------------------
--  Table structure for `project_timesheet_tag`
-- ----------------------------
DROP TABLE IF EXISTS `project_timesheet_tag`;
CREATE TABLE `project_timesheet_tag` (
  `id` int(11) NOT NULL AUTO_INCREMENT,
  `id_project_timesheet` int(11) DEFAULT NULL,
  `id_tag` varchar(50) DEFAULT NULL,
  PRIMARY KEY (`id`)
) ENGINE=InnoDB DEFAULT CHARSET=utf8;

-- ----------------------------
--  Table structure for `proposal`
-- ----------------------------
DROP TABLE IF EXISTS `proposal`;
CREATE TABLE `proposal` (
  `id` int(11) NOT NULL AUTO_INCREMENT,
  `name` varchar(255) COLLATE utf8_unicode_ci DEFAULT NULL,
  `related_id` int(11) DEFAULT NULL COMMENT '1= lead 2 = customer',
  `date` date DEFAULT NULL,
  `open_till` date DEFAULT NULL,
  `currency` int(11) DEFAULT NULL,
  `discount_type` int(11) DEFAULT NULL,
  `allow_comment` tinyint(11) DEFAULT NULL,
  `status` int(11) DEFAULT NULL,
  `assigned` int(11) DEFAULT NULL,
  `to` varchar(255) COLLATE utf8_unicode_ci DEFAULT NULL,
  `address` varchar(255) COLLATE utf8_unicode_ci DEFAULT NULL,
  `city` varchar(255) COLLATE utf8_unicode_ci DEFAULT NULL,
  `country` varchar(255) COLLATE utf8_unicode_ci DEFAULT NULL,
  `zip_code` varchar(255) COLLATE utf8_unicode_ci DEFAULT NULL,
  `email` varchar(255) COLLATE utf8_unicode_ci DEFAULT NULL,
  `phone` varchar(255) COLLATE utf8_unicode_ci DEFAULT NULL,
  `code` varchar(255) COLLATE utf8_unicode_ci DEFAULT NULL,
  `total` decimal(10,2) DEFAULT NULL,
  `created_date` datetime DEFAULT NULL,
  `created_by` int(11) DEFAULT NULL,
  `updated_date` datetime DEFAULT NULL,
  `updated_by` int(11) DEFAULT NULL,
  `id_lead_customer` int(11) DEFAULT NULL,
  `id_discount` int(11) DEFAULT NULL,
  `discount_value` decimal(10,2) DEFAULT NULL,
  `discount_amount` decimal(10,2) DEFAULT NULL,
  `id_tax` int(11) DEFAULT NULL,
  `is_tax` tinyint(1) DEFAULT NULL,
  `tax_amount` decimal(10,2) DEFAULT NULL,
  `sub_total` decimal(10,2) DEFAULT NULL,
  `grand_total` decimal(10,2) DEFAULT NULL,
  `id_project` int(11) DEFAULT NULL,
  PRIMARY KEY (`id`)
) ENGINE=InnoDB DEFAULT CHARSET=utf8 COLLATE=utf8_unicode_ci;

-- ----------------------------
--  Table structure for `proposal_data`
-- ----------------------------
DROP TABLE IF EXISTS `proposal_data`;
CREATE TABLE `proposal_data` (
  `id` int(11) NOT NULL AUTO_INCREMENT,
  `id_proposal` int(11) DEFAULT NULL,
  `id_item` int(11) DEFAULT NULL,
  `item_name` varchar(255) DEFAULT NULL,
  `description` longtext,
  `qty` int(11) DEFAULT NULL,
  `rate` decimal(10,2) DEFAULT NULL,
  `discount_type` int(11) DEFAULT NULL,
  `discount_amount` decimal(10,2) DEFAULT NULL,
  `amount` decimal(10,2) DEFAULT NULL,
  PRIMARY KEY (`id`)
) ENGINE=InnoDB AUTO_INCREMENT=7 DEFAULT CHARSET=utf8;

-- ----------------------------
--  Records of `proposal_data`
-- ----------------------------
BEGIN;
INSERT INTO `proposal_data` VALUES ('4', '1', '1', 'Premium Website (Standard)', '', '1', '1000.00', '1', '0.00', '1000.00'), ('5', '2', '1', 'Premium Website (Standard)', '', '1', '1000.00', '1', '0.00', '1000.00'), ('6', '3', '6', 'Premium Website (Professional)', '', '1', '2000.00', '1', '0.00', '2000.00');
COMMIT;

-- ----------------------------
--  Table structure for `proposal_note`
-- ----------------------------
DROP TABLE IF EXISTS `proposal_note`;
CREATE TABLE `proposal_note` (
  `id` int(11) NOT NULL AUTO_INCREMENT,
  `id_proposal` int(11) DEFAULT NULL,
  `id_user` int(11) DEFAULT NULL,
  `note` text,
  PRIMARY KEY (`id`)
) ENGINE=InnoDB DEFAULT CHARSET=utf8;

-- ----------------------------
--  Table structure for `proposal_related_to`
-- ----------------------------
DROP TABLE IF EXISTS `proposal_related_to`;
CREATE TABLE `proposal_related_to` (
  `id` int(11) NOT NULL AUTO_INCREMENT,
  `name` varchar(255) COLLATE utf8_unicode_ci DEFAULT NULL,
  `status` tinyint(11) DEFAULT NULL,
  PRIMARY KEY (`id`)
) ENGINE=InnoDB AUTO_INCREMENT=3 DEFAULT CHARSET=utf8 COLLATE=utf8_unicode_ci;

-- ----------------------------
--  Records of `proposal_related_to`
-- ----------------------------
BEGIN;
INSERT INTO `proposal_related_to` VALUES ('1', 'Customer', '1'), ('2', 'Lead', '1');
COMMIT;

-- ----------------------------
--  Table structure for `proposal_status`
-- ----------------------------
DROP TABLE IF EXISTS `proposal_status`;
CREATE TABLE `proposal_status` (
  `id` int(11) NOT NULL AUTO_INCREMENT,
  `name` varchar(255) DEFAULT NULL,
  `css_class` varchar(50) DEFAULT NULL,
  PRIMARY KEY (`id`)
) ENGINE=InnoDB AUTO_INCREMENT=7 DEFAULT CHARSET=utf8 ROW_FORMAT=COMPACT;

-- ----------------------------
--  Records of `proposal_status`
-- ----------------------------
BEGIN;
INSERT INTO `proposal_status` VALUES ('1', 'Draft', 'label-default'), ('2', 'Sent', 'label-success'), ('3', 'Open', 'label-warning'), ('4', 'Revised', 'label-info'), ('5', 'Declined', 'label-danger'), ('6', 'Accepted', 'label-purple');
COMMIT;

-- ----------------------------
--  Table structure for `quotation`
-- ----------------------------
DROP TABLE IF EXISTS `quotation`;
CREATE TABLE `quotation` (
  `id` int(11) NOT NULL AUTO_INCREMENT,
  `name` varchar(255) COLLATE utf8_unicode_ci DEFAULT NULL,
  `id_customer` int(11) DEFAULT NULL COMMENT '1= lead 2 = customer',
  `date` date DEFAULT NULL,
  `open_till` date DEFAULT NULL,
  `currency` int(11) DEFAULT NULL,
  `discount_type` int(11) DEFAULT NULL,
  `allow_comment` tinyint(11) DEFAULT NULL,
  `status` int(11) DEFAULT NULL,
  `assigned` int(11) DEFAULT NULL,
  `to` varchar(255) COLLATE utf8_unicode_ci DEFAULT NULL,
  `address` varchar(255) COLLATE utf8_unicode_ci DEFAULT NULL,
  `city` varchar(255) COLLATE utf8_unicode_ci DEFAULT NULL,
  `country` varchar(255) COLLATE utf8_unicode_ci DEFAULT NULL,
  `zip_code` varchar(255) COLLATE utf8_unicode_ci DEFAULT NULL,
  `email` varchar(255) COLLATE utf8_unicode_ci DEFAULT NULL,
  `phone` varchar(255) COLLATE utf8_unicode_ci DEFAULT NULL,
  `code` varchar(255) COLLATE utf8_unicode_ci DEFAULT NULL,
  `total` decimal(10,2) DEFAULT NULL,
  `created_date` datetime DEFAULT NULL,
  `created_by` int(11) DEFAULT NULL,
  `updated_date` datetime DEFAULT NULL,
  `updated_by` int(11) DEFAULT NULL,
  `id_discount` int(11) DEFAULT NULL,
  `discount_value` decimal(10,2) DEFAULT NULL,
  `discount_amount` decimal(10,2) DEFAULT NULL,
  `id_tax` int(11) DEFAULT NULL,
  `is_tax` tinyint(1) DEFAULT NULL,
  `tax_amount` decimal(10,2) DEFAULT NULL,
  `sub_total` decimal(10,2) DEFAULT NULL,
  `is_converted_from_proposal` tinyint(1) DEFAULT NULL,
  `grand_total` decimal(10,2) DEFAULT NULL,
  `id_project` int(11) DEFAULT NULL,
  `close_sale_date` date DEFAULT NULL,
  PRIMARY KEY (`id`)
) ENGINE=InnoDB DEFAULT CHARSET=utf8 COLLATE=utf8_unicode_ci;

-- ----------------------------
--  Table structure for `quotation_data`
-- ----------------------------
DROP TABLE IF EXISTS `quotation_data`;
CREATE TABLE `quotation_data` (
  `id` int(11) NOT NULL AUTO_INCREMENT,
  `id_quotation` int(11) DEFAULT NULL,
  `id_item` int(11) DEFAULT NULL,
  `item_name` varchar(255) DEFAULT NULL,
  `description` longtext,
  `qty` int(11) DEFAULT NULL,
  `rate` decimal(10,2) DEFAULT NULL,
  `discount_type` int(11) DEFAULT NULL,
  `discount_amount` decimal(10,2) DEFAULT NULL,
  `amount` decimal(10,2) DEFAULT NULL,
  PRIMARY KEY (`id`)
) ENGINE=InnoDB DEFAULT CHARSET=utf8;

-- ----------------------------
--  Table structure for `quotation_status`
-- ----------------------------
DROP TABLE IF EXISTS `quotation_status`;
CREATE TABLE `quotation_status` (
  `id` int(11) NOT NULL AUTO_INCREMENT,
  `name` varchar(255) DEFAULT NULL,
  `css_class` varchar(50) DEFAULT NULL,
  PRIMARY KEY (`id`)
) ENGINE=InnoDB AUTO_INCREMENT=7 DEFAULT CHARSET=utf8 ROW_FORMAT=COMPACT;

-- ----------------------------
--  Records of `quotation_status`
-- ----------------------------
BEGIN;
INSERT INTO `quotation_status` VALUES ('1', 'Draft', 'label-default'), ('2', 'Sent', 'label-success'), ('4', 'Expired', 'label-info'), ('5', 'Declined', 'label-danger'), ('6', 'Accepted', 'label-purple');
COMMIT;

-- ----------------------------
--  Table structure for `repeater_type`
-- ----------------------------
DROP TABLE IF EXISTS `repeater_type`;
CREATE TABLE `repeater_type` (
  `id` int(11) NOT NULL AUTO_INCREMENT,
  `name` varchar(255) DEFAULT NULL,
  PRIMARY KEY (`id`)
) ENGINE=InnoDB AUTO_INCREMENT=10 DEFAULT CHARSET=utf8;

-- ----------------------------
--  Records of `repeater_type`
-- ----------------------------
BEGIN;
INSERT INTO `repeater_type` VALUES ('1', 'None'), ('2', 'Day'), ('3', 'Week'), ('4', '2 Weeks'), ('5', '1 Month'), ('6', '2 Months'), ('7', '3 Months'), ('8', '6 Months'), ('9', '1 Year');
COMMIT;

-- ----------------------------
--  Table structure for `setting`
-- ----------------------------
DROP TABLE IF EXISTS `setting`;
CREATE TABLE `setting` (
  `id` int(11) NOT NULL,
  `names` varchar(255) COLLATE utf8_unicode_ci DEFAULT NULL,
  `value` text COLLATE utf8_unicode_ci,
  `description` varchar(255) COLLATE utf8_unicode_ci DEFAULT NULL,
  `status` int(1) DEFAULT NULL,
  `type` varchar(255) COLLATE utf8_unicode_ci DEFAULT NULL,
  PRIMARY KEY (`id`)
) ENGINE=InnoDB DEFAULT CHARSET=utf8 COLLATE=utf8_unicode_ci;

-- ----------------------------
--  Table structure for `sop_goal_setup`
-- ----------------------------
DROP TABLE IF EXISTS `sop_goal_setup`;
CREATE TABLE `sop_goal_setup` (
  `id` int(11) NOT NULL AUTO_INCREMENT,
  `id_position` int(11) DEFAULT NULL,
  `id_employee` int(11) DEFAULT NULL,
  `id_sop_step` int(11) DEFAULT NULL,
  `id_sop_step_list` int(11) DEFAULT NULL,
  `id_year` int(11) DEFAULT NULL,
  `quarter_1` int(11) DEFAULT NULL,
  `quarter_2` int(11) DEFAULT NULL,
  `quarter_3` int(11) DEFAULT NULL,
  `quarter_4` int(11) DEFAULT NULL,
  `yearly` int(11) DEFAULT NULL,
  `note` text,
  `status` tinyint(1) DEFAULT NULL,
  `created_by` int(11) DEFAULT NULL,
  `created_date` datetime DEFAULT NULL,
  `updated_by` int(11) DEFAULT NULL,
  `updated_date` datetime DEFAULT NULL,
  PRIMARY KEY (`id`)
) ENGINE=InnoDB AUTO_INCREMENT=6 DEFAULT CHARSET=utf8;

-- ----------------------------
--  Records of `sop_goal_setup`
-- ----------------------------
BEGIN;
INSERT INTO `sop_goal_setup` VALUES ('1', '2', '1', '4', '8', '2019', '0', '0', '30', '0', '30', '', null, '12', '2019-08-19 09:14:42', '12', '2019-08-19 10:17:55'), ('2', '4', '11', '8', '12', '2019', '0', '0', '120', '360', '480', '', null, '1', '2019-08-30 08:33:15', null, null), ('3', '6', '16', '10', '26', '2019', '12', '0', '0', '0', '12', '', null, '23', '2019-09-04 10:53:12', null, null), ('4', '6', '16', '11', '24', '2019', '6', '0', '0', '0', '6', '', null, '23', '2019-09-04 10:54:02', null, null), ('5', '6', '16', '12', '30', '2019', '6', '0', '0', '0', '6', '', null, '23', '2019-09-04 10:55:12', null, null);
COMMIT;

-- ----------------------------
--  Table structure for `sop_goal_setup_data`
-- ----------------------------
DROP TABLE IF EXISTS `sop_goal_setup_data`;
CREATE TABLE `sop_goal_setup_data` (
  `id` int(11) NOT NULL AUTO_INCREMENT,
  `id_sop_set_up` int(11) DEFAULT NULL,
  `id_month` int(11) DEFAULT NULL,
  `daily` int(11) DEFAULT NULL,
  `weekly` int(11) DEFAULT NULL,
  `monthly` int(11) DEFAULT NULL,
  `actual_id_month` int(11) DEFAULT NULL,
  `actual_monthly` int(11) DEFAULT NULL,
  PRIMARY KEY (`id`)
) ENGINE=InnoDB AUTO_INCREMENT=73 DEFAULT CHARSET=utf8;

-- ----------------------------
--  Records of `sop_goal_setup_data`
-- ----------------------------
BEGIN;
INSERT INTO `sop_goal_setup_data` VALUES ('13', '1', '1', '0', '0', '0', null, null), ('14', '1', '2', '0', '0', '0', null, null), ('15', '1', '3', '0', '0', '0', null, null), ('16', '1', '4', '0', '0', '0', null, null), ('17', '1', '5', '0', '0', '0', null, null), ('18', '1', '6', '0', '0', '0', null, null), ('19', '1', '7', '0', '0', '0', null, null), ('20', '1', '8', '5', '10', '15', null, null), ('21', '1', '9', '5', '10', '15', null, null), ('22', '1', '10', '0', '0', '0', null, null), ('23', '1', '11', '0', '0', '0', null, null), ('24', '1', '12', '0', '0', '0', null, null), ('25', '2', '1', '0', '0', '0', null, null), ('26', '2', '2', '0', '0', '0', null, null), ('27', '2', '3', '0', '0', '0', null, null), ('28', '2', '4', '0', '0', '0', null, null), ('29', '2', '5', '0', '0', '0', null, null), ('30', '2', '6', '0', '0', '0', null, null), ('31', '2', '7', '0', '0', '0', null, null), ('32', '2', '8', '0', '0', '0', null, null), ('33', '2', '9', '6', '30', '120', null, null), ('34', '2', '10', '6', '30', '120', null, null), ('35', '2', '11', '6', '30', '120', null, null), ('36', '2', '12', '6', '30', '120', null, null), ('37', '3', '1', '0', '1', '4', null, null), ('38', '3', '2', '0', '1', '4', null, null), ('39', '3', '3', '0', '1', '4', null, null), ('40', '3', '4', '0', '0', '0', null, null), ('41', '3', '5', '0', '0', '0', null, null), ('42', '3', '6', '0', '0', '0', null, null), ('43', '3', '7', '0', '0', '0', null, null), ('44', '3', '8', '0', '0', '0', null, null), ('45', '3', '9', '0', '0', '0', null, null), ('46', '3', '10', '0', '0', '0', null, null), ('47', '3', '11', '0', '0', '0', null, null), ('48', '3', '12', '0', '0', '0', null, null), ('49', '4', '1', '0', '0', '2', null, null), ('50', '4', '2', '0', '0', '2', null, null), ('51', '4', '3', '0', '0', '2', null, null), ('52', '4', '4', '0', '0', '0', null, null), ('53', '4', '5', '0', '0', '0', null, null), ('54', '4', '6', '0', '0', '0', null, null), ('55', '4', '7', '0', '0', '0', null, null), ('56', '4', '8', '0', '0', '0', null, null), ('57', '4', '9', '0', '0', '0', null, null), ('58', '4', '10', '0', '0', '0', null, null), ('59', '4', '11', '0', '0', '0', null, null), ('60', '4', '12', '0', '0', '0', null, null), ('61', '5', '1', '0', '0', '2', null, null), ('62', '5', '2', '0', '0', '2', null, null), ('63', '5', '3', '0', '0', '2', null, null), ('64', '5', '4', '0', '0', '0', null, null), ('65', '5', '5', '0', '0', '0', null, null), ('66', '5', '6', '0', '0', '0', null, null), ('67', '5', '7', '0', '0', '0', null, null), ('68', '5', '8', '0', '0', '0', null, null), ('69', '5', '9', '0', '0', '0', null, null), ('70', '5', '10', '0', '0', '0', null, null), ('71', '5', '11', '0', '0', '0', null, null), ('72', '5', '12', '0', '0', '0', null, null);
COMMIT;

-- ----------------------------
--  Table structure for `sop_set_up_assign_position`
-- ----------------------------
DROP TABLE IF EXISTS `sop_set_up_assign_position`;
CREATE TABLE `sop_set_up_assign_position` (
  `id` int(11) NOT NULL AUTO_INCREMENT,
  `sop_set_up_id` int(11) DEFAULT NULL,
  `id_position` int(11) DEFAULT NULL,
  PRIMARY KEY (`id`)
) ENGINE=InnoDB DEFAULT CHARSET=utf8;

-- ----------------------------
--  Table structure for `source`
-- ----------------------------
DROP TABLE IF EXISTS `source`;
CREATE TABLE `source` (
  `id` int(11) NOT NULL AUTO_INCREMENT,
  `name` varchar(255) DEFAULT NULL,
  `created_date` datetime DEFAULT NULL,
  `updated_by` int(11) DEFAULT NULL,
  `created_by` int(11) DEFAULT NULL,
  `updated_date` datetime DEFAULT NULL,
  `status` int(1) DEFAULT NULL,
  PRIMARY KEY (`id`) USING BTREE
) ENGINE=InnoDB AUTO_INCREMENT=5 DEFAULT CHARSET=utf8;

-- ----------------------------
--  Records of `source`
-- ----------------------------
BEGIN;
INSERT INTO `source` VALUES ('1', 'Facebook', null, null, null, null, '1'), ('2', 'Google', null, null, null, null, '1'), ('3', 'Market Research', null, null, null, null, '1'), ('4', 'Other', null, null, null, null, '1');
COMMIT;

-- ----------------------------
--  Table structure for `standard_operation`
-- ----------------------------
DROP TABLE IF EXISTS `standard_operation`;
CREATE TABLE `standard_operation` (
  `id` int(11) NOT NULL AUTO_INCREMENT,
  `name` varchar(255) DEFAULT NULL,
  `assign_to` int(11) DEFAULT NULL,
  `id_employee_possition` int(11) DEFAULT NULL,
  `id_standard_operation_step` int(11) DEFAULT NULL,
  `created_date` datetime DEFAULT NULL,
  `created_by` int(11) DEFAULT NULL,
  `updated_date` datetime DEFAULT NULL,
  `updated_by` datetime DEFAULT NULL,
  `status` int(1) DEFAULT NULL,
  `description` varchar(255) DEFAULT NULL,
  `start_date` date DEFAULT NULL,
  `due_date` date DEFAULT NULL,
  `deadline` date DEFAULT NULL,
  `id_priority` int(11) DEFAULT NULL,
  `id_related_to` int(11) DEFAULT NULL,
  `id_related_profile` int(11) DEFAULT NULL,
  PRIMARY KEY (`id`)
) ENGINE=InnoDB AUTO_INCREMENT=7 DEFAULT CHARSET=utf8;

-- ----------------------------
--  Records of `standard_operation`
-- ----------------------------
BEGIN;
INSERT INTO `standard_operation` VALUES ('1', 'Research Client', '3', null, '2', '2019-08-17 08:36:55', '14', '2019-08-19 08:49:56', '0000-00-00 00:00:00', null, '', '2019-08-16', '2019-08-17', '2019-08-18', '2', null, null), ('2', 'eOBMS Project', '1', null, '5', '2019-08-19 09:29:41', '12', '2019-09-03 09:57:29', '0000-00-00 00:00:00', null, '', '2019-08-19', '2019-08-29', '2019-09-07', '4', null, null), ('3', 'Testing Project on SOP', '3', null, '4', '2019-08-19 09:38:23', '14', '2019-08-19 09:38:45', '0000-00-00 00:00:00', null, '', '2019-08-20', '2019-08-21', '2019-08-28', '4', null, null), ('4', 'Testing Project 2', '1', null, '6', '2019-08-19 09:44:59', '12', '2019-08-19 09:45:19', '0000-00-00 00:00:00', null, '', '2019-08-19', '2019-08-21', '2019-08-28', '3', null, null), ('5', 'Sao Nang', '12', null, '11', '2019-09-04 10:43:04', '23', '2019-09-04 10:56:26', '0000-00-00 00:00:00', null, '', '2019-09-04', '2019-09-18', '2019-09-25', '3', '1', '1'), ('6', 'Pholly', '12', null, '10', '2019-09-04 12:00:29', '23', '2019-09-04 15:26:58', '0000-00-00 00:00:00', null, '', '2019-09-03', '2019-09-17', '2019-09-24', '3', '1', '2');
COMMIT;

-- ----------------------------
--  Table structure for `standard_operation_check_list`
-- ----------------------------
DROP TABLE IF EXISTS `standard_operation_check_list`;
CREATE TABLE `standard_operation_check_list` (
  `id` int(11) NOT NULL AUTO_INCREMENT,
  `name` varchar(255) DEFAULT NULL,
  `assign_to` int(11) DEFAULT NULL,
  `id_standard_operation` int(11) DEFAULT NULL,
  `id_standard_operation_step` int(11) DEFAULT NULL,
  `created_date` datetime DEFAULT NULL,
  `created_by` int(11) DEFAULT NULL,
  `updated_date` datetime DEFAULT NULL,
  `updated_by` datetime DEFAULT NULL,
  `status` int(1) DEFAULT NULL,
  `is_done` int(1) DEFAULT NULL,
  `description` text,
  `id_standard_operation_step_list` int(11) DEFAULT NULL,
  `done_date` date DEFAULT NULL,
  PRIMARY KEY (`id`)
) ENGINE=InnoDB AUTO_INCREMENT=69 DEFAULT CHARSET=utf8;

-- ----------------------------
--  Records of `standard_operation_check_list`
-- ----------------------------
BEGIN;
INSERT INTO `standard_operation_check_list` VALUES ('3', null, null, '1', '2', '2019-08-19 08:49:05', '12', null, null, '1', '1', '', '3', '2019-08-19'), ('4', null, null, '1', '2', '2019-08-19 08:49:05', '12', null, null, '1', '0', '', '4', null), ('5', null, null, '1', '1', '2019-08-19 08:49:26', '12', null, null, '1', '1', '', '1', '2019-08-19'), ('6', null, null, '1', '1', '2019-08-19 08:49:26', '12', null, null, '1', '0', '', '2', null), ('7', null, null, '1', '3', '2019-08-19 08:49:56', '12', null, null, '1', '0', 'not done', '5', null), ('10', null, null, '3', '4', '2019-08-19 09:38:36', '14', null, null, '1', '1', 'sfdsf', '8', '2019-08-19'), ('11', null, null, '3', '5', '2019-08-19 09:38:45', '14', null, null, '1', '1', '', '7', '2019-08-19'), ('12', null, null, '4', '6', '2019-08-19 09:45:19', '12', null, null, '1', '0', '', '9', null), ('16', null, null, '2', '4', '2019-08-19 13:40:36', '1', null, null, '1', '1', '', '8', '2019-07-24'), ('17', null, null, '2', '5', '2019-09-03 09:57:29', '1', null, null, '1', '1', '', '7', '2019-08-19'), ('52', null, null, '5', '10', '2019-09-04 10:55:28', '23', null, null, '1', '1', 'Done', '25', '2019-09-04'), ('53', null, null, '5', '10', '2019-09-04 10:55:28', '23', null, null, '1', '0', '', '26', null), ('54', null, null, '5', '10', '2019-09-04 10:55:28', '23', null, null, '1', '0', 'Done', '27', null), ('55', null, null, '5', '11', '2019-09-04 10:56:26', '23', null, null, '1', '1', '', '17', '2019-09-18'), ('56', null, null, '5', '11', '2019-09-04 10:56:26', '23', null, null, '1', '0', '', '18', null), ('57', null, null, '5', '11', '2019-09-04 10:56:26', '23', null, null, '1', '0', '', '19', null), ('58', null, null, '5', '11', '2019-09-04 10:56:26', '23', null, null, '1', '0', '', '20', null), ('59', null, null, '5', '11', '2019-09-04 10:56:26', '23', null, null, '1', '0', '', '21', null), ('60', null, null, '5', '11', '2019-09-04 10:56:26', '23', null, null, '1', '0', '', '22', null), ('61', null, null, '5', '11', '2019-09-04 10:56:26', '23', null, null, '1', '0', '', '23', null), ('62', null, null, '5', '11', '2019-09-04 10:56:26', '23', null, null, '1', '0', '', '24', null), ('66', null, null, '6', '10', '2019-09-04 15:26:58', '23', null, null, '1', '1', '', '25', '2019-09-04'), ('67', null, null, '6', '10', '2019-09-04 15:26:58', '23', null, null, '1', '0', '', '26', null), ('68', null, null, '6', '10', '2019-09-04 15:26:58', '23', null, null, '1', '0', '', '27', null);
COMMIT;

-- ----------------------------
--  Table structure for `standard_operation_procedure_article`
-- ----------------------------
DROP TABLE IF EXISTS `standard_operation_procedure_article`;
CREATE TABLE `standard_operation_procedure_article` (
  `id` int(11) NOT NULL AUTO_INCREMENT,
  `name` varchar(255) NOT NULL,
  `id_standard_operation_procedure_set_up` int(11) DEFAULT NULL,
  `id_position` int(11) DEFAULT NULL,
  `short_description` varchar(255) DEFAULT NULL,
  `description` text,
  `status` int(1) DEFAULT NULL,
  `created_date` date DEFAULT NULL,
  `created_by` int(11) DEFAULT NULL,
  `updated_date` date DEFAULT NULL,
  `updated_by` int(11) DEFAULT NULL,
  PRIMARY KEY (`id`)
) ENGINE=InnoDB AUTO_INCREMENT=7 DEFAULT CHARSET=utf8;

-- ----------------------------
--  Records of `standard_operation_procedure_article`
-- ----------------------------
BEGIN;
INSERT INTO `standard_operation_procedure_article` VALUES ('1', 'Testing', null, null, 'etee', '<p>ssss</p>', '1', '2019-08-26', '14', null, null), ('2', 'Testing', '2', '0', 'testt', '<p>testt<br></p>', '0', '2019-08-26', '14', '2019-08-26', '14'), ('5', 'Testing', '1', null, '', '<p class=\"MsoNormal\" align=\"center\" style=\"text-align:center\"><span style=\"font-size:12.0pt;color:black;mso-themecolor:text1;mso-style-textoutline-type:\r\nnone;mso-style-textoutline-outlinestyle-dpiwidth:0pt;mso-style-textoutline-outlinestyle-linecap:\r\nflat;mso-style-textoutline-outlinestyle-join:round;mso-style-textoutline-outlinestyle-pctmiterlimit:\r\n0%;mso-style-textoutline-outlinestyle-dash:solid;mso-style-textoutline-outlinestyle-align:\r\ncenter;mso-style-textoutline-outlinestyle-compound:simple;mso-effects-shadow-color:\r\nblack;mso-effects-shadow-themecolor:dark1;mso-effects-shadow-alpha:40.0%;\r\nmso-effects-shadow-dpiradius:3.0pt;mso-effects-shadow-dpidistance:1.5pt;\r\nmso-effects-shadow-angledirection:2700000;mso-effects-shadow-align:topleft;\r\nmso-effects-shadow-pctsx:100.0%;mso-effects-shadow-pctsy:100.0%;mso-effects-shadow-anglekx:\r\n0;mso-effects-shadow-angleky:0\"><o:p>&nbsp;</o:p></span></p><p class=\"MsoNormal\"><v:shapetype id=\"_x0000_t202\" coordsize=\"21600,21600\" o:spt=\"202\" path=\"m0,0l0,21600,21600,21600,21600,0xe\">\r\n <v:stroke joinstyle=\"miter\">\r\n <v:path gradientshapeok=\"t\" o:connecttype=\"rect\">\r\n</v:path></v:stroke></v:shapetype><v:shape id=\"Text_x0020_Box_x0020_2\" o:spid=\"_x0000_s1026\" type=\"#_x0000_t202\" style=\"position:absolute;margin-left:.25pt;margin-top:6pt;\r\n width:481.85pt;height:25.2pt;z-index:251663360;visibility:visible;\r\n mso-wrap-style:square;mso-width-percent:0;mso-height-percent:0;\r\n mso-wrap-distance-left:9pt;mso-wrap-distance-top:3.6pt;\r\n mso-wrap-distance-right:9pt;mso-wrap-distance-bottom:3.6pt;\r\n mso-position-horizontal:absolute;mso-position-horizontal-relative:text;\r\n mso-position-vertical:absolute;mso-position-vertical-relative:text;\r\n mso-width-percent:0;mso-height-percent:0;mso-width-relative:margin;\r\n mso-height-relative:margin;v-text-anchor:middle\" o:gfxdata=\"UEsDBBQABgAIAAAAIQApm/tGBAEAAB4CAAATAAAAW0NvbnRlbnRfVHlwZXNdLnhtbKSRzU7DMBCE\r\n70i8g+UrSpxyQAgl6YGfI3AoD7DYm8TCsS2vW9q3Z5OmF1RVSFws2+uZ+TSu1/vRiR0mssE3clVW\r\nUqDXwVjfN/Jj81LcS0EZvAEXPDbygCTX7fVVvTlEJMFqT40cco4PSpEecAQqQ0TPky6kETIfU68i\r\n6C/oUd1W1Z3SwWf0uciTh2zrJ+xg67J43vP1kYTlUjwe301RjYQYndWQGVRNU3VWl9DRBeHOm190\r\nxUJWsnI2p8FGulkS3riaZA2Kd0j5FUbmUNrZ+BkgGWUSfHNRdNqsysvYZ9JD11mNJujtyI2Ui+Pf\r\n4jO3jWpe/58825xy1fy77Q8AAAD//wMAUEsDBBQABgAIAAAAIQCtMD/xwQAAADIBAAALAAAAX3Jl\r\nbHMvLnJlbHOEj80KwjAQhO+C7xD2btN6EJGmvYjgVfQB1mTbBtskZOPf25uLoCB4m2XYb2bq9jGN\r\n4kaRrXcKqqIEQU57Y12v4HTcLdYgOKEzOHpHCp7E0DbzWX2gEVN+4sEGFpniWMGQUthIyXqgCbnw\r\ngVx2Oh8nTPmMvQyoL9iTXJblSsZPBjRfTLE3CuLeVCCOz5CT/7N911lNW6+vE7n0I0KaiPe8LCMx\r\n9pQU6NGGs8do3ha/RVXk5iCbWn4tbV4AAAD//wMAUEsDBBQABgAIAAAAIQAfuxhrPQMAAJQHAAAf\r\nAAAAY2xpcGJvYXJkL2RyYXdpbmdzL2RyYXdpbmcxLnhtbKxV21LbMBB970z/QaN3iJ0bJIPDQCBM\r\nZ2jJJPABG1mJPciSKyk3vr67shNCKDzQ5iVa7/ro7Nkj+eJyUyi2ktblRic8Po04k1qYNNeLhD89\r\njk7OOXMedArKaJnwrXT8cvD92wX0FxbKLBcMEbTrQ8Iz78t+o+FEJgtwp6aUGnNzYwvwGNpFI7Ww\r\nRuRCNZpR1G0UkGs+eIW6AQ9safMvQCkjnmU6BL0Ch5BK9A+f1ByV+Hdk6OvVnS2n5dgSc/FrNbYs\r\nTxOOymkoUCLeqBN1GYaNo7cWrwCbuS2o3sznbJPwXtTqRh3OtglvN+OzqNWp4OTGM4H5bhz32j0s\r\nEFjRasfdVlTvlz18jiCy288xkGRFBhcHBF1J9PTqfcfdXcePxO7abFhz3ztVM7/Bh+iqMGNX3uOM\r\nHNNmmIFeyCtrzTqTkDqqqERCNattgmC7HR1hzdY/TYrqwtKbgPd/hNs3Df3SOn8nTcFokXArhQ8b\r\nwere+YrfroQUcUbl6ShXKgR2MRsqy1ag0AnRdTQKY0H0N2VKszXOuNPsBGRt6P1glyL30jKVFwk/\r\nj+hXKUn63Oo0lHjIVbVGWKWDq0ga2t9vpmFMpHi6pScz/EfZrMFW0Jp4xHGRGfvC2RoPbsLd7yVY\r\nyZn6oXECvbjdxjIfgnbnrImBPczMDjOgBUIlXHjLWRUMPcZRaMuVVzikUV6LVjEhTsr5qd8qGdoJ\r\nfGmyoBZ49RBUULIUV3Nfr8be1ZLWBnF1FhWoOw/tW4RRaKqES33yNMUr6wVN1UYVmaBeQakATqqh\r\nl3ey1zoeDcm9neVuGMezlPM5OgStQZBmieObZumazdTSTgDvg9Z5TPunOZkp7kWdEKBIzbNqwHXj\r\nvqIWbk2591D6XJ0aUGUGlQbYTmULYkJ3LFUHF+x3D9EbYgp8rpnflnIOAo/PA17KbAraoTIZWCeD\r\nPcJAJBzUDUHlM5u/rxLuoOpDNKSIMyFl/GBq1NLj58WxCXjp6DJEzaiC8lKnY7Aw+esEScFQtNM6\r\nED3u6UOuX+joBpZ6LHV23DjSfWUa2KN/qZP9gVs6OS0naAnkGBJ0InFB92fj6HsUEvX3kz56h/Hg\r\nDwAAAP//AwBQSwMEFAAGAAgAAAAhAHaFahVWBgAADxoAABoAAABjbGlwYm9hcmQvdGhlbWUvdGhl\r\nbWUxLnhtbOxZS28bNxC+F+h/WOy9sd6KjciBrUfcxE6CSEmRI6WldhlzlwuSsqNbkZx6KVAgLXpo\r\ngN56KIoGaIAGvfTHGHDQpj+iQ+5DpETFD7hAUMQCjN3Zb4bDmdlvSO6Nm09j6h1hLghLOn71WsX3\r\ncDJhAUnCjv9wNPjsuu8JiZIAUZbgjj/Hwr+5/eknN9DWhJJ0zBAPRhGOsQeGErGFOn4kZbq1sSEm\r\nIEbiGktxAs+mjMdIwi0PNwKOjmGAmG7UKpXWRoxI4m+DRakM9Sn8S6RQggnlQ2UGewmKYfR70ymZ\r\nYI0NDqsKIeaiS7l3hGjHB5sBOx7hp9L3KBISHnT8iv7zN7ZvbKCtXInKNbqG3kD/5Xq5QnBY02Py\r\ncFwO2mg0G62d0r4GULmK67f7rX6rtKcBaDKBmWa+2DbbtW4jxxqg7NJhu9fu1asW3rBfX/F5p6l+\r\nFl6DMvuNFfxg0IUoWngNyvDNFXxzd3O3Z9vXoAzfWsG3Kzu9Rtuyr0ERJcnhCrrSbNW7xWxLyJTR\r\nPSd8s9kYtGu58QUKqqGsLjXElCVyXa3F6AnjAwAoIEWSJJ6cp3iKJlCTXUTJmBNvn4QRFF6KEiZA\r\nXKlVBpU6/Fe/hr7SGUVbGBnayi/wRKyIlD+emHCSyo5/G6z6BuT0zZuTZ69Pnv1+8vz5ybNf87G1\r\nKUtvDyWhqffup2/+efml9/dvP7578W029DJemPi3v3z19o8/32ceZrwIxel3r96+fnX6/dd//fzC\r\nYX2Ho7EJH5EYC+8uPvYesBgm6PAfj/nFNEYRIqbGThIKlCA1isN+X0YW+u4cUeTA7WI7jo84UI0L\r\neGv2xHJ4GPGZJA6Ld6LYAh4wRncZd0bhjhrLCPNoloTuwfnMxD1A6Mg1dhclVpb7sxQ4lrhMdiNs\r\nuXmfokSiECdYeuoZO8TYMbvHhFhxPSATzgSbSu8x8XYRcYZkRMZWNS2U9kgMeZm7HIR8W7E5eOTt\r\nMuqadQ8f2Uh4NxB1OD/C1ArjLTSTKHaZHKGYmgHfRzJyOTmc84mJ6wsJmQ4xZV4/wEK4dO5xmK+R\r\n9DtAM+60H9B5bCO5JIcum/uIMRPZY4fdCMWpCzskSWRiPxeHUKLIu8+kC37A7DdE3UMeULI23Y8I\r\nttJ9Nhs8BIY1XVoUiHoy445c3sLMqt/hnE4R1lQDDcDi9ZgkZ5L8Er03/zt6BxI9/eGlY0ZXQ+lu\r\nw1Y+LkjmO5w436a9JQpfh1sm7i7jAfnwebuHZsl9DK/KavP6SNsfadv/39P2uvf56sl6wc9A3WrZ\r\nmi3X9eI9Xrt2nxJKh3JO8b7Qy3cBXSkYgFDp6T0qLvdyaQSX6k2GASxcyJHW8TiTXxAZDSOUwhq/\r\n6isjochNh8JLmYClvxY7bSs8ncUHLMi2rNWq2p5m5CGQXMgrzVIO2w2ZoVvtxTasNK+9DfV2uXBA\r\n6V7ECWMw24m6w4l2IVRB0ptzCJrDCT2zK/Fi0+HFdWW+SNWKF+BamRVYNnmw2Or4zQaogBLsqhDF\r\ngcpTluoiuzqZV5npdcG0KgDWEEUFLDK9qXxdOz01u6zUzpFpywmj3GwndGR0DxMRCnBenUp6Hjcu\r\nmuvNRUot91Qo9HhQWgs32tff58Vlcw16y9xAE5MpaOIdd/xWvQklM0Fpx5/C1h8u4xRqR6jlLqIh\r\nHJpNJM9e+MswS8qF7CERZQHXpJOxQUwk5h4lccdX0y/TQBPNIdq3ag0I4YN1bhNo5UNzDpJuJxlP\r\np3gizbQbEhXp7BYYPuMK51Otfnmw0mQzSPcwCo69MZ3xBwhKrNmuqgAGRMAJUDWLZkDgSLMkskX9\r\nLTWmnHbNM0VdQ5kc0TRCeUcxyTyDayov3dF3ZQyMu3zOEFAjJHkjHIeqwZpBtbpp2TUyH9Z23bOV\r\nVOQM0lz0TItVVNd0s5g1QtEGlmJ5uSZveFWEGDjN7PAZdS9T7mbBdUvrhLJLQMDL+Dm67jkaguHa\r\nYjDLNeXxKg0rzs6ldu8oJniGa+dpEgbrtwqzS3Ere4RzOBBeqvOD3nLVgmharCt1pF2fJw5Q6o3D\r\naseHTwRwNvEUruAjgw+ympLVlAyu4MsBtIvsuL/j5xeFBJ5nkhJTLyT1AtMoJI1C0iwkzULSKiQt\r\n39Pn4vAtRh2J+15x7A09LD8mz9cW9jec7X8BAAD//wMAUEsDBBQABgAIAAAAIQCcZkZBuwAAACQB\r\nAAAqAAAAY2xpcGJvYXJkL2RyYXdpbmdzL19yZWxzL2RyYXdpbmcxLnhtbC5yZWxzhI/NCsIwEITv\r\ngu8Q9m7SehCRJr2I0KvUBwjJNi02PyRR7Nsb6EVB8LIws+w3s037sjN5YkyTdxxqWgFBp7yenOFw\r\n6y+7I5CUpdNy9g45LJigFdtNc8VZ5nKUxikkUigucRhzDifGkhrRykR9QFc2g49W5iKjYUGquzTI\r\n9lV1YPGTAeKLSTrNIXa6BtIvoST/Z/thmBSevXpYdPlHBMulFxagjAYzB0pXZ501LV2BiYZ9/Sbe\r\nAAAA//8DAFBLAQItABQABgAIAAAAIQApm/tGBAEAAB4CAAATAAAAAAAAAAAAAAAAAAAAAABbQ29u\r\ndGVudF9UeXBlc10ueG1sUEsBAi0AFAAGAAgAAAAhAK0wP/HBAAAAMgEAAAsAAAAAAAAAAAAAAAAA\r\nNQEAAF9yZWxzLy5yZWxzUEsBAi0AFAAGAAgAAAAhAB+7GGs9AwAAlAcAAB8AAAAAAAAAAAAAAAAA\r\nHwIAAGNsaXBib2FyZC9kcmF3aW5ncy9kcmF3aW5nMS54bWxQSwECLQAUAAYACAAAACEAdoVqFVYG\r\nAAAPGgAAGgAAAAAAAAAAAAAAAACZBQAAY2xpcGJvYXJkL3RoZW1lL3RoZW1lMS54bWxQSwECLQAU\r\nAAYACAAAACEAnGZGQbsAAAAkAQAAKgAAAAAAAAAAAAAAAAAnDAAAY2xpcGJvYXJkL2RyYXdpbmdz\r\nL19yZWxzL2RyYXdpbmcxLnhtbC5yZWxzUEsFBgAAAAAFAAUAZwEAACoNAAAAAA==\r\n\" fillcolor=\"#00b0f0\" stroked=\"f\">\r\n <v:textbox style=\"mso-fit-shape-to-text:t\">\r\n  <!--[if !mso]-->\r\n  </v:textbox></v:shape></p><table cellpadding=\"0\" cellspacing=\"0\" width=\"100%\">\r\n   <tbody><tr>\r\n    <td><!--[endif]-->\r\n    <div>\r\n    <p class=\"MsoNormal\" align=\"center\" style=\"text-align:center\"><span style=\"font-size:14.0pt;font-family:&quot;Open Sans&quot;,&quot;sans-serif&quot;;mso-bidi-font-family:\r\n    &quot;Open Sans&quot;;color:black;mso-themecolor:text1;text-transform:uppercase;\r\n    mso-style-textoutline-type:none;mso-style-textoutline-outlinestyle-dpiwidth:\r\n    0pt;mso-style-textoutline-outlinestyle-linecap:flat;mso-style-textoutline-outlinestyle-join:\r\n    round;mso-style-textoutline-outlinestyle-pctmiterlimit:0%;mso-style-textoutline-outlinestyle-dash:\r\n    solid;mso-style-textoutline-outlinestyle-align:center;mso-style-textoutline-outlinestyle-compound:\r\n    simple;mso-effects-shadow-color:black;mso-effects-shadow-themecolor:dark1;\r\n    mso-effects-shadow-alpha:40.0%;mso-effects-shadow-dpiradius:3.0pt;\r\n    mso-effects-shadow-dpidistance:1.5pt;mso-effects-shadow-angledirection:\r\n    2700000;mso-effects-shadow-align:topleft;mso-effects-shadow-pctsx:100.0%;\r\n    mso-effects-shadow-pctsy:100.0%;mso-effects-shadow-anglekx:0;mso-effects-shadow-angleky:\r\n    0\">Solutions Rates<o:p></o:p></span></p>\r\n    </div>\r\n    <!--[if !mso]--></td>\r\n   </tr>\r\n  </tbody></table><p>\r\n\r\n\r\n\r\n\r\n\r\n\r\n\r\n<!--[if !mso]>\r\n<style>\r\nv\\:* {behavior:url(#default#VML);}\r\no\\:* {behavior:url(#default#VML);}\r\nw\\:* {behavior:url(#default#VML);}\r\n.shape {behavior:url(#default#VML);}\r\n</style>\r\n<![endif]--><!--[if gte mso 9]><xml>\r\n <o:OfficeDocumentSettings>\r\n  <o:RelyOnVML/>\r\n  <o:AllowPNG/>\r\n </o:OfficeDocumentSettings>\r\n</xml><![endif]-->\r\n\r\n<!--[if gte mso 9]><xml>\r\n <w:WordDocument>\r\n  <w:View>Normal</w:View>\r\n  <w:Zoom>0</w:Zoom>\r\n  <w:TrackMoves>false</w:TrackMoves>\r\n  <w:TrackFormatting/>\r\n  <w:PunctuationKerning/>\r\n  <w:ValidateAgainstSchemas/>\r\n  <w:SaveIfXMLInvalid>false</w:SaveIfXMLInvalid>\r\n  <w:IgnoreMixedContent>false</w:IgnoreMixedContent>\r\n  <w:AlwaysShowPlaceholderText>false</w:AlwaysShowPlaceholderText>\r\n  <w:DoNotPromoteQF/>\r\n  <w:LidThemeOther>EN-US</w:LidThemeOther>\r\n  <w:LidThemeAsian>X-NONE</w:LidThemeAsian>\r\n  <w:LidThemeComplexScript>KHM</w:LidThemeComplexScript>\r\n  <w:Compatibility>\r\n   <w:BreakWrappedTables/>\r\n   <w:SnapToGridInCell/>\r\n   <w:WrapTextWithPunct/>\r\n   <w:UseAsianBreakRules/>\r\n   <w:DontGrowAutofit/>\r\n   <w:SplitPgBreakAndParaMark/>\r\n   <w:EnableOpenTypeKerning/>\r\n   <w:DontFlipMirrorIndents/>\r\n   <w:OverrideTableStyleHps/>\r\n  </w:Compatibility>\r\n  <m:mathPr>\r\n   <m:mathFont m:val=\"Cambria Math\"/>\r\n   <m:brkBin m:val=\"before\"/>\r\n   <m:brkBinSub m:val=\"&#45;-\"/>\r\n   <m:smallFrac m:val=\"off\"/>\r\n   <m:dispDef/>\r\n   <m:lMargin m:val=\"0\"/>\r\n   <m:rMargin m:val=\"0\"/>\r\n   <m:defJc m:val=\"centerGroup\"/>\r\n   <m:wrapIndent m:val=\"1440\"/>\r\n   <m:intLim m:val=\"subSup\"/>\r\n   <m:naryLim m:val=\"undOvr\"/>\r\n  </m:mathPr></w:WordDocument>\r\n</xml><![endif]--><!--[if gte mso 9]><xml>\r\n <w:LatentStyles DefLockedState=\"false\" DefUnhideWhenUsed=\"false\"\r\n  DefSemiHidden=\"false\" DefQFormat=\"false\" DefPriority=\"99\"\r\n  LatentStyleCount=\"382\">\r\n  <w:LsdException Locked=\"false\" Priority=\"0\" QFormat=\"true\" Name=\"Normal\"/>\r\n  <w:LsdException Locked=\"false\" Priority=\"9\" QFormat=\"true\" Name=\"heading 1\"/>\r\n  <w:LsdException Locked=\"false\" Priority=\"9\" SemiHidden=\"true\"\r\n   UnhideWhenUsed=\"true\" QFormat=\"true\" Name=\"heading 2\"/>\r\n  <w:LsdException Locked=\"false\" Priority=\"9\" SemiHidden=\"true\"\r\n   UnhideWhenUsed=\"true\" QFormat=\"true\" Name=\"heading 3\"/>\r\n  <w:LsdException Locked=\"false\" Priority=\"9\" SemiHidden=\"true\"\r\n   UnhideWhenUsed=\"true\" QFormat=\"true\" Name=\"heading 4\"/>\r\n  <w:LsdException Locked=\"false\" Priority=\"9\" SemiHidden=\"true\"\r\n   UnhideWhenUsed=\"true\" QFormat=\"true\" Name=\"heading 5\"/>\r\n  <w:LsdException Locked=\"false\" Priority=\"9\" SemiHidden=\"true\"\r\n   UnhideWhenUsed=\"true\" QFormat=\"true\" Name=\"heading 6\"/>\r\n  <w:LsdException Locked=\"false\" Priority=\"9\" SemiHidden=\"true\"\r\n   UnhideWhenUsed=\"true\" QFormat=\"true\" Name=\"heading 7\"/>\r\n  <w:LsdException Locked=\"false\" Priority=\"9\" SemiHidden=\"true\"\r\n   UnhideWhenUsed=\"true\" QFormat=\"true\" Name=\"heading 8\"/>\r\n  <w:LsdException Locked=\"false\" Priority=\"9\" SemiHidden=\"true\"\r\n   UnhideWhenUsed=\"true\" QFormat=\"true\" Name=\"heading 9\"/>\r\n  <w:LsdException Locked=\"false\" SemiHidden=\"true\" UnhideWhenUsed=\"true\"\r\n   Name=\"index 1\"/>\r\n  <w:LsdException Locked=\"false\" SemiHidden=\"true\" UnhideWhenUsed=\"true\"\r\n   Name=\"index 2\"/>\r\n  <w:LsdException Locked=\"false\" SemiHidden=\"true\" UnhideWhenUsed=\"true\"\r\n   Name=\"index 3\"/>\r\n  <w:LsdException Locked=\"false\" SemiHidden=\"true\" UnhideWhenUsed=\"true\"\r\n   Name=\"index 4\"/>\r\n  <w:LsdException Locked=\"false\" SemiHidden=\"true\" UnhideWhenUsed=\"true\"\r\n   Name=\"index 5\"/>\r\n  <w:LsdException Locked=\"false\" SemiHidden=\"true\" UnhideWhenUsed=\"true\"\r\n   Name=\"index 6\"/>\r\n  <w:LsdException Locked=\"false\" SemiHidden=\"true\" UnhideWhenUsed=\"true\"\r\n   Name=\"index 7\"/>\r\n  <w:LsdException Locked=\"false\" SemiHidden=\"true\" UnhideWhenUsed=\"true\"\r\n   Name=\"index 8\"/>\r\n  <w:LsdException Locked=\"false\" SemiHidden=\"true\" UnhideWhenUsed=\"true\"\r\n   Name=\"index 9\"/>\r\n  <w:LsdException Locked=\"false\" Priority=\"39\" SemiHidden=\"true\"\r\n   UnhideWhenUsed=\"true\" Name=\"toc 1\"/>\r\n  <w:LsdException Locked=\"false\" Priority=\"39\" SemiHidden=\"true\"\r\n   UnhideWhenUsed=\"true\" Name=\"toc 2\"/>\r\n  <w:LsdException Locked=\"false\" Priority=\"39\" SemiHidden=\"true\"\r\n   UnhideWhenUsed=\"true\" Name=\"toc 3\"/>\r\n  <w:LsdException Locked=\"false\" Priority=\"39\" SemiHidden=\"true\"\r\n   UnhideWhenUsed=\"true\" Name=\"toc 4\"/>\r\n  <w:LsdException Locked=\"false\" Priority=\"39\" SemiHidden=\"true\"\r\n   UnhideWhenUsed=\"true\" Name=\"toc 5\"/>\r\n  <w:LsdException Locked=\"false\" Priority=\"39\" SemiHidden=\"true\"\r\n   UnhideWhenUsed=\"true\" Name=\"toc 6\"/>\r\n  <w:LsdException Locked=\"false\" Priority=\"39\" SemiHidden=\"true\"\r\n   UnhideWhenUsed=\"true\" Name=\"toc 7\"/>\r\n  <w:LsdException Locked=\"false\" Priority=\"39\" SemiHidden=\"true\"\r\n   UnhideWhenUsed=\"true\" Name=\"toc 8\"/>\r\n  <w:LsdException Locked=\"false\" Priority=\"39\" SemiHidden=\"true\"\r\n   UnhideWhenUsed=\"true\" Name=\"toc 9\"/>\r\n  <w:LsdException Locked=\"false\" SemiHidden=\"true\" UnhideWhenUsed=\"true\"\r\n   Name=\"Normal Indent\"/>\r\n  <w:LsdException Locked=\"false\" SemiHidden=\"true\" UnhideWhenUsed=\"true\"\r\n   Name=\"footnote text\"/>\r\n  <w:LsdException Locked=\"false\" SemiHidden=\"true\" UnhideWhenUsed=\"true\"\r\n   Name=\"annotation text\"/>\r\n  <w:LsdException Locked=\"false\" SemiHidden=\"true\" UnhideWhenUsed=\"true\"\r\n   Name=\"header\"/>\r\n  <w:LsdException Locked=\"false\" Priority=\"0\" SemiHidden=\"true\"\r\n   UnhideWhenUsed=\"true\" Name=\"footer\"/>\r\n  <w:LsdException Locked=\"false\" SemiHidden=\"true\" UnhideWhenUsed=\"true\"\r\n   Name=\"index heading\"/>\r\n  <w:LsdException Locked=\"false\" Priority=\"35\" SemiHidden=\"true\"\r\n   UnhideWhenUsed=\"true\" QFormat=\"true\" Name=\"caption\"/>\r\n  <w:LsdException Locked=\"false\" SemiHidden=\"true\" UnhideWhenUsed=\"true\"\r\n   Name=\"table of figures\"/>\r\n  <w:LsdException Locked=\"false\" SemiHidden=\"true\" UnhideWhenUsed=\"true\"\r\n   Name=\"envelope address\"/>\r\n  <w:LsdException Locked=\"false\" SemiHidden=\"true\" UnhideWhenUsed=\"true\"\r\n   Name=\"envelope return\"/>\r\n  <w:LsdException Locked=\"false\" SemiHidden=\"true\" UnhideWhenUsed=\"true\"\r\n   Name=\"footnote reference\"/>\r\n  <w:LsdException Locked=\"false\" SemiHidden=\"true\" UnhideWhenUsed=\"true\"\r\n   Name=\"annotation reference\"/>\r\n  <w:LsdException Locked=\"false\" SemiHidden=\"true\" UnhideWhenUsed=\"true\"\r\n   Name=\"line number\"/>\r\n  <w:LsdException Locked=\"false\" SemiHidden=\"true\" UnhideWhenUsed=\"true\"\r\n   Name=\"page number\"/>\r\n  <w:LsdException Locked=\"false\" SemiHidden=\"true\" UnhideWhenUsed=\"true\"\r\n   Name=\"endnote reference\"/>\r\n  <w:LsdException Locked=\"false\" SemiHidden=\"true\" UnhideWhenUsed=\"true\"\r\n   Name=\"endnote text\"/>\r\n  <w:LsdException Locked=\"false\" SemiHidden=\"true\" UnhideWhenUsed=\"true\"\r\n   Name=\"table of authorities\"/>\r\n  <w:LsdException Locked=\"false\" SemiHidden=\"true\" UnhideWhenUsed=\"true\"\r\n   Name=\"macro\"/>\r\n  <w:LsdException Locked=\"false\" SemiHidden=\"true\" UnhideWhenUsed=\"true\"\r\n   Name=\"toa heading\"/>\r\n  <w:LsdException Locked=\"false\" SemiHidden=\"true\" UnhideWhenUsed=\"true\"\r\n   Name=\"List\"/>\r\n  <w:LsdException Locked=\"false\" SemiHidden=\"true\" UnhideWhenUsed=\"true\"\r\n   Name=\"List Bullet\"/>\r\n  <w:LsdException Locked=\"false\" SemiHidden=\"true\" UnhideWhenUsed=\"true\"\r\n   Name=\"List Number\"/>\r\n  <w:LsdException Locked=\"false\" SemiHidden=\"true\" UnhideWhenUsed=\"true\"\r\n   Name=\"List 2\"/>\r\n  <w:LsdException Locked=\"false\" SemiHidden=\"true\" UnhideWhenUsed=\"true\"\r\n   Name=\"List 3\"/>\r\n  <w:LsdException Locked=\"false\" SemiHidden=\"true\" UnhideWhenUsed=\"true\"\r\n   Name=\"List 4\"/>\r\n  <w:LsdException Locked=\"false\" SemiHidden=\"true\" UnhideWhenUsed=\"true\"\r\n   Name=\"List 5\"/>\r\n  <w:LsdException Locked=\"false\" SemiHidden=\"true\" UnhideWhenUsed=\"true\"\r\n   Name=\"List Bullet 2\"/>\r\n  <w:LsdException Locked=\"false\" SemiHidden=\"true\" UnhideWhenUsed=\"true\"\r\n   Name=\"List Bullet 3\"/>\r\n  <w:LsdException Locked=\"false\" SemiHidden=\"true\" UnhideWhenUsed=\"true\"\r\n   Name=\"List Bullet 4\"/>\r\n  <w:LsdException Locked=\"false\" SemiHidden=\"true\" UnhideWhenUsed=\"true\"\r\n   Name=\"List Bullet 5\"/>\r\n  <w:LsdException Locked=\"false\" SemiHidden=\"true\" UnhideWhenUsed=\"true\"\r\n   Name=\"List Number 2\"/>\r\n  <w:LsdException Locked=\"false\" SemiHidden=\"true\" UnhideWhenUsed=\"true\"\r\n   Name=\"List Number 3\"/>\r\n  <w:LsdException Locked=\"false\" SemiHidden=\"true\" UnhideWhenUsed=\"true\"\r\n   Name=\"List Number 4\"/>\r\n  <w:LsdException Locked=\"false\" SemiHidden=\"true\" UnhideWhenUsed=\"true\"\r\n   Name=\"List Number 5\"/>\r\n  <w:LsdException Locked=\"false\" Priority=\"10\" QFormat=\"true\" Name=\"Title\"/>\r\n  <w:LsdException Locked=\"false\" SemiHidden=\"true\" UnhideWhenUsed=\"true\"\r\n   Name=\"Closing\"/>\r\n  <w:LsdException Locked=\"false\" SemiHidden=\"true\" UnhideWhenUsed=\"true\"\r\n   Name=\"Signature\"/>\r\n  <w:LsdException Locked=\"false\" Priority=\"1\" SemiHidden=\"true\"\r\n   UnhideWhenUsed=\"true\" Name=\"Default Paragraph Font\"/>\r\n  <w:LsdException Locked=\"false\" SemiHidden=\"true\" UnhideWhenUsed=\"true\"\r\n   Name=\"Body Text\"/>\r\n  <w:LsdException Locked=\"false\" SemiHidden=\"true\" UnhideWhenUsed=\"true\"\r\n   Name=\"Body Text Indent\"/>\r\n  <w:LsdException Locked=\"false\" SemiHidden=\"true\" UnhideWhenUsed=\"true\"\r\n   Name=\"List Continue\"/>\r\n  <w:LsdException Locked=\"false\" SemiHidden=\"true\" UnhideWhenUsed=\"true\"\r\n   Name=\"List Continue 2\"/>\r\n  <w:LsdException Locked=\"false\" SemiHidden=\"true\" UnhideWhenUsed=\"true\"\r\n   Name=\"List Continue 3\"/>\r\n  <w:LsdException Locked=\"false\" SemiHidden=\"true\" UnhideWhenUsed=\"true\"\r\n   Name=\"List Continue 4\"/>\r\n  <w:LsdException Locked=\"false\" SemiHidden=\"true\" UnhideWhenUsed=\"true\"\r\n   Name=\"List Continue 5\"/>\r\n  <w:LsdException Locked=\"false\" SemiHidden=\"true\" UnhideWhenUsed=\"true\"\r\n   Name=\"Message Header\"/>\r\n  <w:LsdException Locked=\"false\" Priority=\"11\" QFormat=\"true\" Name=\"Subtitle\"/>\r\n  <w:LsdException Locked=\"false\" SemiHidden=\"true\" UnhideWhenUsed=\"true\"\r\n   Name=\"Salutation\"/>\r\n  <w:LsdException Locked=\"false\" SemiHidden=\"true\" UnhideWhenUsed=\"true\"\r\n   Name=\"Date\"/>\r\n  <w:LsdException Locked=\"false\" SemiHidden=\"true\" UnhideWhenUsed=\"true\"\r\n   Name=\"Body Text First Indent\"/>\r\n  <w:LsdException Locked=\"false\" SemiHidden=\"true\" UnhideWhenUsed=\"true\"\r\n   Name=\"Body Text First Indent 2\"/>\r\n  <w:LsdException Locked=\"false\" SemiHidden=\"true\" UnhideWhenUsed=\"true\"\r\n   Name=\"Note Heading\"/>\r\n  <w:LsdException Locked=\"false\" SemiHidden=\"true\" UnhideWhenUsed=\"true\"\r\n   Name=\"Body Text 2\"/>\r\n  <w:LsdException Locked=\"false\" SemiHidden=\"true\" UnhideWhenUsed=\"true\"\r\n   Name=\"Body Text 3\"/>\r\n  <w:LsdException Locked=\"false\" SemiHidden=\"true\" UnhideWhenUsed=\"true\"\r\n   Name=\"Body Text Indent 2\"/>\r\n  <w:LsdException Locked=\"false\" SemiHidden=\"true\" UnhideWhenUsed=\"true\"\r\n   Name=\"Body Text Indent 3\"/>\r\n  <w:LsdException Locked=\"false\" SemiHidden=\"true\" UnhideWhenUsed=\"true\"\r\n   Name=\"Block Text\"/>\r\n  <w:LsdException Locked=\"false\" SemiHidden=\"true\" UnhideWhenUsed=\"true\"\r\n   Name=\"Hyperlink\"/>\r\n  <w:LsdException Locked=\"false\" SemiHidden=\"true\" UnhideWhenUsed=\"true\"\r\n   Name=\"FollowedHyperlink\"/>\r\n  <w:LsdException Locked=\"false\" Priority=\"22\" QFormat=\"true\" Name=\"Strong\"/>\r\n  <w:LsdException Locked=\"false\" Priority=\"20\" QFormat=\"true\" Name=\"Emphasis\"/>\r\n  <w:LsdException Locked=\"false\" SemiHidden=\"true\" UnhideWhenUsed=\"true\"\r\n   Name=\"Document Map\"/>\r\n  <w:LsdException Locked=\"false\" SemiHidden=\"true\" UnhideWhenUsed=\"true\"\r\n   Name=\"Plain Text\"/>\r\n  <w:LsdException Locked=\"false\" SemiHidden=\"true\" UnhideWhenUsed=\"true\"\r\n   Name=\"E-mail Signature\"/>\r\n  <w:LsdException Locked=\"false\" SemiHidden=\"true\" UnhideWhenUsed=\"true\"\r\n   Name=\"HTML Top of Form\"/>\r\n  <w:LsdException Locked=\"false\" SemiHidden=\"true\" UnhideWhenUsed=\"true\"\r\n   Name=\"HTML Bottom of Form\"/>\r\n  <w:LsdException Locked=\"false\" SemiHidden=\"true\" UnhideWhenUsed=\"true\"\r\n   Name=\"Normal (Web)\"/>\r\n  <w:LsdException Locked=\"false\" SemiHidden=\"true\" UnhideWhenUsed=\"true\"\r\n   Name=\"HTML Acronym\"/>\r\n  <w:LsdException Locked=\"false\" SemiHidden=\"true\" UnhideWhenUsed=\"true\"\r\n   Name=\"HTML Address\"/>\r\n  <w:LsdException Locked=\"false\" SemiHidden=\"true\" UnhideWhenUsed=\"true\"\r\n   Name=\"HTML Cite\"/>\r\n  <w:LsdException Locked=\"false\" SemiHidden=\"true\" UnhideWhenUsed=\"true\"\r\n   Name=\"HTML Code\"/>\r\n  <w:LsdException Locked=\"false\" SemiHidden=\"true\" UnhideWhenUsed=\"true\"\r\n   Name=\"HTML Definition\"/>\r\n  <w:LsdException Locked=\"false\" SemiHidden=\"true\" UnhideWhenUsed=\"true\"\r\n   Name=\"HTML Keyboard\"/>\r\n  <w:LsdException Locked=\"false\" SemiHidden=\"true\" UnhideWhenUsed=\"true\"\r\n   Name=\"HTML Preformatted\"/>\r\n  <w:LsdException Locked=\"false\" SemiHidden=\"true\" UnhideWhenUsed=\"true\"\r\n   Name=\"HTML Sample\"/>\r\n  <w:LsdException Locked=\"false\" SemiHidden=\"true\" UnhideWhenUsed=\"true\"\r\n   Name=\"HTML Typewriter\"/>\r\n  <w:LsdException Locked=\"false\" SemiHidden=\"true\" UnhideWhenUsed=\"true\"\r\n   Name=\"HTML Variable\"/>\r\n  <w:LsdException Locked=\"false\" SemiHidden=\"true\" UnhideWhenUsed=\"true\"\r\n   Name=\"Normal Table\"/>\r\n  <w:LsdException Locked=\"false\" SemiHidden=\"true\" UnhideWhenUsed=\"true\"\r\n   Name=\"annotation subject\"/>\r\n  <w:LsdException Locked=\"false\" SemiHidden=\"true\" UnhideWhenUsed=\"true\"\r\n   Name=\"No List\"/>\r\n  <w:LsdException Locked=\"false\" SemiHidden=\"true\" UnhideWhenUsed=\"true\"\r\n   Name=\"Outline List 1\"/>\r\n  <w:LsdException Locked=\"false\" SemiHidden=\"true\" UnhideWhenUsed=\"true\"\r\n   Name=\"Outline List 2\"/>\r\n  <w:LsdException Locked=\"false\" SemiHidden=\"true\" UnhideWhenUsed=\"true\"\r\n   Name=\"Outline List 3\"/>\r\n  <w:LsdException Locked=\"false\" SemiHidden=\"true\" UnhideWhenUsed=\"true\"\r\n   Name=\"Table Simple 1\"/>\r\n  <w:LsdException Locked=\"false\" SemiHidden=\"true\" UnhideWhenUsed=\"true\"\r\n   Name=\"Table Simple 2\"/>\r\n  <w:LsdException Locked=\"false\" SemiHidden=\"true\" UnhideWhenUsed=\"true\"\r\n   Name=\"Table Simple 3\"/>\r\n  <w:LsdException Locked=\"false\" SemiHidden=\"true\" UnhideWhenUsed=\"true\"\r\n   Name=\"Table Classic 1\"/>\r\n  <w:LsdException Locked=\"false\" SemiHidden=\"true\" UnhideWhenUsed=\"true\"\r\n   Name=\"Table Classic 2\"/>\r\n  <w:LsdException Locked=\"false\" SemiHidden=\"true\" UnhideWhenUsed=\"true\"\r\n   Name=\"Table Classic 3\"/>\r\n  <w:LsdException Locked=\"false\" SemiHidden=\"true\" UnhideWhenUsed=\"true\"\r\n   Name=\"Table Classic 4\"/>\r\n  <w:LsdException Locked=\"false\" SemiHidden=\"true\" UnhideWhenUsed=\"true\"\r\n   Name=\"Table Colorful 1\"/>\r\n  <w:LsdException Locked=\"false\" SemiHidden=\"true\" UnhideWhenUsed=\"true\"\r\n   Name=\"Table Colorful 2\"/>\r\n  <w:LsdException Locked=\"false\" SemiHidden=\"true\" UnhideWhenUsed=\"true\"\r\n   Name=\"Table Colorful 3\"/>\r\n  <w:LsdException Locked=\"false\" SemiHidden=\"true\" UnhideWhenUsed=\"true\"\r\n   Name=\"Table Columns 1\"/>\r\n  <w:LsdException Locked=\"false\" SemiHidden=\"true\" UnhideWhenUsed=\"true\"\r\n   Name=\"Table Columns 2\"/>\r\n  <w:LsdException Locked=\"false\" SemiHidden=\"true\" UnhideWhenUsed=\"true\"\r\n   Name=\"Table Columns 3\"/>\r\n  <w:LsdException Locked=\"false\" SemiHidden=\"true\" UnhideWhenUsed=\"true\"\r\n   Name=\"Table Columns 4\"/>\r\n  <w:LsdException Locked=\"false\" SemiHidden=\"true\" UnhideWhenUsed=\"true\"\r\n   Name=\"Table Columns 5\"/>\r\n  <w:LsdException Locked=\"false\" SemiHidden=\"true\" UnhideWhenUsed=\"true\"\r\n   Name=\"Table Grid 1\"/>\r\n  <w:LsdException Locked=\"false\" SemiHidden=\"true\" UnhideWhenUsed=\"true\"\r\n   Name=\"Table Grid 2\"/>\r\n  <w:LsdException Locked=\"false\" SemiHidden=\"true\" UnhideWhenUsed=\"true\"\r\n   Name=\"Table Grid 3\"/>\r\n  <w:LsdException Locked=\"false\" SemiHidden=\"true\" UnhideWhenUsed=\"true\"\r\n   Name=\"Table Grid 4\"/>\r\n  <w:LsdException Locked=\"false\" SemiHidden=\"true\" UnhideWhenUsed=\"true\"\r\n   Name=\"Table Grid 5\"/>\r\n  <w:LsdException Locked=\"false\" SemiHidden=\"true\" UnhideWhenUsed=\"true\"\r\n   Name=\"Table Grid 6\"/>\r\n  <w:LsdException Locked=\"false\" SemiHidden=\"true\" UnhideWhenUsed=\"true\"\r\n   Name=\"Table Grid 7\"/>\r\n  <w:LsdException Locked=\"false\" SemiHidden=\"true\" UnhideWhenUsed=\"true\"\r\n   Name=\"Table Grid 8\"/>\r\n  <w:LsdException Locked=\"false\" SemiHidden=\"true\" UnhideWhenUsed=\"true\"\r\n   Name=\"Table List 1\"/>\r\n  <w:LsdException Locked=\"false\" SemiHidden=\"true\" UnhideWhenUsed=\"true\"\r\n   Name=\"Table List 2\"/>\r\n  <w:LsdException Locked=\"false\" SemiHidden=\"true\" UnhideWhenUsed=\"true\"\r\n   Name=\"Table List 3\"/>\r\n  <w:LsdException Locked=\"false\" SemiHidden=\"true\" UnhideWhenUsed=\"true\"\r\n   Name=\"Table List 4\"/>\r\n  <w:LsdException Locked=\"false\" SemiHidden=\"true\" UnhideWhenUsed=\"true\"\r\n   Name=\"Table List 5\"/>\r\n  <w:LsdException Locked=\"false\" SemiHidden=\"true\" UnhideWhenUsed=\"true\"\r\n   Name=\"Table List 6\"/>\r\n  <w:LsdException Locked=\"false\" SemiHidden=\"true\" UnhideWhenUsed=\"true\"\r\n   Name=\"Table List 7\"/>\r\n  <w:LsdException Locked=\"false\" SemiHidden=\"true\" UnhideWhenUsed=\"true\"\r\n   Name=\"Table List 8\"/>\r\n  <w:LsdException Locked=\"false\" SemiHidden=\"true\" UnhideWhenUsed=\"true\"\r\n   Name=\"Table 3D effects 1\"/>\r\n  <w:LsdException Locked=\"false\" SemiHidden=\"true\" UnhideWhenUsed=\"true\"\r\n   Name=\"Table 3D effects 2\"/>\r\n  <w:LsdException Locked=\"false\" SemiHidden=\"true\" UnhideWhenUsed=\"true\"\r\n   Name=\"Table 3D effects 3\"/>\r\n  <w:LsdException Locked=\"false\" SemiHidden=\"true\" UnhideWhenUsed=\"true\"\r\n   Name=\"Table Contemporary\"/>\r\n  <w:LsdException Locked=\"false\" SemiHidden=\"true\" UnhideWhenUsed=\"true\"\r\n   Name=\"Table Elegant\"/>\r\n  <w:LsdException Locked=\"false\" SemiHidden=\"true\" UnhideWhenUsed=\"true\"\r\n   Name=\"Table Professional\"/>\r\n  <w:LsdException Locked=\"false\" SemiHidden=\"true\" UnhideWhenUsed=\"true\"\r\n   Name=\"Table Subtle 1\"/>\r\n  <w:LsdException Locked=\"false\" SemiHidden=\"true\" UnhideWhenUsed=\"true\"\r\n   Name=\"Table Subtle 2\"/>\r\n  <w:LsdException Locked=\"false\" SemiHidden=\"true\" UnhideWhenUsed=\"true\"\r\n   Name=\"Table Web 1\"/>\r\n  <w:LsdException Locked=\"false\" SemiHidden=\"true\" UnhideWhenUsed=\"true\"\r\n   Name=\"Table Web 2\"/>\r\n  <w:LsdException Locked=\"false\" SemiHidden=\"true\" UnhideWhenUsed=\"true\"\r\n   Name=\"Table Web 3\"/>\r\n  <w:LsdException Locked=\"false\" SemiHidden=\"true\" UnhideWhenUsed=\"true\"\r\n   Name=\"Balloon Text\"/>\r\n  <w:LsdException Locked=\"false\" Priority=\"39\" Name=\"Table Grid\"/>\r\n  <w:LsdException Locked=\"false\" SemiHidden=\"true\" UnhideWhenUsed=\"true\"\r\n   Name=\"Table Theme\"/>\r\n  <w:LsdException Locked=\"false\" SemiHidden=\"true\" UnhideWhenUsed=\"true\"\r\n   Name=\"Note Level 1\"/>\r\n  <w:LsdException Locked=\"false\" SemiHidden=\"true\" UnhideWhenUsed=\"true\"\r\n   Name=\"Note Level 2\"/>\r\n  <w:LsdException Locked=\"false\" SemiHidden=\"true\" UnhideWhenUsed=\"true\"\r\n   Name=\"Note Level 3\"/>\r\n  <w:LsdException Locked=\"false\" SemiHidden=\"true\" UnhideWhenUsed=\"true\"\r\n   Name=\"Note Level 4\"/>\r\n  <w:LsdException Locked=\"false\" SemiHidden=\"true\" UnhideWhenUsed=\"true\"\r\n   Name=\"Note Level 5\"/>\r\n  <w:LsdException Locked=\"false\" SemiHidden=\"true\" UnhideWhenUsed=\"true\"\r\n   Name=\"Note Level 6\"/>\r\n  <w:LsdException Locked=\"false\" SemiHidden=\"true\" UnhideWhenUsed=\"true\"\r\n   Name=\"Note Level 7\"/>\r\n  <w:LsdException Locked=\"false\" SemiHidden=\"true\" UnhideWhenUsed=\"true\"\r\n   Name=\"Note Level 8\"/>\r\n  <w:LsdException Locked=\"false\" SemiHidden=\"true\" UnhideWhenUsed=\"true\"\r\n   Name=\"Note Level 9\"/>\r\n  <w:LsdException Locked=\"false\" SemiHidden=\"true\" Name=\"Placeholder Text\"/>\r\n  <w:LsdException Locked=\"false\" Priority=\"1\" QFormat=\"true\" Name=\"No Spacing\"/>\r\n  <w:LsdException Locked=\"false\" Priority=\"60\" Name=\"Light Shading\"/>\r\n  <w:LsdException Locked=\"false\" Priority=\"61\" Name=\"Light List\"/>\r\n  <w:LsdException Locked=\"false\" Priority=\"62\" Name=\"Light Grid\"/>\r\n  <w:LsdException Locked=\"false\" Priority=\"63\" Name=\"Medium Shading 1\"/>\r\n  <w:LsdException Locked=\"false\" Priority=\"64\" Name=\"Medium Shading 2\"/>\r\n  <w:LsdException Locked=\"false\" Priority=\"65\" Name=\"Medium List 1\"/>\r\n  <w:LsdException Locked=\"false\" Priority=\"66\" Name=\"Medium List 2\"/>\r\n  <w:LsdException Locked=\"false\" Priority=\"67\" Name=\"Medium Grid 1\"/>\r\n  <w:LsdException Locked=\"false\" Priority=\"68\" Name=\"Medium Grid 2\"/>\r\n  <w:LsdException Locked=\"false\" Priority=\"69\" Name=\"Medium Grid 3\"/>\r\n  <w:LsdException Locked=\"false\" Priority=\"70\" Name=\"Dark List\"/>\r\n  <w:LsdException Locked=\"false\" Priority=\"71\" Name=\"Colorful Shading\"/>\r\n  <w:LsdException Locked=\"false\" Priority=\"72\" Name=\"Colorful List\"/>\r\n  <w:LsdException Locked=\"false\" Priority=\"73\" Name=\"Colorful Grid\"/>\r\n  <w:LsdException Locked=\"false\" Priority=\"60\" Name=\"Light Shading Accent 1\"/>\r\n  <w:LsdException Locked=\"false\" Priority=\"61\" Name=\"Light List Accent 1\"/>\r\n  <w:LsdException Locked=\"false\" Priority=\"62\" Name=\"Light Grid Accent 1\"/>\r\n  <w:LsdException Locked=\"false\" Priority=\"63\" Name=\"Medium Shading 1 Accent 1\"/>\r\n  <w:LsdException Locked=\"false\" Priority=\"64\" Name=\"Medium Shading 2 Accent 1\"/>\r\n  <w:LsdException Locked=\"false\" Priority=\"65\" Name=\"Medium List 1 Accent 1\"/>\r\n  <w:LsdException Locked=\"false\" SemiHidden=\"true\" Name=\"Revision\"/>\r\n  <w:LsdException Locked=\"false\" Priority=\"34\" QFormat=\"true\"\r\n   Name=\"List Paragraph\"/>\r\n  <w:LsdException Locked=\"false\" Priority=\"29\" QFormat=\"true\" Name=\"Quote\"/>\r\n  <w:LsdException Locked=\"false\" Priority=\"30\" QFormat=\"true\"\r\n   Name=\"Intense Quote\"/>\r\n  <w:LsdException Locked=\"false\" Priority=\"66\" Name=\"Medium List 2 Accent 1\"/>\r\n  <w:LsdException Locked=\"false\" Priority=\"67\" Name=\"Medium Grid 1 Accent 1\"/>\r\n  <w:LsdException Locked=\"false\" Priority=\"68\" Name=\"Medium Grid 2 Accent 1\"/>\r\n  <w:LsdException Locked=\"false\" Priority=\"69\" Name=\"Medium Grid 3 Accent 1\"/>\r\n  <w:LsdException Locked=\"false\" Priority=\"70\" Name=\"Dark List Accent 1\"/>\r\n  <w:LsdException Locked=\"false\" Priority=\"71\" Name=\"Colorful Shading Accent 1\"/>\r\n  <w:LsdException Locked=\"false\" Priority=\"72\" Name=\"Colorful List Accent 1\"/>\r\n  <w:LsdException Locked=\"false\" Priority=\"73\" Name=\"Colorful Grid Accent 1\"/>\r\n  <w:LsdException Locked=\"false\" Priority=\"60\" Name=\"Light Shading Accent 2\"/>\r\n  <w:LsdException Locked=\"false\" Priority=\"61\" Name=\"Light List Accent 2\"/>\r\n  <w:LsdException Locked=\"false\" Priority=\"62\" Name=\"Light Grid Accent 2\"/>\r\n  <w:LsdException Locked=\"false\" Priority=\"63\" Name=\"Medium Shading 1 Accent 2\"/>\r\n  <w:LsdException Locked=\"false\" Priority=\"64\" Name=\"Medium Shading 2 Accent 2\"/>\r\n  <w:LsdException Locked=\"false\" Priority=\"65\" Name=\"Medium List 1 Accent 2\"/>\r\n  <w:LsdException Locked=\"false\" Priority=\"66\" Name=\"Medium List 2 Accent 2\"/>\r\n  <w:LsdException Locked=\"false\" Priority=\"67\" Name=\"Medium Grid 1 Accent 2\"/>\r\n  <w:LsdException Locked=\"false\" Priority=\"68\" Name=\"Medium Grid 2 Accent 2\"/>\r\n  <w:LsdException Locked=\"false\" Priority=\"69\" Name=\"Medium Grid 3 Accent 2\"/>\r\n  <w:LsdException Locked=\"false\" Priority=\"70\" Name=\"Dark List Accent 2\"/>\r\n  <w:LsdException Locked=\"false\" Priority=\"71\" Name=\"Colorful Shading Accent 2\"/>\r\n  <w:LsdException Locked=\"false\" Priority=\"72\" Name=\"Colorful List Accent 2\"/>\r\n  <w:LsdException Locked=\"false\" Priority=\"73\" Name=\"Colorful Grid Accent 2\"/>\r\n  <w:LsdException Locked=\"false\" Priority=\"60\" Name=\"Light Shading Accent 3\"/>\r\n  <w:LsdException Locked=\"false\" Priority=\"61\" Name=\"Light List Accent 3\"/>\r\n  <w:LsdException Locked=\"false\" Priority=\"62\" Name=\"Light Grid Accent 3\"/>\r\n  <w:LsdException Locked=\"false\" Priority=\"63\" Name=\"Medium Shading 1 Accent 3\"/>\r\n  <w:LsdException Locked=\"false\" Priority=\"64\" Name=\"Medium Shading 2 Accent 3\"/>\r\n  <w:LsdException Locked=\"false\" Priority=\"65\" Name=\"Medium List 1 Accent 3\"/>\r\n  <w:LsdException Locked=\"false\" Priority=\"66\" Name=\"Medium List 2 Accent 3\"/>\r\n  <w:LsdException Locked=\"false\" Priority=\"67\" Name=\"Medium Grid 1 Accent 3\"/>\r\n  <w:LsdException Locked=\"false\" Priority=\"68\" Name=\"Medium Grid 2 Accent 3\"/>\r\n  <w:LsdException Locked=\"false\" Priority=\"69\" Name=\"Medium Grid 3 Accent 3\"/>\r\n  <w:LsdException Locked=\"false\" Priority=\"70\" Name=\"Dark List Accent 3\"/>\r\n  <w:LsdException Locked=\"false\" Priority=\"71\" Name=\"Colorful Shading Accent 3\"/>\r\n  <w:LsdException Locked=\"false\" Priority=\"72\" Name=\"Colorful List Accent 3\"/>\r\n  <w:LsdException Locked=\"false\" Priority=\"73\" Name=\"Colorful Grid Accent 3\"/>\r\n  <w:LsdException Locked=\"false\" Priority=\"60\" Name=\"Light Shading Accent 4\"/>\r\n  <w:LsdException Locked=\"false\" Priority=\"61\" Name=\"Light List Accent 4\"/>\r\n  <w:LsdException Locked=\"false\" Priority=\"62\" Name=\"Light Grid Accent 4\"/>\r\n  <w:LsdException Locked=\"false\" Priority=\"63\" Name=\"Medium Shading 1 Accent 4\"/>\r\n  <w:LsdException Locked=\"false\" Priority=\"64\" Name=\"Medium Shading 2 Accent 4\"/>\r\n  <w:LsdException Locked=\"false\" Priority=\"65\" Name=\"Medium List 1 Accent 4\"/>\r\n  <w:LsdException Locked=\"false\" Priority=\"66\" Name=\"Medium List 2 Accent 4\"/>\r\n  <w:LsdException Locked=\"false\" Priority=\"67\" Name=\"Medium Grid 1 Accent 4\"/>\r\n  <w:LsdException Locked=\"false\" Priority=\"68\" Name=\"Medium Grid 2 Accent 4\"/>\r\n  <w:LsdException Locked=\"false\" Priority=\"69\" Name=\"Medium Grid 3 Accent 4\"/>\r\n  <w:LsdException Locked=\"false\" Priority=\"70\" Name=\"Dark List Accent 4\"/>\r\n  <w:LsdException Locked=\"false\" Priority=\"71\" Name=\"Colorful Shading Accent 4\"/>\r\n  <w:LsdException Locked=\"false\" Priority=\"72\" Name=\"Colorful List Accent 4\"/>\r\n  <w:LsdException Locked=\"false\" Priority=\"73\" Name=\"Colorful Grid Accent 4\"/>\r\n  <w:LsdException Locked=\"false\" Priority=\"60\" Name=\"Light Shading Accent 5\"/>\r\n  <w:LsdException Locked=\"false\" Priority=\"61\" Name=\"Light List Accent 5\"/>\r\n  <w:LsdException Locked=\"false\" Priority=\"62\" Name=\"Light Grid Accent 5\"/>\r\n  <w:LsdException Locked=\"false\" Priority=\"63\" Name=\"Medium Shading 1 Accent 5\"/>\r\n  <w:LsdException Locked=\"false\" Priority=\"64\" Name=\"Medium Shading 2 Accent 5\"/>\r\n  <w:LsdException Locked=\"false\" Priority=\"65\" Name=\"Medium List 1 Accent 5\"/>\r\n  <w:LsdException Locked=\"false\" Priority=\"66\" Name=\"Medium List 2 Accent 5\"/>\r\n  <w:LsdException Locked=\"false\" Priority=\"67\" Name=\"Medium Grid 1 Accent 5\"/>\r\n  <w:LsdException Locked=\"false\" Priority=\"68\" Name=\"Medium Grid 2 Accent 5\"/>\r\n  <w:LsdException Locked=\"false\" Priority=\"69\" Name=\"Medium Grid 3 Accent 5\"/>\r\n  <w:LsdException Locked=\"false\" Priority=\"70\" Name=\"Dark List Accent 5\"/>\r\n  <w:LsdException Locked=\"false\" Priority=\"71\" Name=\"Colorful Shading Accent 5\"/>\r\n  <w:LsdException Locked=\"false\" Priority=\"72\" Name=\"Colorful List Accent 5\"/>\r\n  <w:LsdException Locked=\"false\" Priority=\"73\" Name=\"Colorful Grid Accent 5\"/>\r\n  <w:LsdException Locked=\"false\" Priority=\"60\" Name=\"Light Shading Accent 6\"/>\r\n  <w:LsdException Locked=\"false\" Priority=\"61\" Name=\"Light List Accent 6\"/>\r\n  <w:LsdException Locked=\"false\" Priority=\"62\" Name=\"Light Grid Accent 6\"/>\r\n  <w:LsdException Locked=\"false\" Priority=\"63\" Name=\"Medium Shading 1 Accent 6\"/>\r\n  <w:LsdException Locked=\"false\" Priority=\"64\" Name=\"Medium Shading 2 Accent 6\"/>\r\n  <w:LsdException Locked=\"false\" Priority=\"65\" Name=\"Medium List 1 Accent 6\"/>\r\n  <w:LsdException Locked=\"false\" Priority=\"66\" Name=\"Medium List 2 Accent 6\"/>\r\n  <w:LsdException Locked=\"false\" Priority=\"67\" Name=\"Medium Grid 1 Accent 6\"/>\r\n  <w:LsdException Locked=\"false\" Priority=\"68\" Name=\"Medium Grid 2 Accent 6\"/>\r\n  <w:LsdException Locked=\"false\" Priority=\"69\" Name=\"Medium Grid 3 Accent 6\"/>\r\n  <w:LsdException Locked=\"false\" Priority=\"70\" Name=\"Dark List Accent 6\"/>\r\n  <w:LsdException Locked=\"false\" Priority=\"71\" Name=\"Colorful Shading Accent 6\"/>\r\n  <w:LsdException Locked=\"false\" Priority=\"72\" Name=\"Colorful List Accent 6\"/>\r\n  <w:LsdException Locked=\"false\" Priority=\"73\" Name=\"Colorful Grid Accent 6\"/>\r\n  <w:LsdException Locked=\"false\" Priority=\"19\" QFormat=\"true\"\r\n   Name=\"Subtle Emphasis\"/>\r\n  <w:LsdException Locked=\"false\" Priority=\"21\" QFormat=\"true\"\r\n   Name=\"Intense Emphasis\"/>\r\n  <w:LsdException Locked=\"false\" Priority=\"31\" QFormat=\"true\"\r\n   Name=\"Subtle Reference\"/>\r\n  <w:LsdException Locked=\"false\" Priority=\"32\" QFormat=\"true\"\r\n   Name=\"Intense Reference\"/>\r\n  <w:LsdException Locked=\"false\" Priority=\"33\" QFormat=\"true\" Name=\"Book Title\"/>\r\n  <w:LsdException Locked=\"false\" Priority=\"37\" SemiHidden=\"true\"\r\n   UnhideWhenUsed=\"true\" Name=\"Bibliography\"/>\r\n  <w:LsdException Locked=\"false\" Priority=\"39\" SemiHidden=\"true\"\r\n   UnhideWhenUsed=\"true\" QFormat=\"true\" Name=\"TOC Heading\"/>\r\n  <w:LsdException Locked=\"false\" Priority=\"41\" Name=\"Plain Table 1\"/>\r\n  <w:LsdException Locked=\"false\" Priority=\"42\" Name=\"Plain Table 2\"/>\r\n  <w:LsdException Locked=\"false\" Priority=\"43\" Name=\"Plain Table 3\"/>\r\n  <w:LsdException Locked=\"false\" Priority=\"44\" Name=\"Plain Table 4\"/>\r\n  <w:LsdException Locked=\"false\" Priority=\"45\" Name=\"Plain Table 5\"/>\r\n  <w:LsdException Locked=\"false\" Priority=\"40\" Name=\"Grid Table Light\"/>\r\n  <w:LsdException Locked=\"false\" Priority=\"46\" Name=\"Grid Table 1 Light\"/>\r\n  <w:LsdException Locked=\"false\" Priority=\"47\" Name=\"Grid Table 2\"/>\r\n  <w:LsdException Locked=\"false\" Priority=\"48\" Name=\"Grid Table 3\"/>\r\n  <w:LsdException Locked=\"false\" Priority=\"49\" Name=\"Grid Table 4\"/>\r\n  <w:LsdException Locked=\"false\" Priority=\"50\" Name=\"Grid Table 5 Dark\"/>\r\n  <w:LsdException Locked=\"false\" Priority=\"51\" Name=\"Grid Table 6 Colorful\"/>\r\n  <w:LsdException Locked=\"false\" Priority=\"52\" Name=\"Grid Table 7 Colorful\"/>\r\n  <w:LsdException Locked=\"false\" Priority=\"46\"\r\n   Name=\"Grid Table 1 Light Accent 1\"/>\r\n  <w:LsdException Locked=\"false\" Priority=\"47\" Name=\"Grid Table 2 Accent 1\"/>\r\n  <w:LsdException Locked=\"false\" Priority=\"48\" Name=\"Grid Table 3 Accent 1\"/>\r\n  <w:LsdException Locked=\"false\" Priority=\"49\" Name=\"Grid Table 4 Accent 1\"/>\r\n  <w:LsdException Locked=\"false\" Priority=\"50\" Name=\"Grid Table 5 Dark Accent 1\"/>\r\n  <w:LsdException Locked=\"false\" Priority=\"51\"\r\n   Name=\"Grid Table 6 Colorful Accent 1\"/>\r\n  <w:LsdException Locked=\"false\" Priority=\"52\"\r\n   Name=\"Grid Table 7 Colorful Accent 1\"/>\r\n  <w:LsdException Locked=\"false\" Priority=\"46\"\r\n   Name=\"Grid Table 1 Light Accent 2\"/>\r\n  <w:LsdException Locked=\"false\" Priority=\"47\" Name=\"Grid Table 2 Accent 2\"/>\r\n  <w:LsdException Locked=\"false\" Priority=\"48\" Name=\"Grid Table 3 Accent 2\"/>\r\n  <w:LsdException Locked=\"false\" Priority=\"49\" Name=\"Grid Table 4 Accent 2\"/>\r\n  <w:LsdException Locked=\"false\" Priority=\"50\" Name=\"Grid Table 5 Dark Accent 2\"/>\r\n  <w:LsdException Locked=\"false\" Priority=\"51\"\r\n   Name=\"Grid Table 6 Colorful Accent 2\"/>\r\n  <w:LsdException Locked=\"false\" Priority=\"52\"\r\n   Name=\"Grid Table 7 Colorful Accent 2\"/>\r\n  <w:LsdException Locked=\"false\" Priority=\"46\"\r\n   Name=\"Grid Table 1 Light Accent 3\"/>\r\n  <w:LsdException Locked=\"false\" Priority=\"47\" Name=\"Grid Table 2 Accent 3\"/>\r\n  <w:LsdException Locked=\"false\" Priority=\"48\" Name=\"Grid Table 3 Accent 3\"/>\r\n  <w:LsdException Locked=\"false\" Priority=\"49\" Name=\"Grid Table 4 Accent 3\"/>\r\n  <w:LsdException Locked=\"false\" Priority=\"50\" Name=\"Grid Table 5 Dark Accent 3\"/>\r\n  <w:LsdException Locked=\"false\" Priority=\"51\"\r\n   Name=\"Grid Table 6 Colorful Accent 3\"/>\r\n  <w:LsdException Locked=\"false\" Priority=\"52\"\r\n   Name=\"Grid Table 7 Colorful Accent 3\"/>\r\n  <w:LsdException Locked=\"false\" Priority=\"46\"\r\n   Name=\"Grid Table 1 Light Accent 4\"/>\r\n  <w:LsdException Locked=\"false\" Priority=\"47\" Name=\"Grid Table 2 Accent 4\"/>\r\n  <w:LsdException Locked=\"false\" Priority=\"48\" Name=\"Grid Table 3 Accent 4\"/>\r\n  <w:LsdException Locked=\"false\" Priority=\"49\" Name=\"Grid Table 4 Accent 4\"/>\r\n  <w:LsdException Locked=\"false\" Priority=\"50\" Name=\"Grid Table 5 Dark Accent 4\"/>\r\n  <w:LsdException Locked=\"false\" Priority=\"51\"\r\n   Name=\"Grid Table 6 Colorful Accent 4\"/>\r\n  <w:LsdException Locked=\"false\" Priority=\"52\"\r\n   Name=\"Grid Table 7 Colorful Accent 4\"/>\r\n  <w:LsdException Locked=\"false\" Priority=\"46\"\r\n   Name=\"Grid Table 1 Light Accent 5\"/>\r\n  <w:LsdException Locked=\"false\" Priority=\"47\" Name=\"Grid Table 2 Accent 5\"/>\r\n  <w:LsdException Locked=\"false\" Priority=\"48\" Name=\"Grid Table 3 Accent 5\"/>\r\n  <w:LsdException Locked=\"false\" Priority=\"49\" Name=\"Grid Table 4 Accent 5\"/>\r\n  <w:LsdException Locked=\"false\" Priority=\"50\" Name=\"Grid Table 5 Dark Accent 5\"/>\r\n  <w:LsdException Locked=\"false\" Priority=\"51\"\r\n   Name=\"Grid Table 6 Colorful Accent 5\"/>\r\n  <w:LsdException Locked=\"false\" Priority=\"52\"\r\n   Name=\"Grid Table 7 Colorful Accent 5\"/>\r\n  <w:LsdException Locked=\"false\" Priority=\"46\"\r\n   Name=\"Grid Table 1 Light Accent 6\"/>\r\n  <w:LsdException Locked=\"false\" Priority=\"47\" Name=\"Grid Table 2 Accent 6\"/>\r\n  <w:LsdException Locked=\"false\" Priority=\"48\" Name=\"Grid Table 3 Accent 6\"/>\r\n  <w:LsdException Locked=\"false\" Priority=\"49\" Name=\"Grid Table 4 Accent 6\"/>\r\n  <w:LsdException Locked=\"false\" Priority=\"50\" Name=\"Grid Table 5 Dark Accent 6\"/>\r\n  <w:LsdException Locked=\"false\" Priority=\"51\"\r\n   Name=\"Grid Table 6 Colorful Accent 6\"/>\r\n  <w:LsdException Locked=\"false\" Priority=\"52\"\r\n   Name=\"Grid Table 7 Colorful Accent 6\"/>\r\n  <w:LsdException Locked=\"false\" Priority=\"46\" Name=\"List Table 1 Light\"/>\r\n  <w:LsdException Locked=\"false\" Priority=\"47\" Name=\"List Table 2\"/>\r\n  <w:LsdException Locked=\"false\" Priority=\"48\" Name=\"List Table 3\"/>\r\n  <w:LsdException Locked=\"false\" Priority=\"49\" Name=\"List Table 4\"/>\r\n  <w:LsdException Locked=\"false\" Priority=\"50\" Name=\"List Table 5 Dark\"/>\r\n  <w:LsdException Locked=\"false\" Priority=\"51\" Name=\"List Table 6 Colorful\"/>\r\n  <w:LsdException Locked=\"false\" Priority=\"52\" Name=\"List Table 7 Colorful\"/>\r\n  <w:LsdException Locked=\"false\" Priority=\"46\"\r\n   Name=\"List Table 1 Light Accent 1\"/>\r\n  <w:LsdException Locked=\"false\" Priority=\"47\" Name=\"List Table 2 Accent 1\"/>\r\n  <w:LsdException Locked=\"false\" Priority=\"48\" Name=\"List Table 3 Accent 1\"/>\r\n  <w:LsdException Locked=\"false\" Priority=\"49\" Name=\"List Table 4 Accent 1\"/>\r\n  <w:LsdException Locked=\"false\" Priority=\"50\" Name=\"List Table 5 Dark Accent 1\"/>\r\n  <w:LsdException Locked=\"false\" Priority=\"51\"\r\n   Name=\"List Table 6 Colorful Accent 1\"/>\r\n  <w:LsdException Locked=\"false\" Priority=\"52\"\r\n   Name=\"List Table 7 Colorful Accent 1\"/>\r\n  <w:LsdException Locked=\"false\" Priority=\"46\"\r\n   Name=\"List Table 1 Light Accent 2\"/>\r\n  <w:LsdException Locked=\"false\" Priority=\"47\" Name=\"List Table 2 Accent 2\"/>\r\n  <w:LsdException Locked=\"false\" Priority=\"48\" Name=\"List Table 3 Accent 2\"/>\r\n  <w:LsdException Locked=\"false\" Priority=\"49\" Name=\"List Table 4 Accent 2\"/>\r\n  <w:LsdException Locked=\"false\" Priority=\"50\" Name=\"List Table 5 Dark Accent 2\"/>\r\n  <w:LsdException Locked=\"false\" Priority=\"51\"\r\n   Name=\"List Table 6 Colorful Accent 2\"/>\r\n  <w:LsdException Locked=\"false\" Priority=\"52\"\r\n   Name=\"List Table 7 Colorful Accent 2\"/>\r\n  <w:LsdException Locked=\"false\" Priority=\"46\"\r\n   Name=\"List Table 1 Light Accent 3\"/>\r\n  <w:LsdException Locked=\"false\" Priority=\"47\" Name=\"List Table 2 Accent 3\"/>\r\n  <w:LsdException Locked=\"false\" Priority=\"48\" Name=\"List Table 3 Accent 3\"/>\r\n  <w:LsdException Locked=\"false\" Priority=\"49\" Name=\"List Table 4 Accent 3\"/>\r\n  <w:LsdException Locked=\"false\" Priority=\"50\" Name=\"List Table 5 Dark Accent 3\"/>\r\n  <w:LsdException Locked=\"false\" Priority=\"51\"\r\n   Name=\"List Table 6 Colorful Accent 3\"/>\r\n  <w:LsdException Locked=\"false\" Priority=\"52\"\r\n   Name=\"List Table 7 Colorful Accent 3\"/>\r\n  <w:LsdException Locked=\"false\" Priority=\"46\"\r\n   Name=\"List Table 1 Light Accent 4\"/>\r\n  <w:LsdException Locked=\"false\" Priority=\"47\" Name=\"List Table 2 Accent 4\"/>\r\n  <w:LsdException Locked=\"false\" Priority=\"48\" Name=\"List Table 3 Accent 4\"/>\r\n  <w:LsdException Locked=\"false\" Priority=\"49\" Name=\"List Table 4 Accent 4\"/>\r\n  <w:LsdException Locked=\"false\" Priority=\"50\" Name=\"List Table 5 Dark Accent 4\"/>\r\n  <w:LsdException Locked=\"false\" Priority=\"51\"\r\n   Name=\"List Table 6 Colorful Accent 4\"/>\r\n  <w:LsdException Locked=\"false\" Priority=\"52\"\r\n   Name=\"List Table 7 Colorful Accent 4\"/>\r\n  <w:LsdException Locked=\"false\" Priority=\"46\"\r\n   Name=\"List Table 1 Light Accent 5\"/>\r\n  <w:LsdException Locked=\"false\" Priority=\"47\" Name=\"List Table 2 Accent 5\"/>\r\n  <w:LsdException Locked=\"false\" Priority=\"48\" Name=\"List Table 3 Accent 5\"/>\r\n  <w:LsdException Locked=\"false\" Priority=\"49\" Name=\"List Table 4 Accent 5\"/>\r\n  <w:LsdException Locked=\"false\" Priority=\"50\" Name=\"List Table 5 Dark Accent 5\"/>\r\n  <w:LsdException Locked=\"false\" Priority=\"51\"\r\n   Name=\"List Table 6 Colorful Accent 5\"/>\r\n  <w:LsdException Locked=\"false\" Priority=\"52\"\r\n   Name=\"List Table 7 Colorful Accent 5\"/>\r\n  <w:LsdException Locked=\"false\" Priority=\"46\"\r\n   Name=\"List Table 1 Light Accent 6\"/>\r\n  <w:LsdException Locked=\"false\" Priority=\"47\" Name=\"List Table 2 Accent 6\"/>\r\n  <w:LsdException Locked=\"false\" Priority=\"48\" Name=\"List Table 3 Accent 6\"/>\r\n  <w:LsdException Locked=\"false\" Priority=\"49\" Name=\"List Table 4 Accent 6\"/>\r\n  <w:LsdException Locked=\"false\" Priority=\"50\" Name=\"List Table 5 Dark Accent 6\"/>\r\n  <w:LsdException Locked=\"false\" Priority=\"51\"\r\n   Name=\"List Table 6 Colorful Accent 6\"/>\r\n  <w:LsdException Locked=\"false\" Priority=\"52\"\r\n   Name=\"List Table 7 Colorful Accent 6\"/>\r\n  <w:LsdException Locked=\"false\" SemiHidden=\"true\" UnhideWhenUsed=\"true\"\r\n   Name=\"Mention\"/>\r\n  <w:LsdException Locked=\"false\" SemiHidden=\"true\" UnhideWhenUsed=\"true\"\r\n   Name=\"Smart Hyperlink\"/>\r\n </w:LatentStyles>\r\n</xml><![endif]-->\r\n<style>\r\n<!--\r\n /* Font Definitions */\r\n@font-face\r\n	{font-family:Wingdings;\r\n	panose-1:5 0 0 0 0 0 0 0 0 0;\r\n	mso-font-charset:2;\r\n	mso-generic-font-family:auto;\r\n	mso-font-pitch:variable;\r\n	mso-font-signature:0 268435456 0 0 -2147483648 0;}\r\n@font-face\r\n	{font-family:\"Cambria Math\";\r\n	panose-1:2 4 5 3 5 4 6 3 2 4;\r\n	mso-font-charset:0;\r\n	mso-generic-font-family:auto;\r\n	mso-font-pitch:variable;\r\n	mso-font-signature:-536870145 1107305727 0 0 415 0;}\r\n@font-face\r\n	{font-family:Calibri;\r\n	panose-1:2 15 5 2 2 2 4 3 2 4;\r\n	mso-font-charset:0;\r\n	mso-generic-font-family:auto;\r\n	mso-font-pitch:variable;\r\n	mso-font-signature:-536870145 1073786111 1 0 415 0;}\r\n@font-face\r\n	{font-family:DaunPenh;\r\n	panose-1:1 1 1 1 1 1 1 1 1 1;\r\n	mso-font-charset:0;\r\n	mso-generic-font-family:auto;\r\n	mso-font-pitch:variable;\r\n	mso-font-signature:3 0 65536 0 1 0;}\r\n@font-face\r\n	{font-family:\"Open Sans\";\r\n	mso-font-alt:Calibri;\r\n	mso-font-charset:0;\r\n	mso-generic-font-family:swiss;\r\n	mso-font-pitch:variable;\r\n	mso-font-signature:-536870161 1073750107 40 0 415 0;}\r\n /* Style Definitions */\r\np.MsoNormal, li.MsoNormal, div.MsoNormal\r\n	{mso-style-unhide:no;\r\n	mso-style-qformat:yes;\r\n	mso-style-parent:\"\";\r\n	margin:0cm;\r\n	margin-bottom:.0001pt;\r\n	mso-pagination:widow-orphan;\r\n	font-size:11.0pt;\r\n	mso-bidi-font-size:18.0pt;\r\n	font-family:Calibri;\r\n	mso-ascii-font-family:Calibri;\r\n	mso-ascii-theme-font:minor-latin;\r\n	mso-fareast-font-family:Calibri;\r\n	mso-fareast-theme-font:minor-latin;\r\n	mso-hansi-font-family:Calibri;\r\n	mso-hansi-theme-font:minor-latin;\r\n	mso-bidi-font-family:DaunPenh;\r\n	mso-bidi-theme-font:minor-bidi;}\r\n.MsoChpDefault\r\n	{mso-style-type:export-only;\r\n	mso-default-props:yes;\r\n	font-size:11.0pt;\r\n	mso-ansi-font-size:11.0pt;\r\n	mso-bidi-font-size:18.0pt;\r\n	font-family:Calibri;\r\n	mso-ascii-font-family:Calibri;\r\n	mso-ascii-theme-font:minor-latin;\r\n	mso-fareast-font-family:Calibri;\r\n	mso-fareast-theme-font:minor-latin;\r\n	mso-hansi-font-family:Calibri;\r\n	mso-hansi-theme-font:minor-latin;\r\n	mso-bidi-font-family:DaunPenh;\r\n	mso-bidi-theme-font:minor-bidi;}\r\n@page WordSection1\r\n	{size:612.0pt 792.0pt;\r\n	margin:72.0pt 72.0pt 72.0pt 72.0pt;\r\n	mso-header-margin:36.0pt;\r\n	mso-footer-margin:36.0pt;\r\n	mso-paper-source:0;}\r\ndiv.WordSection1\r\n	{page:WordSection1;}\r\n-->\r\n</style>\r\n<!--[if gte mso 10]>\r\n<style>\r\n /* Style Definitions */\r\ntable.MsoNormalTable\r\n	{mso-style-name:\"Table Normal\";\r\n	mso-tstyle-rowband-size:0;\r\n	mso-tstyle-colband-size:0;\r\n	mso-style-noshow:yes;\r\n	mso-style-priority:99;\r\n	mso-style-parent:\"\";\r\n	mso-padding-alt:0cm 5.4pt 0cm 5.4pt;\r\n	mso-para-margin:0cm;\r\n	mso-para-margin-bottom:.0001pt;\r\n	mso-pagination:widow-orphan;\r\n	font-size:11.0pt;\r\n	mso-bidi-font-size:18.0pt;\r\n	font-family:Calibri;\r\n	mso-ascii-font-family:Calibri;\r\n	mso-ascii-theme-font:minor-latin;\r\n	mso-hansi-font-family:Calibri;\r\n	mso-hansi-theme-font:minor-latin;}\r\ntable.MsoTableGrid\r\n	{mso-style-name:\"Table Grid\";\r\n	mso-tstyle-rowband-size:0;\r\n	mso-tstyle-colband-size:0;\r\n	mso-style-priority:39;\r\n	mso-style-unhide:no;\r\n	border:solid windowtext 1.0pt;\r\n	mso-border-alt:solid windowtext .5pt;\r\n	mso-padding-alt:0cm 5.4pt 0cm 5.4pt;\r\n	mso-border-insideh:.5pt solid windowtext;\r\n	mso-border-insidev:.5pt solid windowtext;\r\n	mso-para-margin:0cm;\r\n	mso-para-margin-bottom:.0001pt;\r\n	mso-pagination:widow-orphan;\r\n	font-size:11.0pt;\r\n	mso-bidi-font-size:18.0pt;\r\n	font-family:Calibri;\r\n	mso-ascii-font-family:Calibri;\r\n	mso-ascii-theme-font:minor-latin;\r\n	mso-hansi-font-family:Calibri;\r\n	mso-hansi-theme-font:minor-latin;}\r\n</style>\r\n<![endif]--><!--[if gte mso 9]><xml>\r\n <o:shapedefaults v:ext=\"edit\" spidmax=\"1027\"/>\r\n</xml><![endif]--><!--[if gte mso 9]><xml>\r\n <o:shapelayout v:ext=\"edit\">\r\n  <o:idmap v:ext=\"edit\" data=\"1\"/>\r\n </o:shapelayout></xml><![endif]-->\r\n\r\n\r\n\r\n<!--StartFragment-->\r\n\r\n\r\n\r\n\r\n  <!--[endif]-->\r\n<o:p>&nbsp;</o:p></p><table class=\"MsoTableGrid\" border=\"1\" cellspacing=\"0\" cellpadding=\"0\" style=\"border-collapse:collapse;border:none;mso-border-alt:solid #FF6B00 .5pt;\r\n mso-yfti-tbllook:1184;mso-padding-alt:0cm 5.4pt 0cm 5.4pt;mso-border-insideh:\r\n none;mso-border-insidev:none\">\r\n <tbody><tr style=\"mso-yfti-irow:0;mso-yfti-firstrow:yes;height:26.65pt\">\r\n  <td width=\"99\" rowspan=\"3\" style=\"width:99.0pt;border:solid #FF6B00 1.0pt;\r\n  mso-border-alt:solid #FF6B00 .5pt;background:white;mso-background-themecolor:\r\n  background1;padding:0cm 5.4pt 0cm 5.4pt;height:26.65pt\">\r\n  <p class=\"MsoNormal\" align=\"center\" style=\"text-align:center\"><span style=\"font-size:20.0pt;font-family:&quot;Open Sans&quot;,&quot;sans-serif&quot;;mso-bidi-font-family:\r\n  &quot;Open Sans&quot;;color:white;mso-themecolor:background1;mso-no-proof:yes\"><v:shapetype id=\"_x0000_t75\" coordsize=\"21600,21600\" o:spt=\"75\" o:preferrelative=\"t\" path=\"m@4@5l@4@11@9@11@9@5xe\" filled=\"f\" stroked=\"f\">\r\n   <v:stroke joinstyle=\"miter\">\r\n   <v:formulas>\r\n    <v:f eqn=\"if lineDrawn pixelLineWidth 0\">\r\n    <v:f eqn=\"sum @0 1 0\">\r\n    <v:f eqn=\"sum 0 0 @1\">\r\n    <v:f eqn=\"prod @2 1 2\">\r\n    <v:f eqn=\"prod @3 21600 pixelWidth\">\r\n    <v:f eqn=\"prod @3 21600 pixelHeight\">\r\n    <v:f eqn=\"sum @0 0 1\">\r\n    <v:f eqn=\"prod @6 1 2\">\r\n    <v:f eqn=\"prod @7 21600 pixelWidth\">\r\n    <v:f eqn=\"sum @8 21600 0\">\r\n    <v:f eqn=\"prod @7 21600 pixelHeight\">\r\n    <v:f eqn=\"sum @10 21600 0\">\r\n   </v:f></v:f></v:f></v:f></v:f></v:f></v:f></v:f></v:f></v:f></v:f></v:f></v:formulas>\r\n   <v:path o:extrusionok=\"f\" gradientshapeok=\"t\" o:connecttype=\"rect\">\r\n   <o:lock v:ext=\"edit\" aspectratio=\"t\">\r\n  </o:lock></v:path></v:stroke></v:shapetype><v:shape id=\"Picture_x0020_6\" o:spid=\"_x0000_i1025\" type=\"#_x0000_t75\" style=\"width:28pt;height:28pt;visibility:visible;mso-wrap-style:square\">\r\n   <v:imagedata src=\"file://localhost/Users/saody/Library/Group%20Containers/UBF8T346G9.Office/msoclip1/01/clip_image001.emz\" o:title=\"\">\r\n  </v:imagedata></v:shape></span><span style=\"font-size:20.0pt;font-family:&quot;Open Sans&quot;,&quot;sans-serif&quot;;\r\n  mso-bidi-font-family:&quot;Open Sans&quot;;color:white;mso-themecolor:background1;\r\n  mso-style-textoutline-type:none;mso-style-textoutline-outlinestyle-dpiwidth:\r\n  0pt;mso-style-textoutline-outlinestyle-linecap:flat;mso-style-textoutline-outlinestyle-join:\r\n  round;mso-style-textoutline-outlinestyle-pctmiterlimit:0%;mso-style-textoutline-outlinestyle-dash:\r\n  solid;mso-style-textoutline-outlinestyle-align:center;mso-style-textoutline-outlinestyle-compound:\r\n  simple;mso-effects-shadow-color:black;mso-effects-shadow-themecolor:dark1;\r\n  mso-effects-shadow-alpha:40.0%;mso-effects-shadow-dpiradius:3.0pt;mso-effects-shadow-dpidistance:\r\n  1.5pt;mso-effects-shadow-angledirection:2700000;mso-effects-shadow-align:\r\n  topleft;mso-effects-shadow-pctsx:100.0%;mso-effects-shadow-pctsy:100.0%;\r\n  mso-effects-shadow-anglekx:0;mso-effects-shadow-angleky:0\"><span style=\"mso-spacerun:yes\">&nbsp;</span></span><span style=\"font-size:20.0pt;\r\n  font-family:&quot;Open Sans&quot;,&quot;sans-serif&quot;;mso-bidi-font-family:&quot;Open Sans&quot;\"><o:p></o:p></span></p>\r\n  </td>\r\n  <td width=\"170\" rowspan=\"3\" style=\"width:6.0cm;border:solid #FF6B00 1.0pt;\r\n  border-left:none;mso-border-left-alt:solid #FF6B00 .5pt;mso-border-alt:solid #FF6B00 .5pt;\r\n  background:white;mso-background-themecolor:background1;padding:0cm 5.4pt 0cm 5.4pt;\r\n  height:26.65pt\">\r\n  <p class=\"MsoNormal\" align=\"center\" style=\"text-align:center\"><span style=\"font-size:20.0pt;font-family:&quot;Open Sans&quot;,&quot;sans-serif&quot;;mso-bidi-font-family:\r\n  &quot;Open Sans&quot;;color:#FF6B00;mso-style-textoutline-type:none;mso-style-textoutline-outlinestyle-dpiwidth:\r\n  0pt;mso-style-textoutline-outlinestyle-linecap:flat;mso-style-textoutline-outlinestyle-join:\r\n  round;mso-style-textoutline-outlinestyle-pctmiterlimit:0%;mso-style-textoutline-outlinestyle-dash:\r\n  solid;mso-style-textoutline-outlinestyle-align:center;mso-style-textoutline-outlinestyle-compound:\r\n  simple;mso-effects-shadow-color:black;mso-effects-shadow-themecolor:dark1;\r\n  mso-effects-shadow-alpha:40.0%;mso-effects-shadow-dpiradius:3.0pt;mso-effects-shadow-dpidistance:\r\n  1.5pt;mso-effects-shadow-angledirection:2700000;mso-effects-shadow-align:\r\n  topleft;mso-effects-shadow-pctsx:100.0%;mso-effects-shadow-pctsy:100.0%;\r\n  mso-effects-shadow-anglekx:0;mso-effects-shadow-angleky:0\">eO-BMS</span><span style=\"font-size:20.0pt;font-family:&quot;Open Sans&quot;,&quot;sans-serif&quot;;mso-bidi-font-family:\r\n  &quot;Open Sans&quot;\"><o:p></o:p></span></p>\r\n  </td>\r\n  <td width=\"212\" colspan=\"2\" style=\"width:212.3pt;border:solid #FF6B00 1.0pt;\r\n  border-left:none;mso-border-left-alt:solid #FF6B00 .5pt;mso-border-alt:solid #FF6B00 .5pt;\r\n  background:#FF6B00;padding:0cm 5.4pt 0cm 5.4pt;height:26.65pt\">\r\n  <p class=\"MsoNormal\" align=\"center\" style=\"text-align:center\"><span style=\"font-size:12.0pt;font-family:&quot;Open Sans&quot;,&quot;sans-serif&quot;;mso-bidi-font-family:\r\n  &quot;Open Sans&quot;;color:black;mso-themecolor:text1;mso-style-textoutline-type:none;\r\n  mso-style-textoutline-outlinestyle-dpiwidth:0pt;mso-style-textoutline-outlinestyle-linecap:\r\n  flat;mso-style-textoutline-outlinestyle-join:round;mso-style-textoutline-outlinestyle-pctmiterlimit:\r\n  0%;mso-style-textoutline-outlinestyle-dash:solid;mso-style-textoutline-outlinestyle-align:\r\n  center;mso-style-textoutline-outlinestyle-compound:simple;mso-effects-shadow-color:\r\n  black;mso-effects-shadow-themecolor:dark1;mso-effects-shadow-alpha:40.0%;\r\n  mso-effects-shadow-dpiradius:3.0pt;mso-effects-shadow-dpidistance:1.5pt;\r\n  mso-effects-shadow-angledirection:2700000;mso-effects-shadow-align:topleft;\r\n  mso-effects-shadow-pctsx:100.0%;mso-effects-shadow-pctsy:100.0%;mso-effects-shadow-anglekx:\r\n  0;mso-effects-shadow-angleky:0\">RATES</span><span style=\"font-size:12.0pt;\r\n  font-family:&quot;Open Sans&quot;,&quot;sans-serif&quot;;mso-bidi-font-family:&quot;Open Sans&quot;\"><o:p></o:p></span></p>\r\n  </td>\r\n </tr>\r\n <tr style=\"mso-yfti-irow:1;height:22.75pt\">\r\n  <td width=\"106\" style=\"width:106.15pt;border-top:none;border-left:none;\r\n  border-bottom:solid #FF6B00 1.0pt;border-right:solid #FF6B00 1.0pt;\r\n  mso-border-top-alt:solid #FF6B00 .5pt;mso-border-left-alt:solid #FF6B00 .5pt;\r\n  mso-border-alt:solid #FF6B00 .5pt;background:white;mso-background-themecolor:\r\n  background1;padding:0cm 5.4pt 0cm 5.4pt;height:22.75pt\">\r\n  <p class=\"MsoNormal\" align=\"center\" style=\"text-align:center\"><b><span style=\"color:#FF6B00;mso-style-textoutline-type:none;mso-style-textoutline-outlinestyle-dpiwidth:\r\n  0pt;mso-style-textoutline-outlinestyle-linecap:flat;mso-style-textoutline-outlinestyle-join:\r\n  round;mso-style-textoutline-outlinestyle-pctmiterlimit:0%;mso-style-textoutline-outlinestyle-dash:\r\n  solid;mso-style-textoutline-outlinestyle-align:center;mso-style-textoutline-outlinestyle-compound:\r\n  simple\">STANDARD<o:p></o:p></span></b></p>\r\n  </td>\r\n  <td width=\"106\" style=\"width:106.15pt;border-top:none;border-left:none;\r\n  border-bottom:solid #FF6B00 1.0pt;border-right:solid #FF6B00 1.0pt;\r\n  mso-border-top-alt:solid #FF6B00 .5pt;mso-border-left-alt:solid #FF6B00 .5pt;\r\n  mso-border-alt:solid #FF6B00 .5pt;background:white;mso-background-themecolor:\r\n  background1;padding:0cm 5.4pt 0cm 5.4pt;height:22.75pt\">\r\n  <p class=\"MsoNormal\" align=\"center\" style=\"text-align:center\"><b><span style=\"color:#FF6B00;mso-style-textoutline-type:none;mso-style-textoutline-outlinestyle-dpiwidth:\r\n  0pt;mso-style-textoutline-outlinestyle-linecap:flat;mso-style-textoutline-outlinestyle-join:\r\n  round;mso-style-textoutline-outlinestyle-pctmiterlimit:0%;mso-style-textoutline-outlinestyle-dash:\r\n  solid;mso-style-textoutline-outlinestyle-align:center;mso-style-textoutline-outlinestyle-compound:\r\n  simple\">PREMIUM<o:p></o:p></span></b></p>\r\n  </td>\r\n </tr>\r\n <tr style=\"mso-yfti-irow:2;height:25.85pt\">\r\n  <td width=\"106\" style=\"width:106.15pt;border-top:none;border-left:none;\r\n  border-bottom:solid #FF6B00 1.0pt;border-right:solid #FF6B00 1.0pt;\r\n  mso-border-top-alt:solid #FF6B00 .5pt;mso-border-left-alt:solid #FF6B00 .5pt;\r\n  mso-border-alt:solid #FF6B00 .5pt;padding:0cm 5.4pt 0cm 5.4pt;height:25.85pt\">\r\n  <p class=\"MsoNormal\" align=\"center\" style=\"text-align:center\"><span style=\"color:black;mso-themecolor:text1;mso-style-textoutline-type:none;\r\n  mso-style-textoutline-outlinestyle-dpiwidth:0pt;mso-style-textoutline-outlinestyle-linecap:\r\n  flat;mso-style-textoutline-outlinestyle-join:round;mso-style-textoutline-outlinestyle-pctmiterlimit:\r\n  0%;mso-style-textoutline-outlinestyle-dash:solid;mso-style-textoutline-outlinestyle-align:\r\n  center;mso-style-textoutline-outlinestyle-compound:simple;mso-effects-shadow-color:\r\n  black;mso-effects-shadow-themecolor:dark1;mso-effects-shadow-alpha:40.0%;\r\n  mso-effects-shadow-dpiradius:3.0pt;mso-effects-shadow-dpidistance:1.5pt;\r\n  mso-effects-shadow-angledirection:2700000;mso-effects-shadow-align:topleft;\r\n  mso-effects-shadow-pctsx:100.0%;mso-effects-shadow-pctsy:100.0%;mso-effects-shadow-anglekx:\r\n  0;mso-effects-shadow-angleky:0\">USD$ 159 /month<o:p></o:p></span></p>\r\n  </td>\r\n  <td width=\"106\" style=\"width:106.15pt;border-top:none;border-left:none;\r\n  border-bottom:solid #FF6B00 1.0pt;border-right:solid #FF6B00 1.0pt;\r\n  mso-border-top-alt:solid #FF6B00 .5pt;mso-border-left-alt:solid #FF6B00 .5pt;\r\n  mso-border-alt:solid #FF6B00 .5pt;padding:0cm 5.4pt 0cm 5.4pt;height:25.85pt\">\r\n  <p class=\"MsoNormal\" align=\"center\" style=\"text-align:center\"><span style=\"color:black;mso-themecolor:text1;mso-style-textoutline-type:none;\r\n  mso-style-textoutline-outlinestyle-dpiwidth:0pt;mso-style-textoutline-outlinestyle-linecap:\r\n  flat;mso-style-textoutline-outlinestyle-join:round;mso-style-textoutline-outlinestyle-pctmiterlimit:\r\n  0%;mso-style-textoutline-outlinestyle-dash:solid;mso-style-textoutline-outlinestyle-align:\r\n  center;mso-style-textoutline-outlinestyle-compound:simple;mso-effects-shadow-color:\r\n  black;mso-effects-shadow-themecolor:dark1;mso-effects-shadow-alpha:40.0%;\r\n  mso-effects-shadow-dpiradius:3.0pt;mso-effects-shadow-dpidistance:1.5pt;\r\n  mso-effects-shadow-angledirection:2700000;mso-effects-shadow-align:topleft;\r\n  mso-effects-shadow-pctsx:100.0%;mso-effects-shadow-pctsy:100.0%;mso-effects-shadow-anglekx:\r\n  0;mso-effects-shadow-angleky:0\">USD$ 299 /month<o:p></o:p></span></p>\r\n  </td>\r\n </tr>\r\n <tr style=\"mso-yfti-irow:3;height:25.85pt\">\r\n  <td width=\"481\" colspan=\"4\" style=\"width:481.4pt;border-top:none;border-left:\r\n  solid #FF6B00 1.0pt;border-bottom:none;border-right:solid #FF6B00 1.0pt;\r\n  mso-border-left-alt:solid #FF6B00 .5pt;mso-border-right-alt:solid #FF6B00 .5pt;\r\n  background:#00B0F0;padding:0cm 5.4pt 0cm 5.4pt;height:25.85pt\">\r\n  <p class=\"MsoNormal\" style=\"margin-left:15.8pt\"><span style=\"font-size:16.0pt;\r\n  color:white;mso-themecolor:background1;mso-style-textoutline-type:none;\r\n  mso-style-textoutline-outlinestyle-dpiwidth:0pt;mso-style-textoutline-outlinestyle-linecap:\r\n  flat;mso-style-textoutline-outlinestyle-join:round;mso-style-textoutline-outlinestyle-pctmiterlimit:\r\n  0%;mso-style-textoutline-outlinestyle-dash:solid;mso-style-textoutline-outlinestyle-align:\r\n  center;mso-style-textoutline-outlinestyle-compound:simple;mso-effects-shadow-color:\r\n  black;mso-effects-shadow-themecolor:dark1;mso-effects-shadow-alpha:40.0%;\r\n  mso-effects-shadow-dpiradius:3.0pt;mso-effects-shadow-dpidistance:1.5pt;\r\n  mso-effects-shadow-angledirection:2700000;mso-effects-shadow-align:topleft;\r\n  mso-effects-shadow-pctsx:100.0%;mso-effects-shadow-pctsy:100.0%;mso-effects-shadow-anglekx:\r\n  0;mso-effects-shadow-angleky:0\">Essential</span><span style=\"color:black;\r\n  mso-themecolor:text1;mso-style-textoutline-type:none;mso-style-textoutline-outlinestyle-dpiwidth:\r\n  0pt;mso-style-textoutline-outlinestyle-linecap:flat;mso-style-textoutline-outlinestyle-join:\r\n  round;mso-style-textoutline-outlinestyle-pctmiterlimit:0%;mso-style-textoutline-outlinestyle-dash:\r\n  solid;mso-style-textoutline-outlinestyle-align:center;mso-style-textoutline-outlinestyle-compound:\r\n  simple;mso-effects-shadow-color:black;mso-effects-shadow-themecolor:dark1;\r\n  mso-effects-shadow-alpha:40.0%;mso-effects-shadow-dpiradius:3.0pt;mso-effects-shadow-dpidistance:\r\n  1.5pt;mso-effects-shadow-angledirection:2700000;mso-effects-shadow-align:\r\n  topleft;mso-effects-shadow-pctsx:100.0%;mso-effects-shadow-pctsy:100.0%;\r\n  mso-effects-shadow-anglekx:0;mso-effects-shadow-angleky:0\"><o:p></o:p></span></p>\r\n  </td>\r\n </tr>\r\n <tr style=\"mso-yfti-irow:4;height:25.85pt\">\r\n  <td width=\"269\" colspan=\"2\" style=\"width:269.1pt;border:solid #FF6B00 1.0pt;\r\n  mso-border-alt:solid #FF6B00 .5pt;padding:0cm 5.4pt 0cm 5.4pt;height:25.85pt\">\r\n  <p class=\"MsoNormal\" style=\"margin-left:15.8pt\"><span style=\"font-size:12.0pt;\r\n  color:black;mso-themecolor:text1;mso-style-textoutline-type:none;mso-style-textoutline-outlinestyle-dpiwidth:\r\n  0pt;mso-style-textoutline-outlinestyle-linecap:flat;mso-style-textoutline-outlinestyle-join:\r\n  round;mso-style-textoutline-outlinestyle-pctmiterlimit:0%;mso-style-textoutline-outlinestyle-dash:\r\n  solid;mso-style-textoutline-outlinestyle-align:center;mso-style-textoutline-outlinestyle-compound:\r\n  simple;mso-effects-shadow-color:black;mso-effects-shadow-themecolor:dark1;\r\n  mso-effects-shadow-alpha:40.0%;mso-effects-shadow-dpiradius:3.0pt;mso-effects-shadow-dpidistance:\r\n  1.5pt;mso-effects-shadow-angledirection:2700000;mso-effects-shadow-align:\r\n  topleft;mso-effects-shadow-pctsx:100.0%;mso-effects-shadow-pctsy:100.0%;\r\n  mso-effects-shadow-anglekx:0;mso-effects-shadow-angleky:0\">First setup<o:p></o:p></span></p>\r\n  </td>\r\n  <td width=\"106\" style=\"width:106.15pt;border:solid #FF6B00 1.0pt;border-left:\r\n  none;mso-border-left-alt:solid #FF6B00 .5pt;mso-border-alt:solid #FF6B00 .5pt;\r\n  padding:0cm 5.4pt 0cm 5.4pt;height:25.85pt\">\r\n  <p class=\"MsoNormal\" align=\"center\" style=\"text-align:center\"><span style=\"font-size:12.0pt;color:#833C0B;mso-themecolor:accent2;mso-themeshade:\r\n  128;mso-style-textoutline-type:none;mso-style-textoutline-outlinestyle-dpiwidth:\r\n  0pt;mso-style-textoutline-outlinestyle-linecap:flat;mso-style-textoutline-outlinestyle-join:\r\n  round;mso-style-textoutline-outlinestyle-pctmiterlimit:0%;mso-style-textoutline-outlinestyle-dash:\r\n  solid;mso-style-textoutline-outlinestyle-align:center;mso-style-textoutline-outlinestyle-compound:\r\n  simple;mso-effects-shadow-color:black;mso-effects-shadow-themecolor:dark1;\r\n  mso-effects-shadow-alpha:40.0%;mso-effects-shadow-dpiradius:3.0pt;mso-effects-shadow-dpidistance:\r\n  1.5pt;mso-effects-shadow-angledirection:2700000;mso-effects-shadow-align:\r\n  topleft;mso-effects-shadow-pctsx:100.0%;mso-effects-shadow-pctsy:100.0%;\r\n  mso-effects-shadow-anglekx:0;mso-effects-shadow-angleky:0\">USD$ 250<o:p></o:p></span></p>\r\n  </td>\r\n  <td width=\"106\" style=\"width:106.15pt;border:solid #FF6B00 1.0pt;border-left:\r\n  none;mso-border-left-alt:solid #FF6B00 .5pt;mso-border-alt:solid #FF6B00 .5pt;\r\n  padding:0cm 5.4pt 0cm 5.4pt;height:25.85pt\">\r\n  <p class=\"MsoNormal\" align=\"center\" style=\"text-align:center\"><span style=\"font-size:12.0pt;color:#833C0B;mso-themecolor:accent2;mso-themeshade:\r\n  128;mso-style-textoutline-type:none;mso-style-textoutline-outlinestyle-dpiwidth:\r\n  0pt;mso-style-textoutline-outlinestyle-linecap:flat;mso-style-textoutline-outlinestyle-join:\r\n  round;mso-style-textoutline-outlinestyle-pctmiterlimit:0%;mso-style-textoutline-outlinestyle-dash:\r\n  solid;mso-style-textoutline-outlinestyle-align:center;mso-style-textoutline-outlinestyle-compound:\r\n  simple;mso-effects-shadow-color:black;mso-effects-shadow-themecolor:dark1;\r\n  mso-effects-shadow-alpha:40.0%;mso-effects-shadow-dpiradius:3.0pt;mso-effects-shadow-dpidistance:\r\n  1.5pt;mso-effects-shadow-angledirection:2700000;mso-effects-shadow-align:\r\n  topleft;mso-effects-shadow-pctsx:100.0%;mso-effects-shadow-pctsy:100.0%;\r\n  mso-effects-shadow-anglekx:0;mso-effects-shadow-angleky:0\">USD$ 300<o:p></o:p></span></p>\r\n  </td>\r\n </tr>\r\n <tr style=\"mso-yfti-irow:5;height:25.85pt\">\r\n  <td width=\"269\" colspan=\"2\" style=\"width:269.1pt;border:solid #FF6B00 1.0pt;\r\n  border-top:none;mso-border-top-alt:solid #FF6B00 .5pt;mso-border-alt:solid #FF6B00 .5pt;\r\n  padding:0cm 5.4pt 0cm 5.4pt;height:25.85pt\">\r\n  <p class=\"MsoNormal\" style=\"margin-left:15.8pt\"><span style=\"font-size:12.0pt;\r\n  color:black;mso-themecolor:text1;mso-style-textoutline-type:none;mso-style-textoutline-outlinestyle-dpiwidth:\r\n  0pt;mso-style-textoutline-outlinestyle-linecap:flat;mso-style-textoutline-outlinestyle-join:\r\n  round;mso-style-textoutline-outlinestyle-pctmiterlimit:0%;mso-style-textoutline-outlinestyle-dash:\r\n  solid;mso-style-textoutline-outlinestyle-align:center;mso-style-textoutline-outlinestyle-compound:\r\n  simple;mso-effects-shadow-color:black;mso-effects-shadow-themecolor:dark1;\r\n  mso-effects-shadow-alpha:40.0%;mso-effects-shadow-dpiradius:3.0pt;mso-effects-shadow-dpidistance:\r\n  1.5pt;mso-effects-shadow-angledirection:2700000;mso-effects-shadow-', '1', '2019-08-26', '14', '2019-08-29', '22');
INSERT INTO `standard_operation_procedure_article` VALUES ('6', 'Testing', '1', null, '', '<p class=\"MsoNormal\"><v:shapetype id=\"_x0000_t202\" coordsize=\"21600,21600\" o:spt=\"202\" path=\"m0,0l0,21600,21600,21600,21600,0xe\">\r\n <v:stroke joinstyle=\"miter\">\r\n <v:path gradientshapeok=\"t\" o:connecttype=\"rect\">\r\n</v:path></v:stroke></v:shapetype><v:shape id=\"Text_x0020_Box_x0020_2\" o:spid=\"_x0000_s2073\" type=\"#_x0000_t202\" style=\"position:absolute;margin-left:-69.9pt;margin-top:12.25pt;\r\n width:551.5pt;height:55pt;z-index:251658240;visibility:visible;\r\n mso-wrap-style:square;mso-width-percent:0;mso-height-percent:0;\r\n mso-wrap-distance-left:9pt;mso-wrap-distance-top:3.6pt;\r\n mso-wrap-distance-right:9pt;mso-wrap-distance-bottom:3.6pt;\r\n mso-position-horizontal:absolute;mso-position-horizontal-relative:text;\r\n mso-position-vertical:absolute;mso-position-vertical-relative:text;\r\n mso-width-percent:0;mso-height-percent:0;mso-width-relative:margin;\r\n mso-height-relative:margin;v-text-anchor:middle\" o:gfxdata=\"UEsDBBQABgAIAAAAIQApm/tGBAEAAB4CAAATAAAAW0NvbnRlbnRfVHlwZXNdLnhtbKSRzU7DMBCE\r\n70i8g+UrSpxyQAgl6YGfI3AoD7DYm8TCsS2vW9q3Z5OmF1RVSFws2+uZ+TSu1/vRiR0mssE3clVW\r\nUqDXwVjfN/Jj81LcS0EZvAEXPDbygCTX7fVVvTlEJMFqT40cco4PSpEecAQqQ0TPky6kETIfU68i\r\n6C/oUd1W1Z3SwWf0uciTh2zrJ+xg67J43vP1kYTlUjwe301RjYQYndWQGVRNU3VWl9DRBeHOm190\r\nxUJWsnI2p8FGulkS3riaZA2Kd0j5FUbmUNrZ+BkgGWUSfHNRdNqsysvYZ9JD11mNJujtyI2Ui+Pf\r\n4jO3jWpe/58825xy1fy77Q8AAAD//wMAUEsDBBQABgAIAAAAIQCtMD/xwQAAADIBAAALAAAAX3Jl\r\nbHMvLnJlbHOEj80KwjAQhO+C7xD2btN6EJGmvYjgVfQB1mTbBtskZOPf25uLoCB4m2XYb2bq9jGN\r\n4kaRrXcKqqIEQU57Y12v4HTcLdYgOKEzOHpHCp7E0DbzWX2gEVN+4sEGFpniWMGQUthIyXqgCbnw\r\ngVx2Oh8nTPmMvQyoL9iTXJblSsZPBjRfTLE3CuLeVCCOz5CT/7N911lNW6+vE7n0I0KaiPe8LCMx\r\n9pQU6NGGs8do3ha/RVXk5iCbWn4tbV4AAAD//wMAUEsDBBQABgAIAAAAIQCXNYLuSQMAAKQHAAAf\r\nAAAAY2xpcGJvYXJkL2RyYXdpbmdzL2RyYXdpbmcxLnhtbKxV23LTMBB9Z4Z/0Ogd4oSkl0xdpoTL\r\nMFNoaNoP2EhyrEGWjKTc+vXsSk6aBsoDkJdorfXZs2eP5Iu3m8awlfJBO1vy/uuCM2WFk9ouSn5/\r\n9/HVGWchgpVgnFUl36rA316+fHEB44WHttaCIYINYyh5HWM77vWCqFUD4bVrlcW9yvkGIoZ+0ZMe\r\n1ojcmN6gKE56DWjLLx+h3kMEtvT6L6CME9+VnIBdQUBII8aHTzqORvw7Mozt6pNvZ+3UE3PxdTX1\r\nTMuSo3IWGpSI97qNLg3D3tFbi0eATeUbyndVxTY4gcFpgUhbXI1Oz076RUZTm8gEbuPmsBhhgsCM\r\nk/OzESbncvXNHwFE/eHPEEgxU8HFAb3QEjm7+rXfQf901/Ed0XvnNmyw753yWdzgQ+wkzTi01zij\r\nwKyb1GAX6sp7t64VyEAZWSRUMxdKgu1qBsKar784ierCMrqE91+E23cN49aH+Em5htGi5F6JmOrA\r\n6jrETG+XQpIEZ7T8qI1JAVleTYxnKzDIUQhlYxIDCzzJNJatS34+GowSuHUEkSbY6Kg8M7op+VlB\r\nv6wlKfTBypQSQZu8Rlhjk69IHKIQN7M0KtJcbunJHP9ROO+wG3QMHnJc1M4/cLbGo1vy8GMJXnFm\r\nPlucwXl/OMS0mILh6HSAgT/cmR/ugBUIVXIRPWc5mESMi66tKxxTpTvdMhPiZEKcxa1RqZ3El2bb\r\ngL/GrvvF4ASLaitRPTRFMewTIzALvJqoUJK6FVdV7FbTGLLiSSzSutvFZadLEsdjEYOmK7myr+5n\r\neKU9lByvoMyWlESP70bRaXs0uOAX8/2A03z2NQ+doKoKjYOOIUi3xJHOarlmc7P0tyBL/ga7xJ6k\r\nJo/1z9NZlhqFo3NPhLp2o8ndPjWW/J7PEpi2htz5ML2V/ZluXrJhcsa+eoqeEDMQtWVx26oKBB6q\r\nG7yq2QxswIulBh8Ukuv8p+AgbwJGz73+NUuEg6xn0VBZnAQpEy+/3d/cXd19vvlKlyOqRXu0o6yc\r\ngofb302sT9qlpJ3KyUfH3TzL8i96eQ9LO1W2Pm4Z6T4yTezRzdTJ/vgtg5q1t2iGPJt8PjGDbtTe\r\n0fcpvdp9T+kjeBhf/gQAAP//AwBQSwMEFAAGAAgAAAAhAHaFahVWBgAADxoAABoAAABjbGlwYm9h\r\ncmQvdGhlbWUvdGhlbWUxLnhtbOxZS28bNxC+F+h/WOy9sd6KjciBrUfcxE6CSEmRI6WldhlzlwuS\r\nsqNbkZx6KVAgLXpogN56KIoGaIAGvfTHGHDQpj+iQ+5DpETFD7hAUMQCjN3Zb4bDmdlvSO6Nm09j\r\n6h1hLghLOn71WsX3cDJhAUnCjv9wNPjsuu8JiZIAUZbgjj/Hwr+5/eknN9DWhJJ0zBAPRhGOsQeG\r\nErGFOn4kZbq1sSEmIEbiGktxAs+mjMdIwi0PNwKOjmGAmG7UKpXWRoxI4m+DRakM9Sn8S6RQggnl\r\nQ2UGewmKYfR70ymZYI0NDqsKIeaiS7l3hGjHB5sBOx7hp9L3KBISHnT8iv7zN7ZvbKCtXInKNbqG\r\n3kD/5Xq5QnBY02PycFwO2mg0G62d0r4GULmK67f7rX6rtKcBaDKBmWa+2DbbtW4jxxqg7NJhu9fu\r\n1asW3rBfX/F5p6l+Fl6DMvuNFfxg0IUoWngNyvDNFXxzd3O3Z9vXoAzfWsG3Kzu9Rtuyr0ERJcnh\r\nCrrSbNW7xWxLyJTRPSd8s9kYtGu58QUKqqGsLjXElCVyXa3F6AnjAwAoIEWSJJ6cp3iKJlCTXUTJ\r\nmBNvn4QRFF6KEiZAXKlVBpU6/Fe/hr7SGUVbGBnayi/wRKyIlD+emHCSyo5/G6z6BuT0zZuTZ69P\r\nnv1+8vz5ybNf87G1KUtvDyWhqffup2/+efml9/dvP7578W029DJemPi3v3z19o8/32ceZrwIxel3\r\nr96+fnX6/dd//fzCYX2Ho7EJH5EYC+8uPvYesBgm6PAfj/nFNEYRIqbGThIKlCA1isN+X0YW+u4c\r\nUeTA7WI7jo84UI0LeGv2xHJ4GPGZJA6Ld6LYAh4wRncZd0bhjhrLCPNoloTuwfnMxD1A6Mg1dhcl\r\nVpb7sxQ4lrhMdiNsuXmfokSiECdYeuoZO8TYMbvHhFhxPSATzgSbSu8x8XYRcYZkRMZWNS2U9kgM\r\neZm7HIR8W7E5eOTtMuqadQ8f2Uh4NxB1OD/C1ArjLTSTKHaZHKGYmgHfRzJyOTmc84mJ6wsJmQ4x\r\nZV4/wEK4dO5xmK+R9DtAM+60H9B5bCO5JIcum/uIMRPZY4fdCMWpCzskSWRiPxeHUKLIu8+kC37A\r\n7DdE3UMeULI23Y8IttJ9Nhs8BIY1XVoUiHoy445c3sLMqt/hnE4R1lQDDcDi9ZgkZ5L8Er03/zt6\r\nBxI9/eGlY0ZXQ+luw1Y+LkjmO5w436a9JQpfh1sm7i7jAfnwebuHZsl9DK/KavP6SNsfadv/39P2\r\nuvf56sl6wc9A3WrZmi3X9eI9Xrt2nxJKh3JO8b7Qy3cBXSkYgFDp6T0qLvdyaQSX6k2GASxcyJHW\r\n8TiTXxAZDSOUwhq/6isjochNh8JLmYClvxY7bSs8ncUHLMi2rNWq2p5m5CGQXMgrzVIO2w2ZoVvt\r\nxTasNK+9DfV2uXBA6V7ECWMw24m6w4l2IVRB0ptzCJrDCT2zK/Fi0+HFdWW+SNWKF+BamRVYNnmw\r\n2Or4zQaogBLsqhDFgcpTluoiuzqZV5npdcG0KgDWEEUFLDK9qXxdOz01u6zUzpFpywmj3GwndGR0\r\nDxMRCnBenUp6HjcumuvNRUot91Qo9HhQWgs32tff58Vlcw16y9xAE5MpaOIdd/xWvQklM0Fpx5/C\r\n1h8u4xRqR6jlLqIhHJpNJM9e+MswS8qF7CERZQHXpJOxQUwk5h4lccdX0y/TQBPNIdq3ag0I4YN1\r\nbhNo5UNzDpJuJxlPp3gizbQbEhXp7BYYPuMK51Otfnmw0mQzSPcwCo69MZ3xBwhKrNmuqgAGRMAJ\r\nUDWLZkDgSLMkskX9LTWmnHbNM0VdQ5kc0TRCeUcxyTyDayov3dF3ZQyMu3zOEFAjJHkjHIeqwZpB\r\ntbpp2TUyH9Z23bOVVOQM0lz0TItVVNd0s5g1QtEGlmJ5uSZveFWEGDjN7PAZdS9T7mbBdUvrhLJL\r\nQMDL+Dm67jkaguHaYjDLNeXxKg0rzs6ldu8oJniGa+dpEgbrtwqzS3Ere4RzOBBeqvOD3nLVgmha\r\nrCt1pF2fJw5Q6o3DaseHTwRwNvEUruAjgw+ympLVlAyu4MsBtIvsuL/j5xeFBJ5nkhJTLyT1AtMo\r\nJI1C0iwkzULSKiQt39Pn4vAtRh2J+15x7A09LD8mz9cW9jec7X8BAAD//wMAUEsDBBQABgAIAAAA\r\nIQCcZkZBuwAAACQBAAAqAAAAY2xpcGJvYXJkL2RyYXdpbmdzL19yZWxzL2RyYXdpbmcxLnhtbC5y\r\nZWxzhI/NCsIwEITvgu8Q9m7SehCRJr2I0KvUBwjJNi02PyRR7Nsb6EVB8LIws+w3s037sjN5YkyT\r\ndxxqWgFBp7yenOFw6y+7I5CUpdNy9g45LJigFdtNc8VZ5nKUxikkUigucRhzDifGkhrRykR9QFc2\r\ng49W5iKjYUGquzTI9lV1YPGTAeKLSTrNIXa6BtIvoST/Z/thmBSevXpYdPlHBMulFxagjAYzB0pX\r\nZ501LV2BiYZ9/SbeAAAA//8DAFBLAQItABQABgAIAAAAIQApm/tGBAEAAB4CAAATAAAAAAAAAAAA\r\nAAAAAAAAAABbQ29udGVudF9UeXBlc10ueG1sUEsBAi0AFAAGAAgAAAAhAK0wP/HBAAAAMgEAAAsA\r\nAAAAAAAAAAAAAAAANQEAAF9yZWxzLy5yZWxzUEsBAi0AFAAGAAgAAAAhAJc1gu5JAwAApAcAAB8A\r\nAAAAAAAAAAAAAAAAHwIAAGNsaXBib2FyZC9kcmF3aW5ncy9kcmF3aW5nMS54bWxQSwECLQAUAAYA\r\nCAAAACEAdoVqFVYGAAAPGgAAGgAAAAAAAAAAAAAAAAClBQAAY2xpcGJvYXJkL3RoZW1lL3RoZW1l\r\nMS54bWxQSwECLQAUAAYACAAAACEAnGZGQbsAAAAkAQAAKgAAAAAAAAAAAAAAAAAzDAAAY2xpcGJv\r\nYXJkL2RyYXdpbmdzL19yZWxzL2RyYXdpbmcxLnhtbC5yZWxzUEsFBgAAAAAFAAUAZwEAADYNAAAA\r\nAA==\r\n\" fillcolor=\"#ed7d31 [3205]\" stroked=\"f\">\r\n <v:textbox>\r\n  <!--[if !mso]-->\r\n  </v:textbox></v:shape></p><table cellpadding=\"0\" cellspacing=\"0\" width=\"100%\">\r\n   <tbody><tr>\r\n    <td><!--[endif]-->\r\n    <div>\r\n    <p class=\"MsoNormal\" align=\"center\" style=\"margin-left:63.8pt;text-align:center;\r\n    text-indent:8.2pt\"><span style=\"font-size:20.0pt;font-family:&quot;Open Sans&quot;,&quot;sans-serif&quot;;\r\n    mso-bidi-font-family:&quot;Open Sans&quot;;color:black;mso-themecolor:text1;\r\n    mso-style-textoutline-type:none;mso-style-textoutline-outlinestyle-dpiwidth:\r\n    0pt;mso-style-textoutline-outlinestyle-linecap:flat;mso-style-textoutline-outlinestyle-join:\r\n    round;mso-style-textoutline-outlinestyle-pctmiterlimit:0%;mso-style-textoutline-outlinestyle-dash:\r\n    solid;mso-style-textoutline-outlinestyle-align:center;mso-style-textoutline-outlinestyle-compound:\r\n    simple;mso-effects-shadow-color:black;mso-effects-shadow-themecolor:dark1;\r\n    mso-effects-shadow-alpha:40.0%;mso-effects-shadow-dpiradius:3.0pt;\r\n    mso-effects-shadow-dpidistance:1.5pt;mso-effects-shadow-angledirection:\r\n    2700000;mso-effects-shadow-align:topleft;mso-effects-shadow-pctsx:100.0%;\r\n    mso-effects-shadow-pctsy:100.0%;mso-effects-shadow-anglekx:0;mso-effects-shadow-angleky:\r\n    0\">QUOTATION</span><o:p></o:p></p>\r\n    </div>\r\n    <!--[if !mso]--></td>\r\n   </tr>\r\n  </tbody></table><p>\r\n\r\n\r\n\r\n\r\n\r\n\r\n\r\n<!--[if !mso]>\r\n<style>\r\nv\\:* {behavior:url(#default#VML);}\r\no\\:* {behavior:url(#default#VML);}\r\nw\\:* {behavior:url(#default#VML);}\r\n.shape {behavior:url(#default#VML);}\r\n</style>\r\n<![endif]--><!--[if gte mso 9]><xml>\r\n <o:OfficeDocumentSettings>\r\n  <o:RelyOnVML/>\r\n  <o:AllowPNG/>\r\n </o:OfficeDocumentSettings>\r\n</xml><![endif]-->\r\n\r\n<!--[if gte mso 9]><xml>\r\n <w:WordDocument>\r\n  <w:View>Normal</w:View>\r\n  <w:Zoom>0</w:Zoom>\r\n  <w:TrackMoves>false</w:TrackMoves>\r\n  <w:TrackFormatting/>\r\n  <w:PunctuationKerning/>\r\n  <w:ValidateAgainstSchemas/>\r\n  <w:SaveIfXMLInvalid>false</w:SaveIfXMLInvalid>\r\n  <w:IgnoreMixedContent>false</w:IgnoreMixedContent>\r\n  <w:AlwaysShowPlaceholderText>false</w:AlwaysShowPlaceholderText>\r\n  <w:DoNotPromoteQF/>\r\n  <w:LidThemeOther>EN-US</w:LidThemeOther>\r\n  <w:LidThemeAsian>X-NONE</w:LidThemeAsian>\r\n  <w:LidThemeComplexScript>KHM</w:LidThemeComplexScript>\r\n  <w:Compatibility>\r\n   <w:BreakWrappedTables/>\r\n   <w:SnapToGridInCell/>\r\n   <w:WrapTextWithPunct/>\r\n   <w:UseAsianBreakRules/>\r\n   <w:DontGrowAutofit/>\r\n   <w:SplitPgBreakAndParaMark/>\r\n   <w:EnableOpenTypeKerning/>\r\n   <w:DontFlipMirrorIndents/>\r\n   <w:OverrideTableStyleHps/>\r\n  </w:Compatibility>\r\n  <m:mathPr>\r\n   <m:mathFont m:val=\"Cambria Math\"/>\r\n   <m:brkBin m:val=\"before\"/>\r\n   <m:brkBinSub m:val=\"&#45;-\"/>\r\n   <m:smallFrac m:val=\"off\"/>\r\n   <m:dispDef/>\r\n   <m:lMargin m:val=\"0\"/>\r\n   <m:rMargin m:val=\"0\"/>\r\n   <m:defJc m:val=\"centerGroup\"/>\r\n   <m:wrapIndent m:val=\"1440\"/>\r\n   <m:intLim m:val=\"subSup\"/>\r\n   <m:naryLim m:val=\"undOvr\"/>\r\n  </m:mathPr></w:WordDocument>\r\n</xml><![endif]--><!--[if gte mso 9]><xml>\r\n <w:LatentStyles DefLockedState=\"false\" DefUnhideWhenUsed=\"false\"\r\n  DefSemiHidden=\"false\" DefQFormat=\"false\" DefPriority=\"99\"\r\n  LatentStyleCount=\"382\">\r\n  <w:LsdException Locked=\"false\" Priority=\"0\" QFormat=\"true\" Name=\"Normal\"/>\r\n  <w:LsdException Locked=\"false\" Priority=\"9\" QFormat=\"true\" Name=\"heading 1\"/>\r\n  <w:LsdException Locked=\"false\" Priority=\"9\" SemiHidden=\"true\"\r\n   UnhideWhenUsed=\"true\" QFormat=\"true\" Name=\"heading 2\"/>\r\n  <w:LsdException Locked=\"false\" Priority=\"9\" SemiHidden=\"true\"\r\n   UnhideWhenUsed=\"true\" QFormat=\"true\" Name=\"heading 3\"/>\r\n  <w:LsdException Locked=\"false\" Priority=\"9\" SemiHidden=\"true\"\r\n   UnhideWhenUsed=\"true\" QFormat=\"true\" Name=\"heading 4\"/>\r\n  <w:LsdException Locked=\"false\" Priority=\"9\" SemiHidden=\"true\"\r\n   UnhideWhenUsed=\"true\" QFormat=\"true\" Name=\"heading 5\"/>\r\n  <w:LsdException Locked=\"false\" Priority=\"9\" SemiHidden=\"true\"\r\n   UnhideWhenUsed=\"true\" QFormat=\"true\" Name=\"heading 6\"/>\r\n  <w:LsdException Locked=\"false\" Priority=\"9\" SemiHidden=\"true\"\r\n   UnhideWhenUsed=\"true\" QFormat=\"true\" Name=\"heading 7\"/>\r\n  <w:LsdException Locked=\"false\" Priority=\"9\" SemiHidden=\"true\"\r\n   UnhideWhenUsed=\"true\" QFormat=\"true\" Name=\"heading 8\"/>\r\n  <w:LsdException Locked=\"false\" Priority=\"9\" SemiHidden=\"true\"\r\n   UnhideWhenUsed=\"true\" QFormat=\"true\" Name=\"heading 9\"/>\r\n  <w:LsdException Locked=\"false\" SemiHidden=\"true\" UnhideWhenUsed=\"true\"\r\n   Name=\"index 1\"/>\r\n  <w:LsdException Locked=\"false\" SemiHidden=\"true\" UnhideWhenUsed=\"true\"\r\n   Name=\"index 2\"/>\r\n  <w:LsdException Locked=\"false\" SemiHidden=\"true\" UnhideWhenUsed=\"true\"\r\n   Name=\"index 3\"/>\r\n  <w:LsdException Locked=\"false\" SemiHidden=\"true\" UnhideWhenUsed=\"true\"\r\n   Name=\"index 4\"/>\r\n  <w:LsdException Locked=\"false\" SemiHidden=\"true\" UnhideWhenUsed=\"true\"\r\n   Name=\"index 5\"/>\r\n  <w:LsdException Locked=\"false\" SemiHidden=\"true\" UnhideWhenUsed=\"true\"\r\n   Name=\"index 6\"/>\r\n  <w:LsdException Locked=\"false\" SemiHidden=\"true\" UnhideWhenUsed=\"true\"\r\n   Name=\"index 7\"/>\r\n  <w:LsdException Locked=\"false\" SemiHidden=\"true\" UnhideWhenUsed=\"true\"\r\n   Name=\"index 8\"/>\r\n  <w:LsdException Locked=\"false\" SemiHidden=\"true\" UnhideWhenUsed=\"true\"\r\n   Name=\"index 9\"/>\r\n  <w:LsdException Locked=\"false\" Priority=\"39\" SemiHidden=\"true\"\r\n   UnhideWhenUsed=\"true\" Name=\"toc 1\"/>\r\n  <w:LsdException Locked=\"false\" Priority=\"39\" SemiHidden=\"true\"\r\n   UnhideWhenUsed=\"true\" Name=\"toc 2\"/>\r\n  <w:LsdException Locked=\"false\" Priority=\"39\" SemiHidden=\"true\"\r\n   UnhideWhenUsed=\"true\" Name=\"toc 3\"/>\r\n  <w:LsdException Locked=\"false\" Priority=\"39\" SemiHidden=\"true\"\r\n   UnhideWhenUsed=\"true\" Name=\"toc 4\"/>\r\n  <w:LsdException Locked=\"false\" Priority=\"39\" SemiHidden=\"true\"\r\n   UnhideWhenUsed=\"true\" Name=\"toc 5\"/>\r\n  <w:LsdException Locked=\"false\" Priority=\"39\" SemiHidden=\"true\"\r\n   UnhideWhenUsed=\"true\" Name=\"toc 6\"/>\r\n  <w:LsdException Locked=\"false\" Priority=\"39\" SemiHidden=\"true\"\r\n   UnhideWhenUsed=\"true\" Name=\"toc 7\"/>\r\n  <w:LsdException Locked=\"false\" Priority=\"39\" SemiHidden=\"true\"\r\n   UnhideWhenUsed=\"true\" Name=\"toc 8\"/>\r\n  <w:LsdException Locked=\"false\" Priority=\"39\" SemiHidden=\"true\"\r\n   UnhideWhenUsed=\"true\" Name=\"toc 9\"/>\r\n  <w:LsdException Locked=\"false\" SemiHidden=\"true\" UnhideWhenUsed=\"true\"\r\n   Name=\"Normal Indent\"/>\r\n  <w:LsdException Locked=\"false\" SemiHidden=\"true\" UnhideWhenUsed=\"true\"\r\n   Name=\"footnote text\"/>\r\n  <w:LsdException Locked=\"false\" SemiHidden=\"true\" UnhideWhenUsed=\"true\"\r\n   Name=\"annotation text\"/>\r\n  <w:LsdException Locked=\"false\" SemiHidden=\"true\" UnhideWhenUsed=\"true\"\r\n   Name=\"header\"/>\r\n  <w:LsdException Locked=\"false\" Priority=\"0\" SemiHidden=\"true\"\r\n   UnhideWhenUsed=\"true\" Name=\"footer\"/>\r\n  <w:LsdException Locked=\"false\" SemiHidden=\"true\" UnhideWhenUsed=\"true\"\r\n   Name=\"index heading\"/>\r\n  <w:LsdException Locked=\"false\" Priority=\"35\" SemiHidden=\"true\"\r\n   UnhideWhenUsed=\"true\" QFormat=\"true\" Name=\"caption\"/>\r\n  <w:LsdException Locked=\"false\" SemiHidden=\"true\" UnhideWhenUsed=\"true\"\r\n   Name=\"table of figures\"/>\r\n  <w:LsdException Locked=\"false\" SemiHidden=\"true\" UnhideWhenUsed=\"true\"\r\n   Name=\"envelope address\"/>\r\n  <w:LsdException Locked=\"false\" SemiHidden=\"true\" UnhideWhenUsed=\"true\"\r\n   Name=\"envelope return\"/>\r\n  <w:LsdException Locked=\"false\" SemiHidden=\"true\" UnhideWhenUsed=\"true\"\r\n   Name=\"footnote reference\"/>\r\n  <w:LsdException Locked=\"false\" SemiHidden=\"true\" UnhideWhenUsed=\"true\"\r\n   Name=\"annotation reference\"/>\r\n  <w:LsdException Locked=\"false\" SemiHidden=\"true\" UnhideWhenUsed=\"true\"\r\n   Name=\"line number\"/>\r\n  <w:LsdException Locked=\"false\" SemiHidden=\"true\" UnhideWhenUsed=\"true\"\r\n   Name=\"page number\"/>\r\n  <w:LsdException Locked=\"false\" SemiHidden=\"true\" UnhideWhenUsed=\"true\"\r\n   Name=\"endnote reference\"/>\r\n  <w:LsdException Locked=\"false\" SemiHidden=\"true\" UnhideWhenUsed=\"true\"\r\n   Name=\"endnote text\"/>\r\n  <w:LsdException Locked=\"false\" SemiHidden=\"true\" UnhideWhenUsed=\"true\"\r\n   Name=\"table of authorities\"/>\r\n  <w:LsdException Locked=\"false\" SemiHidden=\"true\" UnhideWhenUsed=\"true\"\r\n   Name=\"macro\"/>\r\n  <w:LsdException Locked=\"false\" SemiHidden=\"true\" UnhideWhenUsed=\"true\"\r\n   Name=\"toa heading\"/>\r\n  <w:LsdException Locked=\"false\" SemiHidden=\"true\" UnhideWhenUsed=\"true\"\r\n   Name=\"List\"/>\r\n  <w:LsdException Locked=\"false\" SemiHidden=\"true\" UnhideWhenUsed=\"true\"\r\n   Name=\"List Bullet\"/>\r\n  <w:LsdException Locked=\"false\" SemiHidden=\"true\" UnhideWhenUsed=\"true\"\r\n   Name=\"List Number\"/>\r\n  <w:LsdException Locked=\"false\" SemiHidden=\"true\" UnhideWhenUsed=\"true\"\r\n   Name=\"List 2\"/>\r\n  <w:LsdException Locked=\"false\" SemiHidden=\"true\" UnhideWhenUsed=\"true\"\r\n   Name=\"List 3\"/>\r\n  <w:LsdException Locked=\"false\" SemiHidden=\"true\" UnhideWhenUsed=\"true\"\r\n   Name=\"List 4\"/>\r\n  <w:LsdException Locked=\"false\" SemiHidden=\"true\" UnhideWhenUsed=\"true\"\r\n   Name=\"List 5\"/>\r\n  <w:LsdException Locked=\"false\" SemiHidden=\"true\" UnhideWhenUsed=\"true\"\r\n   Name=\"List Bullet 2\"/>\r\n  <w:LsdException Locked=\"false\" SemiHidden=\"true\" UnhideWhenUsed=\"true\"\r\n   Name=\"List Bullet 3\"/>\r\n  <w:LsdException Locked=\"false\" SemiHidden=\"true\" UnhideWhenUsed=\"true\"\r\n   Name=\"List Bullet 4\"/>\r\n  <w:LsdException Locked=\"false\" SemiHidden=\"true\" UnhideWhenUsed=\"true\"\r\n   Name=\"List Bullet 5\"/>\r\n  <w:LsdException Locked=\"false\" SemiHidden=\"true\" UnhideWhenUsed=\"true\"\r\n   Name=\"List Number 2\"/>\r\n  <w:LsdException Locked=\"false\" SemiHidden=\"true\" UnhideWhenUsed=\"true\"\r\n   Name=\"List Number 3\"/>\r\n  <w:LsdException Locked=\"false\" SemiHidden=\"true\" UnhideWhenUsed=\"true\"\r\n   Name=\"List Number 4\"/>\r\n  <w:LsdException Locked=\"false\" SemiHidden=\"true\" UnhideWhenUsed=\"true\"\r\n   Name=\"List Number 5\"/>\r\n  <w:LsdException Locked=\"false\" Priority=\"10\" QFormat=\"true\" Name=\"Title\"/>\r\n  <w:LsdException Locked=\"false\" SemiHidden=\"true\" UnhideWhenUsed=\"true\"\r\n   Name=\"Closing\"/>\r\n  <w:LsdException Locked=\"false\" SemiHidden=\"true\" UnhideWhenUsed=\"true\"\r\n   Name=\"Signature\"/>\r\n  <w:LsdException Locked=\"false\" Priority=\"1\" SemiHidden=\"true\"\r\n   UnhideWhenUsed=\"true\" Name=\"Default Paragraph Font\"/>\r\n  <w:LsdException Locked=\"false\" SemiHidden=\"true\" UnhideWhenUsed=\"true\"\r\n   Name=\"Body Text\"/>\r\n  <w:LsdException Locked=\"false\" SemiHidden=\"true\" UnhideWhenUsed=\"true\"\r\n   Name=\"Body Text Indent\"/>\r\n  <w:LsdException Locked=\"false\" SemiHidden=\"true\" UnhideWhenUsed=\"true\"\r\n   Name=\"List Continue\"/>\r\n  <w:LsdException Locked=\"false\" SemiHidden=\"true\" UnhideWhenUsed=\"true\"\r\n   Name=\"List Continue 2\"/>\r\n  <w:LsdException Locked=\"false\" SemiHidden=\"true\" UnhideWhenUsed=\"true\"\r\n   Name=\"List Continue 3\"/>\r\n  <w:LsdException Locked=\"false\" SemiHidden=\"true\" UnhideWhenUsed=\"true\"\r\n   Name=\"List Continue 4\"/>\r\n  <w:LsdException Locked=\"false\" SemiHidden=\"true\" UnhideWhenUsed=\"true\"\r\n   Name=\"List Continue 5\"/>\r\n  <w:LsdException Locked=\"false\" SemiHidden=\"true\" UnhideWhenUsed=\"true\"\r\n   Name=\"Message Header\"/>\r\n  <w:LsdException Locked=\"false\" Priority=\"11\" QFormat=\"true\" Name=\"Subtitle\"/>\r\n  <w:LsdException Locked=\"false\" SemiHidden=\"true\" UnhideWhenUsed=\"true\"\r\n   Name=\"Salutation\"/>\r\n  <w:LsdException Locked=\"false\" SemiHidden=\"true\" UnhideWhenUsed=\"true\"\r\n   Name=\"Date\"/>\r\n  <w:LsdException Locked=\"false\" SemiHidden=\"true\" UnhideWhenUsed=\"true\"\r\n   Name=\"Body Text First Indent\"/>\r\n  <w:LsdException Locked=\"false\" SemiHidden=\"true\" UnhideWhenUsed=\"true\"\r\n   Name=\"Body Text First Indent 2\"/>\r\n  <w:LsdException Locked=\"false\" SemiHidden=\"true\" UnhideWhenUsed=\"true\"\r\n   Name=\"Note Heading\"/>\r\n  <w:LsdException Locked=\"false\" SemiHidden=\"true\" UnhideWhenUsed=\"true\"\r\n   Name=\"Body Text 2\"/>\r\n  <w:LsdException Locked=\"false\" SemiHidden=\"true\" UnhideWhenUsed=\"true\"\r\n   Name=\"Body Text 3\"/>\r\n  <w:LsdException Locked=\"false\" SemiHidden=\"true\" UnhideWhenUsed=\"true\"\r\n   Name=\"Body Text Indent 2\"/>\r\n  <w:LsdException Locked=\"false\" SemiHidden=\"true\" UnhideWhenUsed=\"true\"\r\n   Name=\"Body Text Indent 3\"/>\r\n  <w:LsdException Locked=\"false\" SemiHidden=\"true\" UnhideWhenUsed=\"true\"\r\n   Name=\"Block Text\"/>\r\n  <w:LsdException Locked=\"false\" SemiHidden=\"true\" UnhideWhenUsed=\"true\"\r\n   Name=\"Hyperlink\"/>\r\n  <w:LsdException Locked=\"false\" SemiHidden=\"true\" UnhideWhenUsed=\"true\"\r\n   Name=\"FollowedHyperlink\"/>\r\n  <w:LsdException Locked=\"false\" Priority=\"22\" QFormat=\"true\" Name=\"Strong\"/>\r\n  <w:LsdException Locked=\"false\" Priority=\"20\" QFormat=\"true\" Name=\"Emphasis\"/>\r\n  <w:LsdException Locked=\"false\" SemiHidden=\"true\" UnhideWhenUsed=\"true\"\r\n   Name=\"Document Map\"/>\r\n  <w:LsdException Locked=\"false\" SemiHidden=\"true\" UnhideWhenUsed=\"true\"\r\n   Name=\"Plain Text\"/>\r\n  <w:LsdException Locked=\"false\" SemiHidden=\"true\" UnhideWhenUsed=\"true\"\r\n   Name=\"E-mail Signature\"/>\r\n  <w:LsdException Locked=\"false\" SemiHidden=\"true\" UnhideWhenUsed=\"true\"\r\n   Name=\"HTML Top of Form\"/>\r\n  <w:LsdException Locked=\"false\" SemiHidden=\"true\" UnhideWhenUsed=\"true\"\r\n   Name=\"HTML Bottom of Form\"/>\r\n  <w:LsdException Locked=\"false\" SemiHidden=\"true\" UnhideWhenUsed=\"true\"\r\n   Name=\"Normal (Web)\"/>\r\n  <w:LsdException Locked=\"false\" SemiHidden=\"true\" UnhideWhenUsed=\"true\"\r\n   Name=\"HTML Acronym\"/>\r\n  <w:LsdException Locked=\"false\" SemiHidden=\"true\" UnhideWhenUsed=\"true\"\r\n   Name=\"HTML Address\"/>\r\n  <w:LsdException Locked=\"false\" SemiHidden=\"true\" UnhideWhenUsed=\"true\"\r\n   Name=\"HTML Cite\"/>\r\n  <w:LsdException Locked=\"false\" SemiHidden=\"true\" UnhideWhenUsed=\"true\"\r\n   Name=\"HTML Code\"/>\r\n  <w:LsdException Locked=\"false\" SemiHidden=\"true\" UnhideWhenUsed=\"true\"\r\n   Name=\"HTML Definition\"/>\r\n  <w:LsdException Locked=\"false\" SemiHidden=\"true\" UnhideWhenUsed=\"true\"\r\n   Name=\"HTML Keyboard\"/>\r\n  <w:LsdException Locked=\"false\" SemiHidden=\"true\" UnhideWhenUsed=\"true\"\r\n   Name=\"HTML Preformatted\"/>\r\n  <w:LsdException Locked=\"false\" SemiHidden=\"true\" UnhideWhenUsed=\"true\"\r\n   Name=\"HTML Sample\"/>\r\n  <w:LsdException Locked=\"false\" SemiHidden=\"true\" UnhideWhenUsed=\"true\"\r\n   Name=\"HTML Typewriter\"/>\r\n  <w:LsdException Locked=\"false\" SemiHidden=\"true\" UnhideWhenUsed=\"true\"\r\n   Name=\"HTML Variable\"/>\r\n  <w:LsdException Locked=\"false\" SemiHidden=\"true\" UnhideWhenUsed=\"true\"\r\n   Name=\"Normal Table\"/>\r\n  <w:LsdException Locked=\"false\" SemiHidden=\"true\" UnhideWhenUsed=\"true\"\r\n   Name=\"annotation subject\"/>\r\n  <w:LsdException Locked=\"false\" SemiHidden=\"true\" UnhideWhenUsed=\"true\"\r\n   Name=\"No List\"/>\r\n  <w:LsdException Locked=\"false\" SemiHidden=\"true\" UnhideWhenUsed=\"true\"\r\n   Name=\"Outline List 1\"/>\r\n  <w:LsdException Locked=\"false\" SemiHidden=\"true\" UnhideWhenUsed=\"true\"\r\n   Name=\"Outline List 2\"/>\r\n  <w:LsdException Locked=\"false\" SemiHidden=\"true\" UnhideWhenUsed=\"true\"\r\n   Name=\"Outline List 3\"/>\r\n  <w:LsdException Locked=\"false\" SemiHidden=\"true\" UnhideWhenUsed=\"true\"\r\n   Name=\"Table Simple 1\"/>\r\n  <w:LsdException Locked=\"false\" SemiHidden=\"true\" UnhideWhenUsed=\"true\"\r\n   Name=\"Table Simple 2\"/>\r\n  <w:LsdException Locked=\"false\" SemiHidden=\"true\" UnhideWhenUsed=\"true\"\r\n   Name=\"Table Simple 3\"/>\r\n  <w:LsdException Locked=\"false\" SemiHidden=\"true\" UnhideWhenUsed=\"true\"\r\n   Name=\"Table Classic 1\"/>\r\n  <w:LsdException Locked=\"false\" SemiHidden=\"true\" UnhideWhenUsed=\"true\"\r\n   Name=\"Table Classic 2\"/>\r\n  <w:LsdException Locked=\"false\" SemiHidden=\"true\" UnhideWhenUsed=\"true\"\r\n   Name=\"Table Classic 3\"/>\r\n  <w:LsdException Locked=\"false\" SemiHidden=\"true\" UnhideWhenUsed=\"true\"\r\n   Name=\"Table Classic 4\"/>\r\n  <w:LsdException Locked=\"false\" SemiHidden=\"true\" UnhideWhenUsed=\"true\"\r\n   Name=\"Table Colorful 1\"/>\r\n  <w:LsdException Locked=\"false\" SemiHidden=\"true\" UnhideWhenUsed=\"true\"\r\n   Name=\"Table Colorful 2\"/>\r\n  <w:LsdException Locked=\"false\" SemiHidden=\"true\" UnhideWhenUsed=\"true\"\r\n   Name=\"Table Colorful 3\"/>\r\n  <w:LsdException Locked=\"false\" SemiHidden=\"true\" UnhideWhenUsed=\"true\"\r\n   Name=\"Table Columns 1\"/>\r\n  <w:LsdException Locked=\"false\" SemiHidden=\"true\" UnhideWhenUsed=\"true\"\r\n   Name=\"Table Columns 2\"/>\r\n  <w:LsdException Locked=\"false\" SemiHidden=\"true\" UnhideWhenUsed=\"true\"\r\n   Name=\"Table Columns 3\"/>\r\n  <w:LsdException Locked=\"false\" SemiHidden=\"true\" UnhideWhenUsed=\"true\"\r\n   Name=\"Table Columns 4\"/>\r\n  <w:LsdException Locked=\"false\" SemiHidden=\"true\" UnhideWhenUsed=\"true\"\r\n   Name=\"Table Columns 5\"/>\r\n  <w:LsdException Locked=\"false\" SemiHidden=\"true\" UnhideWhenUsed=\"true\"\r\n   Name=\"Table Grid 1\"/>\r\n  <w:LsdException Locked=\"false\" SemiHidden=\"true\" UnhideWhenUsed=\"true\"\r\n   Name=\"Table Grid 2\"/>\r\n  <w:LsdException Locked=\"false\" SemiHidden=\"true\" UnhideWhenUsed=\"true\"\r\n   Name=\"Table Grid 3\"/>\r\n  <w:LsdException Locked=\"false\" SemiHidden=\"true\" UnhideWhenUsed=\"true\"\r\n   Name=\"Table Grid 4\"/>\r\n  <w:LsdException Locked=\"false\" SemiHidden=\"true\" UnhideWhenUsed=\"true\"\r\n   Name=\"Table Grid 5\"/>\r\n  <w:LsdException Locked=\"false\" SemiHidden=\"true\" UnhideWhenUsed=\"true\"\r\n   Name=\"Table Grid 6\"/>\r\n  <w:LsdException Locked=\"false\" SemiHidden=\"true\" UnhideWhenUsed=\"true\"\r\n   Name=\"Table Grid 7\"/>\r\n  <w:LsdException Locked=\"false\" SemiHidden=\"true\" UnhideWhenUsed=\"true\"\r\n   Name=\"Table Grid 8\"/>\r\n  <w:LsdException Locked=\"false\" SemiHidden=\"true\" UnhideWhenUsed=\"true\"\r\n   Name=\"Table List 1\"/>\r\n  <w:LsdException Locked=\"false\" SemiHidden=\"true\" UnhideWhenUsed=\"true\"\r\n   Name=\"Table List 2\"/>\r\n  <w:LsdException Locked=\"false\" SemiHidden=\"true\" UnhideWhenUsed=\"true\"\r\n   Name=\"Table List 3\"/>\r\n  <w:LsdException Locked=\"false\" SemiHidden=\"true\" UnhideWhenUsed=\"true\"\r\n   Name=\"Table List 4\"/>\r\n  <w:LsdException Locked=\"false\" SemiHidden=\"true\" UnhideWhenUsed=\"true\"\r\n   Name=\"Table List 5\"/>\r\n  <w:LsdException Locked=\"false\" SemiHidden=\"true\" UnhideWhenUsed=\"true\"\r\n   Name=\"Table List 6\"/>\r\n  <w:LsdException Locked=\"false\" SemiHidden=\"true\" UnhideWhenUsed=\"true\"\r\n   Name=\"Table List 7\"/>\r\n  <w:LsdException Locked=\"false\" SemiHidden=\"true\" UnhideWhenUsed=\"true\"\r\n   Name=\"Table List 8\"/>\r\n  <w:LsdException Locked=\"false\" SemiHidden=\"true\" UnhideWhenUsed=\"true\"\r\n   Name=\"Table 3D effects 1\"/>\r\n  <w:LsdException Locked=\"false\" SemiHidden=\"true\" UnhideWhenUsed=\"true\"\r\n   Name=\"Table 3D effects 2\"/>\r\n  <w:LsdException Locked=\"false\" SemiHidden=\"true\" UnhideWhenUsed=\"true\"\r\n   Name=\"Table 3D effects 3\"/>\r\n  <w:LsdException Locked=\"false\" SemiHidden=\"true\" UnhideWhenUsed=\"true\"\r\n   Name=\"Table Contemporary\"/>\r\n  <w:LsdException Locked=\"false\" SemiHidden=\"true\" UnhideWhenUsed=\"true\"\r\n   Name=\"Table Elegant\"/>\r\n  <w:LsdException Locked=\"false\" SemiHidden=\"true\" UnhideWhenUsed=\"true\"\r\n   Name=\"Table Professional\"/>\r\n  <w:LsdException Locked=\"false\" SemiHidden=\"true\" UnhideWhenUsed=\"true\"\r\n   Name=\"Table Subtle 1\"/>\r\n  <w:LsdException Locked=\"false\" SemiHidden=\"true\" UnhideWhenUsed=\"true\"\r\n   Name=\"Table Subtle 2\"/>\r\n  <w:LsdException Locked=\"false\" SemiHidden=\"true\" UnhideWhenUsed=\"true\"\r\n   Name=\"Table Web 1\"/>\r\n  <w:LsdException Locked=\"false\" SemiHidden=\"true\" UnhideWhenUsed=\"true\"\r\n   Name=\"Table Web 2\"/>\r\n  <w:LsdException Locked=\"false\" SemiHidden=\"true\" UnhideWhenUsed=\"true\"\r\n   Name=\"Table Web 3\"/>\r\n  <w:LsdException Locked=\"false\" SemiHidden=\"true\" UnhideWhenUsed=\"true\"\r\n   Name=\"Balloon Text\"/>\r\n  <w:LsdException Locked=\"false\" Priority=\"39\" Name=\"Table Grid\"/>\r\n  <w:LsdException Locked=\"false\" SemiHidden=\"true\" UnhideWhenUsed=\"true\"\r\n   Name=\"Table Theme\"/>\r\n  <w:LsdException Locked=\"false\" SemiHidden=\"true\" UnhideWhenUsed=\"true\"\r\n   Name=\"Note Level 1\"/>\r\n  <w:LsdException Locked=\"false\" SemiHidden=\"true\" UnhideWhenUsed=\"true\"\r\n   Name=\"Note Level 2\"/>\r\n  <w:LsdException Locked=\"false\" SemiHidden=\"true\" UnhideWhenUsed=\"true\"\r\n   Name=\"Note Level 3\"/>\r\n  <w:LsdException Locked=\"false\" SemiHidden=\"true\" UnhideWhenUsed=\"true\"\r\n   Name=\"Note Level 4\"/>\r\n  <w:LsdException Locked=\"false\" SemiHidden=\"true\" UnhideWhenUsed=\"true\"\r\n   Name=\"Note Level 5\"/>\r\n  <w:LsdException Locked=\"false\" SemiHidden=\"true\" UnhideWhenUsed=\"true\"\r\n   Name=\"Note Level 6\"/>\r\n  <w:LsdException Locked=\"false\" SemiHidden=\"true\" UnhideWhenUsed=\"true\"\r\n   Name=\"Note Level 7\"/>\r\n  <w:LsdException Locked=\"false\" SemiHidden=\"true\" UnhideWhenUsed=\"true\"\r\n   Name=\"Note Level 8\"/>\r\n  <w:LsdException Locked=\"false\" SemiHidden=\"true\" UnhideWhenUsed=\"true\"\r\n   Name=\"Note Level 9\"/>\r\n  <w:LsdException Locked=\"false\" SemiHidden=\"true\" Name=\"Placeholder Text\"/>\r\n  <w:LsdException Locked=\"false\" Priority=\"1\" QFormat=\"true\" Name=\"No Spacing\"/>\r\n  <w:LsdException Locked=\"false\" Priority=\"60\" Name=\"Light Shading\"/>\r\n  <w:LsdException Locked=\"false\" Priority=\"61\" Name=\"Light List\"/>\r\n  <w:LsdException Locked=\"false\" Priority=\"62\" Name=\"Light Grid\"/>\r\n  <w:LsdException Locked=\"false\" Priority=\"63\" Name=\"Medium Shading 1\"/>\r\n  <w:LsdException Locked=\"false\" Priority=\"64\" Name=\"Medium Shading 2\"/>\r\n  <w:LsdException Locked=\"false\" Priority=\"65\" Name=\"Medium List 1\"/>\r\n  <w:LsdException Locked=\"false\" Priority=\"66\" Name=\"Medium List 2\"/>\r\n  <w:LsdException Locked=\"false\" Priority=\"67\" Name=\"Medium Grid 1\"/>\r\n  <w:LsdException Locked=\"false\" Priority=\"68\" Name=\"Medium Grid 2\"/>\r\n  <w:LsdException Locked=\"false\" Priority=\"69\" Name=\"Medium Grid 3\"/>\r\n  <w:LsdException Locked=\"false\" Priority=\"70\" Name=\"Dark List\"/>\r\n  <w:LsdException Locked=\"false\" Priority=\"71\" Name=\"Colorful Shading\"/>\r\n  <w:LsdException Locked=\"false\" Priority=\"72\" Name=\"Colorful List\"/>\r\n  <w:LsdException Locked=\"false\" Priority=\"73\" Name=\"Colorful Grid\"/>\r\n  <w:LsdException Locked=\"false\" Priority=\"60\" Name=\"Light Shading Accent 1\"/>\r\n  <w:LsdException Locked=\"false\" Priority=\"61\" Name=\"Light List Accent 1\"/>\r\n  <w:LsdException Locked=\"false\" Priority=\"62\" Name=\"Light Grid Accent 1\"/>\r\n  <w:LsdException Locked=\"false\" Priority=\"63\" Name=\"Medium Shading 1 Accent 1\"/>\r\n  <w:LsdException Locked=\"false\" Priority=\"64\" Name=\"Medium Shading 2 Accent 1\"/>\r\n  <w:LsdException Locked=\"false\" Priority=\"65\" Name=\"Medium List 1 Accent 1\"/>\r\n  <w:LsdException Locked=\"false\" SemiHidden=\"true\" Name=\"Revision\"/>\r\n  <w:LsdException Locked=\"false\" Priority=\"34\" QFormat=\"true\"\r\n   Name=\"List Paragraph\"/>\r\n  <w:LsdException Locked=\"false\" Priority=\"29\" QFormat=\"true\" Name=\"Quote\"/>\r\n  <w:LsdException Locked=\"false\" Priority=\"30\" QFormat=\"true\"\r\n   Name=\"Intense Quote\"/>\r\n  <w:LsdException Locked=\"false\" Priority=\"66\" Name=\"Medium List 2 Accent 1\"/>\r\n  <w:LsdException Locked=\"false\" Priority=\"67\" Name=\"Medium Grid 1 Accent 1\"/>\r\n  <w:LsdException Locked=\"false\" Priority=\"68\" Name=\"Medium Grid 2 Accent 1\"/>\r\n  <w:LsdException Locked=\"false\" Priority=\"69\" Name=\"Medium Grid 3 Accent 1\"/>\r\n  <w:LsdException Locked=\"false\" Priority=\"70\" Name=\"Dark List Accent 1\"/>\r\n  <w:LsdException Locked=\"false\" Priority=\"71\" Name=\"Colorful Shading Accent 1\"/>\r\n  <w:LsdException Locked=\"false\" Priority=\"72\" Name=\"Colorful List Accent 1\"/>\r\n  <w:LsdException Locked=\"false\" Priority=\"73\" Name=\"Colorful Grid Accent 1\"/>\r\n  <w:LsdException Locked=\"false\" Priority=\"60\" Name=\"Light Shading Accent 2\"/>\r\n  <w:LsdException Locked=\"false\" Priority=\"61\" Name=\"Light List Accent 2\"/>\r\n  <w:LsdException Locked=\"false\" Priority=\"62\" Name=\"Light Grid Accent 2\"/>\r\n  <w:LsdException Locked=\"false\" Priority=\"63\" Name=\"Medium Shading 1 Accent 2\"/>\r\n  <w:LsdException Locked=\"false\" Priority=\"64\" Name=\"Medium Shading 2 Accent 2\"/>\r\n  <w:LsdException Locked=\"false\" Priority=\"65\" Name=\"Medium List 1 Accent 2\"/>\r\n  <w:LsdException Locked=\"false\" Priority=\"66\" Name=\"Medium List 2 Accent 2\"/>\r\n  <w:LsdException Locked=\"false\" Priority=\"67\" Name=\"Medium Grid 1 Accent 2\"/>\r\n  <w:LsdException Locked=\"false\" Priority=\"68\" Name=\"Medium Grid 2 Accent 2\"/>\r\n  <w:LsdException Locked=\"false\" Priority=\"69\" Name=\"Medium Grid 3 Accent 2\"/>\r\n  <w:LsdException Locked=\"false\" Priority=\"70\" Name=\"Dark List Accent 2\"/>\r\n  <w:LsdException Locked=\"false\" Priority=\"71\" Name=\"Colorful Shading Accent 2\"/>\r\n  <w:LsdException Locked=\"false\" Priority=\"72\" Name=\"Colorful List Accent 2\"/>\r\n  <w:LsdException Locked=\"false\" Priority=\"73\" Name=\"Colorful Grid Accent 2\"/>\r\n  <w:LsdException Locked=\"false\" Priority=\"60\" Name=\"Light Shading Accent 3\"/>\r\n  <w:LsdException Locked=\"false\" Priority=\"61\" Name=\"Light List Accent 3\"/>\r\n  <w:LsdException Locked=\"false\" Priority=\"62\" Name=\"Light Grid Accent 3\"/>\r\n  <w:LsdException Locked=\"false\" Priority=\"63\" Name=\"Medium Shading 1 Accent 3\"/>\r\n  <w:LsdException Locked=\"false\" Priority=\"64\" Name=\"Medium Shading 2 Accent 3\"/>\r\n  <w:LsdException Locked=\"false\" Priority=\"65\" Name=\"Medium List 1 Accent 3\"/>\r\n  <w:LsdException Locked=\"false\" Priority=\"66\" Name=\"Medium List 2 Accent 3\"/>\r\n  <w:LsdException Locked=\"false\" Priority=\"67\" Name=\"Medium Grid 1 Accent 3\"/>\r\n  <w:LsdException Locked=\"false\" Priority=\"68\" Name=\"Medium Grid 2 Accent 3\"/>\r\n  <w:LsdException Locked=\"false\" Priority=\"69\" Name=\"Medium Grid 3 Accent 3\"/>\r\n  <w:LsdException Locked=\"false\" Priority=\"70\" Name=\"Dark List Accent 3\"/>\r\n  <w:LsdException Locked=\"false\" Priority=\"71\" Name=\"Colorful Shading Accent 3\"/>\r\n  <w:LsdException Locked=\"false\" Priority=\"72\" Name=\"Colorful List Accent 3\"/>\r\n  <w:LsdException Locked=\"false\" Priority=\"73\" Name=\"Colorful Grid Accent 3\"/>\r\n  <w:LsdException Locked=\"false\" Priority=\"60\" Name=\"Light Shading Accent 4\"/>\r\n  <w:LsdException Locked=\"false\" Priority=\"61\" Name=\"Light List Accent 4\"/>\r\n  <w:LsdException Locked=\"false\" Priority=\"62\" Name=\"Light Grid Accent 4\"/>\r\n  <w:LsdException Locked=\"false\" Priority=\"63\" Name=\"Medium Shading 1 Accent 4\"/>\r\n  <w:LsdException Locked=\"false\" Priority=\"64\" Name=\"Medium Shading 2 Accent 4\"/>\r\n  <w:LsdException Locked=\"false\" Priority=\"65\" Name=\"Medium List 1 Accent 4\"/>\r\n  <w:LsdException Locked=\"false\" Priority=\"66\" Name=\"Medium List 2 Accent 4\"/>\r\n  <w:LsdException Locked=\"false\" Priority=\"67\" Name=\"Medium Grid 1 Accent 4\"/>\r\n  <w:LsdException Locked=\"false\" Priority=\"68\" Name=\"Medium Grid 2 Accent 4\"/>\r\n  <w:LsdException Locked=\"false\" Priority=\"69\" Name=\"Medium Grid 3 Accent 4\"/>\r\n  <w:LsdException Locked=\"false\" Priority=\"70\" Name=\"Dark List Accent 4\"/>\r\n  <w:LsdException Locked=\"false\" Priority=\"71\" Name=\"Colorful Shading Accent 4\"/>\r\n  <w:LsdException Locked=\"false\" Priority=\"72\" Name=\"Colorful List Accent 4\"/>\r\n  <w:LsdException Locked=\"false\" Priority=\"73\" Name=\"Colorful Grid Accent 4\"/>\r\n  <w:LsdException Locked=\"false\" Priority=\"60\" Name=\"Light Shading Accent 5\"/>\r\n  <w:LsdException Locked=\"false\" Priority=\"61\" Name=\"Light List Accent 5\"/>\r\n  <w:LsdException Locked=\"false\" Priority=\"62\" Name=\"Light Grid Accent 5\"/>\r\n  <w:LsdException Locked=\"false\" Priority=\"63\" Name=\"Medium Shading 1 Accent 5\"/>\r\n  <w:LsdException Locked=\"false\" Priority=\"64\" Name=\"Medium Shading 2 Accent 5\"/>\r\n  <w:LsdException Locked=\"false\" Priority=\"65\" Name=\"Medium List 1 Accent 5\"/>\r\n  <w:LsdException Locked=\"false\" Priority=\"66\" Name=\"Medium List 2 Accent 5\"/>\r\n  <w:LsdException Locked=\"false\" Priority=\"67\" Name=\"Medium Grid 1 Accent 5\"/>\r\n  <w:LsdException Locked=\"false\" Priority=\"68\" Name=\"Medium Grid 2 Accent 5\"/>\r\n  <w:LsdException Locked=\"false\" Priority=\"69\" Name=\"Medium Grid 3 Accent 5\"/>\r\n  <w:LsdException Locked=\"false\" Priority=\"70\" Name=\"Dark List Accent 5\"/>\r\n  <w:LsdException Locked=\"false\" Priority=\"71\" Name=\"Colorful Shading Accent 5\"/>\r\n  <w:LsdException Locked=\"false\" Priority=\"72\" Name=\"Colorful List Accent 5\"/>\r\n  <w:LsdException Locked=\"false\" Priority=\"73\" Name=\"Colorful Grid Accent 5\"/>\r\n  <w:LsdException Locked=\"false\" Priority=\"60\" Name=\"Light Shading Accent 6\"/>\r\n  <w:LsdException Locked=\"false\" Priority=\"61\" Name=\"Light List Accent 6\"/>\r\n  <w:LsdException Locked=\"false\" Priority=\"62\" Name=\"Light Grid Accent 6\"/>\r\n  <w:LsdException Locked=\"false\" Priority=\"63\" Name=\"Medium Shading 1 Accent 6\"/>\r\n  <w:LsdException Locked=\"false\" Priority=\"64\" Name=\"Medium Shading 2 Accent 6\"/>\r\n  <w:LsdException Locked=\"false\" Priority=\"65\" Name=\"Medium List 1 Accent 6\"/>\r\n  <w:LsdException Locked=\"false\" Priority=\"66\" Name=\"Medium List 2 Accent 6\"/>\r\n  <w:LsdException Locked=\"false\" Priority=\"67\" Name=\"Medium Grid 1 Accent 6\"/>\r\n  <w:LsdException Locked=\"false\" Priority=\"68\" Name=\"Medium Grid 2 Accent 6\"/>\r\n  <w:LsdException Locked=\"false\" Priority=\"69\" Name=\"Medium Grid 3 Accent 6\"/>\r\n  <w:LsdException Locked=\"false\" Priority=\"70\" Name=\"Dark List Accent 6\"/>\r\n  <w:LsdException Locked=\"false\" Priority=\"71\" Name=\"Colorful Shading Accent 6\"/>\r\n  <w:LsdException Locked=\"false\" Priority=\"72\" Name=\"Colorful List Accent 6\"/>\r\n  <w:LsdException Locked=\"false\" Priority=\"73\" Name=\"Colorful Grid Accent 6\"/>\r\n  <w:LsdException Locked=\"false\" Priority=\"19\" QFormat=\"true\"\r\n   Name=\"Subtle Emphasis\"/>\r\n  <w:LsdException Locked=\"false\" Priority=\"21\" QFormat=\"true\"\r\n   Name=\"Intense Emphasis\"/>\r\n  <w:LsdException Locked=\"false\" Priority=\"31\" QFormat=\"true\"\r\n   Name=\"Subtle Reference\"/>\r\n  <w:LsdException Locked=\"false\" Priority=\"32\" QFormat=\"true\"\r\n   Name=\"Intense Reference\"/>\r\n  <w:LsdException Locked=\"false\" Priority=\"33\" QFormat=\"true\" Name=\"Book Title\"/>\r\n  <w:LsdException Locked=\"false\" Priority=\"37\" SemiHidden=\"true\"\r\n   UnhideWhenUsed=\"true\" Name=\"Bibliography\"/>\r\n  <w:LsdException Locked=\"false\" Priority=\"39\" SemiHidden=\"true\"\r\n   UnhideWhenUsed=\"true\" QFormat=\"true\" Name=\"TOC Heading\"/>\r\n  <w:LsdException Locked=\"false\" Priority=\"41\" Name=\"Plain Table 1\"/>\r\n  <w:LsdException Locked=\"false\" Priority=\"42\" Name=\"Plain Table 2\"/>\r\n  <w:LsdException Locked=\"false\" Priority=\"43\" Name=\"Plain Table 3\"/>\r\n  <w:LsdException Locked=\"false\" Priority=\"44\" Name=\"Plain Table 4\"/>\r\n  <w:LsdException Locked=\"false\" Priority=\"45\" Name=\"Plain Table 5\"/>\r\n  <w:LsdException Locked=\"false\" Priority=\"40\" Name=\"Grid Table Light\"/>\r\n  <w:LsdException Locked=\"false\" Priority=\"46\" Name=\"Grid Table 1 Light\"/>\r\n  <w:LsdException Locked=\"false\" Priority=\"47\" Name=\"Grid Table 2\"/>\r\n  <w:LsdException Locked=\"false\" Priority=\"48\" Name=\"Grid Table 3\"/>\r\n  <w:LsdException Locked=\"false\" Priority=\"49\" Name=\"Grid Table 4\"/>\r\n  <w:LsdException Locked=\"false\" Priority=\"50\" Name=\"Grid Table 5 Dark\"/>\r\n  <w:LsdException Locked=\"false\" Priority=\"51\" Name=\"Grid Table 6 Colorful\"/>\r\n  <w:LsdException Locked=\"false\" Priority=\"52\" Name=\"Grid Table 7 Colorful\"/>\r\n  <w:LsdException Locked=\"false\" Priority=\"46\"\r\n   Name=\"Grid Table 1 Light Accent 1\"/>\r\n  <w:LsdException Locked=\"false\" Priority=\"47\" Name=\"Grid Table 2 Accent 1\"/>\r\n  <w:LsdException Locked=\"false\" Priority=\"48\" Name=\"Grid Table 3 Accent 1\"/>\r\n  <w:LsdException Locked=\"false\" Priority=\"49\" Name=\"Grid Table 4 Accent 1\"/>\r\n  <w:LsdException Locked=\"false\" Priority=\"50\" Name=\"Grid Table 5 Dark Accent 1\"/>\r\n  <w:LsdException Locked=\"false\" Priority=\"51\"\r\n   Name=\"Grid Table 6 Colorful Accent 1\"/>\r\n  <w:LsdException Locked=\"false\" Priority=\"52\"\r\n   Name=\"Grid Table 7 Colorful Accent 1\"/>\r\n  <w:LsdException Locked=\"false\" Priority=\"46\"\r\n   Name=\"Grid Table 1 Light Accent 2\"/>\r\n  <w:LsdException Locked=\"false\" Priority=\"47\" Name=\"Grid Table 2 Accent 2\"/>\r\n  <w:LsdException Locked=\"false\" Priority=\"48\" Name=\"Grid Table 3 Accent 2\"/>\r\n  <w:LsdException Locked=\"false\" Priority=\"49\" Name=\"Grid Table 4 Accent 2\"/>\r\n  <w:LsdException Locked=\"false\" Priority=\"50\" Name=\"Grid Table 5 Dark Accent 2\"/>\r\n  <w:LsdException Locked=\"false\" Priority=\"51\"\r\n   Name=\"Grid Table 6 Colorful Accent 2\"/>\r\n  <w:LsdException Locked=\"false\" Priority=\"52\"\r\n   Name=\"Grid Table 7 Colorful Accent 2\"/>\r\n  <w:LsdException Locked=\"false\" Priority=\"46\"\r\n   Name=\"Grid Table 1 Light Accent 3\"/>\r\n  <w:LsdException Locked=\"false\" Priority=\"47\" Name=\"Grid Table 2 Accent 3\"/>\r\n  <w:LsdException Locked=\"false\" Priority=\"48\" Name=\"Grid Table 3 Accent 3\"/>\r\n  <w:LsdException Locked=\"false\" Priority=\"49\" Name=\"Grid Table 4 Accent 3\"/>\r\n  <w:LsdException Locked=\"false\" Priority=\"50\" Name=\"Grid Table 5 Dark Accent 3\"/>\r\n  <w:LsdException Locked=\"false\" Priority=\"51\"\r\n   Name=\"Grid Table 6 Colorful Accent 3\"/>\r\n  <w:LsdException Locked=\"false\" Priority=\"52\"\r\n   Name=\"Grid Table 7 Colorful Accent 3\"/>\r\n  <w:LsdException Locked=\"false\" Priority=\"46\"\r\n   Name=\"Grid Table 1 Light Accent 4\"/>\r\n  <w:LsdException Locked=\"false\" Priority=\"47\" Name=\"Grid Table 2 Accent 4\"/>\r\n  <w:LsdException Locked=\"false\" Priority=\"48\" Name=\"Grid Table 3 Accent 4\"/>\r\n  <w:LsdException Locked=\"false\" Priority=\"49\" Name=\"Grid Table 4 Accent 4\"/>\r\n  <w:LsdException Locked=\"false\" Priority=\"50\" Name=\"Grid Table 5 Dark Accent 4\"/>\r\n  <w:LsdException Locked=\"false\" Priority=\"51\"\r\n   Name=\"Grid Table 6 Colorful Accent 4\"/>\r\n  <w:LsdException Locked=\"false\" Priority=\"52\"\r\n   Name=\"Grid Table 7 Colorful Accent 4\"/>\r\n  <w:LsdException Locked=\"false\" Priority=\"46\"\r\n   Name=\"Grid Table 1 Light Accent 5\"/>\r\n  <w:LsdException Locked=\"false\" Priority=\"47\" Name=\"Grid Table 2 Accent 5\"/>\r\n  <w:LsdException Locked=\"false\" Priority=\"48\" Name=\"Grid Table 3 Accent 5\"/>\r\n  <w:LsdException Locked=\"false\" Priority=\"49\" Name=\"Grid Table 4 Accent 5\"/>\r\n  <w:LsdException Locked=\"false\" Priority=\"50\" Name=\"Grid Table 5 Dark Accent 5\"/>\r\n  <w:LsdException Locked=\"false\" Priority=\"51\"\r\n   Name=\"Grid Table 6 Colorful Accent 5\"/>\r\n  <w:LsdException Locked=\"false\" Priority=\"52\"\r\n   Name=\"Grid Table 7 Colorful Accent 5\"/>\r\n  <w:LsdException Locked=\"false\" Priority=\"46\"\r\n   Name=\"Grid Table 1 Light Accent 6\"/>\r\n  <w:LsdException Locked=\"false\" Priority=\"47\" Name=\"Grid Table 2 Accent 6\"/>\r\n  <w:LsdException Locked=\"false\" Priority=\"48\" Name=\"Grid Table 3 Accent 6\"/>\r\n  <w:LsdException Locked=\"false\" Priority=\"49\" Name=\"Grid Table 4 Accent 6\"/>\r\n  <w:LsdException Locked=\"false\" Priority=\"50\" Name=\"Grid Table 5 Dark Accent 6\"/>\r\n  <w:LsdException Locked=\"false\" Priority=\"51\"\r\n   Name=\"Grid Table 6 Colorful Accent 6\"/>\r\n  <w:LsdException Locked=\"false\" Priority=\"52\"\r\n   Name=\"Grid Table 7 Colorful Accent 6\"/>\r\n  <w:LsdException Locked=\"false\" Priority=\"46\" Name=\"List Table 1 Light\"/>\r\n  <w:LsdException Locked=\"false\" Priority=\"47\" Name=\"List Table 2\"/>\r\n  <w:LsdException Locked=\"false\" Priority=\"48\" Name=\"List Table 3\"/>\r\n  <w:LsdException Locked=\"false\" Priority=\"49\" Name=\"List Table 4\"/>\r\n  <w:LsdException Locked=\"false\" Priority=\"50\" Name=\"List Table 5 Dark\"/>\r\n  <w:LsdException Locked=\"false\" Priority=\"51\" Name=\"List Table 6 Colorful\"/>\r\n  <w:LsdException Locked=\"false\" Priority=\"52\" Name=\"List Table 7 Colorful\"/>\r\n  <w:LsdException Locked=\"false\" Priority=\"46\"\r\n   Name=\"List Table 1 Light Accent 1\"/>\r\n  <w:LsdException Locked=\"false\" Priority=\"47\" Name=\"List Table 2 Accent 1\"/>\r\n  <w:LsdException Locked=\"false\" Priority=\"48\" Name=\"List Table 3 Accent 1\"/>\r\n  <w:LsdException Locked=\"false\" Priority=\"49\" Name=\"List Table 4 Accent 1\"/>\r\n  <w:LsdException Locked=\"false\" Priority=\"50\" Name=\"List Table 5 Dark Accent 1\"/>\r\n  <w:LsdException Locked=\"false\" Priority=\"51\"\r\n   Name=\"List Table 6 Colorful Accent 1\"/>\r\n  <w:LsdException Locked=\"false\" Priority=\"52\"\r\n   Name=\"List Table 7 Colorful Accent 1\"/>\r\n  <w:LsdException Locked=\"false\" Priority=\"46\"\r\n   Name=\"List Table 1 Light Accent 2\"/>\r\n  <w:LsdException Locked=\"false\" Priority=\"47\" Name=\"List Table 2 Accent 2\"/>\r\n  <w:LsdException Locked=\"false\" Priority=\"48\" Name=\"List Table 3 Accent 2\"/>\r\n  <w:LsdException Locked=\"false\" Priority=\"49\" Name=\"List Table 4 Accent 2\"/>\r\n  <w:LsdException Locked=\"false\" Priority=\"50\" Name=\"List Table 5 Dark Accent 2\"/>\r\n  <w:LsdException Locked=\"false\" Priority=\"51\"\r\n   Name=\"List Table 6 Colorful Accent 2\"/>\r\n  <w:LsdException Locked=\"false\" Priority=\"52\"\r\n   Name=\"List Table 7 Colorful Accent 2\"/>\r\n  <w:LsdException Locked=\"false\" Priority=\"46\"\r\n   Name=\"List Table 1 Light Accent 3\"/>\r\n  <w:LsdException Locked=\"false\" Priority=\"47\" Name=\"List Table 2 Accent 3\"/>\r\n  <w:LsdException Locked=\"false\" Priority=\"48\" Name=\"List Table 3 Accent 3\"/>\r\n  <w:LsdException Locked=\"false\" Priority=\"49\" Name=\"List Table 4 Accent 3\"/>\r\n  <w:LsdException Locked=\"false\" Priority=\"50\" Name=\"List Table 5 Dark Accent 3\"/>\r\n  <w:LsdException Locked=\"false\" Priority=\"51\"\r\n   Name=\"List Table 6 Colorful Accent 3\"/>\r\n  <w:LsdException Locked=\"false\" Priority=\"52\"\r\n   Name=\"List Table 7 Colorful Accent 3\"/>\r\n  <w:LsdException Locked=\"false\" Priority=\"46\"\r\n   Name=\"List Table 1 Light Accent 4\"/>\r\n  <w:LsdException Locked=\"false\" Priority=\"47\" Name=\"List Table 2 Accent 4\"/>\r\n  <w:LsdException Locked=\"false\" Priority=\"48\" Name=\"List Table 3 Accent 4\"/>\r\n  <w:LsdException Locked=\"false\" Priority=\"49\" Name=\"List Table 4 Accent 4\"/>\r\n  <w:LsdException Locked=\"false\" Priority=\"50\" Name=\"List Table 5 Dark Accent 4\"/>\r\n  <w:LsdException Locked=\"false\" Priority=\"51\"\r\n   Name=\"List Table 6 Colorful Accent 4\"/>\r\n  <w:LsdException Locked=\"false\" Priority=\"52\"\r\n   Name=\"List Table 7 Colorful Accent 4\"/>\r\n  <w:LsdException Locked=\"false\" Priority=\"46\"\r\n   Name=\"List Table 1 Light Accent 5\"/>\r\n  <w:LsdException Locked=\"false\" Priority=\"47\" Name=\"List Table 2 Accent 5\"/>\r\n  <w:LsdException Locked=\"false\" Priority=\"48\" Name=\"List Table 3 Accent 5\"/>\r\n  <w:LsdException Locked=\"false\" Priority=\"49\" Name=\"List Table 4 Accent 5\"/>\r\n  <w:LsdException Locked=\"false\" Priority=\"50\" Name=\"List Table 5 Dark Accent 5\"/>\r\n  <w:LsdException Locked=\"false\" Priority=\"51\"\r\n   Name=\"List Table 6 Colorful Accent 5\"/>\r\n  <w:LsdException Locked=\"false\" Priority=\"52\"\r\n   Name=\"List Table 7 Colorful Accent 5\"/>\r\n  <w:LsdException Locked=\"false\" Priority=\"46\"\r\n   Name=\"List Table 1 Light Accent 6\"/>\r\n  <w:LsdException Locked=\"false\" Priority=\"47\" Name=\"List Table 2 Accent 6\"/>\r\n  <w:LsdException Locked=\"false\" Priority=\"48\" Name=\"List Table 3 Accent 6\"/>\r\n  <w:LsdException Locked=\"false\" Priority=\"49\" Name=\"List Table 4 Accent 6\"/>\r\n  <w:LsdException Locked=\"false\" Priority=\"50\" Name=\"List Table 5 Dark Accent 6\"/>\r\n  <w:LsdException Locked=\"false\" Priority=\"51\"\r\n   Name=\"List Table 6 Colorful Accent 6\"/>\r\n  <w:LsdException Locked=\"false\" Priority=\"52\"\r\n   Name=\"List Table 7 Colorful Accent 6\"/>\r\n  <w:LsdException Locked=\"false\" SemiHidden=\"true\" UnhideWhenUsed=\"true\"\r\n   Name=\"Mention\"/>\r\n  <w:LsdException Locked=\"false\" SemiHidden=\"true\" UnhideWhenUsed=\"true\"\r\n   Name=\"Smart Hyperlink\"/>\r\n </w:LatentStyles>\r\n</xml><![endif]-->\r\n<style>\r\n<!--\r\n /* Font Definitions */\r\n@font-face\r\n	{font-family:Arial;\r\n	panose-1:2 11 6 4 2 2 2 2 2 4;\r\n	mso-font-charset:0;\r\n	mso-generic-font-family:auto;\r\n	mso-font-pitch:variable;\r\n	mso-font-signature:-536859905 -1073711037 9 0 511 0;}\r\n@font-face\r\n	{font-family:\"Courier New\";\r\n	panose-1:2 7 3 9 2 2 5 2 4 4;\r\n	mso-font-charset:0;\r\n	mso-generic-font-family:auto;\r\n	mso-font-pitch:variable;\r\n	mso-font-signature:-536859905 -1073711037 9 0 511 0;}\r\n@font-face\r\n	{font-family:Wingdings;\r\n	panose-1:5 0 0 0 0 0 0 0 0 0;\r\n	mso-font-charset:2;\r\n	mso-generic-font-family:auto;\r\n	mso-font-pitch:variable;\r\n	mso-font-signature:0 268435456 0 0 -2147483648 0;}\r\n@font-face\r\n	{font-family:\"Cambria Math\";\r\n	panose-1:2 4 5 3 5 4 6 3 2 4;\r\n	mso-font-charset:0;\r\n	mso-generic-font-family:auto;\r\n	mso-font-pitch:variable;\r\n	mso-font-signature:-536870145 1107305727 0 0 415 0;}\r\n@font-face\r\n	{font-family:Calibri;\r\n	panose-1:2 15 5 2 2 2 4 3 2 4;\r\n	mso-font-charset:0;\r\n	mso-generic-font-family:auto;\r\n	mso-font-pitch:variable;\r\n	mso-font-signature:-536870145 1073786111 1 0 415 0;}\r\n@font-face\r\n	{font-family:DaunPenh;\r\n	panose-1:1 1 1 1 1 1 1 1 1 1;\r\n	mso-font-charset:0;\r\n	mso-generic-font-family:auto;\r\n	mso-font-pitch:variable;\r\n	mso-font-signature:3 0 65536 0 1 0;}\r\n@font-face\r\n	{font-family:\"Open Sans\";\r\n	mso-font-alt:Calibri;\r\n	mso-font-charset:0;\r\n	mso-generic-font-family:swiss;\r\n	mso-font-pitch:variable;\r\n	mso-font-signature:-536870161 1073750107 40 0 415 0;}\r\n@font-face\r\n	{font-family:\"Comic Sans MS\";\r\n	panose-1:3 15 7 2 3 3 2 2 2 4;\r\n	mso-font-charset:0;\r\n	mso-generic-font-family:auto;\r\n	mso-font-pitch:variable;\r\n	mso-font-signature:647 0 0 0 159 0;}\r\n /* Style Definitions */\r\np.MsoNormal, li.MsoNormal, div.MsoNormal\r\n	{mso-style-unhide:no;\r\n	mso-style-qformat:yes;\r\n	mso-style-parent:\"\";\r\n	margin:0cm;\r\n	margin-bottom:.0001pt;\r\n	mso-pagination:widow-orphan;\r\n	font-size:11.0pt;\r\n	mso-bidi-font-size:18.0pt;\r\n	font-family:Calibri;\r\n	mso-ascii-font-family:Calibri;\r\n	mso-ascii-theme-font:minor-latin;\r\n	mso-fareast-font-family:Calibri;\r\n	mso-fareast-theme-font:minor-latin;\r\n	mso-hansi-font-family:Calibri;\r\n	mso-hansi-theme-font:minor-latin;\r\n	mso-bidi-font-family:DaunPenh;\r\n	mso-bidi-theme-font:minor-bidi;}\r\np.MsoFooter, li.MsoFooter, div.MsoFooter\r\n	{mso-style-link:\"Footer Char\";\r\n	margin:0cm;\r\n	margin-bottom:.0001pt;\r\n	mso-pagination:widow-orphan;\r\n	tab-stops:center 234.0pt right 468.0pt;\r\n	font-size:11.0pt;\r\n	mso-bidi-font-size:18.0pt;\r\n	font-family:Calibri;\r\n	mso-ascii-font-family:Calibri;\r\n	mso-ascii-theme-font:minor-latin;\r\n	mso-fareast-font-family:Calibri;\r\n	mso-fareast-theme-font:minor-latin;\r\n	mso-hansi-font-family:Calibri;\r\n	mso-hansi-theme-font:minor-latin;\r\n	mso-bidi-font-family:DaunPenh;\r\n	mso-bidi-theme-font:minor-bidi;}\r\np.MsoListParagraph, li.MsoListParagraph, div.MsoListParagraph\r\n	{mso-style-priority:34;\r\n	mso-style-unhide:no;\r\n	mso-style-qformat:yes;\r\n	margin-top:0cm;\r\n	margin-right:0cm;\r\n	margin-bottom:0cm;\r\n	margin-left:36.0pt;\r\n	margin-bottom:.0001pt;\r\n	mso-add-space:auto;\r\n	mso-pagination:widow-orphan;\r\n	font-size:11.0pt;\r\n	mso-bidi-font-size:18.0pt;\r\n	font-family:Calibri;\r\n	mso-ascii-font-family:Calibri;\r\n	mso-ascii-theme-font:minor-latin;\r\n	mso-fareast-font-family:Calibri;\r\n	mso-fareast-theme-font:minor-latin;\r\n	mso-hansi-font-family:Calibri;\r\n	mso-hansi-theme-font:minor-latin;\r\n	mso-bidi-font-family:DaunPenh;\r\n	mso-bidi-theme-font:minor-bidi;}\r\np.MsoListParagraphCxSpFirst, li.MsoListParagraphCxSpFirst, div.MsoListParagraphCxSpFirst\r\n	{mso-style-priority:34;\r\n	mso-style-unhide:no;\r\n	mso-style-qformat:yes;\r\n	mso-style-type:export-only;\r\n	margin-top:0cm;\r\n	margin-right:0cm;\r\n	margin-bottom:0cm;\r\n	margin-left:36.0pt;\r\n	margin-bottom:.0001pt;\r\n	mso-add-space:auto;\r\n	mso-pagination:widow-orphan;\r\n	font-size:11.0pt;\r\n	mso-bidi-font-size:18.0pt;\r\n	font-family:Calibri;\r\n	mso-ascii-font-family:Calibri;\r\n	mso-ascii-theme-font:minor-latin;\r\n	mso-fareast-font-family:Calibri;\r\n	mso-fareast-theme-font:minor-latin;\r\n	mso-hansi-font-family:Calibri;\r\n	mso-hansi-theme-font:minor-latin;\r\n	mso-bidi-font-family:DaunPenh;\r\n	mso-bidi-theme-font:minor-bidi;}\r\np.MsoListParagraphCxSpMiddle, li.MsoListParagraphCxSpMiddle, div.MsoListParagraphCxSpMiddle\r\n	{mso-style-priority:34;\r\n	mso-style-unhide:no;\r\n	mso-style-qformat:yes;\r\n	mso-style-type:export-only;\r\n	margin-top:0cm;\r\n	margin-right:0cm;\r\n	margin-bottom:0cm;\r\n	margin-left:36.0pt;\r\n	margin-bottom:.0001pt;\r\n	mso-add-space:auto;\r\n	mso-pagination:widow-orphan;\r\n	font-size:11.0pt;\r\n	mso-bidi-font-size:18.0pt;\r\n	font-family:Calibri;\r\n	mso-ascii-font-family:Calibri;\r\n	mso-ascii-theme-font:minor-latin;\r\n	mso-fareast-font-family:Calibri;\r\n	mso-fareast-theme-font:minor-latin;\r\n	mso-hansi-font-family:Calibri;\r\n	mso-hansi-theme-font:minor-latin;\r\n	mso-bidi-font-family:DaunPenh;\r\n	mso-bidi-theme-font:minor-bidi;}\r\np.MsoListParagraphCxSpLast, li.MsoListParagraphCxSpLast, div.MsoListParagraphCxSpLast\r\n	{mso-style-priority:34;\r\n	mso-style-unhide:no;\r\n	mso-style-qformat:yes;\r\n	mso-style-type:export-only;\r\n	margin-top:0cm;\r\n	margin-right:0cm;\r\n	margin-bottom:0cm;\r\n	margin-left:36.0pt;\r\n	margin-bottom:.0001pt;\r\n	mso-add-space:auto;\r\n	mso-pagination:widow-orphan;\r\n	font-size:11.0pt;\r\n	mso-bidi-font-size:18.0pt;\r\n	font-family:Calibri;\r\n	mso-ascii-font-family:Calibri;\r\n	mso-ascii-theme-font:minor-latin;\r\n	mso-fareast-font-family:Calibri;\r\n	mso-fareast-theme-font:minor-latin;\r\n	mso-hansi-font-family:Calibri;\r\n	mso-hansi-theme-font:minor-latin;\r\n	mso-bidi-font-family:DaunPenh;\r\n	mso-bidi-theme-font:minor-bidi;}\r\nspan.FooterChar\r\n	{mso-style-name:\"Footer Char\";\r\n	mso-style-unhide:no;\r\n	mso-style-locked:yes;\r\n	mso-style-link:Footer;}\r\n.MsoChpDefault\r\n	{mso-style-type:export-only;\r\n	mso-default-props:yes;\r\n	font-size:11.0pt;\r\n	mso-ansi-font-size:11.0pt;\r\n	mso-bidi-font-size:18.0pt;\r\n	font-family:Calibri;\r\n	mso-ascii-font-family:Calibri;\r\n	mso-ascii-theme-font:minor-latin;\r\n	mso-fareast-font-family:Calibri;\r\n	mso-fareast-theme-font:minor-latin;\r\n	mso-hansi-font-family:Calibri;\r\n	mso-hansi-theme-font:minor-latin;\r\n	mso-bidi-font-family:DaunPenh;\r\n	mso-bidi-theme-font:minor-bidi;}\r\n@page WordSection1\r\n	{size:21.0cm 842.0pt;\r\n	margin:42.55pt 42.55pt 42.55pt 70.9pt;\r\n	mso-header-margin:36.0pt;\r\n	mso-footer-margin:36.0pt;\r\n	mso-page-numbers-chapter-style:header-1;\r\n	mso-paper-source:0;}\r\ndiv.WordSection1\r\n	{page:WordSection1;}\r\n /* List Definitions */\r\n@list l0\r\n	{mso-list-id:154154697;\r\n	mso-list-type:hybrid;\r\n	mso-list-template-ids:465863960 1850219098 67698691 67698693 67698689 67698691 67698693 67698689 67698691 67698693;}\r\n@list l0:level1\r\n	{mso-level-start-at:0;\r\n	mso-level-number-format:bullet;\r\n	mso-level-text:*;\r\n	mso-level-tab-stop:none;\r\n	mso-level-number-position:left;\r\n	text-indent:-18.0pt;\r\n	font-family:Calibri;\r\n	mso-fareast-font-family:\"Times New Roman\";\r\n	mso-effects-shadow-color:black;\r\n	mso-effects-shadow-alpha:100.0%;\r\n	mso-effects-shadow-dpiradius:0pt;\r\n	mso-effects-shadow-dpidistance:0pt;\r\n	mso-effects-shadow-angledirection:0;\r\n	mso-effects-shadow-align:none;\r\n	mso-effects-shadow-pctsx:0%;\r\n	mso-effects-shadow-pctsy:0%;\r\n	mso-effects-shadow-anglekx:0;\r\n	mso-effects-shadow-angleky:0;}\r\n@list l0:level2\r\n	{mso-level-number-format:bullet;\r\n	mso-level-text:o;\r\n	mso-level-tab-stop:none;\r\n	mso-level-number-position:left;\r\n	text-indent:-18.0pt;\r\n	font-family:\"Courier New\";\r\n	mso-bidi-font-family:\"Courier New\";}\r\n@list l0:level3\r\n	{mso-level-number-format:bullet;\r\n	mso-level-text:?;\r\n	mso-level-tab-stop:none;\r\n	mso-level-number-position:left;\r\n	text-indent:-18.0pt;\r\n	font-family:Wingdings;}\r\n@list l0:level4\r\n	{mso-level-number-format:bullet;\r\n	mso-level-text:?;\r\n	mso-level-tab-stop:none;\r\n	mso-level-number-position:left;\r\n	text-indent:-18.0pt;\r\n	font-family:Symbol;}\r\n@list l0:level5\r\n	{mso-level-number-format:bullet;\r\n	mso-level-text:o;\r\n	mso-level-tab-stop:none;\r\n	mso-level-number-position:left;\r\n	text-indent:-18.0pt;\r\n	font-family:\"Courier New\";\r\n	mso-bidi-font-family:\"Courier New\";}\r\n@list l0:level6\r\n	{mso-level-number-format:bullet;\r\n	mso-level-text:?;\r\n	mso-level-tab-stop:none;\r\n	mso-level-number-position:left;\r\n	text-indent:-18.0pt;\r\n	font-family:Wingdings;}\r\n@list l0:level7\r\n	{mso-level-number-format:bullet;\r\n	mso-level-text:?;\r\n	mso-level-tab-stop:none;\r\n	mso-level-number-position:left;\r\n	text-indent:-18.0pt;\r\n	font-family:Symbol;}\r\n@list l0:level8\r\n	{mso-level-number-format:bullet;\r\n	mso-level-text:o;\r\n	mso-level-tab-stop:none;\r\n	mso-level-number-position:left;\r\n	text-indent:-18.0pt;\r\n	font-family:\"Courier New\";\r\n	mso-bidi-font-family:\"Courier New\";}\r\n@list l0:level9\r\n	{mso-level-number-format:bullet;\r\n	mso-level-text:?;\r\n	mso-level-tab-stop:none;\r\n	mso-level-number-position:left;\r\n	text-indent:-18.0pt;\r\n	font-family:Wingdings;}\r\n@list l1\r\n	{mso-list-id:514030239;\r\n	mso-list-type:hybrid;\r\n	mso-list-template-ids:2084484034 -1212013532 67698691 67698693 67698689 67698691 67698693 67698689 67698691 67698693;}\r\n@list l1:level1\r\n	{mso-level-number-format:bullet;\r\n	mso-level-text:?;\r\n	mso-level-tab-stop:none;\r\n	mso-level-number-position:left;\r\n	margin-left:38.8pt;\r\n	text-indent:-18.0pt;\r\n	mso-ansi-font-size:10.0pt;\r\n	mso-bidi-font-size:10.0pt;\r\n	font-family:Symbol;}\r\n@list l1:level2\r\n	{mso-level-number-format:bullet;\r\n	mso-level-text:o;\r\n	mso-level-tab-stop:none;\r\n	mso-level-number-position:left;\r\n	margin-left:74.8pt;\r\n	text-indent:-18.0pt;\r\n	font-family:\"Courier New\";\r\n	mso-bidi-font-family:\"Courier New\";}\r\n@list l1:level3\r\n	{mso-level-number-format:bullet;\r\n	mso-level-text:?;\r\n	mso-level-tab-stop:none;\r\n	mso-level-number-position:left;\r\n	margin-left:110.8pt;\r\n	text-indent:-18.0pt;\r\n	font-family:Wingdings;}\r\n@list l1:level4\r\n	{mso-level-number-format:bullet;\r\n	mso-level-text:?;\r\n	mso-level-tab-stop:none;\r\n	mso-level-number-position:left;\r\n	margin-left:146.8pt;\r\n	text-indent:-18.0pt;\r\n	font-family:Symbol;}\r\n@list l1:level5\r\n	{mso-level-number-format:bullet;\r\n	mso-level-text:o;\r\n	mso-level-tab-stop:none;\r\n	mso-level-number-position:left;\r\n	margin-left:182.8pt;\r\n	text-indent:-18.0pt;\r\n	font-family:\"Courier New\";\r\n	mso-bidi-font-family:\"Courier New\";}\r\n@list l1:level6\r\n	{mso-level-number-format:bullet;\r\n	mso-level-text:?;\r\n	mso-level-tab-stop:none;\r\n	mso-level-number-position:left;\r\n	margin-left:218.8pt;\r\n	text-indent:-18.0pt;\r\n	font-family:Wingdings;}\r\n@list l1:level7\r\n	{mso-level-number-format:bullet;\r\n	mso-level-text:?;\r\n	mso-level-tab-stop:none;\r\n	mso-level-number-position:left;\r\n	margin-left:254.8pt;\r\n	text-indent:-18.0pt;\r\n	font-family:Symbol;}\r\n@list l1:level8\r\n	{mso-level-number-format:bullet;\r\n	mso-level-text:o;\r\n	mso-level-tab-stop:none;\r\n	mso-level-number-position:left;\r\n	margin-left:290.8pt;\r\n	text-indent:-18.0pt;\r\n	font-family:\"Courier New\";\r\n	mso-bidi-font-family:\"Courier New\";}\r\n@list l1:level9\r\n	{mso-level-number-format:bullet;\r\n	mso-level-text:?;\r\n	mso-level-tab-stop:none;\r\n	mso-level-number-position:left;\r\n	margin-left:326.8pt;\r\n	text-indent:-18.0pt;\r\n	font-family:Wingdings;}\r\n@list l2\r\n	{mso-list-id:753865375;\r\n	mso-list-type:hybrid;\r\n	mso-list-template-ids:150652532 -1665518566 67698691 67698693 67698689 67698691 67698693 67698689 67698691 67698693;}\r\n@list l2:level1\r\n	{mso-level-start-at:0;\r\n	mso-level-number-format:bullet;\r\n	mso-level-text:*;\r\n	mso-level-tab-stop:none;\r\n	mso-level-number-position:left;\r\n	margin-left:108.0pt;\r\n	text-indent:-18.0pt;\r\n	font-family:Calibri;\r\n	mso-fareast-font-family:\"Times New Roman\";}\r\n@list l2:level2\r\n	{mso-level-number-format:bullet;\r\n	mso-level-text:o;\r\n	mso-level-tab-stop:none;\r\n	mso-level-number-position:left;\r\n	margin-left:144.0pt;\r\n	text-indent:-18.0pt;\r\n	font-family:\"Courier New\";\r\n	mso-bidi-font-family:\"Courier New\";}\r\n@list l2:level3\r\n	{mso-level-number-format:bullet;\r\n	mso-level-text:?;\r\n	mso-level-tab-stop:none;\r\n	mso-level-number-position:left;\r\n	margin-left:180.0pt;\r\n	text-indent:-18.0pt;\r\n	font-family:Wingdings;}\r\n@list l2:level4\r\n	{mso-level-number-format:bullet;\r\n	mso-level-text:?;\r\n	mso-level-tab-stop:none;\r\n	mso-level-number-position:left;\r\n	margin-left:216.0pt;\r\n	text-indent:-18.0pt;\r\n	font-family:Symbol;}\r\n@list l2:level5\r\n	{mso-level-number-format:bullet;\r\n	mso-level-text:o;\r\n	mso-level-tab-stop:none;\r\n	mso-level-number-position:left;\r\n	margin-left:252.0pt;\r\n	text-indent:-18.0pt;\r\n	font-family:\"Courier New\";\r\n	mso-bidi-font-family:\"Courier New\";}\r\n@list l2:level6\r\n	{mso-level-number-format:bullet;\r\n	mso-level-text:?;\r\n	mso-level-tab-stop:none;\r\n	mso-level-number-position:left;\r\n	margin-left:288.0pt;\r\n	text-indent:-18.0pt;\r\n	font-family:Wingdings;}\r\n@list l2:level7\r\n	{mso-level-number-format:bullet;\r\n	mso-level-text:?;\r\n	mso-level-tab-stop:none;\r\n	mso-level-number-position:left;\r\n	margin-left:324.0pt;\r\n	text-indent:-18.0pt;\r\n	font-family:Symbol;}\r\n@list l2:level8\r\n	{mso-level-number-format:bullet;\r\n	mso-level-text:o;\r\n	mso-level-tab-stop:none;\r\n	mso-level-number-position:left;\r\n	margin-left:360.0pt;\r\n	text-indent:-18.0pt;\r\n	font-family:\"Courier New\";\r\n	mso-bidi-font-family:\"Courier New\";}\r\n@list l2:level9\r\n	{mso-level-number-format:bullet;\r\n	mso-level-text:?;\r\n	mso-level-tab-stop:none;\r\n	mso-level-number-position:left;\r\n	margin-left:396.0pt;\r\n	text-indent:-18.0pt;\r\n	font-family:Wingdings;}\r\n@list l3\r\n	{mso-list-id:802229862;\r\n	mso-list-type:hybrid;\r\n	mso-list-template-ids:-2089750780 -60783398 67698691 67698693 67698689 67698691 67698693 67698689 67698691 67698693;}\r\n@list l3:level1\r\n	{mso-level-number-format:bullet;\r\n	mso-level-text:?;\r\n	mso-level-tab-stop:none;\r\n	mso-level-number-position:left;\r\n	text-indent:-18.0pt;\r\n	mso-ansi-font-size:8.0pt;\r\n	mso-bidi-font-size:8.0pt;\r\n	font-family:Symbol;}\r\n@list l3:level2\r\n	{mso-level-number-format:bullet;\r\n	mso-level-text:o;\r\n	mso-level-tab-stop:none;\r\n	mso-level-number-position:left;\r\n	text-indent:-18.0pt;\r\n	font-family:\"Courier New\";\r\n	mso-bidi-font-family:\"Courier New\";}\r\n@list l3:level3\r\n	{mso-level-number-format:bullet;\r\n	mso-level-text:?;\r\n	mso-level-tab-stop:none;\r\n	mso-level-number-position:left;\r\n	text-indent:-18.0pt;\r\n	font-family:Wingdings;}\r\n@list l3:level4\r\n	{mso-level-number-format:bullet;\r\n	mso-level-text:?;\r\n	mso-level-tab-stop:none;\r\n	mso-level-number-position:left;\r\n	text-indent:-18.0pt;\r\n	font-family:Symbol;}\r\n@list l3:level5\r\n	{mso-level-number-format:bullet;\r\n	mso-level-text:o;\r\n	mso-level-tab-stop:none;\r\n	mso-level-number-position:left;\r\n	text-indent:-18.0pt;\r\n	font-family:\"Courier New\";\r\n	mso-bidi-font-family:\"Courier New\";}\r\n@list l3:level6\r\n	{mso-level-number-format:bullet;\r\n	mso-level-text:?;\r\n	mso-level-tab-stop:none;\r\n	mso-level-number-position:left;\r\n	text-indent:-18.0pt;\r\n	font-family:Wingdings;}\r\n@list l3:level7\r\n	{mso-level-number-format:bullet;\r\n	mso-level-text:?;\r\n	mso-level-tab-stop:none;\r\n	mso-level-number-position:left;\r\n	text-indent:-18.0pt;\r\n	font-family:Symbol;}\r\n@list l3:level8\r\n	{mso-level-number-format:bullet;\r\n	mso-level-text:o;\r\n	mso-level-tab-stop:none;\r\n	mso-level-number-position:left;\r\n	text-indent:-18.0pt;\r\n	font-family:\"Courier New\";\r\n	mso-bidi-font-family:\"Courier New\";}\r\n@list l3:level9\r\n	{mso-level-number-format:bullet;\r\n	mso-level-text:?;\r\n	mso-level-tab-stop:none;\r\n	mso-level-number-position:left;\r\n	text-indent:-18.0pt;\r\n	font-family:Wingdings;}\r\n@list l4\r\n	{mso-list-id:1640069627;\r\n	mso-list-type:hybrid;\r\n	mso-list-template-ids:-837763916 67698699 67698691 67698693 67698689 67698691 67698693 67698689 67698691 67698693;}\r\n@list l4:level1\r\n	{mso-level-number-format:bullet;\r\n	mso-level-text:?;\r\n	mso-level-tab-stop:none;\r\n	mso-level-number-position:left;\r\n	margin-left:72.0pt;\r\n	text-indent:-18.0pt;\r\n	font-family:Wingdings;}\r\n@list l4:level2\r\n	{mso-level-number-format:bullet;\r\n	mso-level-text:o;\r\n	mso-level-tab-stop:none;\r\n	mso-level-number-position:left;\r\n	margin-left:108.0pt;\r\n	text-indent:-18.0pt;\r\n	font-family:\"Courier New\";\r\n	mso-bidi-font-family:\"Courier New\";}\r\n@list l4:level3\r\n	{mso-level-number-format:bullet;\r\n	mso-level-text:?;\r\n	mso-level-tab-stop:none;\r\n	mso-level-number-position:left;\r\n	margin-left:144.0pt;\r\n	text-indent:-18.0pt;\r\n	font-family:Wingdings;}\r\n@list l4:level4\r\n	{mso-level-number-format:bullet;\r\n	mso-level-text:?;\r\n	mso-level-tab-stop:none;\r\n	mso-level-number-position:left;\r\n	margin-left:180.0pt;\r\n	text-indent:-18.0pt;\r\n	font-family:Symbol;}\r\n@list l4:level5\r\n	{mso-level-number-format:bullet;\r\n	mso-level-text:o;\r\n	mso-level-tab-stop:none;\r\n	mso-level-number-position:left;\r\n	margin-left:216.0pt;\r\n	text-indent:-18.0pt;\r\n	font-family:\"Courier New\";\r\n	mso-bidi-font-family:\"Courier New\";}\r\n@list l4:level6\r\n	{mso-level-number-format:bullet;\r\n	mso-level-text:?;\r\n	mso-level-tab-stop:none;\r\n	mso-level-number-position:left;\r\n	margin-left:252.0pt;\r\n	text-indent:-18.0pt;\r\n	font-family:Wingdings;}\r\n@list l4:level7\r\n	{mso-level-number-format:bullet;\r\n	mso-level-text:?;\r\n	mso-level-tab-stop:none;\r\n	mso-level-number-position:left;\r\n	margin-left:288.0pt;\r\n	text-indent:-18.0pt;\r\n	font-family:Symbol;}\r\n@list l4:level8\r\n	{mso-level-number-format:bullet;\r\n	mso-level-text:o;\r\n	mso-level-tab-stop:none;\r\n	mso-level-number-position:left;\r\n	margin-left:324.0pt;\r\n	text-indent:-18.0pt;\r\n	font-family:\"Courier New\";\r\n	mso-bidi-font-family:\"Courier New\";}\r\n@list l4:level9\r\n	{mso-level-number-format:bullet;\r\n	mso-level-text:?;\r\n	mso-level-tab-stop:none;\r\n	mso-level-number-position:left;\r\n	margin-left:360.0pt;\r\n	text-indent:-18.0pt;\r\n	font-family:Wingdings;}\r\nol\r\n	{margin-bottom:0cm;}\r\nul\r\n	{margin-bottom:0cm;}\r\n-->\r\n</style>\r\n<!--[if gte mso 10]>\r\n<style>\r\n /* Style Definitions */\r\ntable.MsoNormalTable\r\n	{mso-style-name:\"Table Normal\";\r\n	mso-tstyle-rowband-size:0;\r\n	mso-tstyle-colband-size:0;\r\n	mso-style-noshow:yes;\r\n	mso-style-priority:99;\r\n	mso-style-parent:\"\";\r\n	mso-padding-alt:0cm 5.4pt 0cm 5.4pt;\r\n	mso-para-margin:0cm;\r\n	mso-para-margin-bottom:.0001pt;\r\n	mso-pagination:widow-orphan;\r\n	font-size:11.0pt;\r\n	mso-bidi-font-size:18.0pt;\r\n	font-family:Calibri;\r\n	mso-ascii-font-family:Calibri;\r\n	mso-ascii-theme-font:minor-latin;\r\n	mso-hansi-font-family:Calibri;\r\n	mso-hansi-theme-font:minor-latin;}\r\ntable.MsoTableGrid\r\n	{mso-style-name:\"Table Grid\";\r\n	mso-tstyle-rowband-size:0;\r\n	mso-tstyle-colband-size:0;\r\n	mso-style-priority:39;\r\n	mso-style-unhide:no;\r\n	border:solid windowtext 1.0pt;\r\n	mso-border-alt:solid windowtext .5pt;\r\n	mso-padding-alt:0cm 5.4pt 0cm 5.4pt;\r\n	mso-border-insideh:.5pt solid windowtext;\r\n	mso-border-insidev:.5pt solid windowtext;\r\n	mso-para-margin:0cm;\r\n	mso-para-margin-bottom:.0001pt;\r\n	mso-pagination:widow-orphan;\r\n	font-size:11.0pt;\r\n	mso-bidi-font-size:18.0pt;\r\n	font-family:Calibri;\r\n	mso-ascii-font-family:Calibri;\r\n	mso-ascii-theme-font:minor-latin;\r\n	mso-hansi-font-family:Calibri;\r\n	mso-hansi-theme-font:minor-latin;}\r\n</style>\r\n<![endif]--><!--[if gte mso 9]><xml>\r\n <o:shapedefaults v:ext=\"edit\" spidmax=\"2074\"/>\r\n</xml><![endif]--><!--[if gte mso 9]><xml>\r\n <o:shapelayout v:ext=\"edit\">\r\n  <o:idmap v:ext=\"edit\" data=\"2\"/>\r\n </o:shapelayout></xml><![endif]-->\r\n\r\n\r\n\r\n<!--StartFragment-->\r\n\r\n\r\n  <!--[endif]-->\r\n<o:p>&nbsp;</o:p></p><p></p><p class=\"MsoNormal\"><o:p>&nbsp;</o:p></p><p class=\"MsoNormal\"><o:p>&nbsp;</o:p></p><p class=\"MsoNormal\"><o:p>&nbsp;</o:p></p><p class=\"MsoNormal\"><o:p>&nbsp;</o:p></p><p>\r\n\r\n\r\n\r\n\r\n\r\n\r\n\r\n\r\n\r\n<br clear=\"ALL\">\r\n\r\n</p><p class=\"MsoNormal\" style=\"margin-top:6.0pt\">&nbsp;&nbsp;&nbsp;&nbsp;&nbsp;&nbsp;&nbsp;&nbsp;&nbsp;&nbsp;&nbsp;&nbsp;&nbsp;&nbsp;&nbsp;&nbsp;&nbsp; <span lang=\"EN-AU\" style=\"font-size: 16pt; font-family: &quot;Open Sans&quot;, sans-serif;\">EOCAMBO TECHNOLOGY to</span><v:line id=\"Straight_x0020_Connector_x0020_7\" o:spid=\"_x0000_s2072\" style=\"position:absolute;z-index:251664384;visibility:visible;\r\n mso-wrap-style:square;mso-width-percent:0;mso-height-percent:0;\r\n mso-wrap-distance-left:9pt;mso-wrap-distance-top:0;mso-wrap-distance-right:9pt;\r\n mso-wrap-distance-bottom:0;mso-position-horizontal:absolute;\r\n mso-position-horizontal-relative:text;mso-position-vertical:absolute;\r\n mso-position-vertical-relative:text;mso-width-percent:0;mso-height-percent:0;\r\n mso-width-relative:margin;mso-height-relative:margin\" from=\"36.7pt,29.1pt\" to=\"481.75pt,29.1pt\" o:gfxdata=\"UEsDBBQABgAIAAAAIQApm/tGBAEAAB4CAAATAAAAW0NvbnRlbnRfVHlwZXNdLnhtbKSRzU7DMBCE\r\n70i8g+UrSpxyQAgl6YGfI3AoD7DYm8TCsS2vW9q3Z5OmF1RVSFws2+uZ+TSu1/vRiR0mssE3clVW\r\nUqDXwVjfN/Jj81LcS0EZvAEXPDbygCTX7fVVvTlEJMFqT40cco4PSpEecAQqQ0TPky6kETIfU68i\r\n6C/oUd1W1Z3SwWf0uciTh2zrJ+xg67J43vP1kYTlUjwe301RjYQYndWQGVRNU3VWl9DRBeHOm190\r\nxUJWsnI2p8FGulkS3riaZA2Kd0j5FUbmUNrZ+BkgGWUSfHNRdNqsysvYZ9JD11mNJujtyI2Ui+Pf\r\n4jO3jWpe/58825xy1fy77Q8AAAD//wMAUEsDBBQABgAIAAAAIQCtMD/xwQAAADIBAAALAAAAX3Jl\r\nbHMvLnJlbHOEj80KwjAQhO+C7xD2btN6EJGmvYjgVfQB1mTbBtskZOPf25uLoCB4m2XYb2bq9jGN\r\n4kaRrXcKqqIEQU57Y12v4HTcLdYgOKEzOHpHCp7E0DbzWX2gEVN+4sEGFpniWMGQUthIyXqgCbnw\r\ngVx2Oh8nTPmMvQyoL9iTXJblSsZPBjRfTLE3CuLeVCCOz5CT/7N911lNW6+vE7n0I0KaiPe8LCMx\r\n9pQU6NGGs8do3ha/RVXk5iCbWn4tbV4AAAD//wMAUEsDBBQABgAIAAAAIQBIVRKe3wEAAIoEAAAf\r\nAAAAY2xpcGJvYXJkL2RyYXdpbmdzL2RyYXdpbmcxLnhtbKRUTW+cMBS8V+p/sHxvWGjYrVDYHLZN\r\nLv2Ius0PsIwBq+YZ2Q5h/32fsZdFaFUp7QXZj5l5M/aDu/uxU2QQxkoNJU1vNpQI4LqS0JT0+dfD\r\nh0+UWMegYkqDKOlJWHq/f//ujhWNYX0rOUEFsAUraetcXySJ5a3omL3RvQB8V2vTMYdb0ySVYa+o\r\n3Kkk22y2Scck0P1F6jNzjLwY+Q9SSvPfojowGJhFScWLZSV6VPz/lVkBw6Ppj/2T8c759+HJEFmV\r\nFE8OWIdHRJP4IsJwm6xYzUVgrE3n8bquyTipnPxz0hCjIzwU+aXK2x9XsLz9cgWNjUMDXCya8hGO\r\nve8Kw8Ev11l25yxHZ5hsWkcOGkBwpw3Zzfki9ZxvoWSj4ipc+nG7zTM8KAyTbW/z23QVNN/mab5B\r\nwBx3DsCK3lj3KHRH/KKkSoKYhocNX60LJs4QH00BecWJznao5/dWK1k9SKWmjZ9RcVCGDEyVlHEu\r\nwGUTTr1033QV6ugF2UF7GmtPma5zoYYWFYRijG3dSYng4aeocTrwDtNg4lrfNHZQgGhPq9HlTIzu\r\n/0aMeE8VdY3X9BbyzJg6a7iQOwnaXLPtxrPlOuBD+pAajyOOV7L6CidU/Gv4T3253/8BAAD//wMA\r\nUEsDBBQABgAIAAAAIQB2hWoVVgYAAA8aAAAaAAAAY2xpcGJvYXJkL3RoZW1lL3RoZW1lMS54bWzs\r\nWUtvGzcQvhfof1jsvbHeio3Iga1H3MROgkhJkSOlpXYZc5cLkrKjW5GceilQIC16aIDeeiiKBmiA\r\nBr30xxhw0KY/okPuQ6RExQ+4QFDEAozd2W+Gw5nZb0jujZtPY+odYS4ISzp+9VrF93AyYQFJwo7/\r\ncDT47LrvCYmSAFGW4I4/x8K/uf3pJzfQ1oSSdMwQD0YRjrEHhhKxh', '1', '2019-08-29', '22', null, null);
COMMIT;

-- ----------------------------
--  Table structure for `standard_operation_procedure_set_up`
-- ----------------------------
DROP TABLE IF EXISTS `standard_operation_procedure_set_up`;
CREATE TABLE `standard_operation_procedure_set_up` (
  `id` int(11) NOT NULL AUTO_INCREMENT,
  `name` varchar(255) NOT NULL,
  `id_position` int(11) DEFAULT NULL,
  `status` int(1) DEFAULT NULL,
  `created_date` date DEFAULT NULL,
  `created_by` int(11) DEFAULT NULL,
  `updated_date` date DEFAULT NULL,
  `updated_by` int(11) DEFAULT NULL,
  `description` text,
  PRIMARY KEY (`id`)
) ENGINE=InnoDB AUTO_INCREMENT=15 DEFAULT CHARSET=utf8;

-- ----------------------------
--  Records of `standard_operation_procedure_set_up`
-- ----------------------------
BEGIN;
INSERT INTO `standard_operation_procedure_set_up` VALUES ('3', 'DAILY Briefing', '7', '1', '2019-08-27', '1', '2019-08-30', '1', '<style class=\"WebKit-mso-list-quirks-style\">\r\n<!--\r\n/* Style Definitions */\r\n p.MsoNormal, li.MsoNormal, div.MsoNormal\r\n	{mso-style-unhide:no;\r\n	mso-style-qformat:yes;\r\n	mso-style-parent:\"\";\r\n	margin-top:0in;\r\n	margin-right:0in;\r\n	margin-bottom:0in;\r\n	margin-left:-.05pt;\r\n	margin-bottom:.0001pt;\r\n	mso-para-margin-top:0in;\r\n	mso-para-margin-right:0in;\r\n	mso-para-margin-bottom:0in;\r\n	mso-para-margin-left:-.01gd;\r\n	mso-para-margin-bottom:.0001pt;\r\n	text-indent:-.05pt;\r\n	mso-char-indent-count:-.01;\r\n	mso-line-height-alt:.05pt;\r\n	mso-pagination:widow-orphan;\r\n	mso-outline-level:1;\r\n	mso-hyphenate:none;\r\n	font-size:10.0pt;\r\n	font-family:\"Calibri\",sans-serif;\r\n	mso-fareast-font-family:Calibri;\r\n	position:relative;\r\n	top:.5pt;\r\n	mso-text-raise:-.5pt;\r\n	mso-bidi-language:AR-SA;}\r\n.MsoChpDefault\r\n	{mso-style-type:export-only;\r\n	mso-default-props:yes;\r\n	font-size:10.0pt;\r\n	mso-ansi-font-size:10.0pt;\r\n	mso-bidi-font-size:10.0pt;\r\n	font-family:\"Calibri\",sans-serif;\r\n	mso-ascii-font-family:Calibri;\r\n	mso-fareast-font-family:Calibri;\r\n	mso-hansi-font-family:Calibri;\r\n	mso-bidi-font-family:Calibri;}\r\n@page WordSection1\r\n	{size:8.5in 11.0in;\r\n	margin:1.0in 1.0in 1.0in 1.0in;\r\n	mso-header-margin:.5in;\r\n	mso-footer-margin:.5in;\r\n	mso-paper-source:0;}\r\ndiv.WordSection1\r\n	{page:WordSection1;}\r\n /* List Definitions */\r\n @list l0\r\n	{mso-list-id:10;\r\n	mso-list-type:hybrid;\r\n	mso-list-template-ids:1548233366 -1 -1 -1 -1 -1 -1 -1 -1 -1;}\r\n@list l0:level1\r\n	{mso-level-tab-stop:none;\r\n	mso-level-number-position:left;\r\n	margin-left:0in;\r\n	text-indent:0in;}\r\n@list l0:level2\r\n	{mso-level-number-format:alpha-lower;\r\n	mso-level-tab-stop:none;\r\n	mso-level-number-position:left;\r\n	margin-left:0in;\r\n	text-indent:0in;}\r\n@list l0:level3\r\n	{mso-level-number-format:bullet;\r\n	mso-level-text:\"\";\r\n	mso-level-tab-stop:none;\r\n	mso-level-number-position:left;\r\n	margin-left:0in;\r\n	text-indent:0in;}\r\n@list l0:level4\r\n	{mso-level-number-format:bullet;\r\n	mso-level-text:\"\";\r\n	mso-level-tab-stop:none;\r\n	mso-level-number-position:left;\r\n	margin-left:0in;\r\n	text-indent:0in;}\r\n@list l0:level5\r\n	{mso-level-number-format:bullet;\r\n	mso-level-text:\"\";\r\n	mso-level-tab-stop:none;\r\n	mso-level-number-position:left;\r\n	margin-left:0in;\r\n	text-indent:0in;}\r\n@list l0:level6\r\n	{mso-level-number-format:bullet;\r\n	mso-level-text:\"\";\r\n	mso-level-tab-stop:none;\r\n	mso-level-number-position:left;\r\n	margin-left:0in;\r\n	text-indent:0in;}\r\n@list l0:level7\r\n	{mso-level-number-format:bullet;\r\n	mso-level-text:\"\";\r\n	mso-level-tab-stop:none;\r\n	mso-level-number-position:left;\r\n	margin-left:0in;\r\n	text-indent:0in;}\r\n@list l0:level8\r\n	{mso-level-number-format:bullet;\r\n	mso-level-text:\"\";\r\n	mso-level-tab-stop:none;\r\n	mso-level-number-position:left;\r\n	margin-left:0in;\r\n	text-indent:0in;}\r\n@list l0:level9\r\n	{mso-level-number-format:bullet;\r\n	mso-level-text:\"\";\r\n	mso-level-tab-stop:none;\r\n	mso-level-number-position:left;\r\n	margin-left:0in;\r\n	text-indent:0in;}\r\n\r\n-->\r\n</style><p class=\"MsoNormal\" style=\"text-align: center; margin-left: 0in; text-indent: 0in; line-height: normal;\"><b><span style=\"font-size: 12pt; font-family: &quot;Times New Roman&quot;, serif;\">&nbsp;<u>DAILY Briefing:&nbsp;</u><o:p></o:p></span></b></p><p class=\"MsoNormal\" style=\"margin-left: 0in; text-indent: -0.1pt;\"><span style=\"font-size: 12pt; font-family: &quot;Times New Roman&quot;, serif;\"><o:p>&nbsp;</o:p></span></p><p class=\"MsoNormal\" style=\"margin-left: 0in; text-indent: -0.1pt;\"><b><span style=\"font-size: 9.5pt; font-family: Tahoma, sans-serif;\">Standard:<o:p></o:p></span></b></p><p class=\"MsoNormal\" style=\"margin-left: 0in; text-indent: -0.1pt; line-height: 1.5pt;\"><span style=\"font-family: &quot;Times New Roman&quot;, serif;\"><o:p>&nbsp;</o:p></span></p><p class=\"MsoNormal\" style=\"margin-left: 0in; text-indent: -0.1pt;\"><span style=\"font-size: 9pt; font-family: Tahoma, sans-serif;\">A daily morning brief must be conducted with the entire Sales Team at a fixed stipulated time<o:p></o:p></span></p><p class=\"MsoNormal\" style=\"margin-left: 0in; text-indent: -0.1pt; line-height: 11.3pt;\"><span style=\"font-family: &quot;Times New Roman&quot;, serif;\"><o:p>&nbsp;</o:p></span></p><p class=\"MsoNormal\" style=\"margin-left: 0in; text-indent: -0.1pt;\"><span style=\"font-size: 9.5pt; font-family: Tahoma, sans-serif;\">Rationale:<o:p></o:p></span></p><p class=\"MsoNormal\" style=\"margin-left: 0in; text-indent: -0.1pt; line-height: 1.6pt;\"><span style=\"font-family: &quot;Times New Roman&quot;, serif;\"><o:p>&nbsp;</o:p></span></p><p class=\"MsoNormal\" style=\"margin-right: 12pt; margin-left: 0in; text-indent: -0.1pt; text-align: justify; line-height: 14.533332824707031px;\"><span style=\"font-size: 9pt; line-height: 13.079999923706055px; font-family: Tahoma, sans-serif;\">The Daily Line-up allows members of the team to share progress information, and offers a platform for the Director Of Market to motivate production, address challenges and encourage open communication between team members.&nbsp;<o:p></o:p></span></p><p class=\"MsoNormal\" style=\"margin-left: 0in; text-indent: -0.1pt; line-height: 11.25pt;\"><span style=\"font-family: &quot;Times New Roman&quot;, serif;\"><o:p>&nbsp;</o:p></span></p><p class=\"MsoNormal\" style=\"margin-left: 0in; text-indent: -0.1pt;\"><b><span style=\"font-size: 9.5pt; font-family: Tahoma, sans-serif;\">Procedure:<o:p></o:p></span></b></p><p class=\"MsoNormal\" style=\"margin-left: 0in; text-indent: -0.1pt; line-height: 1.6pt;\"><span style=\"font-family: &quot;Times New Roman&quot;, serif;\"><o:p>&nbsp;</o:p></span></p><p class=\"MsoNormal\" style=\"margin-right: 0.25in; margin-left: 46pt; text-indent: -17.55pt; line-height: 110%;\"><!--[if !supportLists]--><span style=\"font-size:9.0pt;mso-bidi-font-size:10.0pt;line-height:110%;font-family:\r\n&quot;Tahoma&quot;,sans-serif;mso-fareast-font-family:Tahoma;mso-bidi-font-weight:bold\">1.<span style=\"font-stretch: normal; font-size: 7pt; line-height: normal; font-family: &quot;Times New Roman&quot;;\">&nbsp;&nbsp;</span></span><!--[endif]--><span style=\"font-size: 9pt; line-height: 13.199999809265137px; font-family: Tahoma, sans-serif;\">The Daily Line-up is to be conducted by the Director of Market or a designated affiliate in absentia, and must encompass the following:<o:p></o:p></span></p><p class=\"MsoNormal\" style=\"margin-left: 0in; text-indent: -0.1pt; line-height: 0.05pt;\"><span style=\"font-size: 9pt; font-family: Tahoma, sans-serif;\"><o:p>&nbsp;</o:p></span></p><p class=\"MsoNormal\" style=\"margin-left:86.0pt;mso-para-margin-left:0gd;\r\ntext-indent:-21.55pt;mso-char-indent-count:0;mso-line-height-alt:0pt;\r\nmso-outline-level:body-text;mso-list:l0 level2 lfo1;mso-hyphenate:auto;\r\ntab-stops:86.0pt;mso-vertical-align-alt:auto\"><!--[if !supportLists]--><span style=\"font-size:9.0pt;mso-bidi-font-size:10.0pt;font-family:&quot;Tahoma&quot;,sans-serif;\r\nmso-fareast-font-family:Tahoma;mso-bidi-font-weight:bold\">a.<span style=\"font-stretch: normal; font-size: 7pt; line-height: normal; font-family: &quot;Times New Roman&quot;;\">&nbsp;&nbsp;&nbsp;&nbsp;&nbsp;&nbsp;</span></span><!--[endif]--><span style=\"font-size: 9pt; font-family: Tahoma, sans-serif;\">Daily Dashboard &amp; Pick-up Review<o:p></o:p></span></p><p class=\"MsoNormal\" style=\"margin-left: 0in; text-indent: -0.1pt; line-height: 1.7pt;\"><span style=\"font-size: 9pt; font-family: Tahoma, sans-serif;\"><o:p>&nbsp;</o:p></span></p><p class=\"MsoNormal\" style=\"margin-left:86.0pt;mso-para-margin-left:0gd;\r\ntext-indent:-21.55pt;mso-char-indent-count:0;mso-line-height-alt:0pt;\r\nmso-outline-level:body-text;mso-list:l0 level2 lfo1;mso-hyphenate:auto;\r\ntab-stops:86.0pt;mso-vertical-align-alt:auto\"><!--[if !supportLists]--><span style=\"font-size:9.0pt;mso-bidi-font-size:10.0pt;font-family:&quot;Tahoma&quot;,sans-serif;\r\nmso-fareast-font-family:Tahoma;mso-bidi-font-weight:bold\">b.<span style=\"font-stretch: normal; font-size: 7pt; line-height: normal; font-family: &quot;Times New Roman&quot;;\">&nbsp;&nbsp;&nbsp;&nbsp;&nbsp;&nbsp;</span></span><!--[endif]--><span style=\"font-size: 9pt; font-family: Tahoma, sans-serif;\">Individual Daily Activity<o:p></o:p></span></p><p class=\"MsoNormal\" style=\"margin-left: 0in; text-indent: -0.1pt; line-height: 0.75pt;\"><span style=\"font-size: 9pt; font-family: Tahoma, sans-serif;\"><o:p>&nbsp;</o:p></span></p><p class=\"MsoNormal\" style=\"margin-left:86.0pt;mso-para-margin-left:0gd;\r\ntext-indent:-21.55pt;mso-char-indent-count:0;mso-line-height-alt:0pt;\r\nmso-outline-level:body-text;mso-list:l0 level2 lfo1;mso-hyphenate:auto;\r\ntab-stops:86.0pt;mso-vertical-align-alt:auto\"><!--[if !supportLists]--><span style=\"font-size:9.0pt;mso-bidi-font-size:10.0pt;font-family:&quot;Tahoma&quot;,sans-serif;\r\nmso-fareast-font-family:Tahoma;mso-bidi-font-weight:bold\">c.<span style=\"font-stretch: normal; font-size: 7pt; line-height: normal; font-family: &quot;Times New Roman&quot;;\">&nbsp;&nbsp;&nbsp;&nbsp;&nbsp;&nbsp;&nbsp;</span></span><!--[endif]--><span style=\"font-size: 9pt; font-family: Tahoma, sans-serif;\">SA\'s Entertainment Schedule<o:p></o:p></span></p><p class=\"MsoNormal\" style=\"margin-left: 0in; text-indent: -0.1pt; line-height: 0.05pt;\"><span style=\"font-size: 9pt; font-family: Tahoma, sans-serif;\"><o:p>&nbsp;</o:p></span></p><p class=\"MsoNormal\" style=\"margin-left:86.0pt;mso-para-margin-left:0gd;\r\ntext-indent:-21.55pt;mso-char-indent-count:0;mso-line-height-alt:0pt;\r\nmso-outline-level:body-text;mso-list:l0 level2 lfo1;mso-hyphenate:auto;\r\ntab-stops:86.0pt;mso-vertical-align-alt:auto\"><!--[if !supportLists]--><span style=\"font-size:9.0pt;mso-bidi-font-size:10.0pt;font-family:&quot;Tahoma&quot;,sans-serif;\r\nmso-fareast-font-family:Tahoma;mso-bidi-font-weight:bold\">d.<span style=\"font-stretch: normal; font-size: 7pt; line-height: normal; font-family: &quot;Times New Roman&quot;;\">&nbsp;&nbsp;&nbsp;&nbsp;&nbsp;&nbsp;</span></span><!--[endif]--><span style=\"font-size: 9pt; font-family: Tahoma, sans-serif;\">News &amp; Update<o:p></o:p></span></p><p class=\"MsoNormal\" style=\"margin-left: 0in; text-indent: 0in; line-height: normal;\"><span style=\"font-size: 12pt; font-family: &quot;Times New Roman&quot;, serif;\"><o:p>&nbsp;</o:p></span><span style=\"font-size: 10pt; text-indent: -0.1pt;\">&nbsp;&nbsp;</span></p><w:sdt sdttag=\"goog_rdk_5\" id=\"-1100641388\" style=\"font-family: -webkit-standard;\"><p class=\"MsoNormal\" align=\"center\" style=\"margin-left: 0in; text-indent: -0.1pt; text-align: center;\"><b><i><span style=\"font-size: 9.5pt; font-family: Tahoma, sans-serif;\">End of S.O.P. ? daily briefing</span></i></b><span style=\"font-size: 12pt; font-family: &quot;Times New Roman&quot;, serif;\"><o:p></o:p></span><span style=\"font-family: &quot;Times New Roman&quot;, serif;\"><w:sdtpr></w:sdtpr></span></p></w:sdt><span style=\"font-family: -webkit-standard; font-size: medium;\"></span>'), ('4', 'SALES REPORT', '7', '1', '2019-08-27', '1', '2019-08-30', '1', '<style class=\"WebKit-mso-list-quirks-style\">\r\n<!--\r\n/* Style Definitions */\r\n p.MsoNormal, li.MsoNormal, div.MsoNormal\r\n	{mso-style-unhide:no;\r\n	mso-style-qformat:yes;\r\n	mso-style-parent:\"\";\r\n	margin-top:0in;\r\n	margin-right:0in;\r\n	margin-bottom:0in;\r\n	margin-left:-.05pt;\r\n	margin-bottom:.0001pt;\r\n	mso-para-margin-top:0in;\r\n	mso-para-margin-right:0in;\r\n	mso-para-margin-bottom:0in;\r\n	mso-para-margin-left:-.01gd;\r\n	mso-para-margin-bottom:.0001pt;\r\n	text-indent:-.05pt;\r\n	mso-char-indent-count:-.01;\r\n	mso-line-height-alt:.05pt;\r\n	mso-pagination:widow-orphan;\r\n	mso-outline-level:1;\r\n	mso-hyphenate:none;\r\n	font-size:10.0pt;\r\n	font-family:\"Calibri\",sans-serif;\r\n	mso-fareast-font-family:Calibri;\r\n	position:relative;\r\n	top:.5pt;\r\n	mso-text-raise:-.5pt;\r\n	mso-bidi-language:AR-SA;}\r\n.MsoChpDefault\r\n	{mso-style-type:export-only;\r\n	mso-default-props:yes;\r\n	font-size:10.0pt;\r\n	mso-ansi-font-size:10.0pt;\r\n	mso-bidi-font-size:10.0pt;\r\n	font-family:\"Calibri\",sans-serif;\r\n	mso-ascii-font-family:Calibri;\r\n	mso-fareast-font-family:Calibri;\r\n	mso-hansi-font-family:Calibri;\r\n	mso-bidi-font-family:Calibri;}\r\n@page WordSection1\r\n	{size:8.5in 11.0in;\r\n	margin:1.0in 1.0in 1.0in 1.0in;\r\n	mso-header-margin:.5in;\r\n	mso-footer-margin:.5in;\r\n	mso-paper-source:0;}\r\ndiv.WordSection1\r\n	{page:WordSection1;}\r\n /* List Definitions */\r\n @list l0\r\n	{mso-list-id:11;\r\n	mso-list-type:hybrid;\r\n	mso-list-template-ids:610515434 -1 -1 -1 -1 -1 -1 -1 -1 -1;}\r\n@list l0:level1\r\n	{mso-level-number-format:alpha-lower;\r\n	mso-level-tab-stop:none;\r\n	mso-level-number-position:left;\r\n	margin-left:0in;\r\n	text-indent:0in;}\r\n@list l0:level2\r\n	{mso-level-number-format:bullet;\r\n	mso-level-text:\"\";\r\n	mso-level-tab-stop:none;\r\n	mso-level-number-position:left;\r\n	margin-left:0in;\r\n	text-indent:0in;}\r\n@list l0:level3\r\n	{mso-level-number-format:bullet;\r\n	mso-level-text:\"\";\r\n	mso-level-tab-stop:none;\r\n	mso-level-number-position:left;\r\n	margin-left:0in;\r\n	text-indent:0in;}\r\n@list l0:level4\r\n	{mso-level-number-format:bullet;\r\n	mso-level-text:\"\";\r\n	mso-level-tab-stop:none;\r\n	mso-level-number-position:left;\r\n	margin-left:0in;\r\n	text-indent:0in;}\r\n@list l0:level5\r\n	{mso-level-number-format:bullet;\r\n	mso-level-text:\"\";\r\n	mso-level-tab-stop:none;\r\n	mso-level-number-position:left;\r\n	margin-left:0in;\r\n	text-indent:0in;}\r\n@list l0:level6\r\n	{mso-level-number-format:bullet;\r\n	mso-level-text:\"\";\r\n	mso-level-tab-stop:none;\r\n	mso-level-number-position:left;\r\n	margin-left:0in;\r\n	text-indent:0in;}\r\n@list l0:level7\r\n	{mso-level-number-format:bullet;\r\n	mso-level-text:\"\";\r\n	mso-level-tab-stop:none;\r\n	mso-level-number-position:left;\r\n	margin-left:0in;\r\n	text-indent:0in;}\r\n@list l0:level8\r\n	{mso-level-number-format:bullet;\r\n	mso-level-text:\"\";\r\n	mso-level-tab-stop:none;\r\n	mso-level-number-position:left;\r\n	margin-left:0in;\r\n	text-indent:0in;}\r\n@list l0:level9\r\n	{mso-level-number-format:bullet;\r\n	mso-level-text:\"\";\r\n	mso-level-tab-stop:none;\r\n	mso-level-number-position:left;\r\n	margin-left:0in;\r\n	text-indent:0in;}\r\n@list l1\r\n	{mso-list-id:12;\r\n	mso-list-type:hybrid;\r\n	mso-list-template-ids:1585990364 -1 -1 -1 -1 -1 -1 -1 -1 -1;}\r\n@list l1:level1\r\n	{mso-level-number-format:alpha-lower;\r\n	mso-level-tab-stop:none;\r\n	mso-level-number-position:left;\r\n	margin-left:0in;\r\n	text-indent:0in;}\r\n@list l1:level2\r\n	{mso-level-number-format:bullet;\r\n	mso-level-text:\"\";\r\n	mso-level-tab-stop:none;\r\n	mso-level-number-position:left;\r\n	margin-left:0in;\r\n	text-indent:0in;}\r\n@list l1:level3\r\n	{mso-level-number-format:bullet;\r\n	mso-level-text:\"\";\r\n	mso-level-tab-stop:none;\r\n	mso-level-number-position:left;\r\n	margin-left:0in;\r\n	text-indent:0in;}\r\n@list l1:level4\r\n	{mso-level-number-format:bullet;\r\n	mso-level-text:\"\";\r\n	mso-level-tab-stop:none;\r\n	mso-level-number-position:left;\r\n	margin-left:0in;\r\n	text-indent:0in;}\r\n@list l1:level5\r\n	{mso-level-number-format:bullet;\r\n	mso-level-text:\"\";\r\n	mso-level-tab-stop:none;\r\n	mso-level-number-position:left;\r\n	margin-left:0in;\r\n	text-indent:0in;}\r\n@list l1:level6\r\n	{mso-level-number-format:bullet;\r\n	mso-level-text:\"\";\r\n	mso-level-tab-stop:none;\r\n	mso-level-number-position:left;\r\n	margin-left:0in;\r\n	text-indent:0in;}\r\n@list l1:level7\r\n	{mso-level-number-format:bullet;\r\n	mso-level-text:\"\";\r\n	mso-level-tab-stop:none;\r\n	mso-level-number-position:left;\r\n	margin-left:0in;\r\n	text-indent:0in;}\r\n@list l1:level8\r\n	{mso-level-number-format:bullet;\r\n	mso-level-text:\"\";\r\n	mso-level-tab-stop:none;\r\n	mso-level-number-position:left;\r\n	margin-left:0in;\r\n	text-indent:0in;}\r\n@list l1:level9\r\n	{mso-level-number-format:bullet;\r\n	mso-level-text:\"\";\r\n	mso-level-tab-stop:none;\r\n	mso-level-number-position:left;\r\n	margin-left:0in;\r\n	text-indent:0in;}\r\n\r\n-->\r\n</style><p class=\"MsoNormal\" align=\"center\" style=\"margin-left: 0in; text-indent: 0in; text-align: center;\"><b><u><span style=\"font-family: &quot;Times New Roman&quot;, serif;\">SALES REPORT</span></u></b></p><p class=\"MsoNormal\" style=\"margin-left: 0in; text-indent: -0.1pt;\"><b><span style=\"font-size: 9.5pt; font-family: Tahoma, sans-serif;\">Standard:<o:p></o:p></span></b></p><p class=\"MsoNormal\" style=\"margin-left: 0in; text-indent: -0.1pt; line-height: 1.6pt;\"><span style=\"font-family: &quot;Times New Roman&quot;, serif;\"><o:p>&nbsp;</o:p></span></p><p class=\"MsoNormal\" style=\"margin-right: 43pt; margin-left: 0in; text-indent: -0.1pt; line-height: 14.399999618530273px;\"><span style=\"font-size: 9pt; line-height: 12.960000038146973px; font-family: Tahoma, sans-serif;\">A Weekly &amp; Quarterly Sales Report must be completed by the individual SA to detail completed &amp; forthcoming sales activities.<o:p></o:p></span></p><p class=\"MsoNormal\" style=\"margin-left: 0in; text-indent: -0.1pt; line-height: 11.45pt;\"><span style=\"font-family: &quot;Times New Roman&quot;, serif;\"><o:p>&nbsp;</o:p></span></p><p class=\"MsoNormal\" style=\"margin-left: 0in; text-indent: -0.1pt;\"><b><span style=\"font-size: 9.5pt; font-family: Tahoma, sans-serif;\">Rationale:<o:p></o:p></span></b></p><p class=\"MsoNormal\" style=\"margin-left: 0in; text-indent: -0.1pt; line-height: 1.6pt;\"><span style=\"font-family: &quot;Times New Roman&quot;, serif;\"><o:p>&nbsp;</o:p></span></p><p class=\"MsoNormal\" style=\"margin-right: 0.25in; margin-left: 0in; text-indent: -0.1pt; text-align: justify; line-height: 14.666666030883789px;\"><span style=\"font-size: 9pt; line-height: 13.199999809265137px; font-family: Tahoma, sans-serif;\">Sales Reports enable the DOM (Director Of Market) to measure the productivity of the individual SA. Constant updates also provide a platform for the team to have a consolidated understanding of the industry and market in general.<o:p></o:p></span></p><p class=\"MsoNormal\" style=\"margin-left: 0in; text-indent: -0.1pt; line-height: 11.45pt;\"><span style=\"font-family: &quot;Times New Roman&quot;, serif;\"><o:p>&nbsp;</o:p></span></p><p class=\"MsoNormal\" style=\"margin-left: 0in; text-indent: -0.1pt;\"><b><span style=\"font-size: 9.5pt; font-family: Tahoma, sans-serif;\">Procedure:<o:p></o:p></span></b></p><p class=\"MsoNormal\" style=\"margin-left: 0in; text-indent: -0.1pt; line-height: 12.35pt;\"><span style=\"font-family: &quot;Times New Roman&quot;, serif;\"><o:p>&nbsp;</o:p></span></p><p class=\"MsoNormal\" style=\"margin-left: 0in; text-indent: -0.1pt;\"><b><span style=\"font-size: 9pt; font-family: Tahoma, sans-serif;\">1. Weekly Sales Report<o:p></o:p></span></b></p><p class=\"MsoNormal\" style=\"margin-left: 0in; text-indent: -0.1pt; line-height: 1.8pt;\"><span style=\"font-family: &quot;Times New Roman&quot;, serif;\"><o:p>&nbsp;</o:p></span></p><p class=\"MsoNormal\" style=\"margin-right: 40pt; margin-left: 0in; text-indent: -0.1pt; line-height: 14.666666030883789px;\"><span style=\"font-size: 9pt; line-height: 13.199999809265137px; font-family: Tahoma, sans-serif;\">The weekly report will be submitted on Monday each week, and must encompass the following:<o:p></o:p></span></p><p class=\"MsoNormal\" style=\"margin-left: 0in; text-indent: -0.1pt; line-height: 0.1pt;\"><span style=\"font-family: &quot;Times New Roman&quot;, serif;\"><o:p>&nbsp;</o:p></span></p><p class=\"MsoNormal\" style=\"margin-left:81.0pt;mso-para-margin-left:0gd;\r\ntext-indent:-21.95pt;mso-char-indent-count:0;mso-line-height-alt:0pt;\r\nmso-outline-level:body-text;mso-list:l0 level1 lfo1;mso-hyphenate:auto;\r\ntab-stops:81.0pt;mso-vertical-align-alt:auto\"><!--[if !supportLists]--><span style=\"font-size:9.0pt;mso-bidi-font-size:10.0pt;font-family:&quot;Tahoma&quot;,sans-serif;\r\nmso-fareast-font-family:Tahoma;mso-bidi-font-weight:bold\">a.<span style=\"font-stretch: normal; font-size: 7pt; line-height: normal; font-family: &quot;Times New Roman&quot;;\">&nbsp;&nbsp;&nbsp;&nbsp;&nbsp;&nbsp;</span></span><!--[endif]--><span style=\"font-size: 9pt; font-family: Tahoma, sans-serif;\">Key Business Activities<o:p></o:p></span></p><p class=\"MsoNormal\" style=\"margin-left: 0in; text-indent: -0.1pt; line-height: 0.05pt;\"><span style=\"font-size: 9pt; font-family: Tahoma, sans-serif;\"><o:p>&nbsp;</o:p></span></p><p class=\"MsoNormal\" style=\"margin-left:81.0pt;mso-para-margin-left:0gd;\r\ntext-indent:-21.95pt;mso-char-indent-count:0;mso-line-height-alt:0pt;\r\nmso-outline-level:body-text;mso-list:l0 level1 lfo1;mso-hyphenate:auto;\r\ntab-stops:81.0pt;mso-vertical-align-alt:auto\"><!--[if !supportLists]--><span style=\"font-size:9.0pt;mso-bidi-font-size:10.0pt;font-family:&quot;Tahoma&quot;,sans-serif;\r\nmso-fareast-font-family:Tahoma;mso-bidi-font-weight:bold\">b.<span style=\"font-stretch: normal; font-size: 7pt; line-height: normal; font-family: &quot;Times New Roman&quot;;\">&nbsp;&nbsp;&nbsp;&nbsp;&nbsp;&nbsp;</span></span><!--[endif]--><span style=\"font-size: 9pt; font-family: Tahoma, sans-serif;\">Key Business Confirmed<o:p></o:p></span></p><p class=\"MsoNormal\" style=\"margin-left: 0in; text-indent: -0.1pt; line-height: 1.85pt;\"><span style=\"font-size: 9pt; font-family: Tahoma, sans-serif;\"><o:p>&nbsp;</o:p></span></p><p class=\"MsoNormal\" style=\"margin-left:81.0pt;mso-para-margin-left:0gd;\r\ntext-indent:-21.95pt;mso-char-indent-count:0;mso-line-height-alt:0pt;\r\nmso-outline-level:body-text;mso-list:l0 level1 lfo1;mso-hyphenate:auto;\r\ntab-stops:81.0pt;mso-vertical-align-alt:auto\"><!--[if !supportLists]--><span style=\"font-size:9.0pt;mso-bidi-font-size:10.0pt;font-family:&quot;Tahoma&quot;,sans-serif;\r\nmso-fareast-font-family:Tahoma;mso-bidi-font-weight:bold\">c.<span style=\"font-stretch: normal; font-size: 7pt; line-height: normal; font-family: &quot;Times New Roman&quot;;\">&nbsp;&nbsp;&nbsp;&nbsp;&nbsp;&nbsp;&nbsp;</span></span><!--[endif]--><span style=\"font-size: 9pt; font-family: Tahoma, sans-serif;\">Key Business Lost&nbsp;</span><span style=\"font-size: 7.5pt; font-family: Tahoma, sans-serif;\">(with reasons if any)</span><span style=\"font-size: 9pt; font-family: Tahoma, sans-serif;\"><o:p></o:p></span></p><p class=\"MsoNormal\" style=\"margin-left: 0in; text-indent: -0.1pt; line-height: 0.75pt;\"><span style=\"font-size: 9pt; font-family: Tahoma, sans-serif;\"><o:p>&nbsp;</o:p></span></p><p class=\"MsoNormal\" style=\"margin-left:81.0pt;mso-para-margin-left:0gd;\r\ntext-indent:-21.95pt;mso-char-indent-count:0;mso-line-height-alt:0pt;\r\nmso-outline-level:body-text;mso-list:l0 level1 lfo1;mso-hyphenate:auto;\r\ntab-stops:81.0pt;mso-vertical-align-alt:auto\"><!--[if !supportLists]--><span style=\"font-size:9.0pt;mso-bidi-font-size:10.0pt;font-family:&quot;Tahoma&quot;,sans-serif;\r\nmso-fareast-font-family:Tahoma;mso-bidi-font-weight:bold\">d.<span style=\"font-stretch: normal; font-size: 7pt; line-height: normal; font-family: &quot;Times New Roman&quot;;\">&nbsp;&nbsp;&nbsp;&nbsp;&nbsp;&nbsp;</span></span><!--[endif]--><span style=\"font-size: 9pt; font-family: Tahoma, sans-serif;\">New Sales Leads<o:p></o:p></span></p><p class=\"MsoNormal\" style=\"margin-left: 0in; text-indent: -0.1pt; line-height: 1.7pt;\"><span style=\"font-size: 9pt; font-family: Tahoma, sans-serif;\"><o:p>&nbsp;</o:p></span></p><p class=\"MsoNormal\" style=\"margin-left:81.0pt;mso-para-margin-left:0gd;\r\ntext-indent:-21.95pt;mso-char-indent-count:0;mso-line-height-alt:0pt;\r\nmso-outline-level:body-text;mso-list:l0 level1 lfo1;mso-hyphenate:auto;\r\ntab-stops:81.0pt;mso-vertical-align-alt:auto\"><!--[if !supportLists]--><span style=\"font-size:9.0pt;mso-bidi-font-size:10.0pt;font-family:&quot;Tahoma&quot;,sans-serif;\r\nmso-fareast-font-family:Tahoma;mso-bidi-font-weight:bold\">e.<span style=\"font-stretch: normal; font-size: 7pt; line-height: normal; font-family: &quot;Times New Roman&quot;;\">&nbsp;&nbsp;&nbsp;&nbsp;&nbsp;&nbsp;</span></span><!--[endif]--><span style=\"font-size: 9pt; font-family: Tahoma, sans-serif;\">Upcoming Week Action Plan<o:p></o:p></span></p><p class=\"MsoNormal\" style=\"margin-left: 0in; text-indent: -0.1pt; line-height: 12.55pt;\"><span style=\"font-family: &quot;Times New Roman&quot;, serif;\"><o:p>&nbsp;</o:p></span></p><p class=\"MsoNormal\" style=\"margin-left: 0in; text-indent: -0.1pt;\"><b><span style=\"font-size: 9pt; font-family: Tahoma, sans-serif;\">2. Quarterly Sales Report<o:p></o:p></span></b></p><p class=\"MsoNormal\" style=\"margin-left: 0in; text-indent: -0.1pt; line-height: 1.9pt;\"><span style=\"font-family: &quot;Times New Roman&quot;, serif;\"><o:p>&nbsp;</o:p></span></p><p class=\"MsoNormal\" style=\"margin-right: 43pt; margin-left: 0in; text-indent: -0.1pt; line-height: 11.866665840148926px;\"><span style=\"font-size: 9pt; line-height: 10.680000305175781px; font-family: Tahoma, sans-serif;\">The quarterly report will be submitted by the 7th&nbsp;</span><span style=\"font-size: 9pt; line-height: 10.680000305175781px; font-family: Tahoma, sans-serif;\">of the following month, and must encompass the following:<o:p></o:p></span></p><p class=\"MsoNormal\" style=\"margin-left: 0in; text-indent: -0.1pt; line-height: 1.25pt;\"><span style=\"font-family: &quot;Times New Roman&quot;, serif;\"><o:p>&nbsp;</o:p></span></p><p class=\"MsoNormal\" style=\"margin-left:81.0pt;mso-para-margin-left:0gd;\r\ntext-indent:-21.95pt;mso-char-indent-count:0;mso-line-height-alt:0pt;\r\nmso-outline-level:body-text;mso-list:l1 level1 lfo2;mso-hyphenate:auto;\r\ntab-stops:81.0pt;mso-vertical-align-alt:auto\"><!--[if !supportLists]--><span style=\"font-size:9.0pt;mso-bidi-font-size:10.0pt;font-family:&quot;Tahoma&quot;,sans-serif;\r\nmso-fareast-font-family:Tahoma;mso-bidi-font-weight:bold\">a.<span style=\"font-stretch: normal; font-size: 7pt; line-height: normal; font-family: &quot;Times New Roman&quot;;\">&nbsp;&nbsp;&nbsp;&nbsp;&nbsp;&nbsp;</span></span><!--[endif]--><span style=\"font-size: 9pt; font-family: Tahoma, sans-serif;\">Market Overview &amp; Intelligence<o:p></o:p></span></p><p class=\"MsoNormal\" style=\"margin-left: 0in; text-indent: -0.1pt; line-height: 1.85pt;\"><span style=\"font-size: 9pt; font-family: Tahoma, sans-serif;\"><o:p>&nbsp;</o:p></span></p><p class=\"MsoNormal\" style=\"margin-left:81.0pt;mso-para-margin-left:0gd;\r\ntext-indent:-21.95pt;mso-char-indent-count:0;mso-line-height-alt:0pt;\r\nmso-outline-level:body-text;mso-list:l1 level1 lfo2;mso-hyphenate:auto;\r\ntab-stops:81.0pt;mso-vertical-align-alt:auto\"><!--[if !supportLists]--><span style=\"font-size:9.0pt;mso-bidi-font-size:10.0pt;font-family:&quot;Tahoma&quot;,sans-serif;\r\nmso-fareast-font-family:Tahoma;mso-bidi-font-weight:bold\">b.<span style=\"font-stretch: normal; font-size: 7pt; line-height: normal; font-family: &quot;Times New Roman&quot;;\">&nbsp;&nbsp;&nbsp;&nbsp;&nbsp;&nbsp;</span></span><!--[endif]--><span style=\"font-size: 9pt; font-family: Tahoma, sans-serif;\">Key Business Activities<o:p></o:p></span></p><p class=\"MsoNormal\" style=\"margin-left:81.0pt;mso-para-margin-left:0gd;\r\ntext-indent:-21.95pt;mso-char-indent-count:0;line-height:99%;mso-outline-level:\r\nbody-text;mso-list:l1 level1 lfo2;mso-hyphenate:auto;tab-stops:81.0pt;\r\nmso-vertical-align-alt:auto\"><!--[if !supportLists]--><span style=\"font-size:9.0pt;\r\nmso-bidi-font-size:10.0pt;line-height:99%;font-family:&quot;Tahoma&quot;,sans-serif;\r\nmso-fareast-font-family:Tahoma;mso-bidi-font-weight:bold\">c.<span style=\"font-stretch: normal; font-size: 7pt; line-height: normal; font-family: &quot;Times New Roman&quot;;\">&nbsp;&nbsp;&nbsp;&nbsp;&nbsp;&nbsp;&nbsp;</span></span><!--[endif]--><span style=\"font-size: 9pt; line-height: 11.880000114440918px; font-family: Tahoma, sans-serif;\">Trade Shows / Road Shows / Events happen in the region&nbsp;<o:p></o:p></span></p><p class=\"MsoNormal\" style=\"margin-left: 0in; text-indent: -0.1pt; line-height: 2.7pt;\"><span style=\"font-size: 9pt; font-family: Tahoma, sans-serif;\"><o:p>&nbsp;</o:p></span></p><p class=\"MsoNormal\" style=\"margin-left:81.0pt;mso-para-margin-left:0gd;\r\ntext-indent:-21.95pt;mso-char-indent-count:0;mso-line-height-alt:0pt;\r\nmso-outline-level:body-text;mso-list:l1 level1 lfo2;mso-hyphenate:auto;\r\ntab-stops:81.0pt;mso-vertical-align-alt:auto\"><!--[if !supportLists]--><span style=\"font-size:9.0pt;mso-bidi-font-size:10.0pt;font-family:&quot;Tahoma&quot;,sans-serif;\r\nmso-fareast-font-family:Tahoma;mso-bidi-font-weight:bold\">d.<span style=\"font-stretch: normal; font-size: 7pt; line-height: normal; font-family: &quot;Times New Roman&quot;;\">&nbsp;&nbsp;&nbsp;&nbsp;&nbsp;&nbsp;</span></span><!--[endif]--><span style=\"font-size: 9pt; font-family: Tahoma, sans-serif;\">New Business Generated<o:p></o:p></span></p><p class=\"MsoNormal\" style=\"margin-left: 0in; text-indent: -0.1pt; line-height: 0.25pt;\"><span style=\"font-size: 9pt; font-family: Tahoma, sans-serif;\"><o:p>&nbsp;</o:p></span></p><p class=\"MsoNormal\" style=\"margin-left:81.0pt;mso-para-margin-left:0gd;\r\ntext-indent:-21.95pt;mso-char-indent-count:0;mso-line-height-alt:0pt;\r\nmso-outline-level:body-text;mso-list:l1 level1 lfo2;mso-hyphenate:auto;\r\ntab-stops:81.0pt;mso-vertical-align-alt:auto\"><!--[if !supportLists]--><span style=\"font-size:9.0pt;mso-bidi-font-size:10.0pt;font-family:&quot;Tahoma&quot;,sans-serif;\r\nmso-fareast-font-family:Tahoma;mso-bidi-font-weight:bold\">e.<span style=\"font-stretch: normal; font-size: 7pt; line-height: normal; font-family: &quot;Times New Roman&quot;;\">&nbsp;&nbsp;&nbsp;&nbsp;&nbsp;&nbsp;</span></span><!--[endif]--><span style=\"font-size: 9pt; font-family: Tahoma, sans-serif;\">Lost Business<o:p></o:p></span></p><p class=\"MsoNormal\" style=\"margin-left: 0in; text-indent: -0.1pt; line-height: 1.6pt;\"><span style=\"font-size: 9pt; font-family: Tahoma, sans-serif;\"><o:p>&nbsp;</o:p></span></p><p class=\"MsoNormal\" style=\"margin-left:81.0pt;mso-para-margin-left:0gd;\r\ntext-indent:-21.95pt;mso-char-indent-count:0;mso-line-height-alt:0pt;\r\nmso-outline-level:body-text;mso-list:l1 level1 lfo2;mso-hyphenate:auto;\r\ntab-stops:81.0pt;mso-vertical-align-alt:auto\"><!--[if !supportLists]--><span style=\"font-size:9.0pt;mso-bidi-font-size:10.0pt;font-family:&quot;Tahoma&quot;,sans-serif;\r\nmso-fareast-font-family:Tahoma;mso-bidi-font-weight:bold\">f.<span style=\"font-stretch: normal; font-size: 7pt; line-height: normal; font-family: &quot;Times New Roman&quot;;\">&nbsp;&nbsp;&nbsp;&nbsp;&nbsp;&nbsp;&nbsp;</span></span><!--[endif]--><span style=\"font-size: 9pt; font-family: Tahoma, sans-serif;\">Pending Sales Leads<o:p></o:p></span></p><p class=\"MsoNormal\" style=\"margin-left: 0in; text-indent: -0.1pt; line-height: 1.85pt;\"><span style=\"font-size: 9pt; font-family: Tahoma, sans-serif;\"><o:p>&nbsp;</o:p></span></p><p class=\"MsoNormal\" style=\"margin-left:81.0pt;mso-para-margin-left:0gd;\r\ntext-indent:-21.95pt;mso-char-indent-count:0;mso-line-height-alt:0pt;\r\nmso-outline-level:body-text;mso-list:l1 level1 lfo2;mso-hyphenate:auto;\r\ntab-stops:81.0pt;mso-vertical-align-alt:auto\"><!--[if !supportLists]--><span style=\"font-size:9.0pt;mso-bidi-font-size:10.0pt;font-family:&quot;Tahoma&quot;,sans-serif;\r\nmso-fareast-font-family:Tahoma;mso-bidi-font-weight:bold\">g.<span style=\"font-stretch: normal; font-size: 7pt; line-height: normal; font-family: &quot;Times New Roman&quot;;\">&nbsp;&nbsp;&nbsp;&nbsp;&nbsp;&nbsp;</span></span><!--[endif]--><span style=\"font-size: 9pt; font-family: Tahoma, sans-serif;\">Upcoming Quarter Activities<o:p></o:p></span></p><p class=\"MsoNormal\" style=\"margin-left:81.0pt;mso-para-margin-left:0gd;\r\ntext-indent:-21.95pt;mso-char-indent-count:0;line-height:99%;mso-outline-level:\r\nbody-text;mso-list:l1 level1 lfo2;mso-hyphenate:auto;tab-stops:81.0pt;\r\nmso-vertical-align-alt:auto\"><!--[if !supportLists]--><span style=\"font-size:9.0pt;\r\nmso-bidi-font-size:10.0pt;line-height:99%;font-family:&quot;Tahoma&quot;,sans-serif;\r\nmso-fareast-font-family:Tahoma;mso-bidi-font-weight:bold\">h.<span style=\"font-stretch: normal; font-size: 7pt; line-height: normal; font-family: &quot;Times New Roman&quot;;\">&nbsp;&nbsp;&nbsp;&nbsp;&nbsp;&nbsp;</span></span><!--[endif]--><span style=\"font-size: 9pt; line-height: 11.880000114440918px; font-family: Tahoma, sans-serif;\">Upcoming Quarter Action Plan<o:p></o:p></span></p><p class=\"MsoNormal\" style=\"margin-left: 0in; text-indent: 0in;\"><br></p><p class=\"MsoNormal\" align=\"center\" style=\"margin-left: 0in; text-indent: 0in; text-align: center;\"><b><i><span style=\"font-size: 9.5pt; font-family: Tahoma, sans-serif;\">End of S.O.P. - SALES REPORT<o:p></o:p></span></i></b></p><p class=\"MsoNormal\" align=\"center\" style=\"margin-left: 0in; text-indent: 0in; text-align: center;\"><b><i><span style=\"font-size: 9.5pt; font-family: Tahoma, sans-serif;\"><o:p>&nbsp;</o:p></span></i></b></p><p class=\"MsoNormal\" align=\"center\" style=\"margin-left: 0in; text-indent: 0in; text-align: center;\"><b><i><span style=\"font-size: 9.5pt; font-family: Tahoma, sans-serif;\"><o:p>&nbsp;</o:p></span></i></b></p>'), ('5', 'TELEPHONE ETIQUETTE', '7', '1', '2019-08-27', '1', '2019-08-30', '1', '<style class=\"WebKit-mso-list-quirks-style\">\r\n<!--\r\n/* Style Definitions */\r\n p.MsoNormal, li.MsoNormal, div.MsoNormal\r\n	{mso-style-unhide:no;\r\n	mso-style-qformat:yes;\r\n	mso-style-parent:\"\";\r\n	margin-top:0in;\r\n	margin-right:0in;\r\n	margin-bottom:0in;\r\n	margin-left:-.05pt;\r\n	margin-bottom:.0001pt;\r\n	mso-para-margin-top:0in;\r\n	mso-para-margin-right:0in;\r\n	mso-para-margin-bottom:0in;\r\n	mso-para-margin-left:-.01gd;\r\n	mso-para-margin-bottom:.0001pt;\r\n	text-indent:-.05pt;\r\n	mso-char-indent-count:-.01;\r\n	mso-line-height-alt:.05pt;\r\n	mso-pagination:widow-orphan;\r\n	mso-outline-level:1;\r\n	mso-hyphenate:none;\r\n	font-size:10.0pt;\r\n	font-family:\"Calibri\",sans-serif;\r\n	mso-fareast-font-family:Calibri;\r\n	position:relative;\r\n	top:.5pt;\r\n	mso-text-raise:-.5pt;\r\n	mso-bidi-language:AR-SA;}\r\np.MsoListParagraph, li.MsoListParagraph, div.MsoListParagraph\r\n	{mso-style-priority:34;\r\n	mso-style-unhide:no;\r\n	mso-style-qformat:yes;\r\n	margin-top:0in;\r\n	margin-right:0in;\r\n	margin-bottom:0in;\r\n	margin-left:.5in;\r\n	margin-bottom:.0001pt;\r\n	mso-add-space:auto;\r\n	mso-para-margin-top:0in;\r\n	mso-para-margin-right:0in;\r\n	mso-para-margin-bottom:0in;\r\n	mso-para-margin-left:-.01gd;\r\n	mso-para-margin-bottom:.0001pt;\r\n	mso-add-space:auto;\r\n	text-indent:-.05pt;\r\n	mso-char-indent-count:-.01;\r\n	mso-line-height-alt:.05pt;\r\n	mso-pagination:widow-orphan;\r\n	mso-outline-level:1;\r\n	mso-hyphenate:none;\r\n	font-size:10.0pt;\r\n	font-family:\"Calibri\",sans-serif;\r\n	mso-fareast-font-family:Calibri;\r\n	position:relative;\r\n	top:.5pt;\r\n	mso-text-raise:-.5pt;\r\n	mso-bidi-language:AR-SA;}\r\np.MsoListParagraphCxSpFirst, li.MsoListParagraphCxSpFirst, div.MsoListParagraphCxSpFirst\r\n	{mso-style-priority:34;\r\n	mso-style-unhide:no;\r\n	mso-style-qformat:yes;\r\n	mso-style-type:export-only;\r\n	margin-top:0in;\r\n	margin-right:0in;\r\n	margin-bottom:0in;\r\n	margin-left:.5in;\r\n	margin-bottom:.0001pt;\r\n	mso-add-space:auto;\r\n	mso-para-margin-top:0in;\r\n	mso-para-margin-right:0in;\r\n	mso-para-margin-bottom:0in;\r\n	mso-para-margin-left:-.01gd;\r\n	mso-para-margin-bottom:.0001pt;\r\n	mso-add-space:auto;\r\n	text-indent:-.05pt;\r\n	mso-char-indent-count:-.01;\r\n	mso-line-height-alt:.05pt;\r\n	mso-pagination:widow-orphan;\r\n	mso-outline-level:1;\r\n	mso-hyphenate:none;\r\n	font-size:10.0pt;\r\n	font-family:\"Calibri\",sans-serif;\r\n	mso-fareast-font-family:Calibri;\r\n	position:relative;\r\n	top:.5pt;\r\n	mso-text-raise:-.5pt;\r\n	mso-bidi-language:AR-SA;}\r\np.MsoListParagraphCxSpMiddle, li.MsoListParagraphCxSpMiddle, div.MsoListParagraphCxSpMiddle\r\n	{mso-style-priority:34;\r\n	mso-style-unhide:no;\r\n	mso-style-qformat:yes;\r\n	mso-style-type:export-only;\r\n	margin-top:0in;\r\n	margin-right:0in;\r\n	margin-bottom:0in;\r\n	margin-left:.5in;\r\n	margin-bottom:.0001pt;\r\n	mso-add-space:auto;\r\n	mso-para-margin-top:0in;\r\n	mso-para-margin-right:0in;\r\n	mso-para-margin-bottom:0in;\r\n	mso-para-margin-left:-.01gd;\r\n	mso-para-margin-bottom:.0001pt;\r\n	mso-add-space:auto;\r\n	text-indent:-.05pt;\r\n	mso-char-indent-count:-.01;\r\n	mso-line-height-alt:.05pt;\r\n	mso-pagination:widow-orphan;\r\n	mso-outline-level:1;\r\n	mso-hyphenate:none;\r\n	font-size:10.0pt;\r\n	font-family:\"Calibri\",sans-serif;\r\n	mso-fareast-font-family:Calibri;\r\n	position:relative;\r\n	top:.5pt;\r\n	mso-text-raise:-.5pt;\r\n	mso-bidi-language:AR-SA;}\r\np.MsoListParagraphCxSpLast, li.MsoListParagraphCxSpLast, div.MsoListParagraphCxSpLast\r\n	{mso-style-priority:34;\r\n	mso-style-unhide:no;\r\n	mso-style-qformat:yes;\r\n	mso-style-type:export-only;\r\n	margin-top:0in;\r\n	margin-right:0in;\r\n	margin-bottom:0in;\r\n	margin-left:.5in;\r\n	margin-bottom:.0001pt;\r\n	mso-add-space:auto;\r\n	mso-para-margin-top:0in;\r\n	mso-para-margin-right:0in;\r\n	mso-para-margin-bottom:0in;\r\n	mso-para-margin-left:-.01gd;\r\n	mso-para-margin-bottom:.0001pt;\r\n	mso-add-space:auto;\r\n	text-indent:-.05pt;\r\n	mso-char-indent-count:-.01;\r\n	mso-line-height-alt:.05pt;\r\n	mso-pagination:widow-orphan;\r\n	mso-outline-level:1;\r\n	mso-hyphenate:none;\r\n	font-size:10.0pt;\r\n	font-family:\"Calibri\",sans-serif;\r\n	mso-fareast-font-family:Calibri;\r\n	position:relative;\r\n	top:.5pt;\r\n	mso-text-raise:-.5pt;\r\n	mso-bidi-language:AR-SA;}\r\n.MsoChpDefault\r\n	{mso-style-type:export-only;\r\n	mso-default-props:yes;\r\n	font-size:10.0pt;\r\n	mso-ansi-font-size:10.0pt;\r\n	mso-bidi-font-size:10.0pt;\r\n	font-family:\"Calibri\",sans-serif;\r\n	mso-ascii-font-family:Calibri;\r\n	mso-fareast-font-family:Calibri;\r\n	mso-hansi-font-family:Calibri;\r\n	mso-bidi-font-family:Calibri;}\r\n@page WordSection1\r\n	{size:8.5in 11.0in;\r\n	margin:1.0in 1.0in 1.0in 1.0in;\r\n	mso-header-margin:.5in;\r\n	mso-footer-margin:.5in;\r\n	mso-paper-source:0;}\r\ndiv.WordSection1\r\n	{page:WordSection1;}\r\n /* List Definitions */\r\n @list l0\r\n	{mso-list-id:13;\r\n	mso-list-type:hybrid;\r\n	mso-list-template-ids:1374344042 -1 -1 -1 -1 -1 -1 -1 -1 -1;}\r\n@list l0:level1\r\n	{mso-level-text:%1;\r\n	mso-level-tab-stop:none;\r\n	mso-level-number-position:left;\r\n	margin-left:0in;\r\n	text-indent:0in;}\r\n@list l0:level2\r\n	{mso-level-tab-stop:none;\r\n	mso-level-number-position:left;\r\n	margin-left:0in;\r\n	text-indent:0in;}\r\n@list l0:level3\r\n	{mso-level-number-format:bullet;\r\n	mso-level-text:\" \";\r\n	mso-level-tab-stop:none;\r\n	mso-level-number-position:left;\r\n	margin-left:0in;\r\n	text-indent:0in;}\r\n@list l0:level4\r\n	{mso-level-number-format:bullet;\r\n	mso-level-text:\"\";\r\n	mso-level-tab-stop:none;\r\n	mso-level-number-position:left;\r\n	margin-left:0in;\r\n	text-indent:0in;}\r\n@list l0:level5\r\n	{mso-level-number-format:bullet;\r\n	mso-level-text:\"\";\r\n	mso-level-tab-stop:none;\r\n	mso-level-number-position:left;\r\n	margin-left:0in;\r\n	text-indent:0in;}\r\n@list l0:level6\r\n	{mso-level-number-format:bullet;\r\n	mso-level-text:\"\";\r\n	mso-level-tab-stop:none;\r\n	mso-level-number-position:left;\r\n	margin-left:0in;\r\n	text-indent:0in;}\r\n@list l0:level7\r\n	{mso-level-number-format:bullet;\r\n	mso-level-text:\"\";\r\n	mso-level-tab-stop:none;\r\n	mso-level-number-position:left;\r\n	margin-left:0in;\r\n	text-indent:0in;}\r\n@list l0:level8\r\n	{mso-level-number-format:bullet;\r\n	mso-level-text:\"\";\r\n	mso-level-tab-stop:none;\r\n	mso-level-number-position:left;\r\n	margin-left:0in;\r\n	text-indent:0in;}\r\n@list l0:level9\r\n	{mso-level-number-format:bullet;\r\n	mso-level-text:\"\";\r\n	mso-level-tab-stop:none;\r\n	mso-level-number-position:left;\r\n	margin-left:0in;\r\n	text-indent:0in;}\r\n@list l1\r\n	{mso-list-id:14;\r\n	mso-list-type:hybrid;\r\n	mso-list-template-ids:760313750 -1 -1 -1 -1 -1 -1 -1 -1 -1;}\r\n@list l1:level1\r\n	{mso-level-start-at:3;\r\n	mso-level-tab-stop:none;\r\n	mso-level-number-position:left;\r\n	margin-left:0in;\r\n	text-indent:0in;}\r\n@list l1:level2\r\n	{mso-level-text:%2;\r\n	mso-level-tab-stop:none;\r\n	mso-level-number-position:left;\r\n	margin-left:0in;\r\n	text-indent:0in;}\r\n@list l1:level3\r\n	{mso-level-number-format:bullet;\r\n	mso-level-text:\" \";\r\n	mso-level-tab-stop:none;\r\n	mso-level-number-position:left;\r\n	margin-left:0in;\r\n	text-indent:0in;}\r\n@list l1:level4\r\n	{mso-level-number-format:bullet;\r\n	mso-level-text:\"\";\r\n	mso-level-tab-stop:none;\r\n	mso-level-number-position:left;\r\n	margin-left:0in;\r\n	text-indent:0in;}\r\n@list l1:level5\r\n	{mso-level-number-format:bullet;\r\n	mso-level-text:\"\";\r\n	mso-level-tab-stop:none;\r\n	mso-level-number-position:left;\r\n	margin-left:0in;\r\n	text-indent:0in;}\r\n@list l1:level6\r\n	{mso-level-number-format:bullet;\r\n	mso-level-text:\"\";\r\n	mso-level-tab-stop:none;\r\n	mso-level-number-position:left;\r\n	margin-left:0in;\r\n	text-indent:0in;}\r\n@list l1:level7\r\n	{mso-level-number-format:bullet;\r\n	mso-level-text:\"\";\r\n	mso-level-tab-stop:none;\r\n	mso-level-number-position:left;\r\n	margin-left:0in;\r\n	text-indent:0in;}\r\n@list l1:level8\r\n	{mso-level-number-format:bullet;\r\n	mso-level-text:\"\";\r\n	mso-level-tab-stop:none;\r\n	mso-level-number-position:left;\r\n	margin-left:0in;\r\n	text-indent:0in;}\r\n@list l1:level9\r\n	{mso-level-number-format:bullet;\r\n	mso-level-text:\"\";\r\n	mso-level-tab-stop:none;\r\n	mso-level-number-position:left;\r\n	margin-left:0in;\r\n	text-indent:0in;}\r\n@list l2\r\n	{mso-list-id:18;\r\n	mso-list-type:hybrid;\r\n	mso-list-template-ids:1889947178 -1 -1 -1 -1 -1 -1 -1 -1 -1;}\r\n@list l2:level1\r\n	{mso-level-start-at:5;\r\n	mso-level-tab-stop:none;\r\n	mso-level-number-position:left;\r\n	margin-left:0in;\r\n	text-indent:0in;}\r\n@list l2:level2\r\n	{mso-level-number-format:bullet;\r\n	mso-level-text:\" \";\r\n	mso-level-tab-stop:none;\r\n	mso-level-number-position:left;\r\n	margin-left:0in;\r\n	text-indent:0in;}\r\n@list l2:level3\r\n	{mso-level-number-format:bullet;\r\n	mso-level-text:\"\";\r\n	mso-level-tab-stop:none;\r\n	mso-level-number-position:left;\r\n	margin-left:0in;\r\n	text-indent:0in;}\r\n@list l2:level4\r\n	{mso-level-number-format:bullet;\r\n	mso-level-text:\"\";\r\n	mso-level-tab-stop:none;\r\n	mso-level-number-position:left;\r\n	margin-left:0in;\r\n	text-indent:0in;}\r\n@list l2:level5\r\n	{mso-level-number-format:bullet;\r\n	mso-level-text:\"\";\r\n	mso-level-tab-stop:none;\r\n	mso-level-number-position:left;\r\n	margin-left:0in;\r\n	text-indent:0in;}\r\n@list l2:level6\r\n	{mso-level-number-format:bullet;\r\n	mso-level-text:\"\";\r\n	mso-level-tab-stop:none;\r\n	mso-level-number-position:left;\r\n	margin-left:0in;\r\n	text-indent:0in;}\r\n@list l2:level7\r\n	{mso-level-number-format:bullet;\r\n	mso-level-text:\"\";\r\n	mso-level-tab-stop:none;\r\n	mso-level-number-position:left;\r\n	margin-left:0in;\r\n	text-indent:0in;}\r\n@list l2:level8\r\n	{mso-level-number-format:bullet;\r\n	mso-level-text:\"\";\r\n	mso-level-tab-stop:none;\r\n	mso-level-number-position:left;\r\n	margin-left:0in;\r\n	text-indent:0in;}\r\n@list l2:level9\r\n	{mso-level-number-format:bullet;\r\n	mso-level-text:\"\";\r\n	mso-level-tab-stop:none;\r\n	mso-level-number-position:left;\r\n	margin-left:0in;\r\n	text-indent:0in;}\r\n@list l3\r\n	{mso-list-id:21;\r\n	mso-list-type:hybrid;\r\n	mso-list-template-ids:491705402 -1 -1 -1 -1 -1 -1 -1 -1 -1;}\r\n@list l3:level1\r\n	{mso-level-start-at:6;\r\n	mso-level-tab-stop:none;\r\n	mso-level-number-position:left;\r\n	margin-left:0in;\r\n	text-indent:0in;}\r\n@list l3:level2\r\n	{mso-level-number-format:bullet;\r\n	mso-level-text:\" \";\r\n	mso-level-tab-stop:none;\r\n	mso-level-number-position:left;\r\n	margin-left:0in;\r\n	text-indent:0in;}\r\n@list l3:level3\r\n	{mso-level-number-format:bullet;\r\n	mso-level-text:\"\";\r\n	mso-level-tab-stop:none;\r\n	mso-level-number-position:left;\r\n	margin-left:0in;\r\n	text-indent:0in;}\r\n@list l3:level4\r\n	{mso-level-number-format:bullet;\r\n	mso-level-text:\"\";\r\n	mso-level-tab-stop:none;\r\n	mso-level-number-position:left;\r\n	margin-left:0in;\r\n	text-indent:0in;}\r\n@list l3:level5\r\n	{mso-level-number-format:bullet;\r\n	mso-level-text:\"\";\r\n	mso-level-tab-stop:none;\r\n	mso-level-number-position:left;\r\n	margin-left:0in;\r\n	text-indent:0in;}\r\n@list l3:level6\r\n	{mso-level-number-format:bullet;\r\n	mso-level-text:\"\";\r\n	mso-level-tab-stop:none;\r\n	mso-level-number-position:left;\r\n	margin-left:0in;\r\n	text-indent:0in;}\r\n@list l3:level7\r\n	{mso-level-number-format:bullet;\r\n	mso-level-text:\"\";\r\n	mso-level-tab-stop:none;\r\n	mso-level-number-position:left;\r\n	margin-left:0in;\r\n	text-indent:0in;}\r\n@list l3:level8\r\n	{mso-level-number-format:bullet;\r\n	mso-level-text:\"\";\r\n	mso-level-tab-stop:none;\r\n	mso-level-number-position:left;\r\n	margin-left:0in;\r\n	text-indent:0in;}\r\n@list l3:level9\r\n	{mso-level-number-format:bullet;\r\n	mso-level-text:\"\";\r\n	mso-level-tab-stop:none;\r\n	mso-level-number-position:left;\r\n	margin-left:0in;\r\n	text-indent:0in;}\r\n@list l4\r\n	{mso-list-id:1821998185;\r\n	mso-list-type:hybrid;\r\n	mso-list-template-ids:1299739776 67698689 67698691 67698693 67698689 67698691 67698693 67698689 67698691 67698693;}\r\n@list l4:level1\r\n	{mso-level-number-format:bullet;\r\n	mso-level-text:?;\r\n	mso-level-tab-stop:none;\r\n	mso-level-number-position:left;\r\n	margin-left:35.9pt;\r\n	text-indent:-.25in;\r\n	font-family:Symbol;}\r\n@list l4:level2\r\n	{mso-level-number-format:bullet;\r\n	mso-level-text:o;\r\n	mso-level-tab-stop:none;\r\n	mso-level-number-position:left;\r\n	margin-left:71.9pt;\r\n	text-indent:-.25in;\r\n	font-family:\"Courier New\";\r\n	mso-bidi-font-family:\"Times New Roman\";}\r\n@list l4:level3\r\n	{mso-level-number-format:bullet;\r\n	mso-level-text:?;\r\n	mso-level-tab-stop:none;\r\n	mso-level-number-position:left;\r\n	margin-left:107.9pt;\r\n	text-indent:-.25in;\r\n	font-family:Wingdings;}\r\n@list l4:level4\r\n	{mso-level-number-format:bullet;\r\n	mso-level-text:?;\r\n	mso-level-tab-stop:none;\r\n	mso-level-number-position:left;\r\n	margin-left:143.9pt;\r\n	text-indent:-.25in;\r\n	font-family:Symbol;}\r\n@list l4:level5\r\n	{mso-level-number-format:bullet;\r\n	mso-level-text:o;\r\n	mso-level-tab-stop:none;\r\n	mso-level-number-position:left;\r\n	margin-left:179.9pt;\r\n	text-indent:-.25in;\r\n	font-family:\"Courier New\";\r\n	mso-bidi-font-family:\"Times New Roman\";}\r\n@list l4:level6\r\n	{mso-level-number-format:bullet;\r\n	mso-level-text:?;\r\n	mso-level-tab-stop:none;\r\n	mso-level-number-position:left;\r\n	margin-left:215.9pt;\r\n	text-indent:-.25in;\r\n	font-family:Wingdings;}\r\n@list l4:level7\r\n	{mso-level-number-format:bullet;\r\n	mso-level-text:?;\r\n	mso-level-tab-stop:none;\r\n	mso-level-number-position:left;\r\n	margin-left:251.9pt;\r\n	text-indent:-.25in;\r\n	font-family:Symbol;}\r\n@list l4:level8\r\n	{mso-level-number-format:bullet;\r\n	mso-level-text:o;\r\n	mso-level-tab-stop:none;\r\n	mso-level-number-position:left;\r\n	margin-left:287.9pt;\r\n	text-indent:-.25in;\r\n	font-family:\"Courier New\";\r\n	mso-bidi-font-family:\"Times New Roman\";}\r\n@list l4:level9\r\n	{mso-level-number-format:bullet;\r\n	mso-level-text:?;\r\n	mso-level-tab-stop:none;\r\n	mso-level-number-position:left;\r\n	margin-left:323.9pt;\r\n	text-indent:-.25in;\r\n	font-family:Wingdings;}\r\n\r\n-->\r\n</style><p class=\"MsoNormal\" align=\"center\" style=\"margin-left: 0in; text-indent: 0in; text-align: center;\"><b><u><span style=\"font-size: 9pt; font-family: Tahoma, sans-serif;\">TELEPHONE ETIQUETTE</span></u></b></p><p class=\"MsoNormal\" style=\"margin-left: 0in; text-indent: -0.1pt;\"><b><span style=\"font-size: 9.5pt; font-family: Tahoma, sans-serif;\">Standard:<o:p></o:p></span></b></p><p class=\"MsoNormal\" style=\"margin-left: 0in; text-indent: -0.1pt; line-height: 1.6pt;\"><span style=\"font-family: &quot;Times New Roman&quot;, serif;\"><o:p>&nbsp;</o:p></span></p><p class=\"MsoNormal\" style=\"margin-right: 15pt; margin-left: 0in; text-indent: -0.1pt; line-height: 14.533332824707031px;\"><span style=\"font-size: 9pt; line-height: 13.079999923706055px; font-family: Tahoma, sans-serif;\">To ensure a consistently high level of corporate etiquette when handling enquiries received through the telephone.<o:p></o:p></span></p><p class=\"MsoNormal\" style=\"margin-left: 0in; text-indent: -0.1pt; line-height: 11.25pt;\"><span style=\"font-family: &quot;Times New Roman&quot;, serif;\"><o:p>&nbsp;</o:p></span></p><p class=\"MsoNormal\" style=\"margin-left: 0in; text-indent: -0.1pt;\"><b><span style=\"font-size: 9.5pt; font-family: Tahoma, sans-serif;\">Rationale:<o:p></o:p></span></b></p><p class=\"MsoNormal\" style=\"margin-left: 0in; text-indent: -0.1pt; line-height: 1.6pt;\"><span style=\"font-family: &quot;Times New Roman&quot;, serif;\"><o:p>&nbsp;</o:p></span></p><p class=\"MsoNormal\" style=\"margin-right: 12pt; margin-left: 0in; text-indent: -0.1pt; text-align: justify; line-height: 14.666666030883789px;\"><span style=\"font-size: 9pt; line-height: 13.199999809265137px; font-family: Tahoma, sans-serif;\">It is often through the telephone that potential clients first make contact with our sales team. Professionally managed telephone conversations with a systematic flow of information acquisition would effectively reinforce the positive image of the organization.<o:p></o:p></span></p><p class=\"MsoNormal\" style=\"margin-left: 0in; text-indent: -0.1pt; line-height: 11.35pt;\"><span style=\"font-family: &quot;Times New Roman&quot;, serif;\"><o:p>&nbsp;</o:p></span></p><p class=\"MsoNormal\" style=\"margin-left: 0in; text-indent: -0.1pt;\"><b><span style=\"font-size: 9.5pt; font-family: Tahoma, sans-serif;\">Procedure:<o:p></o:p></span></b></p><p class=\"MsoNormal\" style=\"margin-left: 0in; text-indent: -0.1pt; line-height: 12.35pt;\"><span style=\"font-family: &quot;Times New Roman&quot;, serif;\"><o:p>&nbsp;</o:p></span></p><p class=\"MsoNormal\" style=\"margin-left:50.0pt;mso-para-margin-left:0gd;\r\ntext-indent:-17.6pt;mso-char-indent-count:0;mso-line-height-alt:0pt;mso-outline-level:\r\nbody-text;mso-list:l0 level2 lfo1;mso-hyphenate:auto;tab-stops:50.0pt;\r\nmso-vertical-align-alt:auto\"><!--[if !supportLists]--><span style=\"font-size:9.0pt;\r\nmso-bidi-font-size:10.0pt;font-family:&quot;Tahoma&quot;,sans-serif;mso-fareast-font-family:\r\nTahoma;mso-bidi-font-weight:bold\">1.<span style=\"font-stretch: normal; font-size: 7pt; line-height: normal; font-family: &quot;Times New Roman&quot;;\">&nbsp;&nbsp;&nbsp;&nbsp;&nbsp;</span></span><!--[endif]--><span style=\"font-size: 9pt; font-family: Tahoma, sans-serif;\">Telephone calls must be answered within four (4) rings<o:p></o:p></span></p><p class=\"MsoNormal\" style=\"margin-left: 0in; text-indent: -0.1pt; line-height: 1.85pt;\"><span style=\"font-size: 9pt; font-family: Tahoma, sans-serif;\"><o:p>&nbsp;</o:p></span></p><p class=\"MsoNormal\" style=\"margin-left:50.0pt;mso-para-margin-left:0gd;\r\ntext-indent:-17.6pt;mso-char-indent-count:0;mso-line-height-alt:0pt;mso-outline-level:\r\nbody-text;mso-list:l0 level2 lfo1;mso-hyphenate:auto;tab-stops:50.0pt;\r\nmso-vertical-align-alt:auto\"><!--[if !supportLists]--><span style=\"font-size:9.0pt;\r\nmso-bidi-font-size:10.0pt;font-family:&quot;Tahoma&quot;,sans-serif;mso-fareast-font-family:\r\nTahoma;mso-bidi-font-weight:bold\">2.<span style=\"font-stretch: normal; font-size: 7pt; line-height: normal; font-family: &quot;Times New Roman&quot;;\">&nbsp;&nbsp;&nbsp;&nbsp;&nbsp;</span></span><!--[endif]--><span style=\"font-size: 9pt; font-family: Tahoma, sans-serif;\">When speaking over the telephone:<o:p></o:p></span></p><p class=\"MsoNormal\" style=\"margin-left: 0in; text-indent: -0.1pt; line-height: 0.7pt;\"><span style=\"font-size: 9pt; font-family: Tahoma, sans-serif;\"><o:p>&nbsp;</o:p></span></p><p class=\"MsoNormal\" style=\"margin-left: 0in; text-indent: -0.1pt;\"><span style=\"font-size: 9pt; font-family: Tahoma, sans-serif;\">Be attentive and focus attention on the call<o:p></o:p></span></p><p class=\"MsoNormal\" style=\"margin-left: 0in; text-indent: -0.1pt; line-height: 1.65pt;\"><span style=\"font-size: 9pt; font-family: Tahoma, sans-serif;\"><o:p>&nbsp;</o:p></span></p><p class=\"MsoNormal\" style=\"margin-right: 264pt; margin-left: 0in; text-indent: -0.1pt; line-height: 14.266666412353516px;\"><span style=\"font-size: 9pt; line-height: 12.84000015258789px; font-family: Tahoma, sans-serif;\">Do not attempt to multi-task Smile<o:p></o:p></span></p><p class=\"MsoNormal\" style=\"margin-left: 0in; text-indent: -0.1pt; line-height: 0.8pt;\"><span style=\"font-size: 9pt; font-family: Tahoma, sans-serif;\"><o:p>&nbsp;</o:p></span></p><p class=\"MsoNormal\" style=\"margin-left: 0in; text-indent: -0.1pt;\"><span style=\"font-size: 9pt; font-family: Tahoma, sans-serif;\">Have pen and paper in hand to take notes<o:p></o:p></span></p><p class=\"MsoNormal\" style=\"margin-left: 0in; text-indent: -0.1pt; line-height: 0.1pt;\"><span style=\"font-size: 9pt; font-family: Tahoma, sans-serif;\"><o:p>&nbsp;</o:p></span></p><p class=\"MsoNormal\" style=\"margin-left:40.0pt;mso-para-margin-left:0gd;\r\ntext-indent:-11.2pt;mso-char-indent-count:0;mso-line-height-alt:0pt;mso-outline-level:\r\nbody-text;mso-list:l1 level1 lfo2;mso-hyphenate:auto;tab-stops:40.0pt;\r\nmso-vertical-align-alt:auto\"><!--[if !supportLists]--><span style=\"font-size:9.0pt;\r\nmso-bidi-font-size:10.0pt;font-family:&quot;Tahoma&quot;,sans-serif;mso-fareast-font-family:\r\nTahoma;mso-bidi-font-weight:bold\">3.<span style=\"font-stretch: normal; font-size: 7pt; line-height: normal; font-family: &quot;Times New Roman&quot;;\">&nbsp;&nbsp;</span></span><!--[endif]--><span style=\"font-size: 9pt; font-family: Tahoma, sans-serif;\">Standardized Greeting<o:p></o:p></span></p><p class=\"MsoNormal\" style=\"margin-left: 0in; text-indent: -0.1pt; line-height: 1.7pt;\"><span style=\"font-size: 9pt; font-family: Tahoma, sans-serif;\"><o:p>&nbsp;</o:p></span></p><p class=\"MsoNormal\" style=\"margin-right: 26pt; margin-left: 0in; text-indent: -0.1pt; line-height: 13.199999809265137px;\"><span style=\"font-size: 9pt; line-height: 11.880000114440918px; font-family: Tahoma, sans-serif;\">Good morning / afternoon / evening. eOcambo Technology. This is&nbsp;</span><span style=\"font-size: 7.5pt; line-height: 9.899999618530273px; font-family: Tahoma, sans-serif;\">&lt;</span><i><span style=\"font-size: 9pt; line-height: 11.880000114440918px; font-family: Tahoma, sans-serif;\">Staff</span></i><span style=\"font-size: 9pt; line-height: 11.880000114440918px; font-family: Tahoma, sans-serif;\"><i><u>Name</u></i></span><u><span style=\"font-size: 7.5pt; line-height: 9.899999618530273px; font-family: Tahoma, sans-serif;\">&gt;.</span></u><i><span style=\"font-size: 9pt; line-height: 11.880000114440918px; font-family: Tahoma, sans-serif;\"></span></i><span style=\"font-size: 9pt; line-height: 11.880000114440918px; font-family: Tahoma, sans-serif;\">How may I help you?<o:p></o:p></span></p><p class=\"MsoNormal\" style=\"margin-left: 0in; text-indent: -0.1pt; line-height: 2.7pt;\"><span style=\"font-size: 9pt; font-family: Tahoma, sans-serif;\"><o:p>&nbsp;</o:p></span></p><p class=\"MsoNormal\" style=\"margin-left:40.0pt;mso-para-margin-left:0gd;\r\ntext-indent:-11.2pt;mso-char-indent-count:0;mso-line-height-alt:0pt;mso-outline-level:\r\nbody-text;mso-list:l1 level1 lfo2;mso-hyphenate:auto;tab-stops:40.0pt;\r\nmso-vertical-align-alt:auto\"><!--[if !supportLists]--><span style=\"font-size:9.0pt;\r\nmso-bidi-font-size:10.0pt;font-family:&quot;Tahoma&quot;,sans-serif;mso-fareast-font-family:\r\nTahoma;mso-bidi-font-weight:bold\">4.<span style=\"font-stretch: normal; font-size: 7pt; line-height: normal; font-family: &quot;Times New Roman&quot;;\">&nbsp;&nbsp;</span></span><!--[endif]--><span style=\"font-size: 9pt; font-family: Tahoma, sans-serif;\">Gather Information<o:p></o:p></span></p><p class=\"MsoNormal\" style=\"margin-left: 0in; text-indent: -0.1pt; line-height: 0.7pt;\"><span style=\"font-size: 9pt; font-family: Tahoma, sans-serif;\"><o:p>&nbsp;</o:p></span></p><p class=\"MsoNormal\" style=\"margin-left: 0in; text-indent: -0.1pt;\"><span style=\"font-size: 9pt; font-family: Tahoma, sans-serif;\">Caller\'s Name<o:p></o:p></span></p><p class=\"MsoNormal\" style=\"margin-left: 0in; text-indent: -0.1pt; line-height: 1pt;\"><span style=\"font-family: &quot;Times New Roman&quot;, serif;\"><o:p></o:p></span></p><p class=\"MsoNormal\" style=\"margin-left: 0in; text-indent: -0.1pt; line-height: 0.6pt;\"><span style=\"font-family: &quot;Times New Roman&quot;, serif;\"><o:p>&nbsp;</o:p></span></p><p class=\"MsoNormal\" style=\"margin-left: 0in; text-indent: -0.1pt;\"><span style=\"font-size: 9pt; font-family: Tahoma, sans-serif;\">How may I address you, sir / madam?<o:p></o:p></span></p><p class=\"MsoNormal\" style=\"margin-left: 0in; text-indent: -0.1pt; line-height: 13.199999809265137px;\"><span style=\"font-size: 9pt; line-height: 11.880000114440918px; font-family: Tahoma, sans-serif;\">Caller\'s Company<o:p></o:p></span></p><p class=\"MsoNormal\" style=\"margin-left: 0in; text-indent: -0.1pt; line-height: 1.95pt;\"><span style=\"font-family: &quot;Times New Roman&quot;, serif;\"><o:p>&nbsp;</o:p></span></p><p class=\"MsoNormal\" style=\"margin-left: 0in; text-indent: -0.1pt;\"><span style=\"font-size: 9pt; font-family: Tahoma, sans-serif;\">May I know which company you are calling from?<o:p></o:p></span></p><p class=\"MsoNormal\" style=\"margin-left: 0in; text-indent: -0.1pt; line-height: 1.9pt;\"><span style=\"font-family: &quot;Times New Roman&quot;, serif;\"><o:p>&nbsp;</o:p></span></p><p class=\"MsoNormal\" style=\"margin-right: 121pt; margin-left: 0in; text-indent: -0.1pt; line-height: 13.199999809265137px;\"><span style=\"font-size: 9pt; line-height: 11.880000114440918px; font-family: Tahoma, sans-serif;\">Caller\'s Contact Detail May I have your contact number and email address please?<o:p></o:p></span></p><p class=\"MsoNormal\" style=\"margin-left: 0in; text-indent: -0.1pt; line-height: 0.1pt;\"><span style=\"font-family: &quot;Times New Roman&quot;, serif;\"><o:p>&nbsp;</o:p></span></p><p class=\"MsoNormal\" style=\"margin-left: 0in; text-indent: -0.1pt; line-height: 13.199999809265137px;\"><span style=\"font-size: 9pt; line-height: 11.880000114440918px; font-family: Tahoma, sans-serif;\">?Our solutions/system? Requirement How many system/solutions would you require?<o:p></o:p></span></p><p class=\"MsoNormal\" style=\"margin-left: 0in; text-indent: -0.1pt; line-height: 2.95pt;\"><span style=\"font-family: &quot;Times New Roman&quot;, serif;\"><o:p>&nbsp;</o:p></span></p><p class=\"MsoNormal\" style=\"margin-left: 0in; text-indent: -0.1pt; line-height: 3.6pt;\"><span style=\"font-family: &quot;Times New Roman&quot;, serif;\"><o:p>&nbsp;</o:p></span></p><p class=\"MsoNormal\" style=\"margin-left: 0in; text-indent: -0.1pt;\"><span style=\"font-size: 9pt; font-family: Tahoma, sans-serif;\">Budget<o:p></o:p></span></p><p class=\"MsoNormal\" style=\"margin-left: 0in; text-indent: -0.1pt; line-height: 0.1pt;\"><span style=\"font-family: &quot;Times New Roman&quot;, serif;\"><o:p>&nbsp;</o:p></span></p><p class=\"MsoNormal\" style=\"margin-left: 0in; text-indent: -0.1pt;\"><span style=\"font-size: 9pt; font-family: Tahoma, sans-serif;\">Is there a budget you would like us to work within for you?<o:p></o:p></span></p><p class=\"MsoNormal\" style=\"margin-left: 0in; text-indent: -0.1pt;\"><span style=\"font-size: 9pt; font-family: Tahoma, sans-serif;\"><o:p>&nbsp;</o:p></span></p><p class=\"MsoNormal\" style=\"margin-left:33.0pt;mso-para-margin-left:0gd;\r\ntext-indent:-11.5pt;mso-char-indent-count:0;mso-line-height-alt:0pt;mso-outline-level:\r\nbody-text;mso-list:l2 level1 lfo3;mso-hyphenate:auto;tab-stops:33.0pt;\r\nmso-vertical-align-alt:auto\"><!--[if !supportLists]--><span style=\"font-size:9.0pt;\r\nmso-bidi-font-size:10.0pt;font-family:&quot;Tahoma&quot;,sans-serif;mso-fareast-font-family:\r\nTahoma;mso-bidi-font-weight:bold\">5.<span style=\"font-stretch: normal; font-size: 7pt; line-height: normal; font-family: &quot;Times New Roman&quot;;\">&nbsp;&nbsp;</span></span><!--[endif]--><span style=\"font-size: 9pt; font-family: Tahoma, sans-serif;\">Closing the Call<o:p></o:p></span></p><p class=\"MsoNormal\" style=\"margin-left: 0in; text-indent: -0.1pt; line-height: 0.7pt;\"><span style=\"font-size: 9pt; font-family: Tahoma, sans-serif;\"><o:p>&nbsp;</o:p></span></p><p class=\"MsoNormal\" style=\"margin-left: 0in; text-indent: -0.1pt;\"><span style=\"font-size: 9pt; font-family: Tahoma, sans-serif;\">Confirm all details<o:p></o:p></span></p><p class=\"MsoNormal\" style=\"margin-left: 0in; text-indent: -0.1pt; line-height: 12.4pt;\"><span style=\"font-family: &quot;Times New Roman&quot;, serif;\"><o:p>&nbsp;</o:p></span></p><p class=\"MsoNormal\" style=\"margin-left: 0in; text-indent: -0.1pt;\"><span style=\"font-size: 9pt; font-family: Tahoma, sans-serif;\">Proposal<o:p></o:p></span></p><p class=\"MsoNormal\" style=\"margin-left: 0in; text-indent: -0.1pt; line-height: 1.95pt;\"><span style=\"font-family: &quot;Times New Roman&quot;, serif;\"><o:p>&nbsp;</o:p></span></p><p class=\"MsoNormal\" style=\"margin-right: 19pt; margin-left: 0in; text-indent: -0.1pt; text-align: justify; line-height: 14.399999618530273px;\"><span style=\"font-size: 9pt; line-height: 12.960000038146973px; font-family: Tahoma, sans-serif;\">Mr/Ms &lt;Caller Name&gt;, based on the information we have gathered from you, we shall be tailoring a proposal for your consideration. Once the proposal has been sent to you, I shall follow up with a call to you to finalize on the details as proposed.<o:p></o:p></span></p><p class=\"MsoNormal\" style=\"margin-left: 0in; text-indent: -0.1pt; line-height: 0.1pt;\"><span style=\"font-family: &quot;Times New Roman&quot;, serif;\"><o:p>&nbsp;</o:p></span></p><p class=\"MsoNormal\" style=\"margin-left: 0in; text-indent: -0.1pt;\"><span style=\"font-size: 9pt; font-family: Tahoma, sans-serif;\">Farewell<o:p></o:p></span></p><p class=\"MsoNormal\" style=\"margin-left: 0in; text-indent: -0.1pt; line-height: 1.75pt;\"><span style=\"font-family: &quot;Times New Roman&quot;, serif;\"><o:p>&nbsp;</o:p></span></p><p class=\"MsoNormal\" style=\"margin-right: 19pt; margin-left: 0in; text-indent: -0.1pt; text-align: justify; line-height: 14.666666030883789px;\"><span style=\"font-size: 9pt; line-height: 13.199999809265137px; font-family: Tahoma, sans-serif;\">Thank you for your call, and once again, my name is &lt;Staff Name&gt; and I may be reached at &lt;Phone number&gt; or at &lt;email address&gt; should you require anything further. Have a great day ahead!<o:p></o:p></span></p><p class=\"MsoNormal\" style=\"margin-left:33.0pt;mso-para-margin-left:0gd;\r\ntext-indent:-11.5pt;mso-char-indent-count:0;mso-line-height-alt:0pt;mso-outline-level:\r\nbody-text;mso-list:l3 level1 lfo4;mso-hyphenate:auto;tab-stops:33.0pt;\r\nmso-vertical-align-alt:auto\"><!--[if !supportLists]--><span style=\"font-size:9.0pt;\r\nmso-bidi-font-size:10.0pt;font-family:&quot;Tahoma&quot;,sans-serif;mso-fareast-font-family:\r\nTahoma;mso-bidi-font-weight:bold\">6.<span style=\"font-stretch: normal; font-size: 7pt; line-height: normal; font-family: &quot;Times New Roman&quot;;\">&nbsp;&nbsp;</span></span><!--[endif]--><span style=\"font-size: 9pt; font-family: Tahoma, sans-serif;\">Follow-up<o:p></o:p></span></p><p class=\"MsoNormal\" style=\"margin-right: 20pt; margin-left: 0in; text-indent: -0.1pt; line-height: 14.533332824707031px;\"><span style=\"font-size: 9pt; line-height: 13.079999923706055px; font-family: Tahoma, sans-serif;\">Good morning / afternoon / evening, Mr / Ms&nbsp;</span><span style=\"font-size: 7.5pt; line-height: 10.899999618530273px; font-family: Tahoma, sans-serif;\">&lt;</span><i><span style=\"font-size: 9pt; line-height: 13.079999923706055px; font-family: Tahoma, sans-serif;\">Client Name</span></i><span style=\"font-size: 7.5pt; line-height: 10.899999618530273px; font-family: Tahoma, sans-serif;\">&gt;.</span><span style=\"font-size: 9pt; line-height: 13.079999923706055px; font-family: Tahoma, sans-serif;\">This is&nbsp;</span><span style=\"font-size: 7.5pt; line-height: 10.899999618530273px; font-family: Tahoma, sans-serif;\">&lt;</span><i><span style=\"font-size: 9pt; line-height: 13.079999923706055px; font-family: Tahoma, sans-serif;\">Staff Name</span></i><span style=\"font-size: 7.5pt; line-height: 10.899999618530273px; font-family: Tahoma, sans-serif;\">&gt;</span><span style=\"font-size: 9pt; line-height: 13.079999923706055px; font-family: Tahoma, sans-serif;\">calling from eOcambo Technology</span><u><span style=\"font-size: 7.5pt; line-height: 10.899999618530273px; font-family: Tahoma, sans-serif;\">.</span></u><span style=\"font-size: 9pt; line-height: 13.079999923706055px; font-family: Tahoma, sans-serif;\">I am following up on the proposal we had sent on&nbsp;</span><span style=\"font-size: 7.5pt; line-height: 10.899999618530273px; font-family: Tahoma, sans-serif;\">&lt;</span><span style=\"font-size: 9pt; line-height: 13.079999923706055px; font-family: Tahoma, sans-serif;\"><i>Date Proposal was Sent</i></span><span style=\"font-size: 7.5pt; line-height: 10.899999618530273px; font-family: Tahoma, sans-serif;\">&gt;<o:p></o:p></span></p><p class=\"MsoNormal\" style=\"margin-left: 0in; text-indent: -0.1pt; line-height: 0.15pt;\"><span style=\"font-size: 9pt; font-family: Tahoma, sans-serif;\"><o:p>&nbsp;</o:p></span></p><p class=\"MsoNormal\" style=\"margin-right: 19pt; margin-left: 0in; text-indent: -0.1pt; line-height: 14.533332824707031px;\"><span style=\"font-size: 9pt; line-height: 13.079999923706055px; font-family: Tahoma, sans-serif;\">Thank you for your time. We shall make the necessary revisions as discussed, following which we shall be sending you a finalized contract for your signature. We look forward to your final decision and cooperate with your company. Have a great day ahead!<o:p></o:p></span></p><p class=\"MsoNormal\" style=\"margin-left: 0in; text-indent: -0.1pt; line-height: 1pt;\"><span style=\"font-family: &quot;Times New Roman&quot;, serif;\"><o:p></o:p></span></p><p class=\"MsoNormal\" style=\"margin-left: 0in; text-indent: 0in;\"><br></p><p class=\"MsoNormal\" style=\"margin-left: 0in; text-indent: -0.1pt;\"><b><span style=\"font-size: 9pt; font-family: Tahoma, sans-serif;\">When the phone rings:<o:p></o:p></span></b></p><p class=\"MsoNormal\" style=\"margin-left: 0in; text-indent: -0.1pt; line-height: 1.9pt;\"><span style=\"font-family: &quot;Times New Roman&quot;, serif;\"><o:p>&nbsp;</o:p></span></p><p class=\"MsoListParagraph\" style=\"margin-right: 293pt; margin-left: 35.9pt; text-indent: -0.25in; line-height: 107%;\"><!--[if !supportLists]--><span style=\"font-size:9.0pt;mso-bidi-font-size:10.0pt;line-height:107%;font-family:\r\nSymbol;mso-fareast-font-family:Symbol;mso-bidi-font-family:Symbol;mso-bidi-font-weight:\r\nbold\"><span style=\"font-stretch: normal; font-size: 7pt; line-height: normal; font-family: &quot;Times New Roman&quot;;\">&nbsp;&nbsp;&nbsp;&nbsp;&nbsp;&nbsp;</span></span><!--[endif]--><span style=\"font-size: 9pt; line-height: 12.84000015258789px; font-family: Tahoma, sans-serif;\">stop other activities smile<o:p></o:p></span></p><p class=\"MsoNormal\" style=\"margin-left: 0in; text-indent: -0.1pt; line-height: 0.75pt;\"><span style=\"font-family: &quot;Times New Roman&quot;, serif;\"><o:p>&nbsp;</o:p></span></p><p class=\"MsoListParagraph\" style=\"margin-right: 236pt; margin-left: 35.9pt; text-indent: -0.25in; line-height: 106%;\"><!--[if !supportLists]--><span style=\"font-size:8.5pt;mso-bidi-font-size:10.0pt;line-height:106%;font-family:\r\nSymbol;mso-fareast-font-family:Symbol;mso-bidi-font-family:Symbol;mso-bidi-font-weight:\r\nbold\"><span style=\"font-stretch: normal; font-size: 7pt; line-height: normal; font-family: &quot;Times New Roman&quot;;\">&nbsp;&nbsp;&nbsp;&nbsp;&nbsp;&nbsp;</span></span><!--[endif]--><span style=\"font-size: 8.5pt; line-height: 12.01333236694336px; font-family: Tahoma, sans-serif;\">answer the phone within 4 rings use standardized greeting<o:p></o:p></span></p><p class=\"MsoNormal\" style=\"margin-left: 0in; text-indent: -0.1pt; line-height: 0.05pt;\"><span style=\"font-family: &quot;Times New Roman&quot;, serif;\"><o:p>&nbsp;</o:p></span></p><p class=\"MsoListParagraph\" style=\"margin-left:35.9pt;mso-add-space:auto;\r\nmso-para-margin-left:0gd;mso-add-space:auto;text-indent:-.25in;mso-char-indent-count:\r\n0;line-height:99%;mso-list:l4 level1 lfo5\"><!--[if !supportLists]--><span style=\"font-size:9.0pt;mso-bidi-font-size:10.0pt;line-height:99%;font-family:\r\nSymbol;mso-fareast-font-family:Symbol;mso-bidi-font-family:Symbol;mso-bidi-font-weight:\r\nbold\"><span style=\"font-stretch: normal; font-size: 7pt; line-height: normal; font-family: &quot;Times New Roman&quot;;\">&nbsp;&nbsp;&nbsp;&nbsp;&nbsp;&nbsp;</span></span><!--[endif]--><span style=\"font-size: 9pt; line-height: 11.880000114440918px; font-family: Tahoma, sans-serif;\">have pen and paper ready to take notes</span></p><p class=\"MsoNormal\" style=\"margin-left: 0in; text-indent: -0.1pt;\"><b><span style=\"font-size: 9pt; font-family: Tahoma, sans-serif;\">During the call:<o:p></o:p></span></b></p><p class=\"MsoNormal\" style=\"margin-left: 0in; text-indent: -0.1pt; line-height: 1pt;\"><span style=\"font-family: &quot;Times New Roman&quot;, serif;\"><o:p>&nbsp;</o:p></span></p><p class=\"MsoNormal\" style=\"margin-left: 0in; text-indent: -0.1pt; line-height: 0.85pt;\"><span style=\"font-family: &quot;Times New Roman&quot;, serif;\"><o:p>&nbsp;</o:p></span></p><p class=\"MsoListParagraphCxSpFirst\" style=\"margin-right: 236pt; margin-left: 35.9pt; text-indent: -0.25in; line-height: 106%;\"><!--[if !supportLists]--><span style=\"font-size:8.5pt;mso-bidi-font-size:10.0pt;line-height:106%;font-family:\r\nSymbol;mso-fareast-font-family:Symbol;mso-bidi-font-family:Symbol;mso-bidi-font-weight:\r\nbold\"><span style=\"font-stretch: normal; font-size: 7pt; line-height: normal; font-family: &quot;Times New Roman&quot;;\">&nbsp;&nbsp;&nbsp;&nbsp;&nbsp;&nbsp;</span></span><!--[endif]--><span style=\"font-size: 8.5pt; line-height: 12.01333236694336px; font-family: Tahoma, sans-serif;\">ascertain caller\'s name, company/department<o:p></o:p></span></p><p class=\"MsoListParagraphCxSpMiddle\" style=\"margin-right: 236pt; margin-left: 35.9pt; text-indent: -0.25in; line-height: 106%;\"><!--[if !supportLists]--><span style=\"font-size:8.5pt;mso-bidi-font-size:10.0pt;line-height:106%;font-family:\r\nSymbol;mso-fareast-font-family:Symbol;mso-bidi-font-family:Symbol;mso-bidi-font-weight:\r\nbold\"><span style=\"font-stretch: normal; font-size: 7pt; line-height: normal; font-family: &quot;Times New Roman&quot;;\">&nbsp;&nbsp;&nbsp;&nbsp;&nbsp;&nbsp;</span></span><!--[endif]--><span style=\"font-size: 8.5pt; line-height: 12.01333236694336px; font-family: Tahoma, sans-serif;\">listen attentively to caller\'s requirements gather details as necessary<o:p></o:p></span></p><p class=\"MsoListParagraphCxSpMiddle\" style=\"margin-right: 236pt; margin-left: 35.9pt; text-indent: -0.25in; line-height: 106%;\"><!--[if !supportLists]--><span style=\"font-size:8.5pt;mso-bidi-font-size:10.0pt;line-height:106%;font-family:\r\nSymbol;mso-fareast-font-family:Symbol;mso-bidi-font-family:Symbol;mso-bidi-font-weight:\r\nbold\"><span style=\"font-stretch: normal; font-size: 7pt; line-height: normal; font-family: &quot;Times New Roman&quot;;\">&nbsp;&nbsp;&nbsp;&nbsp;&nbsp;&nbsp;</span></span><!--[endif]--><span style=\"font-size: 8.5pt; line-height: 12.01333236694336px; font-family: Tahoma, sans-serif;\">confirm all details by repeating back to caller<o:p></o:p></span></p><p class=\"MsoListParagraphCxSpLast\" style=\"margin-right: 236pt; margin-left: 35.9pt; text-indent: -0.25in; line-height: 106%;\"><!--[if !supportLists]--><span style=\"font-size:8.5pt;mso-bidi-font-size:10.0pt;line-height:106%;font-family:\r\nSymbol;mso-fareast-font-family:Symbol;mso-bidi-font-family:Symbol;mso-bidi-font-weight:\r\nbold\"><span style=\"font-stretch: normal; font-size: 7pt; line-height: normal; font-family: &quot;Times New Roman&quot;;\">&nbsp;&nbsp;&nbsp;&nbsp;&nbsp;&nbsp;</span></span><!--[endif]--><span style=\"font-size: 8.5pt; line-height: 12.01333236694336px; font-family: Tahoma, sans-serif;\">when transferring calls, inform caller of the other party\'s name &amp; phone number</span></p><p class=\"MsoNormal\" style=\"margin-left: 0in; text-indent: -0.1pt;\"><b><span style=\"font-size: 9pt; font-family: Tahoma, sans-serif;\">When ending the call:<o:p></o:p></span></b></p><p class=\"MsoListParagraphCxSpFirst\" style=\"margin-right: 236pt; margin-left: 35.9pt; text-indent: -0.25in; line-height: 106%;\"><!--[if !supportLists]--><span style=\"font-size:8.5pt;mso-bidi-font-size:10.0pt;line-height:106%;font-family:\r\nSymbol;mso-fareast-font-family:Symbol;mso-bidi-font-family:Symbol;mso-bidi-font-weight:\r\nbold\"><span style=\"font-stretch: normal; font-size: 7pt; line-height: normal; font-family: &quot;Times New Roman&quot;;\">&nbsp;&nbsp;&nbsp;&nbsp;&nbsp;&nbsp;</span></span><!--[endif]--><span style=\"font-size: 8.5pt; line-height: 12.01333236694336px; font-family: Tahoma, sans-serif;\">use standardized ending<o:p></o:p></span></p><p class=\"MsoListParagraphCxSpLast\" style=\"margin-right: 236pt; margin-left: 35.9pt; text-indent: -0.25in; line-height: 106%;\"><!--[if !supportLists]--><span style=\"font-size:8.5pt;mso-bidi-font-size:10.0pt;line-height:106%;font-family:\r\nSymbol;mso-fareast-font-family:Symbol;mso-bidi-font-family:Symbol;mso-bidi-font-weight:\r\nbold\"><span style=\"font-stretch: normal; font-size: 7pt; line-height: normal; font-family: &quot;Times New Roman&quot;;\">&nbsp;&nbsp;&nbsp;&nbsp;&nbsp;&nbsp;</span></span><!--[endif]--><span style=\"font-size: 8.5pt; line-height: 12.01333236694336px; font-family: Tahoma, sans-serif;\">wait for caller to hang up first<o:p></o:p></span></p><p class=\"MsoNormal\" style=\"margin-left: 0in; text-indent: 0in;\"><br></p><p class=\"MsoNormal\" align=\"center\" style=\"margin-left: 0in; text-indent: 0in; text-align: center;\"><b><i><span style=\"font-family: Tahoma, sans-serif;\">End of S.O.P. ? TELEPHONE ETIQUETTE<o:p></o:p></span></i></b></p>');
INSERT INTO `standard_operation_procedure_set_up` VALUES ('6', 'FIELD SALES AND MARKETING STANDARD PROCEDURE ', '7', '1', '2019-08-30', '1', null, null, '<p class=\"MsoNormal\" align=\"center\" style=\"margin-left: 0in; text-indent: -0.1pt; text-align: center;\"><b><u><span style=\"font-size: 9pt; font-family: Tahoma, sans-serif;\">FIELD SALES AND MARKETING STANDARD PROCEDURE&nbsp;<o:p></o:p></span></u></b></p><p class=\"MsoNormal\" style=\"margin: 0in 0in 0.0001pt; text-indent: -0.1pt; font-size: 10pt; font-family: Calibri, sans-serif; position: relative; top: 0.5pt; caret-color: rgb(0, 0, 0); color: rgb(0, 0, 0); font-style: normal; font-variant-caps: normal; font-weight: normal; letter-spacing: normal; orphans: auto; text-align: start; text-transform: none; white-space: normal; widows: auto; word-spacing: 0px; -webkit-text-size-adjust: auto; -webkit-text-stroke-width: 0px; text-decoration: none;\"><b><span style=\"font-size: 9pt; font-family: Tahoma, sans-serif;\">SA must:<o:p></o:p></span></b></p><p class=\"MsoNormal\" style=\"margin-left:45.0pt;mso-para-margin-left:0gd;\r\ntext-indent:-18.35pt;mso-char-indent-count:0;line-height:99%;mso-outline-level:\r\nbody-text;mso-list:l0 level1 lfo1;mso-hyphenate:auto;tab-stops:45.0pt;\r\nmso-vertical-align-alt:auto\"><!--[if !supportLists]--><span style=\"font-size:9.0pt;\r\nmso-bidi-font-size:10.0pt;line-height:99%;font-family:&quot;Tahoma&quot;,sans-serif;\r\nmso-fareast-font-family:Tahoma;mso-bidi-font-weight:bold\"><span style=\"mso-list:Ignore\">1.<span style=\"font:7.0pt &quot;Times New Roman&quot;\">&nbsp;&nbsp;&nbsp;&nbsp;&nbsp;</span></span></span><!--[endif]--><span style=\"font-size: 9pt; line-height: 11.880000114440918px; font-family: Tahoma, sans-serif;\">have a clear understanding of the Sales Management Cycle<o:p></o:p></span></p><p class=\"MsoNormal\" style=\"margin: 0in 0in 0.0001pt; text-indent: -0.1pt; font-size: 10pt; font-family: Calibri, sans-serif; position: relative; top: 0.5pt; caret-color: rgb(0, 0, 0); color: rgb(0, 0, 0); font-style: normal; font-variant-caps: normal; font-weight: normal; letter-spacing: normal; orphans: auto; text-align: start; text-transform: none; white-space: normal; widows: auto; word-spacing: 0px; -webkit-text-size-adjust: auto; -webkit-text-stroke-width: 0px; text-decoration: none; line-height: 1.9pt;\"><span style=\"font-size: 9pt; font-family: Tahoma, sans-serif;\"><o:p>&nbsp;</o:p></span></p><p class=\"MsoNormal\" style=\"margin-top:0in;margin-right:23.0pt;margin-bottom:\r\n0in;margin-left:45.0pt;margin-bottom:.0001pt;mso-para-margin-top:0in;\r\nmso-para-margin-right:23.0pt;mso-para-margin-bottom:0in;mso-para-margin-left:\r\n0gd;mso-para-margin-bottom:.0001pt;text-indent:-18.35pt;mso-char-indent-count:\r\n0;line-height:109%;mso-outline-level:body-text;mso-list:l0 level1 lfo1;\r\nmso-hyphenate:auto;tab-stops:45.0pt;mso-vertical-align-alt:auto\"><!--[if !supportLists]--><span style=\"font-size:9.0pt;mso-bidi-font-size:10.0pt;line-height:109%;font-family:\r\n&quot;Tahoma&quot;,sans-serif;mso-fareast-font-family:Tahoma;mso-bidi-font-weight:bold\"><span style=\"mso-list:Ignore\">2.<span style=\"font:7.0pt &quot;Times New Roman&quot;\">&nbsp;&nbsp;&nbsp;&nbsp;&nbsp;</span></span></span><!--[endif]--><span style=\"font-size: 9pt; line-height: 13.079999923706055px; font-family: Tahoma, sans-serif;\">achieve 1 quality Sales Calls daily or a minimum of 40 Sales Calls monthly (excludes tele-sales)<o:p></o:p></span></p><p class=\"MsoNormal\" style=\"margin: 0in 0in 0.0001pt; text-indent: -0.1pt; font-size: 10pt; font-family: Calibri, sans-serif; position: relative; top: 0.5pt; caret-color: rgb(0, 0, 0); color: rgb(0, 0, 0); font-style: normal; font-variant-caps: normal; font-weight: normal; letter-spacing: normal; orphans: auto; text-align: start; text-transform: none; white-space: normal; widows: auto; word-spacing: 0px; -webkit-text-size-adjust: auto; -webkit-text-stroke-width: 0px; text-decoration: none; line-height: 11.4pt;\"><span style=\"font-family: &quot;Times New Roman&quot;, serif;\"><o:p>&nbsp;</o:p></span></p><p class=\"MsoNormal\" style=\"margin: 0in 0in 0.0001pt; text-indent: -0.1pt; font-size: 10pt; font-family: Calibri, sans-serif; position: relative; top: 0.5pt; caret-color: rgb(0, 0, 0); color: rgb(0, 0, 0); font-style: normal; font-variant-caps: normal; font-weight: normal; letter-spacing: normal; orphans: auto; text-align: start; text-transform: none; white-space: normal; widows: auto; word-spacing: 0px; -webkit-text-size-adjust: auto; -webkit-text-stroke-width: 0px; text-decoration: none;\"><b><span style=\"font-size: 9.5pt; font-family: Tahoma, sans-serif;\">Rationale:<o:p></o:p></span></b></p><p class=\"MsoNormal\" style=\"margin: 0in 0in 0.0001pt; text-indent: -0.1pt; font-size: 10pt; font-family: Calibri, sans-serif; position: relative; top: 0.5pt; caret-color: rgb(0, 0, 0); color: rgb(0, 0, 0); font-style: normal; font-variant-caps: normal; font-weight: normal; letter-spacing: normal; orphans: auto; text-align: start; text-transform: none; white-space: normal; widows: auto; word-spacing: 0px; -webkit-text-size-adjust: auto; -webkit-text-stroke-width: 0px; text-decoration: none; line-height: 1.6pt;\"><span style=\"font-family: &quot;Times New Roman&quot;, serif;\"><o:p>&nbsp;</o:p></span></p><p class=\"MsoNormal\" style=\"margin: 0in 25pt 0.0001pt 0in; text-indent: -0.1pt; font-size: 10pt; font-family: Calibri, sans-serif; position: relative; top: 0.5pt; caret-color: rgb(0, 0, 0); color: rgb(0, 0, 0); font-style: normal; font-variant-caps: normal; font-weight: normal; letter-spacing: normal; orphans: auto; text-align: start; text-transform: none; white-space: normal; widows: auto; word-spacing: 0px; -webkit-text-size-adjust: auto; -webkit-text-stroke-width: 0px; text-decoration: none; line-height: 14.533332824707031px;\"><span style=\"font-size: 9pt; line-height: 13.079999923706055px; font-family: Tahoma, sans-serif;\">A structured sales cycle with clear deliverables ensures that the SM covers all areas when managing their clients.<o:p></o:p></span></p><p class=\"MsoNormal\" style=\"margin: 0in 0in 0.0001pt; text-indent: -0.1pt; font-size: 10pt; font-family: Calibri, sans-serif; position: relative; top: 0.5pt; caret-color: rgb(0, 0, 0); color: rgb(0, 0, 0); font-style: normal; font-variant-caps: normal; font-weight: normal; letter-spacing: normal; orphans: auto; text-align: start; text-transform: none; white-space: normal; widows: auto; word-spacing: 0px; -webkit-text-size-adjust: auto; -webkit-text-stroke-width: 0px; text-decoration: none; line-height: 11.25pt;\"><span style=\"font-family: &quot;Times New Roman&quot;, serif;\"><o:p>&nbsp;</o:p></span></p><p class=\"MsoNormal\" style=\"margin: 0in 0in 0.0001pt; text-indent: -0.1pt; font-size: 10pt; font-family: Calibri, sans-serif; position: relative; top: 0.5pt; caret-color: rgb(0, 0, 0); color: rgb(0, 0, 0); font-style: normal; font-variant-caps: normal; font-weight: normal; letter-spacing: normal; orphans: auto; text-align: start; text-transform: none; white-space: normal; widows: auto; word-spacing: 0px; -webkit-text-size-adjust: auto; -webkit-text-stroke-width: 0px; text-decoration: none;\"><b><span style=\"font-size: 9.5pt; font-family: Tahoma, sans-serif;\">Procedure:<o:p></o:p></span></b></p><p class=\"MsoNormal\" style=\"margin: 0in 0in 0.0001pt; text-indent: -0.1pt; font-size: 10pt; font-family: Calibri, sans-serif; position: relative; top: 0.5pt; caret-color: rgb(0, 0, 0); color: rgb(0, 0, 0); font-style: normal; font-variant-caps: normal; font-weight: normal; letter-spacing: normal; orphans: auto; text-align: start; text-transform: none; white-space: normal; widows: auto; word-spacing: 0px; -webkit-text-size-adjust: auto; -webkit-text-stroke-width: 0px; text-decoration: none; line-height: 12.35pt;\"><span style=\"font-family: &quot;Times New Roman&quot;, serif;\"><o:p>&nbsp;</o:p></span></p><p class=\"MsoNormal\" style=\"margin: 0in 0in 0.0001pt; text-indent: -0.1pt; font-size: 10pt; font-family: Calibri, sans-serif; position: relative; top: 0.5pt; caret-color: rgb(0, 0, 0); color: rgb(0, 0, 0); font-style: normal; font-variant-caps: normal; font-weight: normal; letter-spacing: normal; orphans: auto; text-align: start; text-transform: none; white-space: normal; widows: auto; word-spacing: 0px; -webkit-text-size-adjust: auto; -webkit-text-stroke-width: 0px; text-decoration: none;\"><b><span style=\"font-size: 9pt; font-family: Tahoma, sans-serif;\">Sales Management Cycle<o:p></o:p></span></b></p><p class=\"MsoNormal\" style=\"margin: 0in 0in 0.0001pt; text-indent: -0.1pt; font-size: 10pt; font-family: Calibri, sans-serif; position: relative; top: 0.5pt; caret-color: rgb(0, 0, 0); color: rgb(0, 0, 0); font-style: normal; font-variant-caps: normal; font-weight: normal; letter-spacing: normal; orphans: auto; text-align: start; text-transform: none; white-space: normal; widows: auto; word-spacing: 0px; -webkit-text-size-adjust: auto; -webkit-text-stroke-width: 0px; text-decoration: none; line-height: 2.6pt;\"><span style=\"font-family: &quot;Times New Roman&quot;, serif;\"><o:p>&nbsp;</o:p></span></p><p class=\"MsoNormal\" style=\"margin-left:35.0pt;mso-para-margin-left:0gd;\r\ntext-indent:-11.95pt;mso-char-indent-count:0;mso-line-height-alt:0pt;\r\nmso-outline-level:body-text;mso-list:l1 level1 lfo2;mso-hyphenate:auto;\r\ntab-stops:35.0pt;mso-vertical-align-alt:auto\"><!--[if !supportLists]--><span style=\"font-size:9.0pt;mso-bidi-font-size:10.0pt;font-family:&quot;Tahoma&quot;,sans-serif;\r\nmso-fareast-font-family:Tahoma;mso-bidi-font-weight:bold\"><span style=\"mso-list:Ignore\">1.<span style=\"font:7.0pt &quot;Times New Roman&quot;\">&nbsp;&nbsp;</span></span></span><!--[endif]--><span style=\"font-size: 9pt; font-family: Tahoma, sans-serif;\">Pre Sales Call<o:p></o:p></span></p><p class=\"MsoNormal\" style=\"margin-left:67.0pt;mso-para-margin-left:0gd;\r\ntext-indent:-11.55pt;mso-char-indent-count:0;line-height:99%;mso-outline-level:\r\nbody-text;mso-list:l1 level2 lfo2;mso-hyphenate:auto;tab-stops:67.0pt;\r\nmso-vertical-align-alt:auto\"><!--[if !supportLists]--><span style=\"font-size:9.0pt;\r\nmso-bidi-font-size:10.0pt;line-height:99%;font-family:&quot;Tahoma&quot;,sans-serif;\r\nmso-fareast-font-family:Tahoma;mso-bidi-font-weight:bold\"><span style=\"mso-list:Ignore\">a.<span style=\"font:7.0pt &quot;Times New Roman&quot;\">&nbsp;&nbsp;</span></span></span><!--[endif]--><span style=\"font-size: 9pt; line-height: 11.880000114440918px; font-family: Tahoma, sans-serif;\">Prospecting<o:p></o:p></span></p><p class=\"MsoNormal\" style=\"margin: 0in 0in 0.0001pt; text-indent: -0.1pt; font-size: 10pt; font-family: Calibri, sans-serif; position: relative; top: 0.5pt; caret-color: rgb(0, 0, 0); color: rgb(0, 0, 0); font-style: normal; font-variant-caps: normal; font-weight: normal; letter-spacing: normal; orphans: auto; text-align: start; text-transform: none; white-space: normal; widows: auto; word-spacing: 0px; -webkit-text-size-adjust: auto; -webkit-text-stroke-width: 0px; text-decoration: none; line-height: 1.85pt;\"><span style=\"font-size: 9pt; font-family: Tahoma, sans-serif;\"><o:p>&nbsp;</o:p></span></p><p class=\"MsoNormal\" style=\"margin-left:113.0pt;mso-para-margin-left:0gd;\r\ntext-indent:-53.95pt;mso-char-indent-count:0;mso-line-height-alt:0pt;\r\nmso-outline-level:body-text;mso-list:l1 level3 lfo2;mso-hyphenate:auto;\r\ntab-stops:113.0pt;mso-vertical-align-alt:auto\"><!--[if !supportLists]--><span style=\"font-size:9.0pt;mso-bidi-font-size:10.0pt;font-family:&quot;Tahoma&quot;,sans-serif;\r\nmso-fareast-font-family:Tahoma;mso-bidi-font-weight:bold\"><span style=\"mso-list:Ignore\">i.<span style=\"font:7.0pt &quot;Times New Roman&quot;\">&nbsp;&nbsp;&nbsp;&nbsp;&nbsp;&nbsp;&nbsp;&nbsp;&nbsp;&nbsp;&nbsp;&nbsp;&nbsp;&nbsp;&nbsp;&nbsp;&nbsp;&nbsp;&nbsp;&nbsp;&nbsp;&nbsp;&nbsp;&nbsp;</span></span></span><!--[endif]--><span style=\"font-size: 9pt; font-family: Tahoma, sans-serif;\">Identification of potential customers<o:p></o:p></span></p><p class=\"MsoNormal\" style=\"margin: 0in 0in 0.0001pt; text-indent: -0.1pt; font-size: 10pt; font-family: Calibri, sans-serif; position: relative; top: 0.5pt; caret-color: rgb(0, 0, 0); color: rgb(0, 0, 0); font-style: normal; font-variant-caps: normal; font-weight: normal; letter-spacing: normal; orphans: auto; text-align: start; text-transform: none; white-space: normal; widows: auto; word-spacing: 0px; -webkit-text-size-adjust: auto; -webkit-text-stroke-width: 0px; text-decoration: none; line-height: 1.7pt;\"><span style=\"font-size: 9pt; font-family: Tahoma, sans-serif;\"><o:p>&nbsp;</o:p></span></p><p class=\"MsoNormal\" style=\"margin-left:68.0pt;mso-para-margin-left:0gd;\r\ntext-indent:-12.55pt;mso-char-indent-count:0;mso-line-height-alt:0pt;\r\nmso-outline-level:body-text;mso-list:l1 level2 lfo2;mso-hyphenate:auto;\r\ntab-stops:68.0pt;mso-vertical-align-alt:auto\"><!--[if !supportLists]--><span style=\"font-size:9.0pt;mso-bidi-font-size:10.0pt;font-family:&quot;Tahoma&quot;,sans-serif;\r\nmso-fareast-font-family:Tahoma;mso-bidi-font-weight:bold\"><span style=\"mso-list:Ignore\">b.<span style=\"font:7.0pt &quot;Times New Roman&quot;\">&nbsp;&nbsp;</span></span></span><!--[endif]--><span style=\"font-size: 9pt; font-family: Tahoma, sans-serif;\">Approach<o:p></o:p></span></p><p class=\"MsoNormal\" style=\"margin: 0in 0in 0.0001pt; text-indent: -0.1pt; font-size: 10pt; font-family: Calibri, sans-serif; position: relative; top: 0.5pt; caret-color: rgb(0, 0, 0); color: rgb(0, 0, 0); font-style: normal; font-variant-caps: normal; font-weight: normal; letter-spacing: normal; orphans: auto; text-align: start; text-transform: none; white-space: normal; widows: auto; word-spacing: 0px; -webkit-text-size-adjust: auto; -webkit-text-stroke-width: 0px; text-decoration: none; line-height: 0.05pt;\"><span style=\"font-size: 9pt; font-family: Tahoma, sans-serif;\"><o:p>&nbsp;</o:p></span></p><p class=\"MsoNormal\" style=\"margin-left:104.0pt;mso-para-margin-left:0gd;\r\ntext-indent:-8.95pt;mso-char-indent-count:0;mso-line-height-alt:0pt;mso-outline-level:\r\nbody-text;mso-list:l1 level4 lfo2;mso-hyphenate:auto;tab-stops:104.0pt;\r\nmso-vertical-align-alt:auto\"><!--[if !supportLists]--><span style=\"font-size:9.0pt;\r\nmso-bidi-font-size:10.0pt;font-family:&quot;Tahoma&quot;,sans-serif;mso-fareast-font-family:\r\nTahoma;mso-bidi-font-weight:bold\"><span style=\"mso-list:Ignore\">i.<span style=\"font:7.0pt &quot;Times New Roman&quot;\">&nbsp;&nbsp;</span></span></span><!--[endif]--><span style=\"font-size: 9pt; font-family: Tahoma, sans-serif;\">Making the appointment<o:p></o:p></span></p><p class=\"MsoNormal\" style=\"margin: 0in 0in 0.0001pt; text-indent: -0.1pt; font-size: 10pt; font-family: Calibri, sans-serif; position: relative; top: 0.5pt; caret-color: rgb(0, 0, 0); color: rgb(0, 0, 0); font-style: normal; font-variant-caps: normal; font-weight: normal; letter-spacing: normal; orphans: auto; text-align: start; text-transform: none; white-space: normal; widows: auto; word-spacing: 0px; -webkit-text-size-adjust: auto; -webkit-text-stroke-width: 0px; text-decoration: none; line-height: 1.85pt;\"><span style=\"font-size: 9pt; font-family: Tahoma, sans-serif;\"><o:p>&nbsp;</o:p></span></p><p class=\"MsoNormal\" style=\"margin-left:66.0pt;mso-para-margin-left:0gd;\r\ntext-indent:-10.55pt;mso-char-indent-count:0;mso-line-height-alt:0pt;\r\nmso-outline-level:body-text;mso-list:l1 level2 lfo2;mso-hyphenate:auto;\r\ntab-stops:66.0pt;mso-vertical-align-alt:auto\"><!--[if !supportLists]--><span style=\"font-size:9.0pt;mso-bidi-font-size:10.0pt;font-family:&quot;Tahoma&quot;,sans-serif;\r\nmso-fareast-font-family:Tahoma;mso-bidi-font-weight:bold\"><span style=\"mso-list:Ignore\">c.<span style=\"font:7.0pt &quot;Times New Roman&quot;\">&nbsp;&nbsp;</span></span></span><!--[endif]--><span style=\"font-size: 9pt; font-family: Tahoma, sans-serif;\">Preparation<o:p></o:p></span></p><p class=\"MsoNormal\" style=\"margin: 0in 0in 0.0001pt; text-indent: -0.1pt; font-size: 10pt; font-family: Calibri, sans-serif; position: relative; top: 0.5pt; caret-color: rgb(0, 0, 0); color: rgb(0, 0, 0); font-style: normal; font-variant-caps: normal; font-weight: normal; letter-spacing: normal; orphans: auto; text-align: start; text-transform: none; white-space: normal; widows: auto; word-spacing: 0px; -webkit-text-size-adjust: auto; -webkit-text-stroke-width: 0px; text-decoration: none; line-height: 1.7pt;\"><span style=\"font-size: 9pt; font-family: Tahoma, sans-serif;\"><o:p>&nbsp;</o:p></span></p><p class=\"MsoNormal\" style=\"margin-left:113.0pt;mso-para-margin-left:0gd;\r\ntext-indent:-17.95pt;mso-char-indent-count:0;mso-line-height-alt:0pt;\r\nmso-outline-level:body-text;mso-list:l1 level4 lfo2;mso-hyphenate:auto;\r\ntab-stops:113.0pt;mso-vertical-align-alt:auto\"><!--[if !supportLists]--><span style=\"font-size:9.0pt;mso-bidi-font-size:10.0pt;font-family:&quot;Tahoma&quot;,sans-serif;\r\nmso-fareast-font-family:Tahoma;mso-bidi-font-weight:bold\"><span style=\"mso-list:Ignore\">i.<span style=\"font:7.0pt &quot;Times New Roman&quot;\">&nbsp;&nbsp;&nbsp;&nbsp;&nbsp;&nbsp;</span></span></span><!--[endif]--><span style=\"font-size: 9pt; font-family: Tahoma, sans-serif;\">Research background of company/individual<o:p></o:p></span></p><p class=\"MsoNormal\" style=\"margin: 0in 0in 0.0001pt; text-indent: -0.1pt; font-size: 10pt; font-family: Calibri, sans-serif; position: relative; top: 0.5pt; caret-color: rgb(0, 0, 0); color: rgb(0, 0, 0); font-style: normal; font-variant-caps: normal; font-weight: normal; letter-spacing: normal; orphans: auto; text-align: start; text-transform: none; white-space: normal; widows: auto; word-spacing: 0px; -webkit-text-size-adjust: auto; -webkit-text-stroke-width: 0px; text-decoration: none; line-height: 0.05pt;\"><span style=\"font-size: 9pt; font-family: Tahoma, sans-serif;\"><o:p>&nbsp;</o:p></span></p><p class=\"MsoNormal\" style=\"margin-left:113.0pt;mso-para-margin-left:0gd;\r\ntext-indent:-17.95pt;mso-char-indent-count:0;mso-line-height-alt:0pt;\r\nmso-outline-level:body-text;mso-list:l1 level4 lfo2;mso-hyphenate:auto;\r\ntab-stops:113.0pt;mso-vertical-align-alt:auto\"><!--[if !supportLists]--><span style=\"font-size:9.0pt;mso-bidi-font-size:10.0pt;font-family:&quot;Tahoma&quot;,sans-serif;\r\nmso-fareast-font-family:Tahoma;mso-bidi-font-weight:bold\"><span style=\"mso-list:Ignore\">ii.<span style=\"font:7.0pt &quot;Times New Roman&quot;\">&nbsp;&nbsp;&nbsp;&nbsp;&nbsp;</span></span></span><!--[endif]--><span style=\"font-size: 9pt; font-family: Tahoma, sans-serif;\">Understand competitors &amp; market conditions<o:p></o:p></span></p><p class=\"MsoNormal\" style=\"margin: 0in 0in 0.0001pt; text-indent: -0.1pt; font-size: 10pt; font-family: Calibri, sans-serif; position: relative; top: 0.5pt; caret-color: rgb(0, 0, 0); color: rgb(0, 0, 0); font-style: normal; font-variant-caps: normal; font-weight: normal; letter-spacing: normal; orphans: auto; text-align: start; text-transform: none; white-space: normal; widows: auto; word-spacing: 0px; -webkit-text-size-adjust: auto; -webkit-text-stroke-width: 0px; text-decoration: none; line-height: 1.65pt;\"><span style=\"font-size: 9pt; font-family: Tahoma, sans-serif;\"><o:p>&nbsp;</o:p></span></p><p class=\"MsoNormal\" style=\"margin-left:145.0pt;mso-para-margin-left:0gd;\r\ntext-indent:-21.1pt;mso-char-indent-count:0;mso-line-height-alt:0pt;mso-outline-level:\r\nbody-text;mso-list:l1 level5 lfo2;mso-hyphenate:auto;tab-stops:145.0pt;\r\nmso-vertical-align-alt:auto\"><!--[if !supportLists]--><span style=\"font-size:9.0pt;\r\nmso-bidi-font-size:10.0pt;font-family:Wingdings;mso-fareast-font-family:Wingdings;\r\nmso-bidi-font-family:Wingdings;mso-bidi-font-weight:bold\"><span style=\"mso-list:Ignore\">n<span style=\"font:7.0pt &quot;Times New Roman&quot;\">&nbsp;&nbsp;</span></span></span><!--[endif]--><span style=\"font-size: 9pt; font-family: Tahoma, sans-serif;\">Competitive Set</span><span style=\"font-size: 9pt; font-family: Wingdings;\"><o:p></o:p></span></p><p class=\"MsoNormal\" style=\"margin: 0in 0in 0.0001pt; text-indent: -0.1pt; font-size: 10pt; font-family: Calibri, sans-serif; position: relative; top: 0.5pt; caret-color: rgb(0, 0, 0); color: rgb(0, 0, 0); font-style: normal; font-variant-caps: normal; font-weight: normal; letter-spacing: normal; orphans: auto; text-align: start; text-transform: none; white-space: normal; widows: auto; word-spacing: 0px; -webkit-text-size-adjust: auto; -webkit-text-stroke-width: 0px; text-decoration: none; line-height: 1.8pt;\"><span style=\"font-size: 9pt; font-family: Wingdings;\"><o:p>&nbsp;</o:p></span></p><p class=\"MsoNormal\" style=\"margin-left:145.0pt;mso-para-margin-left:0gd;\r\ntext-indent:-21.1pt;mso-char-indent-count:0;mso-line-height-alt:0pt;mso-outline-level:\r\nbody-text;mso-list:l1 level5 lfo2;mso-hyphenate:auto;tab-stops:145.0pt;\r\nmso-vertical-align-alt:auto\"><!--[if !supportLists]--><span style=\"font-size:9.0pt;\r\nmso-bidi-font-size:10.0pt;font-family:Wingdings;mso-fareast-font-family:Wingdings;\r\nmso-bidi-font-family:Wingdings;mso-bidi-font-weight:bold\"><span style=\"mso-list:Ignore\">n<span style=\"font:7.0pt &quot;Times New Roman&quot;\">&nbsp;&nbsp;</span></span></span><!--[endif]--><span style=\"font-size: 9pt; font-family: Tahoma, sans-serif;\">Monthly Sales Report</span><span style=\"font-size: 9pt; font-family: Wingdings;\"><o:p></o:p></span></p><p class=\"MsoNormal\" style=\"margin-left:113.0pt;mso-para-margin-left:0gd;\r\ntext-indent:-17.95pt;mso-char-indent-count:0;line-height:99%;mso-outline-level:\r\nbody-text;mso-list:l1 level4 lfo2;mso-hyphenate:auto;tab-stops:113.0pt;\r\nmso-vertical-align-alt:auto\"><!--[if !supportLists]--><span style=\"font-size:9.0pt;\r\nmso-bidi-font-size:10.0pt;line-height:99%;font-family:&quot;Tahoma&quot;,sans-serif;\r\nmso-fareast-font-family:Tahoma;mso-bidi-font-weight:bold\"><span style=\"mso-list:Ignore\">iii.<span style=\"font:7.0pt &quot;Times New Roman&quot;\">&nbsp;&nbsp;&nbsp;&nbsp;</span></span></span><!--[endif]--><span style=\"font-size: 9pt; line-height: 11.880000114440918px; font-family: Tahoma, sans-serif;\">Ensure presentation kit is up-to-date<o:p></o:p></span></p><p class=\"MsoNormal\" style=\"margin: 0in 0in 0.0001pt; text-indent: -0.1pt; font-size: 10pt; font-family: Calibri, sans-serif; position: relative; top: 0.5pt; caret-color: rgb(0, 0, 0); color: rgb(0, 0, 0); font-style: normal; font-variant-caps: normal; font-weight: normal; letter-spacing: normal; orphans: auto; text-align: start; text-transform: none; white-space: normal; widows: auto; word-spacing: 0px; -webkit-text-size-adjust: auto; -webkit-text-stroke-width: 0px; text-decoration: none; line-height: 1.85pt;\"><span style=\"font-size: 9pt; font-family: Tahoma, sans-serif;\"><o:p>&nbsp;</o:p></span></p><p class=\"MsoNormal\" style=\"margin-left:113.0pt;mso-para-margin-left:0gd;\r\ntext-indent:-17.95pt;mso-char-indent-count:0;mso-line-height-alt:0pt;\r\nmso-outline-level:body-text;mso-list:l1 level4 lfo2;mso-hyphenate:auto;\r\ntab-stops:113.0pt;mso-vertical-align-alt:auto\"><!--[if !supportLists]--><span style=\"font-size:9.0pt;mso-bidi-font-size:10.0pt;font-family:&quot;Tahoma&quot;,sans-serif;\r\nmso-fareast-font-family:Tahoma;mso-bidi-font-weight:bold\"><span style=\"mso-list:Ignore\">iv.<span style=\"font:7.0pt &quot;Times New Roman&quot;\">&nbsp;&nbsp;&nbsp;&nbsp;</span></span></span><!--[endif]--><span style=\"font-size: 9pt; font-family: Tahoma, sans-serif;\">Ensure support materials are sufficient<o:p></o:p></span></p><p class=\"MsoNormal\" style=\"margin: 0in 0in 0.0001pt; text-indent: -0.1pt; font-size: 10pt; font-family: Calibri, sans-serif; position: relative; top: 0.5pt; caret-color: rgb(0, 0, 0); color: rgb(0, 0, 0); font-style: normal; font-variant-caps: normal; font-weight: normal; letter-spacing: normal; orphans: auto; text-align: start; text-transform: none; white-space: normal; widows: auto; word-spacing: 0px; -webkit-text-size-adjust: auto; -webkit-text-stroke-width: 0px; text-decoration: none; line-height: 1.7pt;\"><span style=\"font-size: 9pt; font-family: Tahoma, sans-serif;\"><o:p>&nbsp;</o:p></span></p><p class=\"MsoNormal\" style=\"margin-left:145.0pt;mso-para-margin-left:0gd;\r\ntext-indent:-21.1pt;mso-char-indent-count:0;mso-line-height-alt:0pt;mso-outline-level:\r\nbody-text;mso-list:l1 level5 lfo2;mso-hyphenate:auto;tab-stops:145.0pt;\r\nmso-vertical-align-alt:auto\"><!--[if !supportLists]--><span style=\"font-size:9.0pt;\r\nmso-bidi-font-size:10.0pt;font-family:Wingdings;mso-fareast-font-family:Wingdings;\r\nmso-bidi-font-family:Wingdings;mso-bidi-font-weight:bold\"><span style=\"mso-list:Ignore\">n<span style=\"font:7.0pt &quot;Times New Roman&quot;\">&nbsp;&nbsp;</span></span></span><!--[endif]--><span style=\"font-size: 9pt; font-family: Tahoma, sans-serif;\">Laptop / Presenter</span><span style=\"font-size: 9pt; font-family: Wingdings;\"><o:p></o:p></span></p><p class=\"MsoNormal\" style=\"margin: 0in 0in 0.0001pt; text-indent: -0.1pt; font-size: 10pt; font-family: Calibri, sans-serif; position: relative; top: 0.5pt; caret-color: rgb(0, 0, 0); color: rgb(0, 0, 0); font-style: normal; font-variant-caps: normal; font-weight: normal; letter-spacing: normal; orphans: auto; text-align: start; text-transform: none; white-space: normal; widows: auto; word-spacing: 0px; -webkit-text-size-adjust: auto; -webkit-text-stroke-width: 0px; text-decoration: none; line-height: 4.3pt;\"><span style=\"font-size: 9pt; font-family: Wingdings;\"><o:p>&nbsp;</o:p></span></p><p class=\"MsoNormal\" style=\"margin-left:145.0pt;mso-para-margin-left:0gd;\r\ntext-indent:-21.1pt;mso-char-indent-count:0;mso-line-height-alt:0pt;mso-outline-level:\r\nbody-text;mso-list:l1 level5 lfo2;mso-hyphenate:auto;tab-stops:145.0pt;\r\nmso-vertical-align-alt:auto\"><!--[if !supportLists]--><span style=\"font-size:9.0pt;\r\nmso-bidi-font-size:10.0pt;font-family:Wingdings;mso-fareast-font-family:Wingdings;\r\nmso-bidi-font-family:Wingdings;mso-bidi-font-weight:bold\"><span style=\"mso-list:Ignore\">n<span style=\"font:7.0pt &quot;Times New Roman&quot;\">&nbsp;&nbsp;</span></span></span><!--[endif]--><span style=\"font-size: 9pt; font-family: Tahoma, sans-serif;\">Name Cards</span><span style=\"font-size: 9pt; font-family: Wingdings;\"><o:p></o:p></span></p><p class=\"MsoNormal\" style=\"margin: 0in 0in 0.0001pt; text-indent: -0.1pt; font-size: 10pt; font-family: Calibri, sans-serif; position: relative; top: 0.5pt; caret-color: rgb(0, 0, 0); color: rgb(0, 0, 0); font-style: normal; font-variant-caps: normal; font-weight: normal; letter-spacing: normal; orphans: auto; text-align: start; text-transform: none; white-space: normal; widows: auto; word-spacing: 0px; -webkit-text-size-adjust: auto; -webkit-text-stroke-width: 0px; text-decoration: none; line-height: 2.4pt;\"><span style=\"font-size: 9pt; font-family: Wingdings;\"><o:p>&nbsp;</o:p></span></p><p class=\"MsoNormal\" style=\"margin-left:145.0pt;mso-para-margin-left:0gd;\r\ntext-indent:-21.1pt;mso-char-indent-count:0;mso-line-height-alt:0pt;mso-outline-level:\r\nbody-text;mso-list:l1 level5 lfo2;mso-hyphenate:auto;tab-stops:145.0pt;\r\nmso-vertical-align-alt:auto\"><!--[if !supportLists]--><span style=\"font-size:9.0pt;\r\nmso-bidi-font-size:10.0pt;font-family:Wingdings;mso-fareast-font-family:Wingdings;\r\nmso-bidi-font-family:Wingdings;mso-bidi-font-weight:bold\"><span style=\"mso-list:Ignore\">n<span style=\"font:7.0pt &quot;Times New Roman&quot;\">&nbsp;&nbsp;</span></span></span><!--[endif]--><span style=\"font-size: 9pt; font-family: Tahoma, sans-serif;\">Promotional Materials</span><span style=\"font-size: 9pt; font-family: Wingdings;\"><o:p></o:p></span></p><p class=\"MsoNormal\" style=\"margin: 0in 0in 0.0001pt; text-indent: -0.1pt; font-size: 10pt; font-family: Calibri, sans-serif; position: relative; top: 0.5pt; caret-color: rgb(0, 0, 0); color: rgb(0, 0, 0); font-style: normal; font-variant-caps: normal; font-weight: normal; letter-spacing: normal; orphans: auto; text-align: start; text-transform: none; white-space: normal; widows: auto; word-spacing: 0px; -webkit-text-size-adjust: auto; -webkit-text-stroke-width: 0px; text-decoration: none; line-height: 1.55pt;\"><span style=\"font-size: 9pt; font-family: Wingdings;\"><o:p>&nbsp;</o:p></span></p><p class=\"MsoNormal\" style=\"margin-left:178.0pt;mso-para-margin-left:0gd;\r\ntext-indent:-18.1pt;mso-char-indent-count:0;mso-line-height-alt:0pt;mso-outline-level:\r\nbody-text;mso-list:l1 level6 lfo2;mso-hyphenate:auto;tab-stops:178.0pt;\r\nmso-vertical-align-alt:auto\"><!--[if !supportLists]--><span style=\"font-size:9.0pt;\r\nmso-bidi-font-size:10.0pt;font-family:Wingdings;mso-fareast-font-family:Wingdings;\r\nmso-bidi-font-family:Wingdings;mso-bidi-font-weight:bold\"><span style=\"mso-list:Ignore\"><span style=\"font:7.0pt &quot;Times New Roman&quot;\">&nbsp;&nbsp;</span></span></span><!--[endif]--><span style=\"font-size: 9pt; font-family: Tahoma, sans-serif;\">Property Fact Sheet</span><span style=\"font-size: 9pt; font-family: Wingdings;\"><o:p></o:p></span></p><p class=\"MsoNormal\" style=\"margin: 0in 0in 0.0001pt; text-indent: -0.1pt; font-size: 10pt; font-family: Calibri, sans-serif; position: relative; top: 0.5pt; caret-color: rgb(0, 0, 0); color: rgb(0, 0, 0); font-style: normal; font-variant-caps: normal; font-weight: normal; letter-spacing: normal; orphans: auto; text-align: start; text-transform: none; white-space: normal; widows: auto; word-spacing: 0px; -webkit-text-size-adjust: auto; -webkit-text-stroke-width: 0px; text-decoration: none; line-height: 1.2pt;\"><span style=\"font-size: 9pt; font-family: Wingdings;\"><o:p>&nbsp;</o:p></span></p><p class=\"MsoNormal\" style=\"margin-left:178.0pt;mso-para-margin-left:0gd;\r\ntext-indent:-18.1pt;mso-char-indent-count:0;mso-line-height-alt:0pt;mso-outline-level:\r\nbody-text;mso-list:l1 level6 lfo2;mso-hyphenate:auto;tab-stops:178.0pt;\r\nmso-vertical-align-alt:auto\"><!--[if !supportLists]--><span style=\"font-size:9.0pt;\r\nmso-bidi-font-size:10.0pt;font-family:Wingdings;mso-fareast-font-family:Wingdings;\r\nmso-bidi-font-family:Wingdings;mso-bidi-font-weight:bold\"><span style=\"mso-list:Ignore\"><span style=\"font:7.0pt &quot;Times New Roman&quot;\">&nbsp;&nbsp;</span></span></span><!--[endif]--><span style=\"font-size: 9pt; font-family: Tahoma, sans-serif;\">Promotional Brochures</span><span style=\"font-size: 9pt; font-family: Wingdings;\"><o:p></o:p></span></p><p class=\"MsoNormal\" style=\"margin-left:178.0pt;mso-para-margin-left:0gd;\r\ntext-indent:-18.1pt;mso-char-indent-count:0;line-height:98%;mso-outline-level:\r\nbody-text;mso-list:l1 level6 lfo2;mso-hyphenate:auto;tab-stops:178.0pt;\r\nmso-vertical-align-alt:auto\"><!--[if !supportLists]--><span style=\"font-size:9.0pt;\r\nmso-bidi-font-size:10.0pt;line-height:98%;font-family:Wingdings;mso-fareast-font-family:\r\nWingdings;mso-bidi-font-family:Wingdings;mso-bidi-font-weight:bold\"><span style=\"mso-list:Ignore\"><span style=\"font:7.0pt &quot;Times New Roman&quot;\">&nbsp;&nbsp;</span></span></span><!--[endif]--><span style=\"font-size: 9pt; line-height: 11.760000228881836px; font-family: Tahoma, sans-serif;\">Sales Kit with Press Release</span><span style=\"font-size: 9pt; line-height: 11.760000228881836px; font-family: Wingdings;\"><o:p></o:p></span></p><p class=\"MsoNormal\" style=\"margin: 0in 0in 0.0001pt; text-indent: -0.1pt; font-size: 10pt; font-family: Calibri, sans-serif; position: relative; top: 0.5pt; caret-color: rgb(0, 0, 0); color: rgb(0, 0, 0); font-style: normal; font-variant-caps: normal; font-weight: normal; letter-spacing: normal; orphans: auto; text-align: start; text-transform: none; white-space: normal; widows: auto; word-spacing: 0px; -webkit-text-size-adjust: auto; -webkit-text-stroke-width: 0px; text-decoration: none; line-height: 13.5pt;\"><b><span style=\"font-size: 9pt; font-family: Wingdings;\"><o:p>&nbsp;</o:p></span></b></p><p class=\"MsoNormal\" style=\"margin-left:35.0pt;mso-para-margin-left:0gd;\r\ntext-indent:-11.95pt;mso-char-indent-count:0;mso-line-height-alt:0pt;\r\nmso-outline-level:body-text;mso-list:l1 level1 lfo2;mso-hyphenate:auto;\r\ntab-stops:35.0pt;mso-vertical-align-alt:auto\"><!--[if !supportLists]--><b style=\"mso-bidi-font-weight:normal\"><span style=\"font-size:9.0pt;mso-bidi-font-size:\r\n10.0pt;font-family:&quot;Tahoma&quot;,sans-serif;mso-fareast-font-family:Tahoma\"><span style=\"mso-list:Ignore\">2.<span style=\"font:7.0pt &quot;Times New Roman&quot;\">&nbsp;&nbsp;</span></span></span></b><!--[endif]--><b><span style=\"font-size: 9pt; font-family: Tahoma, sans-serif;\">Sales Call<o:p></o:p></span></b></p><p class=\"MsoNormal\" style=\"margin: 0in 0in 0.0001pt; text-indent: -0.1pt; font-size: 10pt; font-family: Calibri, sans-serif; position: relative; top: 0.5pt; caret-color: rgb(0, 0, 0); color: rgb(0, 0, 0); font-style: normal; font-variant-caps: normal; font-weight: normal; letter-spacing: normal; orphans: auto; text-align: start; text-transform: none; white-space: normal; widows: auto; word-spacing: 0px; -webkit-text-size-adjust: auto; -webkit-text-stroke-width: 0px; text-decoration: none; line-height: 1.7pt;\"><span style=\"font-family: &quot;Times New Roman&quot;, serif;\"><o:p>&nbsp;</o:p></span></p><p class=\"MsoNormal\" style=\"margin-top:0in;margin-right:37.0pt;margin-bottom:\r\n0in;margin-left:81.0pt;margin-bottom:.0001pt;mso-para-margin-top:0in;\r\nmso-para-margin-right:37.0pt;mso-para-margin-bottom:0in;mso-para-margin-left:\r\n0gd;mso-para-margin-bottom:.0001pt;text-indent:-21.95pt;mso-char-indent-count:\r\n0;line-height:110%;mso-outline-level:body-text;mso-list:l2 level1 lfo3;\r\nmso-hyphenate:auto;tab-stops:81.0pt;mso-vertical-align-alt:auto\"><!--[if !supportLists]--><span style=\"font-size:9.0pt;mso-bidi-font-size:10.0pt;line-height:110%;font-family:\r\n&quot;Tahoma&quot;,sans-serif;mso-fareast-font-family:Tahoma;mso-bidi-font-weight:bold\"><span style=\"mso-list:Ignore\">a.<span style=\"font:7.0pt &quot;Times New Roman&quot;\">&nbsp;&nbsp;&nbsp;&nbsp;&nbsp;&nbsp;</span></span></span><!--[endif]--><span style=\"font-size: 9pt; line-height: 13.199999809265137px; font-family: Tahoma, sans-serif;\">Be professionally groomed according to corporate standards &amp; arrive at least 10 minutes before the appointment<o:p></o:p></span></p><p class=\"MsoNormal\" style=\"margin: 0in 0in 0.0001pt; text-indent: -0.1pt; font-size: 10pt; font-family: Calibri, sans-serif; position: relative; top: 0.5pt; caret-color: rgb(0, 0, 0); color: rgb(0, 0, 0); font-style: normal; font-variant-caps: normal; font-weight: normal; letter-spacing: normal; orphans: auto; text-align: start; text-transform: none; white-space: normal; widows: auto; word-spacing: 0px; -webkit-text-size-adjust: auto; -webkit-text-stroke-width: 0px; text-decoration: none; line-height: 0.15pt;\"><span style=\"font-size: 9pt; font-family: Tahoma, sans-serif;\"><o:p>&nbsp;</o:p></span></p><p class=\"MsoNormal\" style=\"margin-top:0in;margin-right:40.0pt;margin-bottom:\r\n0in;margin-left:81.0pt;margin-bottom:.0001pt;mso-para-margin-top:0in;\r\nmso-para-margin-right:40.0pt;mso-para-margin-bottom:0in;mso-para-margin-left:\r\n0gd;mso-para-margin-bottom:.0001pt;text-indent:-21.95pt;mso-char-indent-count:\r\n0;line-height:112%;mso-outline-level:body-text;mso-list:l2 level1 lfo3;\r\nmso-hyphenate:auto;tab-stops:81.0pt;mso-vertical-align-alt:auto\"><!--[if !supportLists]--><span style=\"font-size:9.0pt;mso-bidi-font-size:10.0pt;line-height:112%;font-family:\r\n&quot;Tahoma&quot;,sans-serif;mso-fareast-font-family:Tahoma;mso-bidi-font-weight:bold\"><span style=\"mso-list:Ignore\">b.<span style=\"font:7.0pt &quot;Times New Roman&quot;\">&nbsp;&nbsp;&nbsp;&nbsp;&nbsp;&nbsp;</span></span></span><!--[endif]--><span style=\"font-size: 9pt; line-height: 13.4399995803833px; font-family: Tahoma, sans-serif;\">Check with the client &amp; be mindful of the allocated time for the duration of the appointment<o:p></o:p></span></p><p class=\"MsoNormal\" style=\"margin-left:81.0pt;mso-para-margin-left:0gd;\r\ntext-indent:-21.95pt;mso-char-indent-count:0;mso-line-height-alt:0pt;\r\nmso-outline-level:body-text;mso-list:l2 level1 lfo3;mso-hyphenate:auto;\r\ntab-stops:81.0pt;mso-vertical-align-alt:auto\"><!--[if !supportLists]--><span style=\"font-size:9.0pt;mso-bidi-font-size:10.0pt;font-family:&quot;Tahoma&quot;,sans-serif;\r\nmso-fareast-font-family:Tahoma;mso-bidi-font-weight:bold\"><span style=\"mso-list:Ignore\">c.<span style=\"font:7.0pt &quot;Times New Roman&quot;\">&nbsp;&nbsp;&nbsp;&nbsp;&nbsp;&nbsp;&nbsp;</span></span></span><!--[endif]--><span style=\"font-size: 9pt; font-family: Tahoma, sans-serif;\">Establish relationship by listening to the customer\'s needs &amp; desires<o:p></o:p></span></p><p class=\"MsoNormal\" style=\"margin: 0in 0in 0.0001pt; text-indent: -0.1pt; font-size: 10pt; font-family: Calibri, sans-serif; position: relative; top: 0.5pt; caret-color: rgb(0, 0, 0); color: rgb(0, 0, 0); font-style: normal; font-variant-caps: normal; font-weight: normal; letter-spacing: normal; orphans: auto; text-align: start; text-transform: none; white-space: normal; widows: auto; word-spacing: 0px; -webkit-text-size-adjust: auto; -webkit-text-stroke-width: 0px; text-decoration: none; line-height: 0.75pt;\"><span style=\"font-size: 9pt; font-family: Tahoma, sans-serif;\"><o:p>&nbsp;</o:p></span></p><p class=\"MsoNormal\" style=\"margin-left:81.0pt;mso-para-margin-left:0gd;\r\ntext-indent:-21.95pt;mso-char-indent-count:0;mso-line-height-alt:0pt;\r\nmso-outline-level:body-text;mso-list:l2 level1 lfo3;mso-hyphenate:auto;\r\ntab-stops:81.0pt;mso-vertical-align-alt:auto\"><!--[if !supportLists]--><span style=\"font-size:9.0pt;mso-bidi-font-size:10.0pt;font-family:&quot;Tahoma&quot;,sans-serif;\r\nmso-fareast-font-family:Tahoma;mso-bidi-font-weight:bold\"><span style=\"mso-list:Ignore\">d.<span style=\"font:7.0pt &quot;Times New Roman&quot;\">&nbsp;&nbsp;&nbsp;&nbsp;&nbsp;&nbsp;</span></span></span><!--[endif]--><span style=\"font-size: 9pt; font-family: Tahoma, sans-serif;\">Be sure to take notes<o:p></o:p></span></p><p class=\"MsoNormal\" style=\"margin: 0in 0in 0.0001pt; text-indent: -0.1pt; font-size: 10pt; font-family: Calibri, sans-serif; position: relative; top: 0.5pt; caret-color: rgb(0, 0, 0); color: rgb(0, 0, 0); font-style: normal; font-variant-caps: normal; font-weight: normal; letter-spacing: normal; orphans: auto; text-align: start; text-transform: none; white-space: normal; widows: auto; word-spacing: 0px; -webkit-text-size-adjust: auto; -webkit-text-stroke-width: 0px; text-decoration: none; line-height: 1.75pt;\"><span style=\"font-size: 9pt; font-family: Tahoma, sans-serif;\"><o:p>&nbsp;</o:p></span></p><p class=\"MsoNormal\" style=\"margin-left:81.0pt;mso-para-margin-left:0gd;\r\ntext-indent:-21.95pt;mso-char-indent-count:0;mso-line-height-alt:0pt;\r\nmso-outline-level:body-text;mso-list:l2 level1 lfo3;mso-hyphenate:auto;\r\ntab-stops:81.0pt;mso-vertical-align-alt:auto\"><!--[if !supportLists]--><span style=\"font-size:9.0pt;mso-bidi-font-size:10.0pt;font-family:&quot;Tahoma&quot;,sans-serif;\r\nmso-fareast-font-family:Tahoma;mso-bidi-font-weight:bold\"><span style=\"mso-list:Ignore\">e.<span style=\"font:7.0pt &quot;Times New Roman&quot;\">&nbsp;&nbsp;&nbsp;&nbsp;&nbsp;&nbsp;</span></span></span><!--[endif]--><span style=\"font-size: 9pt; font-family: Tahoma, sans-serif;\">Product presentation to customer, keeping in mind their specific needs<o:p></o:p></span></p><p class=\"MsoNormal\" style=\"margin-left:81.0pt;mso-para-margin-left:0gd;\r\ntext-indent:-21.95pt;mso-char-indent-count:0;line-height:99%;mso-outline-level:\r\nbody-text;mso-list:l2 level1 lfo3;mso-hyphenate:auto;tab-stops:81.0pt;\r\nmso-vertical-align-alt:auto\"><!--[if !supportLists]--><span style=\"font-size:9.0pt;\r\nmso-bidi-font-size:10.0pt;line-height:99%;font-family:&quot;Tahoma&quot;,sans-serif;\r\nmso-fareast-font-family:Tahoma;mso-bidi-font-weight:bold\"><span style=\"mso-list:Ignore\">f.<span style=\"font:7.0pt &quot;Times New Roman&quot;\">&nbsp;&nbsp;&nbsp;&nbsp;&nbsp;&nbsp;&nbsp;</span></span></span><!--[endif]--><span style=\"font-size: 9pt; line-height: 11.880000114440918px; font-family: Tahoma, sans-serif;\">Identify &amp; overcome objections/resistance<o:p></o:p></span></p><p class=\"MsoNormal\" style=\"margin: 0in 0in 0.0001pt; text-indent: -0.1pt; font-size: 10pt; font-family: Calibri, sans-serif; position: relative; top: 0.5pt; caret-color: rgb(0, 0, 0); color: rgb(0, 0, 0); font-style: normal; font-variant-caps: normal; font-weight: normal; letter-spacing: normal; orphans: auto; text-align: start; text-transform: none; white-space: normal; widows: auto; word-spacing: 0px; -webkit-text-size-adjust: auto; -webkit-text-stroke-width: 0px; text-decoration: none; line-height: 0.05pt;\"><span style=\"font-size: 9pt; font-family: Tahoma, sans-serif;\"><o:p>&nbsp;</o:p></span></p><p class=\"MsoNormal\" style=\"margin-left:81.0pt;mso-para-margin-left:0gd;\r\ntext-indent:-21.95pt;mso-char-indent-count:0;mso-line-height-alt:0pt;\r\nmso-outline-level:body-text;mso-list:l2 level1 lfo3;mso-hyphenate:auto;\r\ntab-stops:81.0pt;mso-vertical-align-alt:auto\"><!--[if !supportLists]--><span style=\"font-size:9.0pt;mso-bidi-font-size:10.0pt;font-family:&quot;Tahoma&quot;,sans-serif;\r\nmso-fareast-font-family:Tahoma;mso-bidi-font-weight:bold\"><span style=\"mso-list:Ignore\">g.<span style=\"font:7.0pt &quot;Times New Roman&quot;\">&nbsp;&nbsp;&nbsp;&nbsp;&nbsp;&nbsp;</span></span></span><!--[endif]--><span style=\"font-size: 9pt; font-family: Tahoma, sans-serif;\">Recap information/requirement from your notes with the client<o:p></o:p></span></p><p class=\"MsoNormal\" style=\"margin: 0in 0in 0.0001pt; text-indent: -0.1pt; font-size: 10pt; font-family: Calibri, sans-serif; position: relative; top: 0.5pt; caret-color: rgb(0, 0, 0); color: rgb(0, 0, 0); font-style: normal; font-variant-caps: normal; font-weight: normal; letter-spacing: normal; orphans: auto; text-align: start; text-transform: none; white-space: normal; widows: auto; word-spacing: 0px; -webkit-text-size-adjust: auto; -webkit-text-stroke-width: 0px; text-decoration: none; line-height: 1pt;\"><span style=\"font-size: 9pt; font-family: Tahoma, sans-serif;\"><o:p>&nbsp;</o:p></span></p><p class=\"MsoNormal\" style=\"margin-left:81.0pt;mso-para-margin-left:0gd;\r\ntext-indent:-21.95pt;mso-char-indent-count:0;mso-line-height-alt:0pt;\r\nmso-outline-level:body-text;mso-list:l2 level1 lfo3;mso-hyphenate:auto;\r\ntab-stops:81.0pt;mso-vertical-align-alt:auto\"><!--[if !supportLists]--><span style=\"font-size:9.0pt;mso-bidi-font-size:10.0pt;font-family:&quot;Tahoma&quot;,sans-serif;\r\nmso-fareast-font-family:Tahoma;mso-bidi-font-weight:bold\"><span style=\"mso-list:Ignore\">h.<span style=\"font:7.0pt &quot;Times New Roman&quot;\">&nbsp;&nbsp;&nbsp;&nbsp;&nbsp;&nbsp;</span></span></span><!--[endif]--><span style=\"font-size: 9pt; font-family: Tahoma, sans-serif;\">Conclude meeting with a specific reversion timeframe<o:p></o:p></span></p><p class=\"MsoNormal\" style=\"margin: 0in 0in 0.0001pt; text-indent: 0in; font-size: 10pt; font-family: Calibri, sans-serif; position: relative; top: 0.5pt; caret-color: rgb(0, 0, 0); color: rgb(0, 0, 0); font-style: normal; font-variant-caps: normal; font-weight: normal; letter-spacing: normal; orphans: auto; text-align: start; text-transform: none; white-space: normal; widows: auto; word-spacing: 0px; -webkit-text-size-adjust: auto; -webkit-text-stroke-width: 0px; text-decoration: none;\"><u><span style=\"font-family: &quot;Times New Roman&quot;, serif;\"><o:p><span style=\"text-decoration: none;\">&nbsp;</span></o:p></span></u></p><p class=\"MsoNormal\" style=\"margin-left:39.0pt;mso-para-margin-left:0gd;\r\ntext-indent:-12.0pt;mso-char-indent-count:0;mso-line-height-alt:0pt;mso-outline-level:\r\nbody-text;mso-list:l3 level1 lfo4;mso-hyphenate:auto;tab-stops:39.0pt;\r\nmso-vertical-align-alt:auto\"><!--[if !supportLists]--><b style=\"mso-bidi-font-weight:\r\nnormal\"><span style=\"font-size:9.0pt;mso-bidi-font-size:10.0pt;font-family:\r\n&quot;Tahoma&quot;,sans-serif;mso-fareast-font-family:Tahoma\"><span style=\"mso-list:Ignore\">3.<span style=\"font:7.0pt &quot;Times New Roman&quot;\">&nbsp;&nbsp;</span></span></span></b><!--[endif]--><b><span style=\"font-size: 9pt; font-family: Tahoma, sans-serif;\">Post Sales Call<o:p></o:p></span></b></p><p class=\"MsoNormal\" style=\"margin: 0in 0in 0.0001pt; text-indent: -0.1pt; font-size: 10pt; font-family: Calibri, sans-serif; position: relative; top: 0.5pt; caret-color: rgb(0, 0, 0); color: rgb(0, 0, 0); font-style: normal; font-variant-caps: normal; font-weight: normal; letter-spacing: normal; orphans: auto; text-align: start; text-transform: none; white-space: normal; widows: auto; word-spacing: 0px; -webkit-text-size-adjust: auto; -webkit-text-stroke-width: 0px; text-decoration: none; line-height: 1.6pt;\"><b><span style=\"font-size: 9pt; font-family: Tahoma, sans-serif;\"><o:p>&nbsp;</o:p></span></b></p><p class=\"MsoNormal\" style=\"margin-left:85.0pt;mso-para-margin-left:0gd;\r\ntext-indent:-18.4pt;mso-char-indent-count:0;mso-line-height-alt:0pt;mso-outline-level:\r\nbody-text;mso-list:l3 level2 lfo4;mso-hyphenate:auto;tab-stops:85.0pt;\r\nmso-vertical-align-alt:auto\"><!--[if !supportLists]--><span style=\"font-size:9.0pt;\r\nmso-bidi-font-size:10.0pt;font-family:&quot;Tahoma&quot;,sans-serif;mso-fareast-font-family:\r\nTahoma;mso-bidi-font-weight:bold\"><span style=\"mso-list:Ignore\">a.<span style=\"font:7.0pt &quot;Times New Roman&quot;\">&nbsp;&nbsp;&nbsp;&nbsp;&nbsp;&nbsp;</span></span></span><!--[endif]--><span style=\"font-size: 9pt; font-family: Tahoma, sans-serif;\">Send cursory note of thanks to the client<o:p></o:p></span></p><p class=\"MsoNormal\" style=\"margin: 0in 0in 0.0001pt; text-indent: -0.1pt; font-size: 10pt; font-family: Calibri, sans-serif; position: relative; top: 0.5pt; caret-color: rgb(0, 0, 0); color: rgb(0, 0, 0); font-style: normal; font-variant-caps: normal; font-weight: normal; letter-spacing: normal; orphans: auto; text-align: start; text-transform: none; white-space: normal; widows: auto; word-spacing: 0px; -webkit-text-size-adjust: auto; -webkit-text-stroke-width: 0px; text-decoration: none; line-height: 1.85pt;\"><span style=\"font-size: 9pt; font-family: Tahoma, sans-serif;\"><o:p>&nbsp;</o:p></span></p><p class=\"MsoNormal\" style=\"margin-left:85.0pt;mso-para-margin-left:0gd;\r\ntext-indent:-18.4pt;mso-char-indent-count:0;mso-line-height-alt:0pt;mso-outline-level:\r\nbody-text;mso-list:l3 level2 lfo4;mso-hyphenate:auto;tab-stops:85.0pt;\r\nmso-vertical-align-alt:auto\"><!--[if !supportLists]--><span style=\"font-size:9.0pt;\r\nmso-bidi-font-size:10.0pt;font-family:&quot;Tahoma&quot;,sans-serif;mso-fareast-font-family:\r\nTahoma;mso-bidi-font-weight:bold\"><span style=\"mso-list:Ignore\">b.<span style=\"font:7.0pt &quot;Times New Roman&quot;\">&nbsp;&nbsp;&nbsp;&nbsp;&nbsp;&nbsp;</span></span></span><!--[endif]--><span style=\"font-size: 9pt; font-family: Tahoma, sans-serif;\">Send proposal by date as specified or within 48 hours of meeting<o:p></o:p></span></p><p class=\"MsoNormal\" style=\"margin-left:85.0pt;mso-para-margin-left:0gd;\r\ntext-indent:-18.4pt;mso-char-indent-count:0;line-height:99%;mso-outline-level:\r\nbody-text;mso-list:l3 level2 lfo4;mso-hyphenate:auto;tab-stops:85.0pt;\r\nmso-vertical-align-alt:auto\"><!--[if !supportLists]--><span style=\"font-size:9.0pt;\r\nmso-bidi-font-size:10.0pt;line-height:99%;font-family:&quot;Tahoma&quot;,sans-serif;\r\nmso-fareast-font-family:Tahoma;mso-bidi-font-weight:bold\"><span style=\"mso-list:Ignore\">c.<span style=\"font:7.0pt &quot;Times New Roman&quot;\">&nbsp;&nbsp;&nbsp;&nbsp;&nbsp;</span></span></span><!--[endif]--><span style=\"font-size: 9pt; line-height: 11.880000114440918px; font-family: Tahoma, sans-serif;\">Follow-up call to client within 72 hours after sending the proposal<o:p></o:p></span></p><p class=\"MsoNormal\" style=\"margin: 0in 0in 0.0001pt; text-indent: -0.1pt; font-size: 10pt; font-family: Calibri, sans-serif; position: relative; top: 0.5pt; caret-color: rgb(0, 0, 0); color: rgb(0, 0, 0); font-style: normal; font-variant-caps: normal; font-weight: normal; letter-spacing: normal; orphans: auto; text-align: start; text-transform: none; white-space: normal; widows: auto; word-spacing: 0px; -webkit-text-size-adjust: auto; -webkit-text-stroke-width: 0px; text-decoration: none; line-height: 1.85pt;\"><span style=\"font-size: 9pt; font-family: Tahoma, sans-serif;\"><o:p>&nbsp;</o:p></span></p><p class=\"MsoNormal\" style=\"margin-left:85.0pt;mso-para-margin-left:0gd;\r\ntext-indent:-18.4pt;mso-char-indent-count:0;mso-line-height-alt:0pt;mso-outline-level:\r\nbody-text;mso-list:l3 level2 lfo4;mso-hyphenate:auto;tab-stops:85.0pt;\r\nmso-vertical-align-alt:auto\"><!--[if !supportLists]--><span style=\"font-size:9.0pt;\r\nmso-bidi-font-size:10.0pt;font-family:&quot;Tahoma&quot;,sans-serif;mso-fareast-font-family:\r\nTahoma;mso-bidi-font-weight:bold\"><span style=\"mso-list:Ignore\">d.<span style=\"font:7.0pt &quot;Times New Roman&quot;\">&nbsp;&nbsp;&nbsp;&nbsp;&nbsp;&nbsp;</span></span></span><!--[endif]--><span style=\"font-size: 9pt; font-family: Tahoma, sans-serif;\">Prepare contract if necessary</span></p><p class=\"MsoNormal\" style=\"margin-left:85.0pt;mso-para-margin-left:0gd;\r\ntext-indent:-18.4pt;mso-char-indent-count:0;mso-line-height-alt:0pt;mso-outline-level:\r\nbody-text;mso-list:l3 level2 lfo4;mso-hyphenate:auto;tab-stops:85.0pt;\r\nmso-vertical-align-alt:auto\"><span style=\"font-size: 9pt; font-family: Tahoma, sans-serif;\"><br></span></p><p class=\"MsoNormal\" style=\"margin-left:39.0pt;mso-para-margin-left:0gd;\r\ntext-indent:-12.0pt;mso-char-indent-count:0;mso-line-height-alt:0pt;mso-outline-level:\r\nbody-text;mso-list:l3 level1 lfo4;mso-hyphenate:auto;tab-stops:39.0pt;\r\nmso-vertical-align-alt:auto\"><!--[if !supportLists]--><b style=\"mso-bidi-font-weight:\r\nnormal\"><span style=\"font-size:9.0pt;mso-bidi-font-size:10.0pt;font-family:\r\n&quot;Tahoma&quot;,sans-serif;mso-fareast-font-family:Tahoma\"><span style=\"mso-list:Ignore\">4.<span style=\"font:7.0pt &quot;Times New Roman&quot;\">&nbsp;&nbsp;</span></span></span></b><!--[endif]--><b><span style=\"font-size: 9pt; font-family: Tahoma, sans-serif;\">Documentation &amp; Communication<o:p></o:p></span></b></p><p class=\"MsoNormal\" style=\"margin-top:0in;margin-right:.5in;margin-bottom:0in;\r\nmargin-left:81.0pt;margin-bottom:.0001pt;mso-para-margin-top:0in;mso-para-margin-right:\r\n.5in;mso-para-margin-bottom:0in;mso-para-margin-left:0gd;mso-para-margin-bottom:\r\n.0001pt;text-indent:-.2in;mso-char-indent-count:0;line-height:108%;mso-outline-level:\r\nbody-text;mso-list:l3 level2 lfo4;mso-hyphenate:auto;tab-stops:81.0pt;\r\nmso-vertical-align-alt:auto\"><!--[if !supportLists]--><span style=\"font-size:9.0pt;\r\nmso-bidi-font-size:10.0pt;line-height:108%;font-family:&quot;Tahoma&quot;,sans-serif;\r\nmso-fareast-font-family:Tahoma;mso-bidi-font-weight:bold\"><span style=\"mso-list:Ignore\">a.<span style=\"font:7.0pt &quot;Times New Roman&quot;\">&nbsp;&nbsp;&nbsp;</span></span></span><!--[endif]--><span style=\"font-size: 9pt; line-height: 12.960000038146973px; font-family: Tahoma, sans-serif;\">At the end of each contact, points of matters discussed /or agreed must be clearly documented for future reference<o:p></o:p></span></p><p class=\"MsoNormal\" style=\"margin: 0in 0in 0.0001pt; text-indent: -0.1pt; font-size: 10pt; font-family: Calibri, sans-serif; position: relative; top: 0.5pt; caret-color: rgb(0, 0, 0); color: rgb(0, 0, 0); font-style: normal; font-variant-caps: normal; font-weight: normal; letter-spacing: normal; orphans: auto; text-align: start; text-transform: none; white-space: normal; widows: auto; word-spacing: 0px; -webkit-text-size-adjust: auto; -webkit-text-stroke-width: 0px; text-decoration: none; line-height: 0.25pt;\"><span style=\"font-size: 9pt; font-family: Tahoma, sans-serif;\"><o:p>&nbsp;</o:p></span></p><p class=\"MsoNormal\" style=\"margin-top:0in;margin-right:28.0pt;margin-bottom:\r\n0in;margin-left:81.0pt;margin-bottom:.0001pt;mso-para-margin-top:0in;\r\nmso-para-margin-right:28.0pt;mso-para-margin-bottom:0in;mso-para-margin-left:\r\n0gd;mso-para-margin-bottom:.0001pt;text-indent:-.2in;mso-char-indent-count:\r\n0;line-height:110%;mso-outline-level:body-text;mso-list:l3 level2 lfo4;\r\nmso-hyphenate:auto;tab-stops:81.0pt;mso-vertical-align-alt:auto\"><!--[if !supportLists]--><span style=\"font-size:9.0pt;mso-bidi-font-size:10.0pt;line-height:110%;font-family:\r\n&quot;Tahoma&quot;,sans-serif;mso-fareast-font-family:Tahoma;mso-bidi-font-weight:bold\"><span style=\"mso-list:Ignore\">b.<span style=\"font:7.0pt &quot;Times New Roman&quot;\">&nbsp;&nbsp;&nbsp;</span></span></span><!--[endif]--><span style=\"font-size: 9pt; line-height: 13.199999809265137px; font-family: Tahoma, sans-serif;\">Pertinent points of the documentation must be included in the weekly report and stored on a designated drive on the property server<o:p></o:p></span></p><p class=\"MsoNormal\" style=\"margin: 0in 0in 0.0001pt; text-indent: -0.1pt; font-size: 10pt; font-family: Calibri, sans-serif; position: relative; top: 0.5pt; caret-color: rgb(0, 0, 0); color: rgb(0, 0, 0); font-style: normal; font-variant-caps: normal; font-weight: normal; letter-spacing: normal; orphans: auto; text-align: start; text-transform: none; white-space: normal; widows: auto; word-spacing: 0px; -webkit-text-size-adjust: auto; -webkit-text-stroke-width: 0px; text-decoration: none; line-height: 0.15pt;\"><span style=\"font-size: 9pt; font-family: Tahoma, sans-serif;\"><o:p>&nbsp;</o:p></span></p><p class=\"MsoNormal\" style=\"margin-top:0in;margin-right:.5in;margin-bottom:0in;\r\nmargin-left:81.0pt;margin-bottom:.0001pt;mso-para-margin-top:0in;mso-para-margin-right:\r\n.5in;mso-para-margin-bottom:0in;mso-para-margin-left:0gd;mso-para-margin-bottom:\r\n.0001pt;text-indent:-.2in;mso-char-indent-count:0;line-height:110%;mso-outline-level:\r\nbody-text;mso-list:l3 level2 lfo4;mso-hyphenate:auto;tab-stops:81.0pt;\r\nmso-vertical-align-alt:auto\"><!--[if !supportLists]--><span style=\"font-size:9.0pt;\r\nmso-bidi-font-size:10.0pt;line-height:110%;font-family:&quot;Tahoma&quot;,sans-serif;\r\nmso-fareast-font-family:Tahoma;mso-bidi-font-weight:bold\"><span style=\"mso-list:Ignore\">c.<span style=\"font:7.0pt &quot;Times New Roman&quot;\">&nbsp;&nbsp;&nbsp;</span></span></span><!--[endif]--><span style=\"font-size: 9pt; line-height: 13.199999809265137px; font-family: Tahoma, sans-serif;\">All communication pertaining to rates /or commitments outside of the guidelines approved by the DOM must be copied via email to the DOM</span></p><p class=\"MsoNormal\" style=\"margin: 0in 0in 0.0001pt; text-indent: -0.1pt; font-size: 10pt; font-family: Calibri, sans-serif; position: relative; top: 0.5pt; caret-color: rgb(0, 0, 0); color: rgb(0, 0, 0); font-style: normal; font-variant-caps: normal; font-weight: normal; letter-spacing: normal; orphans: auto; text-align: start; text-transform: none; white-space: normal; widows: auto; word-spacing: 0px; -webkit-text-size-adjust: auto; -webkit-text-stroke-width: 0px; text-decoration: none;\"><b><span style=\"font-size: 9.5pt; font-family: Tahoma, sans-serif;\">Flow Chart:<o:p></o:p></span></b></p><p class=\"MsoNormal\" style=\"margin: 0in 0in 0.0001pt; text-indent: -0.1pt; font-size: 10pt; font-family: Calibri, sans-serif; position: relative; top: 0.5pt; caret-color: rgb(0, 0, 0); color: rgb(0, 0, 0); font-style: normal; font-variant-caps: normal; font-weight: normal; letter-spacing: normal; orphans: auto; text-align: start; text-transform: none; white-space: normal; widows: auto; word-spacing: 0px; -webkit-text-size-adjust: auto; -webkit-text-stroke-width: 0px; text-decoration: none;\"><b><span style=\"font-size: 9pt; font-family: Tahoma, sans-serif;\">Pre Sales Call:<o:p></o:p></span></b></p><p class=\"MsoNormal\" style=\"margin: 0in 0in 0.0001pt; text-indent: -0.1pt; font-size: 10pt; font-family: Calibri, sans-serif; position: relative; top: 0.5pt; caret-color: rgb(0, 0, 0); color: rgb(0, 0, 0); font-style: normal; font-variant-caps: normal; font-weight: normal; letter-spacing: normal; orphans: auto; text-align: start; text-transform: none; white-space: normal; widows: auto; word-spacing: 0px; -webkit-text-size-adjust: auto; -webkit-text-stroke-width: 0px; text-decoration: none; line-height: 1.75pt;\"><span style=\"font-family: &quot;Times New Roman&quot;, serif;\"><o:p>&nbsp;</o:p></span></p><p class=\"MsoListParagraph\" style=\"margin-top:0in;margin-right:265.0pt;\r\nmargin-bottom:0in;margin-left:35.9pt;margin-bottom:.0001pt;mso-add-space:auto;\r\nmso-para-margin-top:0in;mso-para-margin-right:265.0pt;mso-para-margin-bottom:\r\n0in;mso-para-margin-left:0gd;mso-para-margin-bottom:.0001pt;mso-add-space:auto;\r\ntext-indent:-.25in;mso-char-indent-count:0;line-height:106%;mso-list:l4 level1 lfo5\"><!--[if !supportLists]--><span style=\"font-size:8.5pt;mso-bidi-font-size:10.0pt;line-height:106%;font-family:\r\nSymbol;mso-fareast-font-family:Symbol;mso-bidi-font-family:Symbol;mso-bidi-font-weight:\r\nbold\"><span style=\"mso-list:Ignore\"><span style=\"font:7.0pt &quot;Times New Roman&quot;\">&nbsp;&nbsp;&nbsp;&nbsp;&nbsp;&nbsp;</span></span></span><!--[endif]--><span style=\"font-size: 8.5pt; line-height: 12.01333236694336px; font-family: Tahoma, sans-serif;\">Identify potential customer Make appointment<o:p></o:p></span></p><p class=\"MsoNormal\" style=\"margin: 0in 0in 0.0001pt; text-indent: -0.1pt; font-size: 10pt; font-family: Calibri, sans-serif; position: relative; top: 0.5pt; caret-color: rgb(0, 0, 0); color: rgb(0, 0, 0); font-style: normal; font-variant-caps: normal; font-weight: normal; letter-spacing: normal; orphans: auto; text-align: start; text-transform: none; white-space: normal; widows: auto; word-spacing: 0px; -webkit-text-size-adjust: auto; -webkit-text-stroke-width: 0px; text-decoration: none; line-height: 0.05pt;\"><span style=\"font-family: &quot;Times New Roman&quot;, serif;\"><o:p>&nbsp;</o:p></span></p><p class=\"MsoListParagraph\" style=\"margin-left:35.9pt;mso-add-space:auto;\r\nmso-para-margin-left:0gd;mso-add-space:auto;text-indent:-.25in;mso-char-indent-count:\r\n0;line-height:99%;mso-list:l4 level1 lfo5\"><!--[if !supportLists]--><span style=\"font-size:9.0pt;mso-bidi-font-size:10.0pt;line-height:99%;font-family:\r\nSymbol;mso-fareast-font-family:Symbol;mso-bidi-font-family:Symbol;mso-bidi-font-weight:\r\nbold\"><span style=\"mso-list:Ignore\"><span style=\"font:7.0pt &quot;Times New Roman&quot;\">&nbsp;&nbsp;&nbsp;&nbsp;&nbsp;&nbsp;</span></span></span><!--[endif]--><span style=\"font-size: 9pt; line-height: 11.880000114440918px; font-family: Tahoma, sans-serif;\">Research on company<o:p></o:p></span></p><p class=\"MsoNormal\" style=\"margin: 0in 0in 0.0001pt; text-indent: -0.1pt; font-size: 10pt; font-family: Calibri, sans-serif; position: relative; top: 0.5pt; caret-color: rgb(0, 0, 0); color: rgb(0, 0, 0); font-style: normal; font-variant-caps: normal; font-weight: normal; letter-spacing: normal; orphans: auto; text-align: start; text-transform: none; white-space: normal; widows: auto; word-spacing: 0px; -webkit-text-size-adjust: auto; -webkit-text-stroke-width: 0px; text-decoration: none; line-height: 0.1pt;\"><span style=\"font-family: &quot;Times New Roman&quot;, serif;\"><o:p>&nbsp;</o:p></span></p><p class=\"MsoListParagraph\" style=\"margin-left:35.9pt;mso-add-space:auto;\r\nmso-para-margin-left:0gd;mso-add-space:auto;text-indent:-.25in;mso-char-indent-count:\r\n0;line-height:99%;mso-list:l4 level1 lfo5\"><!--[if !supportLists]--><span style=\"font-size:9.0pt;mso-bidi-font-size:10.0pt;line-height:99%;font-family:\r\nSymbol;mso-fareast-font-family:Symbol;mso-bidi-font-family:Symbol;mso-bidi-font-weight:\r\nbold\"><span style=\"mso-list:Ignore\"><span style=\"font:7.0pt &quot;Times New Roman&quot;\">&nbsp;&nbsp;&nbsp;&nbsp;&nbsp;&nbsp;</span></span></span><!--[endif]--><span style=\"font-size: 9pt; line-height: 11.880000114440918px; font-family: Tahoma, sans-serif;\">Be equipped with presentation &amp; promotional material</span></p><p class=\"MsoNormal\" style=\"margin: 0in 0in 0.0001pt; text-indent: -0.1pt; font-size: 10pt; font-family: Calibri, sans-serif; position: relative; top: 0.5pt; caret-color: rgb(0, 0, 0); color: rgb(0, 0, 0); font-style: normal; font-variant-caps: normal; font-weight: normal; letter-spacing: normal; orphans: auto; text-align: start; text-transform: none; white-space: normal; widows: auto; word-spacing: 0px; -webkit-text-size-adjust: auto; -webkit-text-stroke-width: 0px; text-decoration: none;\"><b><span style=\"font-size: 9pt; font-family: Tahoma, sans-serif;\">During Sales Call:<o:p></o:p></span></b></p><p class=\"MsoNormal\" style=\"margin: 0in 0in 0.0001pt; text-indent: -0.1pt; font-size: 10pt; font-family: Calibri, sans-serif; position: relative; top: 0.5pt; caret-color: rgb(0, 0, 0); color: rgb(0, 0, 0); font-style: normal; font-variant-caps: normal; font-weight: normal; letter-spacing: normal; orphans: auto; text-align: start; text-transform: none; white-space: normal; widows: auto; word-spacing: 0px; -webkit-text-size-adjust: auto; -webkit-text-stroke-width: 0px; text-decoration: none; line-height: 1.7pt;\"><span style=\"font-family: &quot;Times New Roman&quot;, serif;\"><o:p>&nbsp;</o:p></span></p><p class=\"MsoListParagraph\" style=\"margin-left:35.9pt;mso-add-space:auto;\r\nmso-para-margin-left:0gd;mso-add-space:auto;text-indent:-.25in;mso-char-indent-count:\r\n0;mso-line-height-alt:0pt;mso-list:l6 level1 lfo6\"><!--[if !supportLists]--><span style=\"font-size:9.0pt;mso-bidi-font-size:10.0pt;font-family:Symbol;mso-fareast-font-family:\r\nSymbol;mso-bidi-font-family:Symbol;mso-bidi-font-weight:bold\"><span style=\"mso-list:Ignore\"><span style=\"font:7.0pt &quot;Times New Roman&quot;\">&nbsp;&nbsp;&nbsp;&nbsp;&nbsp;&nbsp;</span></span></span><!--[endif]--><span style=\"font-size: 9pt; font-family: Tahoma, sans-serif;\">Be early by at least 10 minutes<o:p></o:p></span></p><p class=\"MsoNormal\" style=\"margin: 0in 0in 0.0001pt; text-indent: -0.1pt; font-size: 10pt; font-family: Calibri, sans-serif; position: relative; top: 0.5pt; caret-color: rgb(0, 0, 0); color: rgb(0, 0, 0); font-style: normal; font-variant-caps: normal; font-weight: normal; letter-spacing: normal; orphans: auto; text-align: start; text-transform: none; white-space: normal; widows: auto; word-spacing: 0px; -webkit-text-size-adjust: auto; -webkit-text-stroke-width: 0px; text-decoration: none; line-height: 1.85pt;\"><span style=\"font-family: &quot;Times New Roman&quot;, serif;\"><o:p>&nbsp;</o:p></span></p><p class=\"MsoListParagraph\" style=\"margin-left:35.9pt;mso-add-space:auto;\r\nmso-para-margin-left:0gd;mso-add-space:auto;text-indent:-.25in;mso-char-indent-count:\r\n0;mso-line-height-alt:0pt;mso-list:l6 level1 lfo6\"><!--[if !supportLists]--><span style=\"font-size:9.0pt;mso-bidi-font-size:10.0pt;font-family:Symbol;mso-fareast-font-family:\r\nSymbol;mso-bidi-font-family:Symbol;mso-bidi-font-weight:bold\"><span style=\"mso-list:Ignore\"><span style=\"font:7.0pt &quot;Times New Roman&quot;\">&nbsp;&nbsp;&nbsp;&nbsp;&nbsp;&nbsp;</span></span></span><!--[endif]--><span style=\"font-size: 9pt; font-family: Tahoma, sans-serif;\">Establish allocated time for presentation<o:p></o:p></span></p><p class=\"MsoNormal\" style=\"margin: 0in 0in 0.0001pt; text-indent: -0.1pt; font-size: 10pt; font-family: Calibri, sans-serif; position: relative; top: 0.5pt; caret-color: rgb(0, 0, 0); color: rgb(0, 0, 0); font-style: normal; font-variant-caps: normal; font-weight: normal; letter-spacing: normal; orphans: auto; text-align: start; text-transform: none; white-space: normal; widows: auto; word-spacing: 0px; -webkit-text-size-adjust: auto; -webkit-text-stroke-width: 0px; text-decoration: none; line-height: 0.1pt;\"><span style=\"font-family: &quot;Times New Roman&quot;, serif;\"><o:p>&nbsp;</o:p></span></p><p class=\"MsoListParagraph\" style=\"margin-top:0in;margin-right:184.0pt;\r\nmargin-bottom:0in;margin-left:35.9pt;margin-bottom:.0001pt;mso-add-space:auto;\r\nmso-para-margin-top:0in;mso-para-margin-right:184.0pt;mso-para-margin-bottom:\r\n0in;mso-para-margin-left:0gd;mso-para-margin-bottom:.0001pt;mso-add-space:auto;\r\ntext-indent:-.25in;mso-char-indent-count:0;line-height:95%;mso-list:l6 level1 lfo6\"><!--[if !supportLists]--><span style=\"font-size:9.0pt;mso-bidi-font-size:10.0pt;line-height:95%;font-family:\r\nSymbol;mso-fareast-font-family:Symbol;mso-bidi-font-family:Symbol;mso-bidi-font-weight:\r\nbold\"><span style=\"mso-list:Ignore\"><span style=\"font:7.0pt &quot;Times New Roman&quot;\">&nbsp;&nbsp;&nbsp;&nbsp;&nbsp;&nbsp;</span></span></span><!--[endif]--><span style=\"font-size: 9pt; line-height: 11.399999618530273px; font-family: Tahoma, sans-serif;\">Establish personal relationship with customer Conduct product presentation<o:p></o:p></span></p><p class=\"MsoNormal\" style=\"margin: 0in 0in 0.0001pt; text-indent: -0.1pt; font-size: 10pt; font-family: Calibri, sans-serif; position: relative; top: 0.5pt; caret-color: rgb(0, 0, 0); color: rgb(0, 0, 0); font-style: normal; font-variant-caps: normal; font-weight: normal; letter-spacing: normal; orphans: auto; text-align: start; text-transform: none; white-space: normal; widows: auto; word-spacing: 0px; -webkit-text-size-adjust: auto; -webkit-text-stroke-width: 0px; text-decoration: none; line-height: 0.05pt;\"><span style=\"font-family: &quot;Times New Roman&quot;, serif;\"><o:p>&nbsp;</o:p></span></p><p class=\"MsoListParagraph\" style=\"margin-left:35.9pt;mso-add-space:auto;\r\nmso-para-margin-left:0gd;mso-add-space:auto;text-indent:-.25in;mso-char-indent-count:\r\n0;line-height:99%;mso-list:l6 level1 lfo6\"><!--[if !supportLists]--><span style=\"font-size:9.0pt;mso-bidi-font-size:10.0pt;line-height:99%;font-family:\r\nSymbol;mso-fareast-font-family:Symbol;mso-bidi-font-family:Symbol;mso-bidi-font-weight:\r\nbold\"><span style=\"mso-list:Ignore\"><span style=\"font:7.0pt &quot;Times New Roman&quot;\">&nbsp;&nbsp;&nbsp;&nbsp;&nbsp;&nbsp;</span></span></span><!--[endif]--><span style=\"font-size: 9pt; line-height: 11.880000114440918px; font-family: Tahoma, sans-serif;\">Take notes</span></p><p class=\"MsoNormal\" style=\"margin: 0in 0in 0.0001pt; text-indent: -0.1pt; font-size: 10pt; font-family: Calibri, sans-serif; position: relative; top: 0.5pt; caret-color: rgb(0, 0, 0); color: rgb(0, 0, 0); font-style: normal; font-variant-caps: normal; font-weight: normal; letter-spacing: normal; orphans: auto; text-align: start; text-transform: none; white-space: normal; widows: auto; word-spacing: 0px; -webkit-text-size-adjust: auto; -web');
INSERT INTO `standard_operation_procedure_set_up` VALUES ('7', 'TRADE SHOW / ROAD SHOW OR EVENT', '7', '1', '2019-08-30', '1', null, null, '<p class=\"MsoNormal\" style=\"margin: 0in 0in 0.0001pt; text-indent: 0in; font-size: 10pt; font-family: Calibri, sans-serif; position: relative; top: 0.5pt; caret-color: rgb(0, 0, 0); color: rgb(0, 0, 0); font-style: normal; font-variant-caps: normal; font-weight: normal; letter-spacing: normal; orphans: auto; text-align: start; text-transform: none; white-space: normal; widows: auto; word-spacing: 0px; -webkit-text-size-adjust: auto; -webkit-text-stroke-width: 0px; text-decoration: none;\"><br></p><p class=\"MsoNormal\" align=\"center\" style=\"margin: 0in 0in 0.0001pt; text-indent: -0.1pt; font-size: 10pt; font-family: Calibri, sans-serif; position: relative; top: 0.5pt; caret-color: rgb(0, 0, 0); color: rgb(0, 0, 0); font-style: normal; font-variant-caps: normal; font-weight: normal; letter-spacing: normal; orphans: auto; text-transform: none; white-space: normal; widows: auto; word-spacing: 0px; -webkit-text-size-adjust: auto; -webkit-text-stroke-width: 0px; text-decoration: none; text-align: center;\"><b><u><span style=\"font-size: 9pt; font-family: Tahoma, sans-serif;\">TRADE SHOW &amp; ROAD SHOW</span></u></b></p><p class=\"MsoNormal\" style=\"margin: 0in 0in 0.0001pt; text-indent: -0.1pt; font-size: 10pt; font-family: Calibri, sans-serif; position: relative; top: 0.5pt; caret-color: rgb(0, 0, 0); color: rgb(0, 0, 0); font-style: normal; font-variant-caps: normal; font-weight: normal; letter-spacing: normal; orphans: auto; text-align: start; text-transform: none; white-space: normal; widows: auto; word-spacing: 0px; -webkit-text-size-adjust: auto; -webkit-text-stroke-width: 0px; text-decoration: none;\"><b><span style=\"font-size: 9.5pt; font-family: Tahoma, sans-serif;\">Standard:<o:p></o:p></span></b></p><p class=\"MsoNormal\" style=\"margin: 0in 0in 0.0001pt; text-indent: -0.1pt; font-size: 10pt; font-family: Calibri, sans-serif; position: relative; top: 0.5pt; caret-color: rgb(0, 0, 0); color: rgb(0, 0, 0); font-style: normal; font-variant-caps: normal; font-weight: normal; letter-spacing: normal; orphans: auto; text-align: start; text-transform: none; white-space: normal; widows: auto; word-spacing: 0px; -webkit-text-size-adjust: auto; -webkit-text-stroke-width: 0px; text-decoration: none; line-height: 5.55pt;\"><span style=\"font-family: &quot;Times New Roman&quot;, serif;\"><o:p>&nbsp;</o:p></span></p><p class=\"MsoNormal\" style=\"margin: 0in 33pt 0.0001pt 0in; text-indent: -0.1pt; font-size: 10pt; font-family: Calibri, sans-serif; position: relative; top: 0.5pt; caret-color: rgb(0, 0, 0); color: rgb(0, 0, 0); font-style: normal; font-variant-caps: normal; font-weight: normal; letter-spacing: normal; orphans: auto; text-align: start; text-transform: none; white-space: normal; widows: auto; word-spacing: 0px; -webkit-text-size-adjust: auto; -webkit-text-stroke-width: 0px; text-decoration: none; line-height: 14.666666030883789px;\"><span style=\"font-size: 9pt; line-height: 13.199999809265137px; font-family: Tahoma, sans-serif;\">To effectively qualify and propose participation in industry-related trade shows &amp; road shows to effectively marketing our company.<o:p></o:p></span></p><p class=\"MsoNormal\" style=\"margin: 0in 0in 0.0001pt; text-indent: -0.1pt; font-size: 10pt; font-family: Calibri, sans-serif; position: relative; top: 0.5pt; caret-color: rgb(0, 0, 0); color: rgb(0, 0, 0); font-style: normal; font-variant-caps: normal; font-weight: normal; letter-spacing: normal; orphans: auto; text-align: start; text-transform: none; white-space: normal; widows: auto; word-spacing: 0px; -webkit-text-size-adjust: auto; -webkit-text-stroke-width: 0px; text-decoration: none; line-height: 11.15pt;\"><span style=\"font-family: &quot;Times New Roman&quot;, serif;\"><o:p>&nbsp;</o:p></span></p><p class=\"MsoNormal\" style=\"margin: 0in 0in 0.0001pt; text-indent: -0.1pt; font-size: 10pt; font-family: Calibri, sans-serif; position: relative; top: 0.5pt; caret-color: rgb(0, 0, 0); color: rgb(0, 0, 0); font-style: normal; font-variant-caps: normal; font-weight: normal; letter-spacing: normal; orphans: auto; text-align: start; text-transform: none; white-space: normal; widows: auto; word-spacing: 0px; -webkit-text-size-adjust: auto; -webkit-text-stroke-width: 0px; text-decoration: none;\"><b><span style=\"font-size: 9.5pt; font-family: Tahoma, sans-serif;\">Rationale:<o:p></o:p></span></b></p><p class=\"MsoNormal\" style=\"margin: 0in 12pt 0.0001pt 0in; text-indent: -0.1pt; font-size: 10pt; font-family: Calibri, sans-serif; position: relative; top: 0.5pt; caret-color: rgb(0, 0, 0); color: rgb(0, 0, 0); font-style: normal; font-variant-caps: normal; font-weight: normal; letter-spacing: normal; orphans: auto; text-transform: none; white-space: normal; widows: auto; word-spacing: 0px; -webkit-text-size-adjust: auto; -webkit-text-stroke-width: 0px; text-decoration: none; text-align: justify; line-height: 14.666666030883789px;\"><span style=\"font-size: 9pt; line-height: 13.199999809265137px; font-family: Tahoma, sans-serif;\">Trade &amp; Road shows are excellent occasions to gain new business leads, and also to gather market intelligence. It is important to note that 80% of the annual show calendar is based on Corporate guidance, while the company may suggest participation in shows it deems justifiable for lead generation.<o:p></o:p></span></p><p class=\"MsoNormal\" style=\"margin: 0in 0in 0.0001pt; text-indent: -0.1pt; font-size: 10pt; font-family: Calibri, sans-serif; position: relative; top: 0.5pt; caret-color: rgb(0, 0, 0); color: rgb(0, 0, 0); font-style: normal; font-variant-caps: normal; font-weight: normal; letter-spacing: normal; orphans: auto; text-align: start; text-transform: none; white-space: normal; widows: auto; word-spacing: 0px; -webkit-text-size-adjust: auto; -webkit-text-stroke-width: 0px; text-decoration: none; line-height: 11.35pt;\"><span style=\"font-family: &quot;Times New Roman&quot;, serif;\"><o:p>&nbsp;</o:p></span></p><p class=\"MsoNormal\" style=\"margin: 0in 0in 0.0001pt; text-indent: -0.1pt; font-size: 10pt; font-family: Calibri, sans-serif; position: relative; top: 0.5pt; caret-color: rgb(0, 0, 0); color: rgb(0, 0, 0); font-style: normal; font-variant-caps: normal; font-weight: normal; letter-spacing: normal; orphans: auto; text-align: start; text-transform: none; white-space: normal; widows: auto; word-spacing: 0px; -webkit-text-size-adjust: auto; -webkit-text-stroke-width: 0px; text-decoration: none;\"><b><span style=\"font-size: 9.5pt; font-family: Tahoma, sans-serif;\">Procedure:<o:p></o:p></span></b></p><p class=\"MsoNormal\" style=\"margin: 0in 0in 0.0001pt; text-indent: -0.1pt; font-size: 10pt; font-family: Calibri, sans-serif; position: relative; top: 0.5pt; caret-color: rgb(0, 0, 0); color: rgb(0, 0, 0); font-style: normal; font-variant-caps: normal; font-weight: normal; letter-spacing: normal; orphans: auto; text-align: start; text-transform: none; white-space: normal; widows: auto; word-spacing: 0px; -webkit-text-size-adjust: auto; -webkit-text-stroke-width: 0px; text-decoration: none; line-height: 2.4pt;\"><span style=\"font-family: &quot;Times New Roman&quot;, serif;\"><o:p>&nbsp;</o:p></span></p><p class=\"MsoNormal\" style=\"margin-left:40.0pt;mso-para-margin-left:0gd;\r\ntext-indent:-11.55pt;mso-char-indent-count:0;mso-line-height-alt:0pt;\r\nmso-outline-level:body-text;mso-list:l0 level1 lfo1;mso-hyphenate:auto;\r\ntab-stops:40.0pt;mso-vertical-align-alt:auto\"><!--[if !supportLists]--><b style=\"mso-bidi-font-weight:normal\"><span style=\"font-size:9.0pt;mso-bidi-font-size:\r\n10.0pt;font-family:&quot;Tahoma&quot;,sans-serif;mso-fareast-font-family:Tahoma\"><span style=\"mso-list:Ignore\">1.<span style=\"font:7.0pt &quot;Times New Roman&quot;\">&nbsp;&nbsp;</span></span></span></b><!--[endif]--><b><span style=\"font-size: 9pt; font-family: Tahoma, sans-serif;\">Trade Show &amp; Road Show<o:p></o:p></span></b></p><p class=\"MsoNormal\" style=\"margin: 0in 0in 0.0001pt; text-indent: -0.1pt; font-size: 10pt; font-family: Calibri, sans-serif; position: relative; top: 0.5pt; caret-color: rgb(0, 0, 0); color: rgb(0, 0, 0); font-style: normal; font-variant-caps: normal; font-weight: normal; letter-spacing: normal; orphans: auto; text-align: start; text-transform: none; white-space: normal; widows: auto; word-spacing: 0px; -webkit-text-size-adjust: auto; -webkit-text-stroke-width: 0px; text-decoration: none; line-height: 1.7pt;\"><b><span style=\"font-size: 9pt; font-family: Tahoma, sans-serif;\"><o:p>&nbsp;</o:p></span></b></p><p class=\"MsoNormal\" style=\"margin: 0in 0in 0.0001pt; text-indent: -0.1pt; font-size: 10pt; font-family: Calibri, sans-serif; position: relative; top: 0.5pt; caret-color: rgb(0, 0, 0); color: rgb(0, 0, 0); font-style: normal; font-variant-caps: normal; font-weight: normal; letter-spacing: normal; orphans: auto; text-align: start; text-transform: none; white-space: normal; widows: auto; word-spacing: 0px; -webkit-text-size-adjust: auto; -webkit-text-stroke-width: 0px; text-decoration: none;\"><b><span style=\"font-size: 9pt; font-family: Tahoma, sans-serif;\">a. For Trade Show, DOM to propose participation indicating:<o:p></o:p></span></b></p><p class=\"MsoNormal\" style=\"margin-left:118.0pt;mso-para-margin-left:0gd;\r\ntext-indent:-17.55pt;mso-char-indent-count:0;line-height:99%;mso-outline-level:\r\nbody-text;mso-list:l0 level3 lfo1;mso-hyphenate:auto;tab-stops:118.0pt;\r\nmso-vertical-align-alt:auto\"><!--[if !supportLists]--><span style=\"font-size:9.0pt;\r\nmso-bidi-font-size:10.0pt;line-height:99%;font-family:&quot;Tahoma&quot;,sans-serif;\r\nmso-fareast-font-family:Tahoma;mso-bidi-font-weight:bold\"><span style=\"mso-list:Ignore\">i.<span style=\"font:7.0pt &quot;Times New Roman&quot;\">&nbsp;&nbsp;&nbsp;&nbsp;&nbsp;&nbsp;</span></span></span><!--[endif]--><span style=\"font-size: 9pt; line-height: 11.880000114440918px; font-family: Tahoma, sans-serif;\">Potential Geographic Business Opportunities<o:p></o:p></span></p><p class=\"MsoNormal\" style=\"margin: 0in 0in 0.0001pt; text-indent: -0.1pt; font-size: 10pt; font-family: Calibri, sans-serif; position: relative; top: 0.5pt; caret-color: rgb(0, 0, 0); color: rgb(0, 0, 0); font-style: normal; font-variant-caps: normal; font-weight: normal; letter-spacing: normal; orphans: auto; text-align: start; text-transform: none; white-space: normal; widows: auto; word-spacing: 0px; -webkit-text-size-adjust: auto; -webkit-text-stroke-width: 0px; text-decoration: none; line-height: 1.85pt;\"><span style=\"font-size: 9pt; font-family: Tahoma, sans-serif;\"><o:p>&nbsp;</o:p></span></p><p class=\"MsoNormal\" style=\"margin-left:118.0pt;mso-para-margin-left:0gd;\r\ntext-indent:-17.55pt;mso-char-indent-count:0;mso-line-height-alt:0pt;\r\nmso-outline-level:body-text;mso-list:l0 level3 lfo1;mso-hyphenate:auto;\r\ntab-stops:118.0pt;mso-vertical-align-alt:auto\"><!--[if !supportLists]--><span style=\"font-size:9.0pt;mso-bidi-font-size:10.0pt;font-family:&quot;Tahoma&quot;,sans-serif;\r\nmso-fareast-font-family:Tahoma;mso-bidi-font-weight:bold\"><span style=\"mso-list:Ignore\">ii.<span style=\"font:7.0pt &quot;Times New Roman&quot;\">&nbsp;&nbsp;&nbsp;&nbsp;&nbsp;</span></span></span><!--[endif]--><span style=\"font-size: 9pt; font-family: Tahoma, sans-serif;\">Updated Geographic Market Report<o:p></o:p></span></p><p class=\"MsoNormal\" style=\"margin-left:118.0pt;mso-para-margin-left:0gd;\r\ntext-indent:-17.55pt;mso-char-indent-count:0;mso-line-height-alt:0pt;\r\nmso-outline-level:body-text;mso-list:l0 level3 lfo1;mso-hyphenate:auto;\r\ntab-stops:118.0pt;mso-vertical-align-alt:auto\"><!--[if !supportLists]--><span style=\"font-size:9.0pt;mso-bidi-font-size:10.0pt;font-family:&quot;Tahoma&quot;,sans-serif;\r\nmso-fareast-font-family:Tahoma;mso-bidi-font-weight:bold\"><span style=\"mso-list:Ignore\">iii.<span style=\"font:7.0pt &quot;Times New Roman&quot;\">&nbsp;&nbsp;&nbsp;&nbsp;</span></span></span><!--[endif]--><span style=\"font-size: 9pt; font-family: Tahoma, sans-serif;\">Potential Awareness Generation&nbsp;<o:p></o:p></span></p><p class=\"MsoNormal\" style=\"margin-left:118.0pt;mso-para-margin-left:0gd;\r\ntext-indent:-17.55pt;mso-char-indent-count:0;mso-line-height-alt:0pt;\r\nmso-outline-level:body-text;mso-list:l0 level3 lfo1;mso-hyphenate:auto;\r\ntab-stops:118.0pt;mso-vertical-align-alt:auto\"><!--[if !supportLists]--><span style=\"font-size:9.0pt;mso-bidi-font-size:10.0pt;font-family:&quot;Tahoma&quot;,sans-serif;\r\nmso-fareast-font-family:Tahoma;mso-bidi-font-weight:bold\"><span style=\"mso-list:Ignore\">iv.<span style=\"font:7.0pt &quot;Times New Roman&quot;\">&nbsp;&nbsp;&nbsp;</span></span></span><!--[endif]--><span style=\"font-size: 9pt; font-family: Tahoma, sans-serif;\">Update Market Report&nbsp;<o:p></o:p></span></p><p class=\"MsoNormal\" style=\"margin: 0in 0in 0.0001pt; text-indent: 0in; font-size: 10pt; font-family: Calibri, sans-serif; position: relative; top: 0.5pt; caret-color: rgb(0, 0, 0); color: rgb(0, 0, 0); font-style: normal; font-variant-caps: normal; font-weight: normal; letter-spacing: normal; orphans: auto; text-align: start; text-transform: none; white-space: normal; widows: auto; word-spacing: 0px; -webkit-text-size-adjust: auto; -webkit-text-stroke-width: 0px; text-decoration: none;\"><span style=\"font-size: 9pt; font-family: Tahoma, sans-serif;\"><o:p>&nbsp;</o:p></span></p><p class=\"MsoNormal\" style=\"margin: 0in 0in 0.0001pt; text-indent: -0.1pt; font-size: 10pt; font-family: Calibri, sans-serif; position: relative; top: 0.5pt; caret-color: rgb(0, 0, 0); color: rgb(0, 0, 0); font-style: normal; font-variant-caps: normal; font-weight: normal; letter-spacing: normal; orphans: auto; text-align: start; text-transform: none; white-space: normal; widows: auto; word-spacing: 0px; -webkit-text-size-adjust: auto; -webkit-text-stroke-width: 0px; text-decoration: none; line-height: 1.6pt;\"><span style=\"font-size: 9pt; font-family: Tahoma, sans-serif;\"><o:p>&nbsp;</o:p></span></p><p class=\"MsoNormal\" style=\"margin: 0in 0in 0.0001pt; text-indent: -0.1pt; font-size: 10pt; font-family: Calibri, sans-serif; position: relative; top: 0.5pt; caret-color: rgb(0, 0, 0); color: rgb(0, 0, 0); font-style: normal; font-variant-caps: normal; font-weight: normal; letter-spacing: normal; orphans: auto; text-align: start; text-transform: none; white-space: normal; widows: auto; word-spacing: 0px; -webkit-text-size-adjust: auto; -webkit-text-stroke-width: 0px; text-decoration: none; line-height: 5.2pt;\"><span style=\"font-size: 9pt; font-family: Tahoma, sans-serif;\"><o:p>&nbsp;</o:p></span></p><p class=\"MsoNormal\" style=\"margin-left:71.0pt;mso-para-margin-left:0gd;\r\ntext-indent:-10.15pt;mso-char-indent-count:0;mso-line-height-alt:0pt;\r\nmso-outline-level:body-text;mso-list:l1 level1 lfo2;mso-hyphenate:auto;\r\ntab-stops:71.0pt;mso-vertical-align-alt:auto\"><!--[if !supportLists]--><span style=\"font-size:9.0pt;mso-bidi-font-size:10.0pt;font-family:&quot;Tahoma&quot;,sans-serif;\r\nmso-fareast-font-family:Tahoma;mso-bidi-font-weight:bold\"><span style=\"mso-list:Ignore\">c.<span style=\"font:7.0pt &quot;Times New Roman&quot;\">&nbsp;&nbsp;</span></span></span><!--[endif]--><span style=\"font-size: 9pt; font-family: Tahoma, sans-serif;\">Upon approval, the DOM is to include this during the budgetary process<o:p></o:p></span></p><p class=\"MsoNormal\" style=\"margin: 0in 0in 0.0001pt; text-indent: -0.1pt; font-size: 10pt; font-family: Calibri, sans-serif; position: relative; top: 0.5pt; caret-color: rgb(0, 0, 0); color: rgb(0, 0, 0); font-style: normal; font-variant-caps: normal; font-weight: normal; letter-spacing: normal; orphans: auto; text-align: start; text-transform: none; white-space: normal; widows: auto; word-spacing: 0px; -webkit-text-size-adjust: auto; -webkit-text-stroke-width: 0px; text-decoration: none; line-height: 0.05pt;\"><span style=\"font-size: 9pt; font-family: Tahoma, sans-serif;\"><o:p>&nbsp;</o:p></span></p><p class=\"MsoNormal\" style=\"margin-left:1.0in;mso-para-margin-left:0gd;\r\ntext-indent:-11.15pt;mso-char-indent-count:0;mso-line-height-alt:0pt;\r\nmso-outline-level:body-text;mso-list:l1 level1 lfo2;mso-hyphenate:auto;\r\ntab-stops:1.0in;mso-vertical-align-alt:auto\"><!--[if !supportLists]--><span style=\"font-size:9.0pt;mso-bidi-font-size:10.0pt;font-family:&quot;Tahoma&quot;,sans-serif;\r\nmso-fareast-font-family:Tahoma;mso-bidi-font-weight:bold\"><span style=\"mso-list:Ignore\">d.<span style=\"font:7.0pt &quot;Times New Roman&quot;\">&nbsp;&nbsp;</span></span></span><!--[endif]--><span style=\"font-size: 9pt; font-family: Tahoma, sans-serif;\">The DOM is to ensure of sufficient, updated &amp; relevant marketing materials for the<o:p></o:p></span></p><p class=\"MsoNormal\" style=\"margin: 0in 0in 0.0001pt; text-indent: -0.1pt; font-size: 10pt; font-family: Calibri, sans-serif; position: relative; top: 0.5pt; caret-color: rgb(0, 0, 0); color: rgb(0, 0, 0); font-style: normal; font-variant-caps: normal; font-weight: normal; letter-spacing: normal; orphans: auto; text-align: start; text-transform: none; white-space: normal; widows: auto; word-spacing: 0px; -webkit-text-size-adjust: auto; -webkit-text-stroke-width: 0px; text-decoration: none; line-height: 1.15pt;\"><span style=\"font-family: &quot;Times New Roman&quot;, serif;\"><o:p>&nbsp;</o:p></span></p><p class=\"MsoNormal\" style=\"margin: 0in 0in 0.0001pt; text-indent: -0.1pt; font-size: 10pt; font-family: Calibri, sans-serif; position: relative; top: 0.5pt; caret-color: rgb(0, 0, 0); color: rgb(0, 0, 0); font-style: normal; font-variant-caps: normal; font-weight: normal; letter-spacing: normal; orphans: auto; text-align: start; text-transform: none; white-space: normal; widows: auto; word-spacing: 0px; -webkit-text-size-adjust: auto; -webkit-text-stroke-width: 0px; text-decoration: none;\"><span style=\"font-size: 9pt; font-family: Tahoma, sans-serif;\">duration of the show at least one (01) month prior to the show<o:p></o:p></span></p><p class=\"MsoNormal\" style=\"margin: 0in 0in 0.0001pt; text-indent: -0.1pt; font-size: 10pt; font-family: Calibri, sans-serif; position: relative; top: 0.5pt; caret-color: rgb(0, 0, 0); color: rgb(0, 0, 0); font-style: normal; font-variant-caps: normal; font-weight: normal; letter-spacing: normal; orphans: auto; text-align: start; text-transform: none; white-space: normal; widows: auto; word-spacing: 0px; -webkit-text-size-adjust: auto; -webkit-text-stroke-width: 0px; text-decoration: none; line-height: 3.05pt;\"><span style=\"font-family: &quot;Times New Roman&quot;, serif;\"><o:p>&nbsp;</o:p></span></p><p class=\"MsoNormal\" style=\"margin: 0in 0in 0.0001pt; text-indent: -0.1pt; font-size: 10pt; font-family: Calibri, sans-serif; position: relative; top: 0.5pt; caret-color: rgb(0, 0, 0); color: rgb(0, 0, 0); font-style: normal; font-variant-caps: normal; font-weight: normal; letter-spacing: normal; orphans: auto; text-align: start; text-transform: none; white-space: normal; widows: auto; word-spacing: 0px; -webkit-text-size-adjust: auto; -webkit-text-stroke-width: 0px; text-decoration: none;\"><span style=\"font-size: 9pt; font-family: Tahoma, sans-serif;\">e. Upon return, the DOM is to follow-up with a cursory email to potential clients with<o:p></o:p></span></p><p class=\"MsoNormal\" style=\"margin: 0in 0in 0.0001pt; text-indent: -0.1pt; font-size: 10pt; font-family: Calibri, sans-serif; position: relative; top: 0.5pt; caret-color: rgb(0, 0, 0); color: rgb(0, 0, 0); font-style: normal; font-variant-caps: normal; font-weight: normal; letter-spacing: normal; orphans: auto; text-align: start; text-transform: none; white-space: normal; widows: auto; word-spacing: 0px; -webkit-text-size-adjust: auto; -webkit-text-stroke-width: 0px; text-decoration: none; line-height: 1pt;\"><span style=\"font-family: &quot;Times New Roman&quot;, serif;\"><o:p>&nbsp;</o:p></span></p><p class=\"MsoNormal\" style=\"margin: 0in 0in 0.0001pt; text-indent: -0.1pt; font-size: 10pt; font-family: Calibri, sans-serif; position: relative; top: 0.5pt; caret-color: rgb(0, 0, 0); color: rgb(0, 0, 0); font-style: normal; font-variant-caps: normal; font-weight: normal; letter-spacing: normal; orphans: auto; text-align: start; text-transform: none; white-space: normal; widows: auto; word-spacing: 0px; -webkit-text-size-adjust: auto; -webkit-text-stroke-width: 0px; text-decoration: none;\"><span style=\"font-size: 9pt; font-family: Tahoma, sans-serif;\">48 hours indicating:<o:p></o:p></span></p><p class=\"MsoNormal\" style=\"margin: 0in 0in 0.0001pt; text-indent: -0.1pt; font-size: 10pt; font-family: Calibri, sans-serif; position: relative; top: 0.5pt; caret-color: rgb(0, 0, 0); color: rgb(0, 0, 0); font-style: normal; font-variant-caps: normal; font-weight: normal; letter-spacing: normal; orphans: auto; text-align: start; text-transform: none; white-space: normal; widows: auto; word-spacing: 0px; -webkit-text-size-adjust: auto; -webkit-text-stroke-width: 0px; text-decoration: none; line-height: 0.2pt;\"><span style=\"font-family: &quot;Times New Roman&quot;, serif;\"><o:p>&nbsp;</o:p></span></p><p class=\"MsoNormal\" style=\"margin-left:118.0pt;mso-para-margin-left:0gd;\r\ntext-indent:-17.55pt;mso-char-indent-count:0;mso-line-height-alt:0pt;\r\nmso-outline-level:body-text;mso-list:l2 level2 lfo3;mso-hyphenate:auto;\r\ntab-stops:118.0pt;mso-vertical-align-alt:auto\"><!--[if !supportLists]--><span style=\"font-size:9.0pt;mso-bidi-font-size:10.0pt;font-family:&quot;Tahoma&quot;,sans-serif;\r\nmso-fareast-font-family:Tahoma;mso-bidi-font-weight:bold\"><span style=\"mso-list:Ignore\">i.<span style=\"font:7.0pt &quot;Times New Roman&quot;\">&nbsp;&nbsp;&nbsp;&nbsp;&nbsp;&nbsp;</span></span></span><!--[endif]--><span style=\"font-size: 9pt; font-family: Tahoma, sans-serif;\">Points discussed on-site<o:p></o:p></span></p><p class=\"MsoNormal\" style=\"margin: 0in 0in 0.0001pt; text-indent: -0.1pt; font-size: 10pt; font-family: Calibri, sans-serif; position: relative; top: 0.5pt; caret-color: rgb(0, 0, 0); color: rgb(0, 0, 0); font-style: normal; font-variant-caps: normal; font-weight: normal; letter-spacing: normal; orphans: auto; text-align: start; text-transform: none; white-space: normal; widows: auto; word-spacing: 0px; -webkit-text-size-adjust: auto; -webkit-text-stroke-width: 0px; text-decoration: none; line-height: 1.6pt;\"><b><span style=\"font-size: 9pt; font-family: Tahoma, sans-serif;\"><o:p>&nbsp;</o:p></span></b></p><p class=\"MsoNormal\" style=\"margin-left:118.0pt;mso-para-margin-left:0gd;\r\ntext-indent:-17.55pt;mso-char-indent-count:0;mso-line-height-alt:0pt;\r\nmso-outline-level:body-text;mso-list:l2 level2 lfo3;mso-hyphenate:auto;\r\ntab-stops:118.0pt;mso-vertical-align-alt:auto\"><!--[if !supportLists]--><span style=\"font-size:9.0pt;mso-bidi-font-size:10.0pt;font-family:&quot;Tahoma&quot;,sans-serif;\r\nmso-fareast-font-family:Tahoma;mso-bidi-font-weight:bold\"><span style=\"mso-list:Ignore\">ii.<span style=\"font:7.0pt &quot;Times New Roman&quot;\">&nbsp;&nbsp;&nbsp;&nbsp;&nbsp;</span></span></span><!--[endif]--><span style=\"font-size: 9pt; font-family: Tahoma, sans-serif;\">Summary of future activities &amp; points of collaboration<o:p></o:p></span></p><p class=\"MsoNormal\" style=\"margin: 0in 0in 0.0001pt; text-indent: -0.1pt; font-size: 10pt; font-family: Calibri, sans-serif; position: relative; top: 0.5pt; caret-color: rgb(0, 0, 0); color: rgb(0, 0, 0); font-style: normal; font-variant-caps: normal; font-weight: normal; letter-spacing: normal; orphans: auto; text-align: start; text-transform: none; white-space: normal; widows: auto; word-spacing: 0px; -webkit-text-size-adjust: auto; -webkit-text-stroke-width: 0px; text-decoration: none; line-height: 0.1pt;\"><b><span style=\"font-size: 9pt; font-family: Tahoma, sans-serif;\"><o:p>&nbsp;</o:p></span></b></p><p class=\"MsoNormal\" style=\"margin: 0in 60pt 0.0001pt 0in; text-indent: -0.1pt; font-size: 10pt; font-family: Calibri, sans-serif; position: relative; top: 0.5pt; caret-color: rgb(0, 0, 0); color: rgb(0, 0, 0); font-style: normal; font-variant-caps: normal; font-weight: normal; letter-spacing: normal; orphans: auto; text-align: start; text-transform: none; white-space: normal; widows: auto; word-spacing: 0px; -webkit-text-size-adjust: auto; -webkit-text-stroke-width: 0px; text-decoration: none; line-height: 13.199999809265137px;\"><span style=\"font-size: 9pt; line-height: 11.880000114440918px; font-family: Tahoma, sans-serif;\">f. DOM to submit a report of the trade show within one (01) week of return CEO to submit all expenditure claims within one (01) week of return<o:p></o:p></span></p><p class=\"MsoNormal\" style=\"margin: 0in 60pt 0.0001pt 0in; text-indent: -0.1pt; font-size: 10pt; font-family: Calibri, sans-serif; position: relative; top: 0.5pt; caret-color: rgb(0, 0, 0); color: rgb(0, 0, 0); font-style: normal; font-variant-caps: normal; font-weight: normal; letter-spacing: normal; orphans: auto; text-align: start; text-transform: none; white-space: normal; widows: auto; word-spacing: 0px; -webkit-text-size-adjust: auto; -webkit-text-stroke-width: 0px; text-decoration: none; line-height: 13.199999809265137px;\"><b><span style=\"font-size: 9pt; line-height: 11.880000114440918px; font-family: Tahoma, sans-serif;\"><o:p>&nbsp;</o:p></span></b></p><p><style class=\"WebKit-mso-list-quirks-style\">\r\n<!--\r\n/* Style Definitions */\r\n p.MsoNormal, li.MsoNormal, div.MsoNormal\r\n	{mso-style-unhide:no;\r\n	mso-style-qformat:yes;\r\n	mso-style-parent:\"\";\r\n	margin-top:0in;\r\n	margin-right:0in;\r\n	margin-bottom:0in;\r\n	margin-left:-.05pt;\r\n	margin-bottom:.0001pt;\r\n	mso-para-margin-top:0in;\r\n	mso-para-margin-right:0in;\r\n	mso-para-margin-bottom:0in;\r\n	mso-para-margin-left:-.01gd;\r\n	mso-para-margin-bottom:.0001pt;\r\n	text-indent:-.05pt;\r\n	mso-char-indent-count:-.01;\r\n	mso-line-height-alt:.05pt;\r\n	mso-pagination:widow-orphan;\r\n	mso-outline-level:1;\r\n	mso-hyphenate:none;\r\n	font-size:10.0pt;\r\n	font-family:\"Calibri\",sans-serif;\r\n	mso-fareast-font-family:Calibri;\r\n	position:relative;\r\n	top:.5pt;\r\n	mso-text-raise:-.5pt;\r\n	mso-bidi-language:AR-SA;}\r\n.MsoChpDefault\r\n	{mso-style-type:export-only;\r\n	mso-default-props:yes;\r\n	font-size:10.0pt;\r\n	mso-ansi-font-size:10.0pt;\r\n	mso-bidi-font-size:10.0pt;\r\n	font-family:\"Calibri\",sans-serif;\r\n	mso-ascii-font-family:Calibri;\r\n	mso-fareast-font-family:Calibri;\r\n	mso-hansi-font-family:Calibri;\r\n	mso-bidi-font-family:Calibri;}\r\n@page WordSection1\r\n	{size:8.5in 11.0in;\r\n	margin:1.0in 1.0in 1.0in 1.0in;\r\n	mso-header-margin:.5in;\r\n	mso-footer-margin:.5in;\r\n	mso-paper-source:0;}\r\ndiv.WordSection1\r\n	{page:WordSection1;}\r\n /* List Definitions */\r\n @list l0\r\n	{mso-list-id:62;\r\n	mso-list-type:hybrid;\r\n	mso-list-template-ids:822890674 -1 -1 -1 -1 -1 -1 -1 -1 -1;}\r\n@list l0:level1\r\n	{mso-level-tab-stop:none;\r\n	mso-level-number-position:left;\r\n	margin-left:0in;\r\n	text-indent:0in;}\r\n@list l0:level2\r\n	{mso-level-number-format:alpha-lower;\r\n	mso-level-text:%2;\r\n	mso-level-tab-stop:none;\r\n	mso-level-number-position:left;\r\n	margin-left:0in;\r\n	text-indent:0in;}\r\n@list l0:level3\r\n	{mso-level-number-format:roman-lower;\r\n	mso-level-tab-stop:none;\r\n	mso-level-number-position:left;\r\n	margin-left:0in;\r\n	text-indent:0in;}\r\n@list l0:level4\r\n	{mso-level-number-format:bullet;\r\n	mso-level-text:\"\";\r\n	mso-level-tab-stop:none;\r\n	mso-level-number-position:left;\r\n	margin-left:0in;\r\n	text-indent:0in;}\r\n@list l0:level5\r\n	{mso-level-number-format:bullet;\r\n	mso-level-text:\"\";\r\n	mso-level-tab-stop:none;\r\n	mso-level-number-position:left;\r\n	margin-left:0in;\r\n	text-indent:0in;}\r\n@list l0:level6\r\n	{mso-level-number-format:bullet;\r\n	mso-level-text:\"\";\r\n	mso-level-tab-stop:none;\r\n	mso-level-number-position:left;\r\n	margin-left:0in;\r\n	text-indent:0in;}\r\n@list l0:level7\r\n	{mso-level-number-format:bullet;\r\n	mso-level-text:\"\";\r\n	mso-level-tab-stop:none;\r\n	mso-level-number-position:left;\r\n	margin-left:0in;\r\n	text-indent:0in;}\r\n@list l0:level8\r\n	{mso-level-number-format:bullet;\r\n	mso-level-text:\"\";\r\n	mso-level-tab-stop:none;\r\n	mso-level-number-position:left;\r\n	margin-left:0in;\r\n	text-indent:0in;}\r\n@list l0:level9\r\n	{mso-level-number-format:bullet;\r\n	mso-level-text:\"\";\r\n	mso-level-tab-stop:none;\r\n	mso-level-number-position:left;\r\n	margin-left:0in;\r\n	text-indent:0in;}\r\n@list l1\r\n	{mso-list-id:64;\r\n	mso-list-type:hybrid;\r\n	mso-list-template-ids:791698926 -1 -1 -1 -1 -1 -1 -1 -1 -1;}\r\n@list l1:level1\r\n	{mso-level-start-at:3;\r\n	mso-level-number-format:alpha-lower;\r\n	mso-level-tab-stop:none;\r\n	mso-level-number-position:left;\r\n	margin-left:0in;\r\n	text-indent:0in;}\r\n@list l1:level2\r\n	{mso-level-number-format:roman-lower;\r\n	mso-level-text:%2;\r\n	mso-level-tab-stop:none;\r\n	mso-level-number-position:left;\r\n	margin-left:0in;\r\n	text-indent:0in;}\r\n@list l1:level3\r\n	{mso-level-number-format:bullet;\r\n	mso-level-text:\"\";\r\n	mso-level-tab-stop:none;\r\n	mso-level-number-position:left;\r\n	margin-left:0in;\r\n	text-indent:0in;}\r\n@list l1:level4\r\n	{mso-level-number-format:bullet;\r\n	mso-level-text:\"\";\r\n	mso-level-tab-stop:none;\r\n	mso-level-number-position:left;\r\n	margin-left:0in;\r\n	text-indent:0in;}\r\n@list l1:level5\r\n	{mso-level-number-format:bullet;\r\n	mso-level-text:\"\";\r\n	mso-level-tab-stop:none;\r\n	mso-level-number-position:left;\r\n	margin-left:0in;\r\n	text-indent:0in;}\r\n@list l1:level6\r\n	{mso-level-number-format:bullet;\r\n	mso-level-text:\"\";\r\n	mso-level-tab-stop:none;\r\n	mso-level-number-position:left;\r\n	margin-left:0in;\r\n	text-indent:0in;}\r\n@list l1:level7\r\n	{mso-level-number-format:bullet;\r\n	mso-level-text:\"\";\r\n	mso-level-tab-stop:none;\r\n	mso-level-number-position:left;\r\n	margin-left:0in;\r\n	text-indent:0in;}\r\n@list l1:level8\r\n	{mso-level-number-format:bullet;\r\n	mso-level-text:\"\";\r\n	mso-level-tab-stop:none;\r\n	mso-level-number-position:left;\r\n	margin-left:0in;\r\n	text-indent:0in;}\r\n@list l1:level9\r\n	{mso-level-number-format:bullet;\r\n	mso-level-text:\"\";\r\n	mso-level-tab-stop:none;\r\n	mso-level-number-position:left;\r\n	margin-left:0in;\r\n	text-indent:0in;}\r\n@list l2\r\n	{mso-list-id:65;\r\n	mso-list-type:hybrid;\r\n	mso-list-template-ids:631704566 -1 -1 -1 -1 -1 -1 -1 -1 -1;}\r\n@list l2:level1\r\n	{mso-level-number-format:alpha-lower;\r\n	mso-level-text:%1;\r\n	mso-level-tab-stop:none;\r\n	mso-level-number-position:left;\r\n	margin-left:0in;\r\n	text-indent:0in;}\r\n@list l2:level2\r\n	{mso-level-number-format:roman-lower;\r\n	mso-level-tab-stop:none;\r\n	mso-level-number-position:left;\r\n	margin-left:0in;\r\n	text-indent:0in;}\r\n@list l2:level3\r\n	{mso-level-number-format:bullet;\r\n	mso-level-text:\"\";\r\n	mso-level-tab-stop:none;\r\n	mso-level-number-position:left;\r\n	margin-left:0in;\r\n	text-indent:0in;}\r\n@list l2:level4\r\n	{mso-level-number-format:bullet;\r\n	mso-level-text:\"\";\r\n	mso-level-tab-stop:none;\r\n	mso-level-number-position:left;\r\n	margin-left:0in;\r\n	text-indent:0in;}\r\n@list l2:level5\r\n	{mso-level-number-format:bullet;\r\n	mso-level-text:\"\";\r\n	mso-level-tab-stop:none;\r\n	mso-level-number-position:left;\r\n	margin-left:0in;\r\n	text-indent:0in;}\r\n@list l2:level6\r\n	{mso-level-number-format:bullet;\r\n	mso-level-text:\"\";\r\n	mso-level-tab-stop:none;\r\n	mso-level-number-position:left;\r\n	margin-left:0in;\r\n	text-indent:0in;}\r\n@list l2:level7\r\n	{mso-level-number-format:bullet;\r\n	mso-level-text:\"\";\r\n	mso-level-tab-stop:none;\r\n	mso-level-number-position:left;\r\n	margin-left:0in;\r\n	text-indent:0in;}\r\n@list l2:level8\r\n	{mso-level-number-format:bullet;\r\n	mso-level-text:\"\";\r\n	mso-level-tab-stop:none;\r\n	mso-level-number-position:left;\r\n	margin-left:0in;\r\n	text-indent:0in;}\r\n@list l2:level9\r\n	{mso-level-number-format:bullet;\r\n	mso-level-text:\"\";\r\n	mso-level-tab-stop:none;\r\n	mso-level-number-position:left;\r\n	margin-left:0in;\r\n	text-indent:0in;}\r\n\r\n-->\r\n</style></p><p class=\"MsoNormal\" style=\"margin-right: 60pt; margin-left: 0in; text-indent: -0.1pt; line-height: 13.199999809265137px;\"><b><span style=\"font-size: 9pt; line-height: 11.880000114440918px; font-family: Tahoma, sans-serif;\"><o:p>&nbsp;</o:p></span></b></p>'), ('8', 'OVERSEAS TRIP OR SALES CALL', '7', '1', '2019-08-30', '1', null, null, '<p class=\"MsoNormal\" align=\"center\" style=\"margin: 0in 60pt 0.0001pt 0in; text-indent: -0.1pt; font-size: 10pt; font-family: Calibri, sans-serif; position: relative; top: 0.5pt; caret-color: rgb(0, 0, 0); color: rgb(0, 0, 0); font-style: normal; font-variant-caps: normal; font-weight: normal; letter-spacing: normal; orphans: auto; text-transform: none; white-space: normal; widows: auto; word-spacing: 0px; -webkit-text-size-adjust: auto; -webkit-text-stroke-width: 0px; text-decoration: none; text-align: center; line-height: 13.199999809265137px;\"><b><u><span style=\"font-size: 9pt; line-height: 11.880000114440918px; font-family: Tahoma, sans-serif;\">OVERSEAS TRIP OR SALES CALL</span></u></b></p><p class=\"MsoNormal\" style=\"margin: 0in 0in 0.0001pt; text-indent: -0.1pt; font-size: 10pt; font-family: Calibri, sans-serif; position: relative; top: 0.5pt; caret-color: rgb(0, 0, 0); color: rgb(0, 0, 0); font-style: normal; font-variant-caps: normal; font-weight: normal; letter-spacing: normal; orphans: auto; text-align: start; text-transform: none; white-space: normal; widows: auto; word-spacing: 0px; -webkit-text-size-adjust: auto; -webkit-text-stroke-width: 0px; text-decoration: none;\"><b><span style=\"font-size: 9.5pt; font-family: Tahoma, sans-serif;\">Standard:<o:p></o:p></span></b></p><p class=\"MsoNormal\" style=\"margin: 0in 0in 0.0001pt; text-indent: -0.1pt; font-size: 10pt; font-family: Calibri, sans-serif; position: relative; top: 0.5pt; caret-color: rgb(0, 0, 0); color: rgb(0, 0, 0); font-style: normal; font-variant-caps: normal; font-weight: normal; letter-spacing: normal; orphans: auto; text-align: start; text-transform: none; white-space: normal; widows: auto; word-spacing: 0px; -webkit-text-size-adjust: auto; -webkit-text-stroke-width: 0px; text-decoration: none; line-height: 1.5pt;\"><span style=\"font-family: &quot;Times New Roman&quot;, serif;\"><o:p>&nbsp;</o:p></span></p><p class=\"MsoNormal\" style=\"margin: 0in 0in 0.0001pt; text-indent: -0.1pt; font-size: 10pt; font-family: Calibri, sans-serif; position: relative; top: 0.5pt; caret-color: rgb(0, 0, 0); color: rgb(0, 0, 0); font-style: normal; font-variant-caps: normal; font-weight: normal; letter-spacing: normal; orphans: auto; text-align: start; text-transform: none; white-space: normal; widows: auto; word-spacing: 0px; -webkit-text-size-adjust: auto; -webkit-text-stroke-width: 0px; text-decoration: none;\"><span style=\"font-size: 9pt; font-family: Tahoma, sans-serif;\">Adherence to standard procedures in the planning of overseas trips<o:p></o:p></span></p><p class=\"MsoNormal\" style=\"margin: 0in 0in 0.0001pt; text-indent: -0.1pt; font-size: 10pt; font-family: Calibri, sans-serif; position: relative; top: 0.5pt; caret-color: rgb(0, 0, 0); color: rgb(0, 0, 0); font-style: normal; font-variant-caps: normal; font-weight: normal; letter-spacing: normal; orphans: auto; text-align: start; text-transform: none; white-space: normal; widows: auto; word-spacing: 0px; -webkit-text-size-adjust: auto; -webkit-text-stroke-width: 0px; text-decoration: none; line-height: 11.2pt;\"><span style=\"font-family: &quot;Times New Roman&quot;, serif;\"><o:p>&nbsp;</o:p></span></p><p class=\"MsoNormal\" style=\"margin: 0in 0in 0.0001pt; text-indent: -0.1pt; font-size: 10pt; font-family: Calibri, sans-serif; position: relative; top: 0.5pt; caret-color: rgb(0, 0, 0); color: rgb(0, 0, 0); font-style: normal; font-variant-caps: normal; font-weight: normal; letter-spacing: normal; orphans: auto; text-align: start; text-transform: none; white-space: normal; widows: auto; word-spacing: 0px; -webkit-text-size-adjust: auto; -webkit-text-stroke-width: 0px; text-decoration: none;\"><b><span style=\"font-size: 9.5pt; font-family: Tahoma, sans-serif;\">Rationale:<o:p></o:p></span></b></p><p class=\"MsoNormal\" style=\"margin: 0in 0in 0.0001pt; text-indent: -0.1pt; font-size: 10pt; font-family: Calibri, sans-serif; position: relative; top: 0.5pt; caret-color: rgb(0, 0, 0); color: rgb(0, 0, 0); font-style: normal; font-variant-caps: normal; font-weight: normal; letter-spacing: normal; orphans: auto; text-align: start; text-transform: none; white-space: normal; widows: auto; word-spacing: 0px; -webkit-text-size-adjust: auto; -webkit-text-stroke-width: 0px; text-decoration: none; line-height: 1.6pt;\"><span style=\"font-family: &quot;Times New Roman&quot;, serif;\"><o:p>&nbsp;</o:p></span></p><p class=\"MsoNormal\" style=\"margin: 0in 25pt 0.0001pt 0in; text-indent: -0.1pt; font-size: 10pt; font-family: Calibri, sans-serif; position: relative; top: 0.5pt; caret-color: rgb(0, 0, 0); color: rgb(0, 0, 0); font-style: normal; font-variant-caps: normal; font-weight: normal; letter-spacing: normal; orphans: auto; text-align: start; text-transform: none; white-space: normal; widows: auto; word-spacing: 0px; -webkit-text-size-adjust: auto; -webkit-text-stroke-width: 0px; text-decoration: none; line-height: 14.533332824707031px;\"><span style=\"font-size: 9pt; line-height: 13.079999923706055px; font-family: Tahoma, sans-serif;\">It is necessary for the Sales Team to conduct overseas travel in order to meet their foreign clients in person. A structured set of procedures will aid in a smoother planning process.<o:p></o:p></span></p><p class=\"MsoNormal\" style=\"margin: 0in 0in 0.0001pt; text-indent: -0.1pt; font-size: 10pt; font-family: Calibri, sans-serif; position: relative; top: 0.5pt; caret-color: rgb(0, 0, 0); color: rgb(0, 0, 0); font-style: normal; font-variant-caps: normal; font-weight: normal; letter-spacing: normal; orphans: auto; text-align: start; text-transform: none; white-space: normal; widows: auto; word-spacing: 0px; -webkit-text-size-adjust: auto; -webkit-text-stroke-width: 0px; text-decoration: none; line-height: 11.25pt;\"><span style=\"font-family: &quot;Times New Roman&quot;, serif;\"><o:p>&nbsp;</o:p></span></p><p class=\"MsoNormal\" style=\"margin: 0in 0in 0.0001pt; text-indent: -0.1pt; font-size: 10pt; font-family: Calibri, sans-serif; position: relative; top: 0.5pt; caret-color: rgb(0, 0, 0); color: rgb(0, 0, 0); font-style: normal; font-variant-caps: normal; font-weight: normal; letter-spacing: normal; orphans: auto; text-align: start; text-transform: none; white-space: normal; widows: auto; word-spacing: 0px; -webkit-text-size-adjust: auto; -webkit-text-stroke-width: 0px; text-decoration: none;\"><b><span style=\"font-size: 9.5pt; font-family: Tahoma, sans-serif;\">Procedure:<o:p></o:p></span></b></p><p class=\"MsoNormal\" style=\"margin: 0in 0in 0.0001pt; text-indent: -0.1pt; font-size: 10pt; font-family: Calibri, sans-serif; position: relative; top: 0.5pt; caret-color: rgb(0, 0, 0); color: rgb(0, 0, 0); font-style: normal; font-variant-caps: normal; font-weight: normal; letter-spacing: normal; orphans: auto; text-align: start; text-transform: none; white-space: normal; widows: auto; word-spacing: 0px; -webkit-text-size-adjust: auto; -webkit-text-stroke-width: 0px; text-decoration: none; line-height: 2.35pt;\"><span style=\"font-family: &quot;Times New Roman&quot;, serif;\"><o:p>&nbsp;</o:p></span></p><p class=\"MsoNormal\" style=\"margin-left:40.0pt;mso-para-margin-left:0gd;\r\ntext-indent:-11.55pt;mso-char-indent-count:0;mso-line-height-alt:0pt;\r\nmso-outline-level:body-text;mso-list:l0 level1 lfo1;mso-hyphenate:auto;\r\ntab-stops:40.0pt;mso-vertical-align-alt:auto\"><!--[if !supportLists]--><b style=\"mso-bidi-font-weight:normal\"><span style=\"font-size:9.0pt;mso-bidi-font-size:\r\n10.0pt;font-family:&quot;Tahoma&quot;,sans-serif;mso-fareast-font-family:Tahoma\"><span style=\"mso-list:Ignore\">1.<span style=\"font:7.0pt &quot;Times New Roman&quot;\">&nbsp;&nbsp;</span></span></span></b><!--[endif]--><b><span style=\"font-size: 9pt; font-family: Tahoma, sans-serif;\">Pre-Travel<o:p></o:p></span></b></p><p class=\"MsoNormal\" style=\"margin-left:1.0in;mso-para-margin-left:0gd;\r\ntext-indent:-11.15pt;mso-char-indent-count:0;line-height:99%;mso-outline-level:\r\nbody-text;mso-list:l0 level2 lfo1;mso-hyphenate:auto;tab-stops:1.0in;\r\nmso-vertical-align-alt:auto\"><!--[if !supportLists]--><b style=\"mso-bidi-font-weight:\r\nnormal\"><span style=\"font-size:9.0pt;mso-bidi-font-size:10.0pt;line-height:\r\n99%;font-family:&quot;Tahoma&quot;,sans-serif;mso-fareast-font-family:Tahoma\"><span style=\"mso-list:Ignore\">a.<span style=\"font:7.0pt &quot;Times New Roman&quot;\">&nbsp;&nbsp;</span></span></span></b><!--[endif]--><b><span style=\"font-size: 9pt; line-height: 11.880000114440918px; font-family: Tahoma, sans-serif;\">SA to submit trip action plan to the DOM 30 days prior to the trip indicating:<o:p></o:p></span></b></p><p class=\"MsoNormal\" style=\"margin: 0in 0in 0.0001pt; text-indent: -0.1pt; font-size: 10pt; font-family: Calibri, sans-serif; position: relative; top: 0.5pt; caret-color: rgb(0, 0, 0); color: rgb(0, 0, 0); font-style: normal; font-variant-caps: normal; font-weight: normal; letter-spacing: normal; orphans: auto; text-align: start; text-transform: none; white-space: normal; widows: auto; word-spacing: 0px; -webkit-text-size-adjust: auto; -webkit-text-stroke-width: 0px; text-decoration: none; line-height: 1.75pt;\"><b><span style=\"font-size: 9pt; font-family: Tahoma, sans-serif;\"><o:p>&nbsp;</o:p></span></b></p><p class=\"MsoNormal\" style=\"margin-left:118.0pt;mso-para-margin-left:0gd;\r\ntext-indent:-17.55pt;mso-char-indent-count:0;mso-line-height-alt:0pt;\r\nmso-outline-level:body-text;mso-list:l0 level4 lfo1;mso-hyphenate:auto;\r\ntab-stops:118.0pt;mso-vertical-align-alt:auto\"><!--[if !supportLists]--><span style=\"font-size:9.0pt;mso-bidi-font-size:10.0pt;font-family:&quot;Tahoma&quot;,sans-serif;\r\nmso-fareast-font-family:Tahoma;mso-bidi-font-weight:bold\"><span style=\"mso-list:Ignore\">i.<span style=\"font:7.0pt &quot;Times New Roman&quot;\">&nbsp;&nbsp;&nbsp;&nbsp;&nbsp;&nbsp;</span></span></span><!--[endif]--><span style=\"font-size: 9pt; font-family: Tahoma, sans-serif;\">Objective of trip<o:p></o:p></span></p><p class=\"MsoNormal\" style=\"margin: 0in 0in 0.0001pt; text-indent: -0.1pt; font-size: 10pt; font-family: Calibri, sans-serif; position: relative; top: 0.5pt; caret-color: rgb(0, 0, 0); color: rgb(0, 0, 0); font-style: normal; font-variant-caps: normal; font-weight: normal; letter-spacing: normal; orphans: auto; text-align: start; text-transform: none; white-space: normal; widows: auto; word-spacing: 0px; -webkit-text-size-adjust: auto; -webkit-text-stroke-width: 0px; text-decoration: none; line-height: 1.85pt;\"><span style=\"font-size: 9pt; font-family: Tahoma, sans-serif;\"><o:p>&nbsp;</o:p></span></p><p class=\"MsoNormal\" style=\"margin-left:118.0pt;mso-para-margin-left:0gd;\r\ntext-indent:-17.55pt;mso-char-indent-count:0;mso-line-height-alt:0pt;\r\nmso-outline-level:body-text;mso-list:l0 level4 lfo1;mso-hyphenate:auto;\r\ntab-stops:118.0pt;mso-vertical-align-alt:auto\"><!--[if !supportLists]--><span style=\"font-size:9.0pt;mso-bidi-font-size:10.0pt;font-family:&quot;Tahoma&quot;,sans-serif;\r\nmso-fareast-font-family:Tahoma;mso-bidi-font-weight:bold\"><span style=\"mso-list:Ignore\">ii.<span style=\"font:7.0pt &quot;Times New Roman&quot;\">&nbsp;&nbsp;&nbsp;&nbsp;&nbsp;</span></span></span><!--[endif]--><span style=\"font-size: 9pt; font-family: Tahoma, sans-serif;\">Target account visits<o:p></o:p></span></p><p class=\"MsoNormal\" style=\"margin: 0in 0in 0.0001pt; text-indent: -0.1pt; font-size: 10pt; font-family: Calibri, sans-serif; position: relative; top: 0.5pt; caret-color: rgb(0, 0, 0); color: rgb(0, 0, 0); font-style: normal; font-variant-caps: normal; font-weight: normal; letter-spacing: normal; orphans: auto; text-align: start; text-transform: none; white-space: normal; widows: auto; word-spacing: 0px; -webkit-text-size-adjust: auto; -webkit-text-stroke-width: 0px; text-decoration: none; line-height: 0.05pt;\"><span style=\"font-size: 9pt; font-family: Tahoma, sans-serif;\"><o:p>&nbsp;</o:p></span></p><p class=\"MsoNormal\" style=\"margin-left:118.0pt;mso-para-margin-left:0gd;\r\ntext-indent:-17.55pt;mso-char-indent-count:0;mso-line-height-alt:0pt;\r\nmso-outline-level:body-text;mso-list:l0 level4 lfo1;mso-hyphenate:auto;\r\ntab-stops:118.0pt;mso-vertical-align-alt:auto\"><!--[if !supportLists]--><span style=\"font-size:9.0pt;mso-bidi-font-size:10.0pt;font-family:&quot;Tahoma&quot;,sans-serif;\r\nmso-fareast-font-family:Tahoma;mso-bidi-font-weight:bold\"><span style=\"mso-list:Ignore\">iii.<span style=\"font:7.0pt &quot;Times New Roman&quot;\">&nbsp;&nbsp;&nbsp;&nbsp;</span></span></span><!--[endif]--><span style=\"font-size: 9pt; font-family: Tahoma, sans-serif;\">Proposed itinerary<o:p></o:p></span></p><p class=\"MsoNormal\" style=\"margin: 0in 0in 0.0001pt; text-indent: -0.1pt; font-size: 10pt; font-family: Calibri, sans-serif; position: relative; top: 0.5pt; caret-color: rgb(0, 0, 0); color: rgb(0, 0, 0); font-style: normal; font-variant-caps: normal; font-weight: normal; letter-spacing: normal; orphans: auto; text-align: start; text-transform: none; white-space: normal; widows: auto; word-spacing: 0px; -webkit-text-size-adjust: auto; -webkit-text-stroke-width: 0px; text-decoration: none; line-height: 1.7pt;\"><span style=\"font-size: 9pt; font-family: Tahoma, sans-serif;\"><o:p>&nbsp;</o:p></span></p><p class=\"MsoNormal\" style=\"margin-left:118.0pt;mso-para-margin-left:0gd;\r\ntext-indent:-17.55pt;mso-char-indent-count:0;mso-line-height-alt:0pt;\r\nmso-outline-level:body-text;mso-list:l0 level4 lfo1;mso-hyphenate:auto;\r\ntab-stops:118.0pt;mso-vertical-align-alt:auto\"><!--[if !supportLists]--><span style=\"font-size:9.0pt;mso-bidi-font-size:10.0pt;font-family:&quot;Tahoma&quot;,sans-serif;\r\nmso-fareast-font-family:Tahoma;mso-bidi-font-weight:bold\"><span style=\"mso-list:Ignore\">iv.<span style=\"font:7.0pt &quot;Times New Roman&quot;\">&nbsp;&nbsp;&nbsp;</span></span></span><!--[endif]--><span style=\"font-size: 9pt; font-family: Tahoma, sans-serif;\">Anticipated expenses<o:p></o:p></span></p><p class=\"MsoNormal\" style=\"margin: 0in 0in 0.0001pt; text-indent: -0.1pt; font-size: 10pt; font-family: Calibri, sans-serif; position: relative; top: 0.5pt; caret-color: rgb(0, 0, 0); color: rgb(0, 0, 0); font-style: normal; font-variant-caps: normal; font-weight: normal; letter-spacing: normal; orphans: auto; text-align: start; text-transform: none; white-space: normal; widows: auto; word-spacing: 0px; -webkit-text-size-adjust: auto; -webkit-text-stroke-width: 0px; text-decoration: none; line-height: 1.9pt;\"><b><span style=\"font-size: 9pt; font-family: Tahoma, sans-serif;\"><o:p>&nbsp;</o:p></span></b></p><p class=\"MsoNormal\" style=\"margin-top:0in;margin-right:24.0pt;margin-bottom:\r\n0in;margin-left:79.0pt;margin-bottom:.0001pt;mso-para-margin-top:0in;\r\nmso-para-margin-right:24.0pt;mso-para-margin-bottom:0in;mso-para-margin-left:\r\n0gd;mso-para-margin-bottom:.0001pt;text-indent:-18.15pt;mso-char-indent-count:\r\n0;line-height:110%;mso-outline-level:body-text;mso-list:l0 level2 lfo1;\r\nmso-hyphenate:auto;tab-stops:72.15pt;mso-vertical-align-alt:auto\"><!--[if !supportLists]--><b style=\"mso-bidi-font-weight:normal\"><span style=\"font-size:9.0pt;mso-bidi-font-size:\r\n10.0pt;line-height:110%;font-family:&quot;Tahoma&quot;,sans-serif;mso-fareast-font-family:\r\nTahoma\"><span style=\"mso-list:Ignore\">b.<span style=\"font:7.0pt &quot;Times New Roman&quot;\">&nbsp;</span></span></span></b><!--[endif]--><b><span style=\"font-size: 9pt; line-height: 13.199999809265137px; font-family: Tahoma, sans-serif;\">SA to submit the Travel Authorization Form at least 21 days prior to the following for signature:<o:p></o:p></span></b></p><p class=\"MsoNormal\" style=\"margin: 0in 0in 0.0001pt; text-indent: -0.1pt; font-size: 10pt; font-family: Calibri, sans-serif; position: relative; top: 0.5pt; caret-color: rgb(0, 0, 0); color: rgb(0, 0, 0); font-style: normal; font-variant-caps: normal; font-weight: normal; letter-spacing: normal; orphans: auto; text-align: start; text-transform: none; white-space: normal; widows: auto; word-spacing: 0px; -webkit-text-size-adjust: auto; -webkit-text-stroke-width: 0px; text-decoration: none; line-height: 0.05pt;\"><b><span style=\"font-size: 9pt; font-family: Tahoma, sans-serif;\"><o:p>&nbsp;</o:p></span></b></p><p class=\"MsoNormal\" style=\"margin-left:118.0pt;mso-para-margin-left:0gd;\r\ntext-indent:-17.55pt;mso-char-indent-count:0;mso-line-height-alt:0pt;\r\nmso-outline-level:body-text;mso-list:l0 level4 lfo1;mso-hyphenate:auto;\r\ntab-stops:118.0pt;mso-vertical-align-alt:auto\"><!--[if !supportLists]--><span style=\"font-size:9.0pt;mso-bidi-font-size:10.0pt;font-family:&quot;Tahoma&quot;,sans-serif;\r\nmso-fareast-font-family:Tahoma;mso-bidi-font-weight:bold\"><span style=\"mso-list:Ignore\">i.<span style=\"font:7.0pt &quot;Times New Roman&quot;\">&nbsp;&nbsp;&nbsp;&nbsp;&nbsp;&nbsp;</span></span></span><!--[endif]--><span style=\"font-size: 9pt; font-family: Tahoma, sans-serif;\">CEO<o:p></o:p></span></p><p class=\"MsoNormal\" style=\"margin: 0in 0in 0.0001pt; text-indent: -0.1pt; font-size: 10pt; font-family: Calibri, sans-serif; position: relative; top: 0.5pt; caret-color: rgb(0, 0, 0); color: rgb(0, 0, 0); font-style: normal; font-variant-caps: normal; font-weight: normal; letter-spacing: normal; orphans: auto; text-align: start; text-transform: none; white-space: normal; widows: auto; word-spacing: 0px; -webkit-text-size-adjust: auto; -webkit-text-stroke-width: 0px; text-decoration: none; line-height: 1.7pt;\"><b><span style=\"font-size: 9pt; font-family: Tahoma, sans-serif;\"><o:p>&nbsp;</o:p></span></b></p><p class=\"MsoNormal\" style=\"margin-left:40.0pt;mso-para-margin-left:0gd;\r\ntext-indent:-11.55pt;mso-char-indent-count:0;mso-line-height-alt:0pt;\r\nmso-outline-level:body-text;mso-list:l0 level1 lfo1;mso-hyphenate:auto;\r\ntab-stops:40.0pt;mso-vertical-align-alt:auto\"><!--[if !supportLists]--><b style=\"mso-bidi-font-weight:normal\"><span style=\"font-size:9.0pt;mso-bidi-font-size:\r\n10.0pt;font-family:&quot;Tahoma&quot;,sans-serif;mso-fareast-font-family:Tahoma\"><span style=\"mso-list:Ignore\">2.<span style=\"font:7.0pt &quot;Times New Roman&quot;\">&nbsp;&nbsp;</span></span></span></b><!--[endif]--><b><span style=\"font-size: 9pt; font-family: Tahoma, sans-serif;\">Duration of Trip<o:p></o:p></span></b></p><p class=\"MsoNormal\" style=\"margin: 0in 0in 0.0001pt; text-indent: -0.1pt; font-size: 10pt; font-family: Calibri, sans-serif; position: relative; top: 0.5pt; caret-color: rgb(0, 0, 0); color: rgb(0, 0, 0); font-style: normal; font-variant-caps: normal; font-weight: normal; letter-spacing: normal; orphans: auto; text-align: start; text-transform: none; white-space: normal; widows: auto; word-spacing: 0px; -webkit-text-size-adjust: auto; -webkit-text-stroke-width: 0px; text-decoration: none; line-height: 0.05pt;\"><b><span style=\"font-size: 9pt; font-family: Tahoma, sans-serif;\"><o:p>&nbsp;</o:p></span></b></p><p class=\"MsoNormal\" style=\"margin-left:1.0in;mso-para-margin-left:0gd;\r\ntext-indent:-11.15pt;mso-char-indent-count:0;mso-line-height-alt:0pt;\r\nmso-outline-level:body-text;mso-list:l0 level2 lfo1;mso-hyphenate:auto;\r\ntab-stops:1.0in;mso-vertical-align-alt:auto\"><!--[if !supportLists]--><span style=\"font-size:9.0pt;mso-bidi-font-size:10.0pt;font-family:&quot;Tahoma&quot;,sans-serif;\r\nmso-fareast-font-family:Tahoma;mso-bidi-font-weight:bold\"><span style=\"mso-list:Ignore\">a.<span style=\"font:7.0pt &quot;Times New Roman&quot;\">&nbsp;&nbsp;</span></span></span><!--[endif]--><span style=\"font-size: 9pt; font-family: Tahoma, sans-serif;\">SA to ensure at least five (05) sales calls daily, and these should include:<o:p></o:p></span></p><p class=\"MsoNormal\" style=\"margin: 0in 0in 0.0001pt; text-indent: -0.1pt; font-size: 10pt; font-family: Calibri, sans-serif; position: relative; top: 0.5pt; caret-color: rgb(0, 0, 0); color: rgb(0, 0, 0); font-style: normal; font-variant-caps: normal; font-weight: normal; letter-spacing: normal; orphans: auto; text-align: start; text-transform: none; white-space: normal; widows: auto; word-spacing: 0px; -webkit-text-size-adjust: auto; -webkit-text-stroke-width: 0px; text-decoration: none; line-height: 1.7pt;\"><span style=\"font-size: 9pt; font-family: Tahoma, sans-serif;\"><o:p>&nbsp;</o:p></span></p><p class=\"MsoNormal\" style=\"margin-left:1.0in;mso-para-margin-left:0gd;\r\ntext-indent:-11.15pt;mso-char-indent-count:0;mso-line-height-alt:0pt;\r\nmso-outline-level:body-text;mso-list:l0 level2 lfo1;mso-hyphenate:auto;\r\ntab-stops:1.0in;mso-vertical-align-alt:auto\"><!--[if !supportLists]--><span style=\"font-size:9.0pt;mso-bidi-font-size:10.0pt;font-family:&quot;Tahoma&quot;,sans-serif;\r\nmso-fareast-font-family:Tahoma;mso-bidi-font-weight:bold\"><span style=\"mso-list:Ignore\">b.<span style=\"font:7.0pt &quot;Times New Roman&quot;\">&nbsp;&nbsp;</span></span></span><!--[endif]--><span style=\"font-size: 9pt; font-family: Tahoma, sans-serif;\">SA is to ensure that appointments are conducted with key decision makers<o:p></o:p></span></p><p class=\"MsoNormal\" style=\"margin: 0in 0in 0.0001pt; text-indent: -0.1pt; font-size: 10pt; font-family: Calibri, sans-serif; position: relative; top: 0.5pt; caret-color: rgb(0, 0, 0); color: rgb(0, 0, 0); font-style: normal; font-variant-caps: normal; font-weight: normal; letter-spacing: normal; orphans: auto; text-align: start; text-transform: none; white-space: normal; widows: auto; word-spacing: 0px; -webkit-text-size-adjust: auto; -webkit-text-stroke-width: 0px; text-decoration: none; line-height: 1.9pt;\"><span style=\"font-size: 9pt; font-family: Tahoma, sans-serif;\"><o:p>&nbsp;</o:p></span></p><p class=\"MsoNormal\" style=\"margin-top:0in;margin-right:23.0pt;margin-bottom:\r\n0in;margin-left:79.0pt;margin-bottom:.0001pt;mso-para-margin-top:0in;\r\nmso-para-margin-right:23.0pt;mso-para-margin-bottom:0in;mso-para-margin-left:\r\n0gd;mso-para-margin-bottom:.0001pt;text-indent:-18.15pt;mso-char-indent-count:\r\n0;line-height:109%;mso-outline-level:body-text;mso-list:l0 level2 lfo1;\r\nmso-hyphenate:auto;tab-stops:71.2pt;mso-vertical-align-alt:auto\"><!--[if !supportLists]--><span style=\"font-size:9.0pt;mso-bidi-font-size:10.0pt;line-height:109%;font-family:\r\n&quot;Tahoma&quot;,sans-serif;mso-fareast-font-family:Tahoma;mso-bidi-font-weight:bold\"><span style=\"mso-list:Ignore\">c.<span style=\"font:7.0pt &quot;Times New Roman&quot;\">&nbsp;&nbsp;</span></span></span><!--[endif]--><span style=\"font-size: 9pt; line-height: 13.079999923706055px; font-family: Tahoma, sans-serif;\">SA are to ensure that the most updated materials and information are highlighted and handed out during the meeting<o:p></o:p></span></p><p class=\"MsoNormal\" style=\"margin-left:1.0in;mso-para-margin-left:0gd;\r\ntext-indent:-11.15pt;mso-char-indent-count:0;mso-line-height-alt:0pt;\r\nmso-outline-level:body-text;mso-list:l0 level2 lfo1;mso-hyphenate:auto;\r\ntab-stops:1.0in;mso-vertical-align-alt:auto\"><!--[if !supportLists]--><span style=\"font-size:9.0pt;mso-bidi-font-size:10.0pt;font-family:&quot;Tahoma&quot;,sans-serif;\r\nmso-fareast-font-family:Tahoma;mso-bidi-font-weight:bold\"><span style=\"mso-list:Ignore\">d.<span style=\"font:7.0pt &quot;Times New Roman&quot;\">&nbsp;&nbsp;</span></span></span><!--[endif]--><span style=\"font-size: 9pt; font-family: Tahoma, sans-serif;\">SA are to document all meetings with a daily activity report<o:p></o:p></span></p><p class=\"MsoNormal\" style=\"margin: 0in 0in 0.0001pt; text-indent: -0.1pt; font-size: 10pt; font-family: Calibri, sans-serif; position: relative; top: 0.5pt; caret-color: rgb(0, 0, 0); color: rgb(0, 0, 0); font-style: normal; font-variant-caps: normal; font-weight: normal; letter-spacing: normal; orphans: auto; text-align: start; text-transform: none; white-space: normal; widows: auto; word-spacing: 0px; -webkit-text-size-adjust: auto; -webkit-text-stroke-width: 0px; text-decoration: none; line-height: 0.85pt;\"><b><span style=\"font-size: 9pt; font-family: Tahoma, sans-serif;\"><o:p>&nbsp;</o:p></span></b></p><p class=\"MsoNormal\" style=\"margin-left:40.0pt;mso-para-margin-left:0gd;\r\ntext-indent:-11.55pt;mso-char-indent-count:0;mso-line-height-alt:0pt;\r\nmso-outline-level:body-text;mso-list:l0 level1 lfo1;mso-hyphenate:auto;\r\ntab-stops:40.0pt;mso-vertical-align-alt:auto\"><!--[if !supportLists]--><b style=\"mso-bidi-font-weight:normal\"><span style=\"font-size:9.0pt;mso-bidi-font-size:\r\n10.0pt;font-family:&quot;Tahoma&quot;,sans-serif;mso-fareast-font-family:Tahoma\"><span style=\"mso-list:Ignore\">3.<span style=\"font:7.0pt &quot;Times New Roman&quot;\">&nbsp;&nbsp;</span></span></span></b><!--[endif]--><b><span style=\"font-size: 9pt; font-family: Tahoma, sans-serif;\">Post-Travel<o:p></o:p></span></b></p><p class=\"MsoNormal\" style=\"margin: 0in 0in 0.0001pt; text-indent: -0.1pt; font-size: 10pt; font-family: Calibri, sans-serif; position: relative; top: 0.5pt; caret-color: rgb(0, 0, 0); color: rgb(0, 0, 0); font-style: normal; font-variant-caps: normal; font-weight: normal; letter-spacing: normal; orphans: auto; text-align: start; text-transform: none; white-space: normal; widows: auto; word-spacing: 0px; -webkit-text-size-adjust: auto; -webkit-text-stroke-width: 0px; text-decoration: none; line-height: 1.6pt;\"><b><span style=\"font-size: 9pt; font-family: Tahoma, sans-serif;\"><o:p>&nbsp;</o:p></span></b></p><p class=\"MsoNormal\" style=\"margin-left:86.0pt;mso-para-margin-left:0gd;\r\ntext-indent:-21.55pt;mso-char-indent-count:0;mso-line-height-alt:0pt;\r\nmso-outline-level:body-text;mso-list:l0 level3 lfo1;mso-hyphenate:auto;\r\ntab-stops:86.0pt;mso-vertical-align-alt:auto\"><!--[if !supportLists]--><span style=\"font-size:9.0pt;mso-bidi-font-size:10.0pt;font-family:&quot;Tahoma&quot;,sans-serif;\r\nmso-fareast-font-family:Tahoma;mso-bidi-font-weight:bold\"><span style=\"mso-list:Ignore\">a.<span style=\"font:7.0pt &quot;Times New Roman&quot;\">&nbsp;&nbsp;&nbsp;&nbsp;&nbsp;&nbsp;</span></span></span><!--[endif]--><span style=\"font-size: 9pt; font-family: Tahoma, sans-serif;\">SA to ensure follow-up with clients within 48 hours of return to the office<o:p></o:p></span></p><p class=\"MsoNormal\" style=\"margin: 0in 0in 0.0001pt; text-indent: -0.1pt; font-size: 10pt; font-family: Calibri, sans-serif; position: relative; top: 0.5pt; caret-color: rgb(0, 0, 0); color: rgb(0, 0, 0); font-style: normal; font-variant-caps: normal; font-weight: normal; letter-spacing: normal; orphans: auto; text-align: start; text-transform: none; white-space: normal; widows: auto; word-spacing: 0px; -webkit-text-size-adjust: auto; -webkit-text-stroke-width: 0px; text-decoration: none; line-height: 0.05pt;\"><span style=\"font-size: 9pt; font-family: Tahoma, sans-serif;\"><o:p>&nbsp;</o:p></span></p><p class=\"MsoNormal\" style=\"margin-left:86.0pt;mso-para-margin-left:0gd;\r\ntext-indent:-21.55pt;mso-char-indent-count:0;mso-line-height-alt:0pt;\r\nmso-outline-level:body-text;mso-list:l0 level3 lfo1;mso-hyphenate:auto;\r\ntab-stops:86.0pt;mso-vertical-align-alt:auto\"><!--[if !supportLists]--><span style=\"font-size:9.0pt;mso-bidi-font-size:10.0pt;font-family:&quot;Tahoma&quot;,sans-serif;\r\nmso-fareast-font-family:Tahoma;mso-bidi-font-weight:bold\"><span style=\"mso-list:Ignore\">b.<span style=\"font:7.0pt &quot;Times New Roman&quot;\">&nbsp;&nbsp;&nbsp;&nbsp;&nbsp;&nbsp;</span></span></span><!--[endif]--><span style=\"font-size: 9pt; font-family: Tahoma, sans-serif;\">SA to submit the Expense Claim Form with supporting receipts<o:p></o:p></span></p><p class=\"MsoNormal\" style=\"margin: 0in 0in 0.0001pt; text-indent: -0.1pt; font-size: 10pt; font-family: Calibri, sans-serif; position: relative; top: 0.5pt; caret-color: rgb(0, 0, 0); color: rgb(0, 0, 0); font-style: normal; font-variant-caps: normal; font-weight: normal; letter-spacing: normal; orphans: auto; text-align: start; text-transform: none; white-space: normal; widows: auto; word-spacing: 0px; -webkit-text-size-adjust: auto; -webkit-text-stroke-width: 0px; text-decoration: none; line-height: 1.8pt;\"><span style=\"font-size: 9pt; font-family: Tahoma, sans-serif;\"><o:p>&nbsp;</o:p></span></p><p class=\"MsoNormal\" style=\"margin-top:0in;margin-right:32.0pt;margin-bottom:\r\n0in;margin-left:86.0pt;margin-bottom:.0001pt;mso-para-margin-top:0in;\r\nmso-para-margin-right:32.0pt;mso-para-margin-bottom:0in;mso-para-margin-left:\r\n0gd;mso-para-margin-bottom:.0001pt;text-indent:-21.55pt;mso-char-indent-count:\r\n0;line-height:109%;mso-outline-level:body-text;mso-list:l0 level3 lfo1;\r\nmso-hyphenate:auto;tab-stops:86.0pt;mso-vertical-align-alt:auto\"><!--[if !supportLists]--><span style=\"font-size:9.0pt;mso-bidi-font-size:10.0pt;line-height:109%;font-family:\r\n&quot;Tahoma&quot;,sans-serif;mso-fareast-font-family:Tahoma;mso-bidi-font-weight:bold\"><span style=\"mso-list:Ignore\">c.<span style=\"font:7.0pt &quot;Times New Roman&quot;\">&nbsp;&nbsp;&nbsp;&nbsp;&nbsp;&nbsp;&nbsp;</span></span></span><!--[endif]--><span style=\"font-size: 9pt; line-height: 13.079999923706055px; font-family: Tahoma, sans-serif;\">SA to prepare a trip &amp; expenditure report within seven (07) days of return with the following:<o:p></o:p></span></p><p class=\"MsoNormal\" style=\"margin-left:118.0pt;mso-para-margin-left:0gd;\r\ntext-indent:-17.55pt;mso-char-indent-count:0;mso-line-height-alt:0pt;\r\nmso-outline-level:body-text;mso-list:l0 level4 lfo1;mso-hyphenate:auto;\r\ntab-stops:118.0pt;mso-vertical-align-alt:auto\"><!--[if !supportLists]--><span style=\"font-size:9.0pt;mso-bidi-font-size:10.0pt;font-family:&quot;Tahoma&quot;,sans-serif;\r\nmso-fareast-font-family:Tahoma;mso-bidi-font-weight:bold\"><span style=\"mso-list:Ignore\">i.<span style=\"font:7.0pt &quot;Times New Roman&quot;\">&nbsp;&nbsp;&nbsp;&nbsp;&nbsp;&nbsp;</span></span></span><!--[endif]--><span style=\"font-size: 9pt; font-family: Tahoma, sans-serif;\">Dates &amp; Objective of trip<o:p></o:p></span></p><p class=\"MsoNormal\" style=\"margin: 0in 0in 0.0001pt; text-indent: -0.1pt; font-size: 10pt; font-family: Calibri, sans-serif; position: relative; top: 0.5pt; caret-color: rgb(0, 0, 0); color: rgb(0, 0, 0); font-style: normal; font-variant-caps: normal; font-weight: normal; letter-spacing: normal; orphans: auto; text-align: start; text-transform: none; white-space: normal; widows: auto; word-spacing: 0px; -webkit-text-size-adjust: auto; -webkit-text-stroke-width: 0px; text-decoration: none; line-height: 1.85pt;\"><span style=\"font-size: 9pt; font-family: Tahoma, sans-serif;\"><o:p>&nbsp;</o:p></span></p><p class=\"MsoNormal\" style=\"margin-left:118.0pt;mso-para-margin-left:0gd;\r\ntext-indent:-17.55pt;mso-char-indent-count:0;mso-line-height-alt:0pt;\r\nmso-outline-level:body-text;mso-list:l0 level4 lfo1;mso-hyphenate:auto;\r\ntab-stops:118.0pt;mso-vertical-align-alt:auto\"><!--[if !supportLists]--><span style=\"font-size:9.0pt;mso-bidi-font-size:10.0pt;font-family:&quot;Tahoma&quot;,sans-serif;\r\nmso-fareast-font-family:Tahoma;mso-bidi-font-weight:bold\"><span style=\"mso-list:Ignore\">ii.<span style=\"font:7.0pt &quot;Times New Roman&quot;\">&nbsp;&nbsp;&nbsp;&nbsp;&nbsp;</span></span></span><!--[endif]--><span style=\"font-size: 9pt; font-family: Tahoma, sans-serif;\">Clients visited and follow-up action<o:p></o:p></span></p><p class=\"MsoNormal\" style=\"margin-left:118.0pt;mso-para-margin-left:0gd;\r\ntext-indent:-17.55pt;mso-char-indent-count:0;line-height:99%;mso-outline-level:\r\nbody-text;mso-list:l0 level4 lfo1;mso-hyphenate:auto;tab-stops:118.0pt;\r\nmso-vertical-align-alt:auto\"><!--[if !supportLists]--><span style=\"font-size:9.0pt;\r\nmso-bidi-font-size:10.0pt;line-height:99%;font-family:&quot;Tahoma&quot;,sans-serif;\r\nmso-fareast-font-family:Tahoma;mso-bidi-font-weight:bold\"><span style=\"mso-list:Ignore\">iii.<span style=\"font:7.0pt &quot;Times New Roman&quot;\">&nbsp;&nbsp;&nbsp;&nbsp;</span></span></span><!--[endif]--><span style=\"font-size: 9pt; line-height: 11.880000114440918px; font-family: Tahoma, sans-serif;\">Report of production concluded if any (leads / tentative / definite)<o:p></o:p></span></p><p class=\"MsoNormal\" style=\"margin: 0in 0in 0.0001pt; text-indent: -0.1pt; font-size: 10pt; font-family: Calibri, sans-serif; position: relative; top: 0.5pt; caret-color: rgb(0, 0, 0); color: rgb(0, 0, 0); font-style: normal; font-variant-caps: normal; font-weight: normal; letter-spacing: normal; orphans: auto; text-align: start; text-transform: none; white-space: normal; widows: auto; word-spacing: 0px; -webkit-text-size-adjust: auto; -webkit-text-stroke-width: 0px; text-decoration: none; line-height: 0.05pt;\"><span style=\"font-size: 9pt; font-family: Tahoma, sans-serif;\"><o:p>&nbsp;</o:p></span></p><p class=\"MsoNormal\" style=\"margin-left:118.0pt;mso-para-margin-left:0gd;\r\ntext-indent:-17.55pt;mso-char-indent-count:0;mso-line-height-alt:0pt;\r\nmso-outline-level:body-text;mso-list:l0 level4 lfo1;mso-hyphenate:auto;\r\ntab-stops:118.0pt;mso-vertical-align-alt:auto\"><!--[if !supportLists]--><span style=\"font-size:9.0pt;mso-bidi-font-size:10.0pt;font-family:&quot;Tahoma&quot;,sans-serif;\r\nmso-fareast-font-family:Tahoma;mso-bidi-font-weight:bold\"><span style=\"mso-list:Ignore\">iv.<span style=\"font:7.0pt &quot;Times New Roman&quot;\">&nbsp;&nbsp;&nbsp;</span></span></span><!--[endif]--><span style=\"font-size: 9pt; font-family: Tahoma, sans-serif;\">Proposals / Contracts sent</span></p><style class=\"WebKit-mso-list-quirks-style\">\r\n<!--\r\n/* Style Definitions */\r\n p.MsoNormal, li.MsoNormal, div.MsoNormal\r\n	{mso-style-unhide:no;\r\n	mso-style-qformat:yes;\r\n	mso-style-parent:\"\";\r\n	margin-top:0in;\r\n	margin-right:0in;\r\n	margin-bottom:0in;\r\n	margin-left:-.05pt;\r\n	margin-bottom:.0001pt;\r\n	mso-para-margin-top:0in;\r\n	mso-para-margin-right:0in;\r\n	mso-para-margin-bottom:0in;\r\n	mso-para-margin-left:-.01gd;\r\n	mso-para-margin-bottom:.0001pt;\r\n	text-indent:-.05pt;\r\n	mso-char-indent-count:-.01;\r\n	mso-line-height-alt:.05pt;\r\n	mso-pagination:widow-orphan;\r\n	mso-outline-level:1;\r\n	mso-hyphenate:none;\r\n	font-size:10.0pt;\r\n	font-family:\"Calibri\",sans-serif;\r\n	mso-fareast-font-family:Calibri;\r\n	position:relative;\r\n	top:.5pt;\r\n	mso-text-raise:-.5pt;\r\n	mso-bidi-language:AR-SA;}\r\n.MsoChpDefault\r\n	{mso-style-type:export-only;\r\n	mso-default-props:yes;\r\n	font-size:10.0pt;\r\n	mso-ansi-font-size:10.0pt;\r\n	mso-bidi-font-size:10.0pt;\r\n	font-family:\"Calibri\",sans-serif;\r\n	mso-ascii-font-family:Calibri;\r\n	mso-fareast-font-family:Calibri;\r\n	mso-hansi-font-family:Calibri;\r\n	mso-bidi-font-family:Calibri;}\r\n@page WordSection1\r\n	{size:8.5in 11.0in;\r\n	margin:1.0in 1.25in 1.0in 1.25in;\r\n	mso-header-margin:.5in;\r\n	mso-footer-margin:.5in;\r\n	mso-paper-source:0;}\r\ndiv.WordSection1\r\n	{page:WordSection1;}\r\n /* List Definitions */\r\n @list l0\r\n	{mso-list-id:66;\r\n	mso-list-type:hybrid;\r\n	mso-list-template-ids:498777856 -1 -1 -1 -1 -1 -1 -1 -1 -1;}\r\n@list l0:level1\r\n	{mso-level-tab-stop:none;\r\n	mso-level-number-position:left;\r\n	margin-left:0in;\r\n	text-indent:0in;}\r\n@list l0:level2\r\n	{mso-level-number-format:alpha-lower;\r\n	mso-level-tab-stop:none;\r\n	mso-level-number-position:left;\r\n	margin-left:0in;\r\n	text-indent:0in;}\r\n@list l0:level3\r\n	{mso-level-number-format:alpha-lower;\r\n	mso-level-tab-stop:none;\r\n	mso-level-number-position:left;\r\n	margin-left:0in;\r\n	text-indent:0in;}\r\n@list l0:level4\r\n	{mso-level-number-format:roman-lower;\r\n	mso-level-tab-stop:none;\r\n	mso-level-number-position:left;\r\n	margin-left:0in;\r\n	text-indent:0in;}\r\n@list l0:level5\r\n	{mso-level-number-format:bullet;\r\n	mso-level-text:\"\";\r\n	mso-level-tab-stop:none;\r\n	mso-level-number-position:left;\r\n	margin-left:0in;\r\n	text-indent:0in;}\r\n@list l0:level6\r\n	{mso-level-number-format:bullet;\r\n	mso-level-text:\"\";\r\n	mso-level-tab-stop:none;\r\n	mso-level-number-position:left;\r\n	margin-left:0in;\r\n	text-indent:0in;}\r\n@list l0:level7\r\n	{mso-level-number-format:bullet;\r\n	mso-level-text:\"\";\r\n	mso-level-tab-stop:none;\r\n	mso-level-number-position:left;\r\n	margin-left:0in;\r\n	text-indent:0in;}\r\n@list l0:level8\r\n	{mso-level-number-format:bullet;\r\n	mso-level-text:\"\";\r\n	mso-level-tab-stop:none;\r\n	mso-level-number-position:left;\r\n	margin-left:0in;\r\n	text-indent:0in;}\r\n@list l0:level9\r\n	{mso-level-number-format:bullet;\r\n	mso-level-text:\"\";\r\n	mso-level-tab-stop:none;\r\n	mso-level-number-position:left;\r\n	margin-left:0in;\r\n	text-indent:0in;}\r\n\r\n-->\r\n</style>');
INSERT INTO `standard_operation_procedure_set_up` VALUES ('9', 'Weekly Activity', '6', '1', '2019-09-03', '23', '2019-09-03', '23', '<p style=\"text-align: center; \"><span id=\"docs-internal-guid-8d64a87b-7fff-bcb4-79c9-9f4b4f526a51\"><span style=\"font-size: 12pt; font-family: &quot;Times New Roman&quot;; background-color: transparent; font-weight: 700; font-variant-numeric: normal; font-variant-east-asian: normal; vertical-align: baseline; white-space: pre-wrap;\">Weekly Activity</span></span></p><h1 dir=\"ltr\" style=\"line-height:1.2;margin-top:20pt;margin-bottom:6pt;\"><span style=\"font-size:12pt;font-family:\'Times New Roman\';color:#000000;background-color:transparent;font-weight:700;font-style:normal;font-variant:normal;text-decoration:none;vertical-align:baseline;white-space:pre;white-space:pre-wrap;\">Procedure:</span></h1><div style=\"text-align: left;\"><span id=\"docs-internal-guid-205eac5b-7fff-2555-5bc5-7a8bb2974319\"><ol style=\"margin-bottom: 0px;\"><li dir=\"ltr\" style=\"list-style-type: decimal; font-size: 11pt; font-family: Roboto, sans-serif; background-color: transparent; font-variant-numeric: normal; font-variant-east-asian: normal; vertical-align: baseline; white-space: pre;\"><p dir=\"ltr\" style=\"line-height:1.38;margin-top:0pt;margin-bottom:0pt;\"><span style=\"font-size: 11pt; background-color: transparent; font-variant-numeric: normal; font-variant-east-asian: normal; vertical-align: baseline; white-space: pre-wrap;\">Weekly Result</span></p></li><li dir=\"ltr\" style=\"list-style-type: decimal; font-size: 11pt; font-family: Roboto, sans-serif; background-color: transparent; font-variant-numeric: normal; font-variant-east-asian: normal; vertical-align: baseline; white-space: pre;\"><p dir=\"ltr\" style=\"line-height:1.38;margin-top:0pt;margin-bottom:0pt;\"><span style=\"font-size: 11pt; background-color: transparent; font-variant-numeric: normal; font-variant-east-asian: normal; vertical-align: baseline; white-space: pre-wrap;\">Problem Listing</span></p></li><li dir=\"ltr\" style=\"list-style-type: decimal; font-size: 11pt; font-family: Roboto, sans-serif; background-color: transparent; font-variant-numeric: normal; font-variant-east-asian: normal; vertical-align: baseline; white-space: pre;\"><p dir=\"ltr\" style=\"line-height:1.38;margin-top:0pt;margin-bottom:0pt;\"><span style=\"font-size: 11pt; background-color: transparent; font-variant-numeric: normal; font-variant-east-asian: normal; vertical-align: baseline; white-space: pre-wrap;\">Suggestion&nbsp;</span></p></li><li dir=\"ltr\" style=\"list-style-type: decimal; font-size: 11pt; font-family: Roboto, sans-serif; background-color: transparent; font-variant-numeric: normal; font-variant-east-asian: normal; vertical-align: baseline; white-space: pre;\"><p dir=\"ltr\" style=\"line-height:1.38;margin-top:0pt;margin-bottom:0pt;\"><span style=\"font-size: 11pt; background-color: transparent; font-variant-numeric: normal; font-variant-east-asian: normal; vertical-align: baseline; white-space: pre-wrap;\">Week Action Plan &amp; Discussion</span></p><p dir=\"ltr\" style=\"text-align: center; line-height: 1.38; margin-top: 0pt; margin-bottom: 0pt;\"><span style=\"font-size: 11pt; background-color: transparent; font-variant-numeric: normal; font-variant-east-asian: normal; vertical-align: baseline; white-space: pre-wrap;\"><span style=\"font-family: Calibri, sans-serif; font-size: 13.3333px; text-indent: -0.133333px; white-space: normal;\"><i style=\"\"><span style=\"font-size: 9.5pt; font-family: Tahoma, sans-serif;\"><b>End of S.O.P. ?&nbsp;</b></span></i></span><span style=\"background-color: transparent; font-size: 12px; white-space: pre; text-align: left;\"><i><b>Weekly Activity</b></i></span><br></span></p></li></ol></span></div>'), ('10', 'Process Contents', '6', '1', '2019-09-04', '23', null, null, '<h1 dir=\"ltr\" style=\"text-align: center; line-height: 1.38; margin-top: 20pt; margin-bottom: 6pt;\"><span style=\"font-size:12pt;font-family:\'Times New Roman\';color:#000000;background-color:transparent;font-weight:700;font-style:normal;font-variant:normal;text-decoration:none;vertical-align:baseline;white-space:pre;white-space:pre-wrap;\"></span></h1><h1 dir=\"ltr\" style=\"text-align: center; margin-top: 20pt; margin-bottom: 6pt; font-family: &quot;Open Sans&quot;, &quot;Helvetica Neue&quot;, Helvetica, Arial, sans-serif; line-height: 1.38;\"><span style=\"font-weight:normal;\" id=\"docs-internal-guid-f61cfc4c-7fff-4e6f-fb97-15cff241d937\"><p dir=\"ltr\" style=\"line-height:1.2;text-align: justify;border-bottom:solid #ff7a00 6pt;margin-top:0pt;margin-bottom:20pt;padding:0pt 0pt 22pt 0pt;\"><span style=\"font-size: 20pt; font-family: &quot;Times New Roman&quot;; color: rgb(0, 0, 0); background-color: transparent; font-weight: 700; font-variant-numeric: normal; font-variant-east-asian: normal; vertical-align: baseline; white-space: pre-wrap;\">Table of Contents</span></p></span></h1><h1 dir=\"ltr\" style=\"line-height:1.38;margin-top:20pt;margin-bottom:6pt;\"><span style=\"font-size:12pt;font-family:\'Times New Roman\';color:#000000;background-color:transparent;font-weight:700;font-style:normal;font-variant:normal;text-decoration:none;vertical-align:baseline;white-space:pre;white-space:pre-wrap;\">Website Development Process: Full Guide in 3 Steps</span></h1><p><span id=\"docs-internal-guid-d50381cf-7fff-3c29-920d-09353384a4fa\"></span></p><ul style=\"margin-top:0;margin-bottom:0;\"><li dir=\"ltr\" style=\"list-style-type:disc;font-size:11pt;font-family:Arial;color:#000000;background-color:transparent;font-weight:400;font-style:normal;font-variant:normal;text-decoration:none;vertical-align:baseline;white-space:pre;\"><p dir=\"ltr\" style=\"line-height:1.38;margin-top:0pt;margin-bottom:0pt;\"><span style=\"font-size:11pt;font-family:Arial;color:#000000;background-color:transparent;font-weight:400;font-style:normal;font-variant:normal;text-decoration:none;vertical-align:baseline;white-space:pre;white-space:pre-wrap;\">Get information </span><span style=\"font-size:12pt;font-family:\'Times New Roman\';color:#000000;background-color:transparent;font-weight:700;font-style:normal;font-variant:normal;text-decoration:none;vertical-align:baseline;white-space:pre;white-space:pre-wrap;\">(</span><span style=\"font-size:12pt;font-family:\'Times New Roman\';color:#000000;background-color:transparent;font-weight:400;font-style:normal;font-variant:normal;text-decoration:none;vertical-align:baseline;white-space:pre;white-space:pre-wrap;\">Set </span><span style=\"font-size:12pt;font-family:\'Times New Roman\';color:#202020;background-color:transparent;font-weight:400;font-style:normal;font-variant:normal;text-decoration:none;vertical-align:baseline;white-space:pre;white-space:pre-wrap;\">Timeline</span><span style=\"font-size:12pt;font-family:\'Times New Roman\';color:#000000;background-color:transparent;font-weight:700;font-style:normal;font-variant:normal;text-decoration:none;vertical-align:baseline;white-space:pre;white-space:pre-wrap;\">)</span></p></li><li dir=\"ltr\" style=\"list-style-type:disc;font-size:11pt;font-family:Arial;color:#000000;background-color:transparent;font-weight:400;font-style:normal;font-variant:normal;text-decoration:none;vertical-align:baseline;white-space:pre;\"><p dir=\"ltr\" style=\"line-height:1.38;margin-top:0pt;margin-bottom:0pt;\"><span style=\"font-size:11pt;font-family:Arial;color:#000000;background-color:transparent;font-weight:400;font-style:normal;font-variant:normal;text-decoration:none;vertical-align:baseline;white-space:pre;white-space:pre-wrap;\">Start coding</span></p></li><li dir=\"ltr\" style=\"list-style-type:disc;font-size:11pt;font-family:Arial;color:#000000;background-color:transparent;font-weight:400;font-style:normal;font-variant:normal;text-decoration:none;vertical-align:baseline;white-space:pre;\"><p dir=\"ltr\" style=\"line-height:1.38;margin-top:0pt;margin-bottom:0pt;\"><span style=\"font-size:11pt;font-family:Arial;color:#000000;background-color:transparent;font-weight:400;font-style:normal;font-variant:normal;text-decoration:none;vertical-align:baseline;white-space:pre;white-space:pre-wrap;\">Live project</span></p><p dir=\"ltr\" style=\"text-align: center; line-height: 1.38; margin-top: 0pt; margin-bottom: 0pt;\"><span style=\"font-size:11pt;font-family:Arial;color:#000000;background-color:transparent;font-weight:400;font-style:normal;font-variant:normal;text-decoration:none;vertical-align:baseline;white-space:pre;white-space:pre-wrap;\"><br></span></p></li></ul>'), ('11', 'Get Information ', '6', '1', '2019-09-04', '23', '2019-09-04', '23', '<p style=\"text-align: center; \"><u><b><span style=\"font-size: 14px;\">Get Information</span></b></u></p><ol style=\"margin-top:0;margin-bottom:0;\"><li dir=\"ltr\" style=\"list-style-type:decimal;font-size:12pt;font-family:\'Times New Roman\';color:#000000;background-color:transparent;font-weight:700;font-style:normal;font-variant:normal;text-decoration:none;vertical-align:baseline;white-space:pre;\"><h1 dir=\"ltr\" style=\"line-height:1.38;margin-top:20pt;margin-bottom:6pt;\"><span style=\"font-size: 14px; font-family: &quot;Times New Roman&quot;; color: rgb(0, 0, 0); background-color: transparent; font-weight: 700; font-style: normal; font-variant: normal; text-decoration: none; vertical-align: baseline; white-space: pre-wrap;\">Get Information</span></h1></li></ol><p dir=\"ltr\" style=\"line-height:1.3199999999999998;text-indent: 36pt;text-align: justify;margin-top:0pt;margin-bottom:0pt;\"><span style=\"font-size: 14px; font-family: &quot;Times New Roman&quot;; color: rgb(0, 0, 0); background-color: transparent; font-weight: 400; font-style: normal; font-variant: normal; text-decoration: none; vertical-align: baseline; white-space: pre-wrap;\">In this case we have to contact to our client to get information. Send email or contact by other way to make an appointment with client.</span></p><p><b style=\"font-weight:normal;\" id=\"docs-internal-guid-0e6dc908-7fff-fe5c-f636-a4c847ddece3\"><br></b></p><p dir=\"ltr\" style=\"line-height:1.3199999999999998;text-indent: 36pt;text-align: justify;margin-top:0pt;margin-bottom:0pt;\"><span style=\"font-size: 14px; font-family: &quot;Times New Roman&quot;; color: rgb(0, 0, 0); background-color: transparent; font-weight: 700; font-style: normal; font-variant: normal; text-decoration: none; vertical-align: baseline; white-space: pre-wrap;\">This is our sample email for make appointment with client:</span><span style=\"font-size:12pt;font-family:\'Times New Roman\';color:#000000;background-color:transparent;font-weight:400;font-style:normal;font-variant:normal;text-decoration:none;vertical-align:baseline;white-space:pre;white-space:pre-wrap;\"><br><br></span></p><p dir=\"ltr\" style=\"line-height:1.3199999999999998;margin-left: 36pt;text-align: justify;margin-top:0pt;margin-bottom:0pt;\"><span style=\"font-size: 14px; font-family: &quot;Times New Roman&quot;; color: rgb(0, 0, 0); background-color: transparent; font-weight: 400; font-style: normal; font-variant: normal; text-decoration: none; vertical-align: baseline; white-space: pre-wrap;\">Dear Mr./Ms. Client name</span></p><p><b style=\"font-weight:normal;\"><br></b></p><p dir=\"ltr\" style=\"line-height:1.3199999999999998;margin-left: 36pt;text-align: justify;margin-top:0pt;margin-bottom:0pt;\"><span style=\"font-size: 14px; font-family: &quot;Times New Roman&quot;; color: rgb(0, 0, 0); background-color: transparent; font-weight: 400; font-style: normal; font-variant: normal; text-decoration: none; vertical-align: baseline; white-space: pre-wrap;\">Warming greetings from eOcambo Technology Siem Reap, Cambodia.</span></p><p><b style=\"font-weight:normal;\"><br></b></p><p dir=\"ltr\" style=\"line-height:1.3199999999999998;margin-left: 36pt;text-align: justify;margin-top:0pt;margin-bottom:0pt;\"><span style=\"font-size: 14px; font-family: &quot;Times New Roman&quot;; color: rgb(0, 0, 0); background-color: transparent; font-weight: 400; font-style: normal; font-variant: normal; text-decoration: none; vertical-align: baseline; white-space: pre-wrap;\">Thank you very much for using our products. According to your contract with eOcambo Technology.</span></p><p dir=\"ltr\" style=\"line-height:1.3199999999999998;margin-left: 36pt;text-align: justify;margin-top:0pt;margin-bottom:0pt;\"><span style=\"font-size: 14px; font-family: &quot;Times New Roman&quot;; color: rgb(0, 0, 0); background-color: transparent; font-weight: 400; font-style: normal; font-variant: normal; text-decoration: none; vertical-align: baseline; white-space: pre-wrap;\">I Would like to make an appointment with you for discussion about website information on&nbsp; (Date/ Time)</span></p><p><b style=\"font-weight:normal;\"><br></b></p><p dir=\"ltr\" style=\"line-height:1.3199999999999998;margin-left: 36pt;text-align: justify;margin-top:0pt;margin-bottom:0pt;\"><span style=\"font-size: 14px; font-family: &quot;Times New Roman&quot;; color: rgb(0, 0, 0); background-color: transparent; font-weight: 400; font-style: normal; font-variant: normal; text-decoration: none; vertical-align: baseline; white-space: pre-wrap;\">Would I possible to meet with you on that day?&nbsp;</span></p><p><b style=\"font-weight:normal;\"><br></b></p><p dir=\"ltr\" style=\"line-height:1.3199999999999998;margin-left: 36pt;text-align: justify;margin-top:0pt;margin-bottom:0pt;\"><span style=\"font-size: 14px; font-family: &quot;Times New Roman&quot;; color: rgb(0, 0, 0); background-color: transparent; font-weight: 400; font-style: normal; font-variant: normal; text-decoration: none; vertical-align: baseline; white-space: pre-wrap;\">I\'m looking forward to hearing from you.</span></p><p><b style=\"font-weight:normal;\"><br></b></p><p dir=\"ltr\" style=\"line-height:1.3199999999999998;margin-left: 36pt;text-align: justify;margin-top:0pt;margin-bottom:0pt;\"><span style=\"font-size: 14px; font-family: &quot;Times New Roman&quot;; color: rgb(0, 0, 0); background-color: transparent; font-weight: 400; font-style: normal; font-variant: normal; text-decoration: none; vertical-align: baseline; white-space: pre-wrap;\">Thank you.</span></p><p><b style=\"font-weight:normal;\"><br></b></p><ol style=\"margin-top:0;margin-bottom:0;\"><ol style=\"margin-top:0;margin-bottom:0;\"><li dir=\"ltr\" style=\"list-style-type:decimal;font-size:12pt;font-family:\'Times New Roman\';color:#000000;background-color:transparent;font-weight:700;font-style:normal;font-variant:normal;text-decoration:none;vertical-align:baseline;white-space:pre;\"><h2 dir=\"ltr\" style=\"line-height:1.3199999999999998;margin-top:18pt;margin-bottom:6pt;\"><span style=\"font-size: 14px; font-family: &quot;Times New Roman&quot;; color: rgb(0, 0, 0); background-color: transparent; font-weight: 700; font-style: normal; font-variant: normal; text-decoration: none; vertical-align: baseline; white-space: pre-wrap;\">Design template layout</span></h2></li></ol></ol><p dir=\"ltr\" style=\"line-height:1.3199999999999998;text-indent: 36pt;text-align: justify;margin-top:0pt;margin-bottom:0pt;\"><span style=\"font-size: 14px; font-family: &quot;Times New Roman&quot;; color: rgb(0, 0, 0); background-color: transparent; font-weight: 400; font-style: normal; font-variant: normal; text-decoration: none; vertical-align: baseline; white-space: pre-wrap;\">After we collected all information from our client, its time for the design Template layout. However template layout must be related to information, base color of properties, logo, and style that the client confirm. The template layout must be design two or more than for client review. Template must be unique and not clone other website.</span></p><p dir=\"ltr\" style=\"line-height:1.3199999999999998;text-indent: 36pt;text-align: justify;margin-top:0pt;margin-bottom:0pt;\"><span style=\"font-size: 14px; font-family: &quot;Times New Roman&quot;; color: rgb(0, 0, 0); background-color: transparent; font-weight: 700; font-style: normal; font-variant: normal; text-decoration: none; vertical-align: baseline; white-space: pre-wrap;\">This is our sample email for make appointment with client:</span><span style=\"font-size:12pt;font-family:\'Times New Roman\';color:#000000;background-color:transparent;font-weight:400;font-style:normal;font-variant:normal;text-decoration:none;vertical-align:baseline;white-space:pre;white-space:pre-wrap;\"><br><br></span></p><p dir=\"ltr\" style=\"line-height:1.3199999999999998;text-indent: 36pt;text-align: justify;margin-top:0pt;margin-bottom:0pt;\"><span style=\"font-size: 14px; font-family: &quot;Times New Roman&quot;; color: rgb(0, 0, 0); background-color: transparent; font-weight: 400; font-style: normal; font-variant: normal; text-decoration: none; vertical-align: baseline; white-space: pre-wrap;\">Dear Mr./Ms. Client name</span></p><p><b style=\"font-weight:normal;\"><br></b></p><p dir=\"ltr\" style=\"line-height:1.3199999999999998;text-indent: 36pt;text-align: justify;margin-top:0pt;margin-bottom:0pt;\"><span style=\"font-size: 14px; font-family: &quot;Times New Roman&quot;; color: rgb(0, 0, 0); background-color: transparent; font-weight: 400; font-style: normal; font-variant: normal; text-decoration: none; vertical-align: baseline; white-space: pre-wrap;\">Warming greeting from eOcambo Technology Siem Reap, Cambodia.</span></p><p><b style=\"font-weight:normal;\"><br></b></p><p dir=\"ltr\" style=\"line-height:1.3199999999999998;text-indent: 36pt;text-align: justify;margin-top:0pt;margin-bottom:0pt;\"><span style=\"font-size: 14px; font-family: &quot;Times New Roman&quot;; color: rgb(0, 0, 0); background-color: transparent; font-weight: 400; font-style: normal; font-variant: normal; text-decoration: none; vertical-align: baseline; white-space: pre-wrap;\">Thank you very much for using our products. After got full information from you, we have done designed a demo Templates website.</span></p><p dir=\"ltr\" style=\"line-height:1.3199999999999998;text-indent: 36pt;text-align: justify;margin-top:0pt;margin-bottom:0pt;\"><span style=\"font-size: 14px; font-family: &quot;Times New Roman&quot;; color: rgb(0, 0, 0); background-color: transparent; font-weight: 400; font-style: normal; font-variant: normal; text-decoration: none; vertical-align: baseline; white-space: pre-wrap;\">This template website have been following your Logo , Base colors, Hotel designed and more creative idea.</span></p><p dir=\"ltr\" style=\"line-height:1.3199999999999998;text-indent: 36pt;text-align: justify;margin-top:0pt;margin-bottom:0pt;\"><span style=\"font-size: 14px; font-family: &quot;Times New Roman&quot;; color: rgb(0, 0, 0); background-color: transparent; font-weight: 400; font-style: normal; font-variant: normal; text-decoration: none; vertical-align: baseline; white-space: pre-wrap;\">Please help to select your best choice and feedback to us.&nbsp;</span></p><p><b style=\"font-weight:normal;\"><br></b></p><p dir=\"ltr\" style=\"line-height:1.3199999999999998;text-indent: 36pt;text-align: justify;margin-top:0pt;margin-bottom:0pt;\"><span style=\"font-size: 14px; font-family: &quot;Times New Roman&quot;; color: rgb(0, 0, 0); background-color: transparent; font-weight: 400; font-style: normal; font-variant: normal; text-decoration: none; vertical-align: baseline; white-space: pre-wrap;\">I\'m looking forward to hearing from you.</span></p><p dir=\"ltr\" style=\"line-height:1.3199999999999998;text-indent: 36pt;text-align: justify;margin-top:0pt;margin-bottom:0pt;\"><span style=\"font-size: 14px; font-family: &quot;Times New Roman&quot;; color: rgb(0, 0, 0); background-color: transparent; font-weight: 400; font-style: normal; font-variant: normal; text-decoration: none; vertical-align: baseline; white-space: pre-wrap;\">Thank you,</span></p><h2 dir=\"ltr\" style=\"line-height:1.3199999999999998;text-indent: 36pt;margin-top:18pt;margin-bottom:6pt;\"><span style=\"font-size: 14px; font-family: &quot;Times New Roman&quot;; color: rgb(0, 0, 0); background-color: transparent; font-weight: 700; font-style: normal; font-variant: normal; text-decoration: none; vertical-align: baseline; white-space: pre-wrap;\">1.2.</span><span style=\"font-size:12pt;font-family:\'Times New Roman\';color:#000000;background-color:transparent;font-weight:700;font-style:normal;font-variant:normal;text-decoration:none;vertical-align:baseline;white-space:pre;white-space:pre-wrap;\"><span class=\"Apple-tab-span\" style=\"white-space: pre; font-size: 14px;\">	</span></span><span style=\"font-size: 14px; font-family: &quot;Times New Roman&quot;; color: rgb(0, 0, 0); background-color: transparent; font-weight: 700; font-style: normal; font-variant: normal; text-decoration: none; vertical-align: baseline; white-space: pre-wrap;\">Client Approve</span></h2><p></p><p dir=\"ltr\" style=\"line-height:1.3199999999999998;text-indent: 36pt;text-align: justify;margin-top:0pt;margin-bottom:0pt;\"><span style=\"font-size: 14px; font-family: &quot;Times New Roman&quot;; color: rgb(0, 0, 0); background-color: transparent; font-weight: 400; font-style: normal; font-variant: normal; text-decoration: none; vertical-align: baseline; white-space: pre-wrap;\">Keep in touch with the client about the style and layout of the template website. If any change please follow up and feedback to them as soon as possible. If they approve its time for processing to code step.&nbsp;</span></p><p dir=\"ltr\" style=\"line-height:1.3199999999999998;text-indent: 36pt;text-align: justify;margin-top:0pt;margin-bottom:0pt;\"><span style=\"font-size:12pt;font-family:\'Times New Roman\';color:#000000;background-color:transparent;font-weight:400;font-style:normal;font-variant:normal;text-decoration:none;vertical-align:baseline;white-space:pre;white-space:pre-wrap;\"><br></span></p><p dir=\"ltr\" style=\"text-align: center; line-height: 1.32; text-indent: 36pt; margin-top: 0pt; margin-bottom: 0pt;\"><span style=\"font-size: 12px; font-family: &quot;Times New Roman&quot;; color: rgb(0, 0, 0); background-color: transparent; font-variant: normal; text-decoration: none; vertical-align: baseline; white-space: pre-wrap;\"><i style=\"\"><b>End SOP-Get Information</b></i></span></p><div><span style=\"font-size:12pt;font-family:\'Times New Roman\';color:#000000;background-color:transparent;font-weight:400;font-style:normal;font-variant:normal;text-decoration:none;vertical-align:baseline;white-space:pre;white-space:pre-wrap;\"><br></span></div>'), ('12', 'Coding', '6', '1', '2019-09-04', '23', null, null, '<p style=\"text-align: center; \"><b><u>2.Coding</u></b></p><h1 dir=\"ltr\" style=\"line-height:1.3199999999999998;text-align: justify;margin-top:20pt;margin-bottom:6pt;\"><span style=\"font-size: 14px; font-family: &quot;Times New Roman&quot;; color: rgb(0, 0, 0); background-color: transparent; font-weight: 700; font-style: normal; font-variant: normal; text-decoration: none; vertical-align: baseline; white-space: pre-wrap;\">2.</span><span style=\"font-size:12pt;font-family:\'Times New Roman\';color:#000000;background-color:transparent;font-weight:700;font-style:normal;font-variant:normal;text-decoration:none;vertical-align:baseline;white-space:pre;white-space:pre-wrap;\"><span class=\"Apple-tab-span\" style=\"white-space: pre; font-size: 14px;\">	</span></span><span style=\"font-size: 14px; font-family: &quot;Times New Roman&quot;; color: rgb(0, 0, 0); background-color: transparent; font-weight: 700; font-style: normal; font-variant: normal; text-decoration: none; vertical-align: baseline; white-space: pre-wrap;\">Coding</span></h1><p dir=\"ltr\" style=\"line-height:1.38;margin-top:0pt;margin-bottom:0pt;\"><span style=\"font-size:11pt;font-family:Arial;color:#000000;background-color:transparent;font-weight:400;font-style:normal;font-variant:normal;text-decoration:none;vertical-align:baseline;white-space:pre;white-space:pre-wrap;\"><span class=\"Apple-tab-span\" style=\"white-space: pre; font-size: 14px;\">	</span></span><span style=\"font-size: 14px; font-family: &quot;Times New Roman&quot;; color: rgb(0, 0, 0); background-color: transparent; font-weight: 400; font-style: normal; font-variant: normal; text-decoration: none; vertical-align: baseline; white-space: pre-wrap;\">To improving speed of coding we had recommend to use CMS Wordpress to building website. This is the most popular CMS in the world that challenge with other CMS. This CMS easy to control and make client easy to update.</span></p><h2 dir=\"ltr\" style=\"line-height:1.3199999999999998;text-indent: 36pt;margin-top:18pt;margin-bottom:6pt;\"><span style=\"font-size: 14px; font-family: &quot;Times New Roman&quot;; color: rgb(0, 0, 0); background-color: transparent; font-weight: 700; font-style: normal; font-variant: normal; text-decoration: none; vertical-align: baseline; white-space: pre-wrap;\">2.1.</span><span style=\"font-size:12pt;font-family:\'Times New Roman\';color:#000000;background-color:transparent;font-weight:700;font-style:normal;font-variant:normal;text-decoration:none;vertical-align:baseline;white-space:pre;white-space:pre-wrap;\"><span class=\"Apple-tab-span\" style=\"white-space: pre; font-size: 14px;\">	</span></span><span style=\"font-size: 14px; font-family: &quot;Times New Roman&quot;; color: rgb(0, 0, 0); background-color: transparent; font-weight: 700; font-style: normal; font-variant: normal; text-decoration: none; vertical-align: baseline; white-space: pre-wrap;\">Setup Wordpress</span></h2><p dir=\"ltr\" style=\"line-height:1.3199999999999998;text-indent: 36pt;margin-top:0pt;margin-bottom:0pt;\"><span style=\"font-size: 14px; font-family: &quot;Times New Roman&quot;; color: rgb(0, 0, 0); background-color: transparent; font-weight: 400; font-style: normal; font-variant: normal; text-decoration: none; vertical-align: baseline; white-space: pre-wrap;\">Setup Wordpress to your local server with latest version of Wordpress, Connect it to your Database. Install theme(Underscore.me) to Wordpress.&nbsp;</span></p><h2 dir=\"ltr\" style=\"line-height:1.3199999999999998;text-indent: 36pt;margin-top:18pt;margin-bottom:6pt;\"><span style=\"font-size: 14px; font-family: &quot;Times New Roman&quot;; color: rgb(0, 0, 0); background-color: transparent; font-weight: 700; font-style: normal; font-variant: normal; text-decoration: none; vertical-align: baseline; white-space: pre-wrap;\">2.2.</span><span style=\"font-size:12pt;font-family:\'Times New Roman\';color:#000000;background-color:transparent;font-weight:700;font-style:normal;font-variant:normal;text-decoration:none;vertical-align:baseline;white-space:pre;white-space:pre-wrap;\"><span class=\"Apple-tab-span\" style=\"white-space: pre; font-size: 14px;\">	</span></span><span style=\"font-size: 14px; font-family: &quot;Times New Roman&quot;; color: rgb(0, 0, 0); background-color: transparent; font-weight: 700; font-style: normal; font-variant: normal; text-decoration: none; vertical-align: baseline; white-space: pre-wrap;\">Setup Backend</span></h2><p dir=\"ltr\" style=\"line-height:1.3199999999999998;text-indent: 36pt;text-align: justify;margin-top:0pt;margin-bottom:0pt;\"><span style=\"font-size: 14px; font-family: &quot;Times New Roman&quot;; color: rgb(0, 0, 0); background-color: transparent; font-weight: 400; font-style: normal; font-variant: normal; text-decoration: none; vertical-align: baseline; white-space: pre-wrap;\">Setup backend for upload data to website. Backend should be easy for client update their Data to their website.&nbsp;</span></p><h2 dir=\"ltr\" style=\"line-height:1.3199999999999998;text-indent: 36pt;margin-top:18pt;margin-bottom:6pt;\"><span style=\"font-size: 14px; font-family: &quot;Times New Roman&quot;; color: rgb(0, 0, 0); background-color: transparent; font-weight: 700; font-style: normal; font-variant: normal; text-decoration: none; vertical-align: baseline; white-space: pre-wrap;\">2.3.</span><span style=\"font-size:12pt;font-family:\'Times New Roman\';color:#000000;background-color:transparent;font-weight:700;font-style:normal;font-variant:normal;text-decoration:none;vertical-align:baseline;white-space:pre;white-space:pre-wrap;\"><span class=\"Apple-tab-span\" style=\"white-space: pre; font-size: 14px;\">	</span></span><span style=\"font-size: 14px; font-family: &quot;Times New Roman&quot;; color: rgb(0, 0, 0); background-color: transparent; font-weight: 700; font-style: normal; font-variant: normal; text-decoration: none; vertical-align: baseline; white-space: pre-wrap;\">Start Coding</span></h2><p dir=\"ltr\" style=\"line-height:1.3199999999999998;text-indent: 36pt;text-align: justify;margin-top:0pt;margin-bottom:0pt;\"><span style=\"font-size: 14px; font-family: &quot;Times New Roman&quot;; color: rgb(0, 0, 0); background-color: transparent; font-weight: 400; font-style: normal; font-variant: normal; text-decoration: none; vertical-align: baseline; white-space: pre-wrap;\">Our company base on Hospitality service so this is our default pages for coding. We will coding&nbsp; follow this, but we will add more change some page following requirement of client.&nbsp;</span></p><p><b style=\"font-weight:normal;\" id=\"docs-internal-guid-04e35346-7fff-6c4f-e4fc-5d59b944ff56\"><br></b></p><ul style=\"margin-top:0;margin-bottom:0;\"><li dir=\"ltr\" style=\"list-style-type:disc;font-size:12pt;font-family:\'Times New Roman\';color:#000000;background-color:transparent;font-weight:400;font-style:normal;font-variant:normal;text-decoration:none;vertical-align:baseline;white-space:pre;margin-left: 108pt;\"><p dir=\"ltr\" style=\"line-height:1.3199999999999998;text-align: justify;margin-top:0pt;margin-bottom:0pt;\"><span style=\"font-size: 14px; font-family: &quot;Times New Roman&quot;; color: rgb(0, 0, 0); background-color: transparent; font-weight: 400; font-style: normal; font-variant: normal; text-decoration: none; vertical-align: baseline; white-space: pre-wrap;\">Home page</span></p></li><li dir=\"ltr\" style=\"list-style-type:disc;font-size:12pt;font-family:\'Times New Roman\';color:#000000;background-color:transparent;font-weight:400;font-style:normal;font-variant:normal;text-decoration:none;vertical-align:baseline;white-space:pre;margin-left: 108pt;\"><p dir=\"ltr\" style=\"line-height:1.3199999999999998;text-align: justify;margin-top:0pt;margin-bottom:0pt;\"><span style=\"font-size: 14px; font-family: &quot;Times New Roman&quot;; color: rgb(0, 0, 0); background-color: transparent; font-weight: 400; font-style: normal; font-variant: normal; text-decoration: none; vertical-align: baseline; white-space: pre-wrap;\">Page Contact Us&nbsp;</span></p></li><li dir=\"ltr\" style=\"list-style-type:disc;font-size:12pt;font-family:\'Times New Roman\';color:#000000;background-color:transparent;font-weight:400;font-style:normal;font-variant:normal;text-decoration:none;vertical-align:baseline;white-space:pre;margin-left: 108pt;\"><p dir=\"ltr\" style=\"line-height:1.3199999999999998;text-align: justify;margin-top:0pt;margin-bottom:0pt;\"><span style=\"font-size: 14px; font-family: &quot;Times New Roman&quot;; color: rgb(0, 0, 0); background-color: transparent; font-weight: 400; font-style: normal; font-variant: normal; text-decoration: none; vertical-align: baseline; white-space: pre-wrap;\">Page About Us</span></p></li><li dir=\"ltr\" style=\"list-style-type:disc;font-size:12pt;font-family:\'Times New Roman\';color:#000000;background-color:transparent;font-weight:400;font-style:normal;font-variant:normal;text-decoration:none;vertical-align:baseline;white-space:pre;margin-left: 108pt;\"><p dir=\"ltr\" style=\"line-height:1.3199999999999998;text-align: justify;margin-top:0pt;margin-bottom:0pt;\"><span style=\"font-size: 14px; font-family: &quot;Times New Roman&quot;; color: rgb(0, 0, 0); background-color: transparent; font-weight: 400; font-style: normal; font-variant: normal; text-decoration: none; vertical-align: baseline; white-space: pre-wrap;\">Accommodation (Single Page)</span></p></li><li dir=\"ltr\" style=\"list-style-type:disc;font-size:12pt;font-family:\'Times New Roman\';color:#000000;background-color:transparent;font-weight:400;font-style:normal;font-variant:normal;text-decoration:none;vertical-align:baseline;white-space:pre;margin-left: 108pt;\"><p dir=\"ltr\" style=\"line-height:1.3199999999999998;text-align: justify;margin-top:0pt;margin-bottom:0pt;\"><span style=\"font-size: 14px; font-family: &quot;Times New Roman&quot;; color: rgb(0, 0, 0); background-color: transparent; font-weight: 400; font-style: normal; font-variant: normal; text-decoration: none; vertical-align: baseline; white-space: pre-wrap;\">Service &amp; Facility (Single page)</span></p></li><li dir=\"ltr\" style=\"list-style-type:disc;font-size:12pt;font-family:\'Times New Roman\';color:#000000;background-color:transparent;font-weight:400;font-style:normal;font-variant:normal;text-decoration:none;vertical-align:baseline;white-space:pre;margin-left: 108pt;\"><p dir=\"ltr\" style=\"line-height:1.3199999999999998;text-align: justify;margin-top:0pt;margin-bottom:0pt;\"><span style=\"font-size: 14px; font-family: &quot;Times New Roman&quot;; color: rgb(0, 0, 0); background-color: transparent; font-weight: 400; font-style: normal; font-variant: normal; text-decoration: none; vertical-align: baseline; white-space: pre-wrap;\">Blog post (Single Page)</span></p></li><li dir=\"ltr\" style=\"list-style-type:disc;font-size:12pt;font-family:\'Times New Roman\';color:#000000;background-color:transparent;font-weight:400;font-style:normal;font-variant:normal;text-decoration:none;vertical-align:baseline;white-space:pre;margin-left: 108pt;\"><p dir=\"ltr\" style=\"line-height:1.3199999999999998;text-align: justify;margin-top:0pt;margin-bottom:0pt;\"><span style=\"font-size: 14px; font-family: &quot;Times New Roman&quot;; color: rgb(0, 0, 0); background-color: transparent; font-weight: 400; font-style: normal; font-variant: normal; text-decoration: none; vertical-align: baseline; white-space: pre-wrap;\">Gallery</span></p></li><li dir=\"ltr\" style=\"list-style-type:disc;font-size:12pt;font-family:\'Times New Roman\';color:#000000;background-color:transparent;font-weight:400;font-style:normal;font-variant:normal;text-decoration:none;vertical-align:baseline;white-space:pre;margin-left: 108pt;\"><p dir=\"ltr\" style=\"line-height:1.3199999999999998;text-align: justify;margin-top:0pt;margin-bottom:0pt;\"><span style=\"font-size: 14px; font-family: &quot;Times New Roman&quot;; color: rgb(0, 0, 0); background-color: transparent; font-weight: 400; font-style: normal; font-variant: normal; text-decoration: none; vertical-align: baseline; white-space: pre-wrap;\">Other Page</span></p></li></ul><h2 dir=\"ltr\" style=\"line-height:1.3199999999999998;text-indent: 36pt;margin-top:18pt;margin-bottom:6pt;\"><span style=\"font-size: 14px; font-family: &quot;Times New Roman&quot;; color: rgb(0, 0, 0); background-color: transparent; font-weight: 700; font-style: normal; font-variant: normal; text-decoration: none; vertical-align: baseline; white-space: pre-wrap;\">2.4.</span><span style=\"font-size:12pt;font-family:\'Times New Roman\';color:#000000;background-color:transparent;font-weight:700;font-style:normal;font-variant:normal;text-decoration:none;vertical-align:baseline;white-space:pre;white-space:pre-wrap;\"><span class=\"Apple-tab-span\" style=\"white-space: pre; font-size: 14px;\">	</span></span><span style=\"font-size: 14px; font-family: &quot;Times New Roman&quot;; color: rgb(0, 0, 0); background-color: transparent; font-weight: 700; font-style: normal; font-variant: normal; text-decoration: none; vertical-align: baseline; white-space: pre-wrap;\">Responsive</span></h2><p dir=\"ltr\" style=\"line-height:1.3199999999999998;text-indent: 36pt;text-align: justify;margin-top:0pt;margin-bottom:0pt;\"><span style=\"font-size: 14px; font-family: &quot;Times New Roman&quot;; color: rgb(0, 0, 0); background-color: transparent; font-weight: 400; font-style: normal; font-variant: normal; text-decoration: none; vertical-align: baseline; white-space: pre-wrap;\">Responsive website is a web design that makes web pages render well </span><span style=\"font-size: 14px; font-family: &quot;Times New Roman&quot;; color: rgb(34, 34, 34); background-color: rgb(255, 255, 255); font-weight: 400; font-style: normal; font-variant: normal; text-decoration: none; vertical-align: baseline; white-space: pre-wrap;\">on a variety of devices and window or screen sizes.&nbsp;</span></p><h2 dir=\"ltr\" style=\"line-height:1.3199999999999998;text-indent: 36pt;text-align: justify;margin-top:18pt;margin-bottom:6pt;\"><span style=\"font-size: 14px; font-family: &quot;Times New Roman&quot;; color: rgb(34, 34, 34); background-color: rgb(255, 255, 255); font-weight: 700; font-style: normal; font-variant: normal; text-decoration: none; vertical-align: baseline; white-space: pre-wrap;\">2.5.</span><span style=\"font-size:12pt;font-family:\'Times New Roman\';color:#222222;background-color:#ffffff;font-weight:700;font-style:normal;font-variant:normal;text-decoration:none;vertical-align:baseline;white-space:pre;white-space:pre-wrap;\"><span class=\"Apple-tab-span\" style=\"white-space: pre; font-size: 14px;\">	</span></span><span style=\"font-size: 14px; font-family: &quot;Times New Roman&quot;; color: rgb(0, 0, 0); background-color: transparent; font-weight: 700; font-style: normal; font-variant: normal; text-decoration: none; vertical-align: baseline; white-space: pre-wrap;\">Install Plugin</span></h2><p dir=\"ltr\" style=\"line-height:1.3199999999999998;text-indent: 36pt;text-align: justify;margin-top:0pt;margin-bottom:0pt;\"><span style=\"font-size: 14px; font-family: &quot;Times New Roman&quot;; color: rgb(0, 0, 0); background-color: transparent; font-weight: 400; font-style: normal; font-variant: normal; text-decoration: none; vertical-align: baseline; white-space: pre-wrap;\">Coding complete all page of website isnt enough, we have to install more plugin to add more feature. Plugin that we use to install to our project have to approve by our company. Beware to use unknown plugin.</span></p><h2 dir=\"ltr\" style=\"line-height:1.3199999999999998;text-indent: 36pt;text-align: justify;margin-top:18pt;margin-bottom:6pt;\"><span style=\"font-size: 14px; font-family: &quot;Times New Roman&quot;; color: rgb(0, 0, 0); background-color: transparent; font-weight: 700; font-style: normal; font-variant: normal; text-decoration: none; vertical-align: baseline; white-space: pre-wrap;\">2.6.</span><span style=\"font-size:12pt;font-family:\'Times New Roman\';color:#000000;background-color:transparent;font-weight:700;font-style:normal;font-variant:normal;text-decoration:none;vertical-align:baseline;white-space:pre;white-space:pre-wrap;\"><span class=\"Apple-tab-span\" style=\"white-space: pre; font-size: 14px;\">	</span></span><span style=\"font-size: 14px; font-family: &quot;Times New Roman&quot;; color: rgb(0, 0, 0); background-color: transparent; font-weight: 700; font-style: normal; font-variant: normal; text-decoration: none; vertical-align: baseline; white-space: pre-wrap;\">Review</span></h2><p dir=\"ltr\" style=\"line-height:1.3199999999999998;text-indent: 36pt;text-align: justify;margin-top:0pt;margin-bottom:0pt;\"><span style=\"font-size: 14px; font-family: &quot;Times New Roman&quot;; color: rgb(0, 0, 0); background-color: transparent; font-weight: 400; font-style: normal; font-variant: normal; text-decoration: none; vertical-align: baseline; white-space: pre-wrap;\">After everything done its time to review our project by ourselves, Check following Form Website Feature Tracking Before Live.</span></p><h2 dir=\"ltr\" style=\"line-height:1.3199999999999998;text-indent: 36pt;text-align: justify;margin-top:18pt;margin-bottom:6pt;\"><span style=\"font-size: 14px; font-family: &quot;Times New Roman&quot;; color: rgb(0, 0, 0); background-color: transparent; font-weight: 700; font-style: normal; font-variant: normal; text-decoration: none; vertical-align: baseline; white-space: pre-wrap;\">2.7.</span><span style=\"font-size:12pt;font-family:\'Times New Roman\';color:#000000;background-color:transparent;font-weight:700;font-style:normal;font-variant:normal;text-decoration:none;vertical-align:baseline;white-space:pre;white-space:pre-wrap;\"><span class=\"Apple-tab-span\" style=\"white-space: pre; font-size: 14px;\">	</span></span><span style=\"font-size: 14px; font-family: &quot;Times New Roman&quot;; color: rgb(0, 0, 0); background-color: transparent; font-weight: 700; font-style: normal; font-variant: normal; text-decoration: none; vertical-align: baseline; white-space: pre-wrap;\">Tester Review</span></h2><p dir=\"ltr\" style=\"line-height:1.3199999999999998;text-indent: 36pt;text-align: justify;margin-top:0pt;margin-bottom:0pt;\"><span style=\"font-size: 14px; font-family: &quot;Times New Roman&quot;; color: rgb(0, 0, 0); background-color: transparent; font-weight: 400; font-style: normal; font-variant: normal; text-decoration: none; vertical-align: baseline; white-space: pre-wrap;\">To be ensure that everything are ok not have error or lose some point a Tester have to test again to project until everything is done. Tester can be your teammate or your Project Manager.</span></p><h2 dir=\"ltr\" style=\"line-height:1.3199999999999998;text-indent: 36pt;text-align: justify;margin-top:18pt;margin-bottom:6pt;\"><span style=\"font-size: 14px; font-family: &quot;Times New Roman&quot;; color: rgb(0, 0, 0); background-color: transparent; font-weight: 700; font-style: normal; font-variant: normal; text-decoration: none; vertical-align: baseline; white-space: pre-wrap;\">2.8.</span><span style=\"font-size:12pt;font-family:\'Times New Roman\';color:#000000;background-color:transparent;font-weight:700;font-style:normal;font-variant:normal;text-decoration:none;vertical-align:baseline;white-space:pre;white-space:pre-wrap;\"><span class=\"Apple-tab-span\" style=\"white-space: pre; font-size: 14px;\">	</span></span><span style=\"font-size: 14px; font-family: &quot;Times New Roman&quot;; color: rgb(0, 0, 0); background-color: transparent; font-weight: 700; font-style: normal; font-variant: normal; text-decoration: none; vertical-align: baseline; white-space: pre-wrap;\">Live Demo</span></h2><p dir=\"ltr\" style=\"line-height:1.3199999999999998;text-indent: 36pt;text-align: justify;margin-top:0pt;margin-bottom:0pt;\"><span style=\"font-size: 14px; font-family: &quot;Times New Roman&quot;; color: rgb(0, 0, 0); background-color: transparent; font-weight: 400; font-style: normal; font-variant: normal; text-decoration: none; vertical-align: baseline; white-space: pre-wrap;\">After we had done test and debug errors its time to live as demo, be insure that everything have been done before live it for client review. Send email to inform client about website that we have lived as demo. This case please keep in touch with client until they confirm to live&nbsp; to their domain &amp; hosting.</span></p><p><b style=\"font-weight:normal;\"><br></b></p><p dir=\"ltr\" style=\"line-height:1.3199999999999998;text-indent: 36pt;text-align: justify;margin-top:0pt;margin-bottom:0pt;\"><span style=\"font-size: 14px; font-family: &quot;Times New Roman&quot;; color: rgb(0, 0, 0); background-color: transparent; font-weight: 700; font-style: normal; font-variant: normal; text-decoration: none; vertical-align: baseline; white-space: pre-wrap;\">This is our sample email for inform website live as demo with client:</span></p><p dir=\"ltr\" style=\"line-height:1.3199999999999998;text-indent: 36pt;text-align: justify;margin-top:0pt;margin-bottom:0pt;\"><span style=\"font-size:12pt;font-family:\'Times New Roman\';color:#000000;background-color:transparent;font-weight:400;font-style:normal;font-variant:normal;text-decoration:none;vertical-align:baseline;white-space:pre;white-space:pre-wrap;\"><br></span><span style=\"font-size:12pt;font-family:\'Times New Roman\';color:#000000;background-color:transparent;font-weight:400;font-style:normal;font-variant:normal;text-decoration:none;vertical-align:baseline;white-space:pre;white-space:pre-wrap;\"><span class=\"Apple-tab-span\" style=\"white-space: pre; font-size: 14px;\">	</span></span><span style=\"font-size: 14px; font-family: &quot;Times New Roman&quot;; color: rgb(0, 0, 0); background-color: transparent; font-weight: 400; font-style: normal; font-variant: normal; text-decoration: none; vertical-align: baseline; white-space: pre-wrap;\">Dear Mr./Ms.Client Name</span></p><p dir=\"ltr\" style=\"line-height:1.3199999999999998;text-indent: 36pt;text-align: justify;margin-top:0pt;margin-bottom:0pt;\"><span style=\"font-size: 14px; font-family: &quot;Times New Roman&quot;; color: rgb(0, 0, 0); background-color: transparent; font-weight: 400; font-style: normal; font-variant: normal; text-decoration: none; vertical-align: baseline; white-space: pre-wrap;\">Warming greeting from eocambo technology Siem Reap, Cambodia.</span></p><p><b style=\"font-weight:normal;\"><br></b></p><p dir=\"ltr\" style=\"line-height:1.3199999999999998;text-indent: 36pt;text-align: justify;margin-top:0pt;margin-bottom:0pt;\"><span style=\"font-size: 14px; font-family: &quot;Times New Roman&quot;; color: rgb(0, 0, 0); background-color: transparent; font-weight: 400; font-style: normal; font-variant: normal; text-decoration: none; vertical-align: baseline; white-space: pre-wrap;\">Thank you very much for using our products.</span></p><p dir=\"ltr\" style=\"line-height:1.3199999999999998;margin-left: 36pt;text-align: justify;margin-top:0pt;margin-bottom:0pt;\"><span style=\"font-size: 14px; font-family: &quot;Times New Roman&quot;; color: rgb(0, 0, 0); background-color: transparent; font-weight: 400; font-style: normal; font-variant: normal; text-decoration: none; vertical-align: baseline; white-space: pre-wrap;\">By this email we would like to inform you that we have finished your Website. And we have lived as Demo Website.</span></p><p><b style=\"font-weight:normal;\"><br></b></p><p dir=\"ltr\" style=\"line-height:1.3199999999999998;text-indent: 36pt;text-align: justify;margin-top:0pt;margin-bottom:0pt;\"><span style=\"font-size: 14px; font-family: &quot;Times New Roman&quot;; color: rgb(0, 0, 0); background-color: transparent; font-weight: 400; font-style: normal; font-variant: normal; text-decoration: none; vertical-align: baseline; white-space: pre-wrap;\">Please kindly to check via link below:</span></p><p dir=\"ltr\" style=\"line-height:1.3199999999999998;text-indent: 36pt;text-align: justify;margin-top:0pt;margin-bottom:0pt;\"><span style=\"font-size: 14px; font-family: &quot;Times New Roman&quot;; color: rgb(0, 0, 0); background-color: transparent; font-weight: 400; font-style: normal; font-variant: normal; text-decoration: none; vertical-align: baseline; white-space: pre-wrap;\">Demo Website: https://www.example.com/demo</span></p><p><b style=\"font-weight:normal;\"><br></b></p><p dir=\"ltr\" style=\"line-height:1.3199999999999998;text-indent: 36pt;text-align: justify;margin-top:0pt;margin-bottom:0pt;\"><span style=\"font-size: 14px; font-family: &quot;Times New Roman&quot;; color: rgb(0, 0, 0); background-color: transparent; font-weight: 400; font-style: normal; font-variant: normal; text-decoration: none; vertical-align: baseline; white-space: pre-wrap;\">We need you assist us to review and feedback.</span></p><p dir=\"ltr\" style=\"line-height:1.3199999999999998;text-indent: 36pt;text-align: justify;margin-top:0pt;margin-bottom:0pt;\"><span style=\"font-size: 14px; font-family: &quot;Times New Roman&quot;; color: rgb(0, 0, 0); background-color: transparent; font-weight: 400; font-style: normal; font-variant: normal; text-decoration: none; vertical-align: baseline; white-space: pre-wrap;\">we are looking forward to hearing from you soon.</span></p><p><b style=\"font-weight:normal;\"><br></b></p><p dir=\"ltr\" style=\"line-height:1.3199999999999998;text-indent: 36pt;text-align: justify;margin-top:0pt;margin-bottom:0pt;\"><span style=\"font-size: 14px; font-family: &quot;Times New Roman&quot;; color: rgb(0, 0, 0); background-color: transparent; font-weight: 400; font-style: normal; font-variant: normal; text-decoration: none; vertical-align: baseline; white-space: pre-wrap;\">Thank you,</span></p><p></p><p dir=\"ltr\" style=\"line-height:1.3199999999999998;text-indent: 36pt;text-align: justify;margin-top:0pt;margin-bottom:0pt;\"><span style=\"font-size: 14px; font-family: &quot;Times New Roman&quot;; color: rgb(0, 0, 0); background-color: transparent; font-weight: 400; font-style: normal; font-variant: normal; text-decoration: none; vertical-align: baseline; white-space: pre-wrap;\">Best Regards</span></p><p dir=\"ltr\" style=\"text-align: center; line-height: 1.32; text-indent: 36pt; margin-top: 0pt; margin-bottom: 0pt;\"><span style=\"font-size: 14px; font-family: &quot;Times New Roman&quot;; color: rgb(0, 0, 0); background-color: transparent; font-variant: normal; text-decoration: none; vertical-align: baseline; white-space: pre-wrap;\"><i style=\"\"><b>End SOP-Coding</b></i></span></p><div><span style=\"font-size:12pt;font-family:\'Times New Roman\';color:#000000;background-color:transparent;font-weight:400;font-style:normal;font-variant:normal;text-decoration:none;vertical-align:baseline;white-space:pre;white-space:pre-wrap;\"><br></span></div>'), ('13', 'Close Project', '6', '1', '2019-09-04', '23', '2019-09-04', '23', '<h1 dir=\"ltr\" style=\"text-align: center; margin-top: 20pt; margin-bottom: 6pt; font-family: &quot;Open Sans&quot;, &quot;Helvetica Neue&quot;, Helvetica, Arial, sans-serif; line-height: 1.32;\"><span style=\"font-size: 12pt; font-family: &quot;Times New Roman&quot;; color: rgb(0, 0, 0); background-color: transparent; font-variant-numeric: normal; font-variant-east-asian: normal; vertical-align: baseline; white-space: pre-wrap;\"><u>3.Close Project</u></span></h1><h1 dir=\"ltr\" style=\"line-height:1.3199999999999998;text-align: justify;margin-top:20pt;margin-bottom:6pt;\"><span style=\"font-size:12pt;font-family:\'Times New Roman\';color:#000000;background-color:transparent;font-weight:700;font-style:normal;font-variant:normal;text-decoration:none;vertical-align:baseline;white-space:pre;white-space:pre-wrap;\">3.</span><span style=\"font-size:12pt;font-family:\'Times New Roman\';color:#000000;background-color:transparent;font-weight:700;font-style:normal;font-variant:normal;text-decoration:none;vertical-align:baseline;white-space:pre;white-space:pre-wrap;\"><span class=\"Apple-tab-span\" style=\"white-space:pre;\">	</span></span><span style=\"font-size:12pt;font-family:\'Times New Roman\';color:#000000;background-color:transparent;font-weight:700;font-style:normal;font-variant:normal;text-decoration:none;vertical-align:baseline;white-space:pre;white-space:pre-wrap;\">Close Project</span></h1><p dir=\"ltr\" style=\"line-height:1.3199999999999998;text-indent: 36pt;text-align: justify;margin-top:0pt;margin-bottom:0pt;\"><span style=\"font-size:12pt;font-family:\'Times New Roman\';color:#000000;background-color:transparent;font-weight:400;font-style:normal;font-variant:normal;text-decoration:none;vertical-align:baseline;white-space:pre;white-space:pre-wrap;\">After Client confirm that his website have been done, so this time we have to live to domain and hosting of project. Send email to request training to Client.</span></p><p><b style=\"font-weight:normal;\" id=\"docs-internal-guid-9a20b63a-7fff-840a-4d7d-dc4186250437\"><br></b></p><p dir=\"ltr\" style=\"line-height:1.3199999999999998;text-indent: 36pt;text-align: justify;margin-top:0pt;margin-bottom:0pt;\"><span style=\"font-size:12pt;font-family:\'Times New Roman\';color:#000000;background-color:transparent;font-weight:700;font-style:normal;font-variant:normal;text-decoration:none;vertical-align:baseline;white-space:pre;white-space:pre-wrap;\">This is our sample email for request training with client:</span></p><p><b style=\"font-weight:normal;\"><br></b></p><p dir=\"ltr\" style=\"line-height:1.3199999999999998;margin-left: 36pt;text-align: justify;margin-top:0pt;margin-bottom:0pt;\"><span style=\"font-size:12pt;font-family:\'Times New Roman\';color:#000000;background-color:transparent;font-weight:400;font-style:normal;font-variant:normal;text-decoration:none;vertical-align:baseline;white-space:pre;white-space:pre-wrap;\">Dear Mr./Ms. Client Name</span></p><p dir=\"ltr\" style=\"line-height:1.3199999999999998;margin-left: 36pt;text-align: justify;margin-top:0pt;margin-bottom:0pt;\"><span style=\"font-size:12pt;font-family:\'Times New Roman\';color:#000000;background-color:transparent;font-weight:400;font-style:normal;font-variant:normal;text-decoration:none;vertical-align:baseline;white-space:pre;white-space:pre-wrap;\">Warming greeting from eOcambo Technology Siem Reap, Cambodia.</span></p><p><b style=\"font-weight:normal;\"><br></b></p><p dir=\"ltr\" style=\"line-height:1.3199999999999998;margin-left: 36pt;text-align: justify;margin-top:0pt;margin-bottom:0pt;\"><span style=\"font-size:12pt;font-family:\'Times New Roman\';color:#000000;background-color:transparent;font-weight:400;font-style:normal;font-variant:normal;text-decoration:none;vertical-align:baseline;white-space:pre;white-space:pre-wrap;\">Thanks you very much for using our products.</span></p><p><b style=\"font-weight:normal;\"><br></b></p><p dir=\"ltr\" style=\"line-height:1.3199999999999998;margin-left: 36pt;text-align: justify;margin-top:0pt;margin-bottom:0pt;\"><span style=\"font-size:12pt;font-family:\'Times New Roman\';color:#000000;background-color:transparent;font-weight:400;font-style:normal;font-variant:normal;text-decoration:none;vertical-align:baseline;white-space:pre;white-space:pre-wrap;\">After we\'re working so hard together on this website.</span></p><p dir=\"ltr\" style=\"line-height:1.3199999999999998;margin-left: 36pt;text-align: justify;margin-top:0pt;margin-bottom:0pt;\"><span style=\"font-size:12pt;font-family:\'Times New Roman\';color:#000000;background-color:transparent;font-weight:400;font-style:normal;font-variant:normal;text-decoration:none;vertical-align:baseline;white-space:pre;white-space:pre-wrap;\">we would like to make appointment with you about training website on (day/time/)</span></p><p dir=\"ltr\" style=\"line-height:1.3199999999999998;margin-left: 36pt;text-align: justify;margin-top:0pt;margin-bottom:0pt;\"><span style=\"font-size:12pt;font-family:\'Times New Roman\';color:#000000;background-color:transparent;font-weight:400;font-style:normal;font-variant:normal;text-decoration:none;vertical-align:baseline;white-space:pre;white-space:pre-wrap;\">Would I possible to meet with you on that day?&nbsp;</span></p><p><b style=\"font-weight:normal;\"><br></b></p><p dir=\"ltr\" style=\"line-height:1.3199999999999998;margin-left: 36pt;text-align: justify;margin-top:0pt;margin-bottom:0pt;\"><span style=\"font-size:12pt;font-family:\'Times New Roman\';color:#000000;background-color:transparent;font-weight:400;font-style:normal;font-variant:normal;text-decoration:none;vertical-align:baseline;white-space:pre;white-space:pre-wrap;\">I\'m looking forward to hearing from you.</span></p><p dir=\"ltr\" style=\"line-height:1.3199999999999998;margin-left: 36pt;text-align: justify;margin-top:0pt;margin-bottom:0pt;\"><span style=\"font-size:12pt;font-family:\'Times New Roman\';color:#000000;background-color:transparent;font-weight:400;font-style:normal;font-variant:normal;text-decoration:none;vertical-align:baseline;white-space:pre;white-space:pre-wrap;\">Thank you,</span></p><p dir=\"ltr\" style=\"line-height:1.3199999999999998;margin-left: 36pt;text-align: justify;margin-top:0pt;margin-bottom:0pt;\"><span style=\"font-size:12pt;font-family:\'Times New Roman\';color:#000000;background-color:transparent;font-weight:400;font-style:normal;font-variant:normal;text-decoration:none;vertical-align:baseline;white-space:pre;white-space:pre-wrap;\">Best Regards,</span></p><p dir=\"ltr\" style=\"line-height:1.3199999999999998;margin-left: 36pt;text-align: justify;margin-top:0pt;margin-bottom:0pt;\"><span style=\"font-size:12pt;font-family:\'Times New Roman\';color:#000000;background-color:transparent;font-weight:400;font-style:normal;font-variant:normal;text-decoration:none;vertical-align:baseline;white-space:pre;white-space:pre-wrap;\"><br></span><span style=\"background-color: transparent; font-family: &quot;Times New Roman&quot;; font-size: 12pt; font-weight: 700; white-space: pre-wrap;\">3.1 Live Website</span></p><p dir=\"ltr\" style=\"line-height:1.3199999999999998;margin-left: 36pt;text-align: justify;margin-top:0pt;margin-bottom:0pt;\"><span style=\"font-size:12pt;font-family:\'Times New Roman\';color:#000000;background-color:transparent;font-weight:400;font-style:normal;font-variant:normal;text-decoration:none;vertical-align:baseline;white-space:pre;white-space:pre-wrap;\"><b style=\"font-weight:normal;\" id=\"docs-internal-guid-9b02e1b0-7fff-6d76-1f20-9cdcb2695f6a\"><br></b></span></p><p dir=\"ltr\" style=\"line-height:1.3199999999999998;text-indent: 36pt;text-align: justify;margin-top:0pt;margin-bottom:0pt;\"><span style=\"font-size:12pt;font-family:\'Times New Roman\';color:#000000;background-color:transparent;font-weight:400;font-style:normal;font-variant:normal;text-decoration:none;vertical-align:baseline;white-space:pre;white-space:pre-wrap;\">After Client confirms that his website have been done, so this time we have to live to domain and hosting of project. Send email to request training to Client.</span></p><p dir=\"ltr\" style=\"line-height:1.3199999999999998;margin-left: 36pt;text-align: justify;margin-top:0pt;margin-bottom:0pt;\"><span style=\"font-size:12pt;font-family:\'Times New Roman\';color:#000000;background-color:transparent;font-weight:400;font-style:normal;font-variant:normal;text-decoration:none;vertical-align:baseline;white-space:pre;white-space:pre-wrap;\"><b style=\"font-weight:normal;\"><br></b></span></p><p dir=\"ltr\" style=\"line-height:1.3199999999999998;text-indent: 36pt;text-align: justify;margin-top:0pt;margin-bottom:0pt;\"><span style=\"font-size:12pt;font-family:\'Times New Roman\';color:#000000;background-color:transparent;font-weight:700;font-style:normal;font-variant:normal;text-decoration:none;vertical-align:baseline;white-space:pre;white-space:pre-wrap;\">This is our sample email for request training with client:</span></p><p dir=\"ltr\" style=\"line-height:1.3199999999999998;margin-left: 36pt;text-align: justify;margin-top:0pt;margin-bottom:0pt;\"><span style=\"font-size:12pt;font-family:\'Times New Roman\';color:#000000;background-color:transparent;font-weight:400;font-style:normal;font-variant:normal;text-decoration:none;vertical-align:baseline;white-space:pre;white-space:pre-wrap;\"><b style=\"font-weight:normal;\"><br></b></span></p><p dir=\"ltr\" style=\"line-height:1.3199999999999998;margin-left: 36pt;text-align: justify;margin-top:0pt;margin-bottom:0pt;\"><span style=\"font-size:12pt;font-family:\'Times New Roman\';color:#000000;background-color:transparent;font-weight:400;font-style:normal;font-variant:normal;text-decoration:none;vertical-align:baseline;white-space:pre;white-space:pre-wrap;\">Dear Mr./Ms. Client Name</span></p><p dir=\"ltr\" style=\"line-height:1.3199999999999998;margin-left: 36pt;text-align: justify;margin-top:0pt;margin-bottom:0pt;\"><span style=\"font-size:12pt;font-family:\'Times New Roman\';color:#000000;background-color:transparent;font-weight:400;font-style:normal;font-variant:normal;text-decoration:none;vertical-align:baseline;white-space:pre;white-space:pre-wrap;\">Warming greeting from eOcambo Technology Siem Reap, Cambodia.</span></p><p dir=\"ltr\" style=\"line-height:1.3199999999999998;margin-left: 36pt;text-align: justify;margin-top:0pt;margin-bottom:0pt;\"><span style=\"font-size:12pt;font-family:\'Times New Roman\';color:#000000;background-color:transparent;font-weight:400;font-style:normal;font-variant:normal;text-decoration:none;vertical-align:baseline;white-space:pre;white-space:pre-wrap;\"><b style=\"font-weight:normal;\"><br></b></span></p><p dir=\"ltr\" style=\"line-height:1.3199999999999998;margin-left: 36pt;text-align: justify;margin-top:0pt;margin-bottom:0pt;\"><span style=\"font-size:12pt;font-family:\'Times New Roman\';color:#000000;background-color:transparent;font-weight:400;font-style:normal;font-variant:normal;text-decoration:none;vertical-align:baseline;white-space:pre;white-space:pre-wrap;\">Thanks you very much for using our products.</span></p><p dir=\"ltr\" style=\"line-height:1.3199999999999998;margin-left: 36pt;text-align: justify;margin-top:0pt;margin-bottom:0pt;\"><span style=\"font-size:12pt;font-family:\'Times New Roman\';color:#000000;background-color:transparent;font-weight:400;font-style:normal;font-variant:normal;text-decoration:none;vertical-align:baseline;white-space:pre;white-space:pre-wrap;\"><b style=\"font-weight:normal;\"><br></b></span></p><p dir=\"ltr\" style=\"line-height:1.3199999999999998;margin-left: 36pt;text-align: justify;margin-top:0pt;margin-bottom:0pt;\"><span style=\"font-size:12pt;font-family:\'Times New Roman\';color:#000000;background-color:transparent;font-weight:400;font-style:normal;font-variant:normal;text-decoration:none;vertical-align:baseline;white-space:pre;white-space:pre-wrap;\">After we\'re working so hard together on this website.</span></p><p dir=\"ltr\" style=\"line-height:1.3199999999999998;margin-left: 36pt;text-align: justify;margin-top:0pt;margin-bottom:0pt;\"><span style=\"font-size:12pt;font-family:\'Times New Roman\';color:#000000;background-color:transparent;font-weight:400;font-style:normal;font-variant:normal;text-decoration:none;vertical-align:baseline;white-space:pre;white-space:pre-wrap;\">we would like to make appointment with you about training website on (day/time/)</span></p><p dir=\"ltr\" style=\"line-height:1.3199999999999998;margin-left: 36pt;text-align: justify;margin-top:0pt;margin-bottom:0pt;\"><span style=\"font-size:12pt;font-family:\'Times New Roman\';color:#000000;background-color:transparent;font-weight:400;font-style:normal;font-variant:normal;text-decoration:none;vertical-align:baseline;white-space:pre;white-space:pre-wrap;\">Would I possible to meet with you on that day?&nbsp;</span></p><p dir=\"ltr\" style=\"line-height:1.3199999999999998;margin-left: 36pt;text-align: justify;margin-top:0pt;margin-bottom:0pt;\"><span style=\"font-size:12pt;font-family:\'Times New Roman\';color:#000000;background-color:transparent;font-weight:400;font-style:normal;font-variant:normal;text-decoration:none;vertical-align:baseline;white-space:pre;white-space:pre-wrap;\"><b style=\"font-weight:normal;\"><br></b></span></p><p dir=\"ltr\" style=\"line-height:1.3199999999999998;margin-left: 36pt;text-align: justify;margin-top:0pt;margin-bottom:0pt;\"><span style=\"font-size:12pt;font-family:\'Times New Roman\';color:#000000;background-color:transparent;font-weight:400;font-style:normal;font-variant:normal;text-decoration:none;vertical-align:baseline;white-space:pre;white-space:pre-wrap;\">I\'m looking forward to hearing from you.</span></p><p dir=\"ltr\" style=\"line-height:1.3199999999999998;margin-left: 36pt;text-align: justify;margin-top:0pt;margin-bottom:0pt;\"><span style=\"font-size:12pt;font-family:\'Times New Roman\';color:#000000;background-color:transparent;font-weight:400;font-style:normal;font-variant:normal;text-decoration:none;vertical-align:baseline;white-space:pre;white-space:pre-wrap;\">Thank you,</span></p><p dir=\"ltr\" style=\"line-height:1.3199999999999998;margin-left: 36pt;text-align: justify;margin-top:0pt;margin-bottom:0pt;\"><span style=\"font-size:12pt;font-family:\'Times New Roman\';color:#000000;background-color:transparent;font-weight:400;font-style:normal;font-variant:normal;text-decoration:none;vertical-align:baseline;white-space:pre;white-space:pre-wrap;\"></span></p><p dir=\"ltr\" style=\"line-height:1.3199999999999998;margin-left: 36pt;text-align: justify;margin-top:0pt;margin-bottom:0pt;\"><span style=\"font-size:12pt;font-family:\'Times New Roman\';color:#000000;background-color:transparent;font-weight:400;font-style:normal;font-variant:normal;text-decoration:none;vertical-align:baseline;white-space:pre;white-space:pre-wrap;\">Best Regards,</span></p><div><span style=\"font-size:12pt;font-family:\'Times New Roman\';color:#000000;background-color:transparent;font-weight:400;font-style:normal;font-variant:normal;text-decoration:none;vertical-align:baseline;white-space:pre;white-space:pre-wrap;\"><br></span></div><h2 dir=\"ltr\" style=\"line-height:1.3199999999999998;text-indent: 36pt;margin-top:18pt;margin-bottom:6pt;\"><span style=\"font-size:12pt;font-family:\'Times New Roman\';color:#000000;background-color:transparent;font-weight:700;font-style:normal;font-variant:normal;text-decoration:none;vertical-align:baseline;white-space:pre;white-space:pre-wrap;\">3.2.</span><span style=\"font-size:12pt;font-family:\'Times New Roman\';color:#000000;background-color:transparent;font-weight:700;font-style:normal;font-variant:normal;text-decoration:none;vertical-align:baseline;white-space:pre;white-space:pre-wrap;\"><span class=\"Apple-tab-span\" style=\"white-space:pre;\">	</span></span><span style=\"font-size:12pt;font-family:\'Times New Roman\';color:#000000;background-color:transparent;font-weight:700;font-style:normal;font-variant:normal;text-decoration:none;vertical-align:baseline;white-space:pre;white-space:pre-wrap;\">Training Website</span></h2><p dir=\"ltr\" style=\"line-height:1.3199999999999998;text-indent: 36pt;text-align: justify;margin-top:0pt;margin-bottom:0pt;\"><span style=\"font-size:12pt;font-family:\'Times New Roman\';color:#000000;background-color:transparent;font-weight:400;font-style:normal;font-variant:normal;text-decoration:none;vertical-align:baseline;white-space:pre;white-space:pre-wrap;\">Before training website to client we have to set up document training. Request training form from leader team or project manager. </span><span style=\"font-size:12pt;font-family:\'Times New Roman\';color:#000000;background-color:transparent;font-weight:400;font-style:normal;font-variant:normal;text-decoration:none;vertical-align:baseline;white-space:pre;white-space:pre-wrap;\"><br></span><span style=\"font-size:12pt;font-family:\'Times New Roman\';color:#000000;background-color:transparent;font-weight:400;font-style:normal;font-variant:normal;text-decoration:none;vertical-align:baseline;white-space:pre;white-space:pre-wrap;\"><span class=\"Apple-tab-span\" style=\"white-space:pre;\">	</span></span><span style=\"font-size:12pt;font-family:\'Times New Roman\';color:#000000;background-color:transparent;font-weight:400;font-style:normal;font-variant:normal;text-decoration:none;vertical-align:baseline;white-space:pre;white-space:pre-wrap;\">Training Client :</span></p><ul style=\"margin-top:0;margin-bottom:0;\"><li dir=\"ltr\" style=\"list-style-type:disc;font-size:12pt;font-family:\'Times New Roman\';color:#000000;background-color:transparent;font-weight:400;font-style:normal;font-variant:normal;text-decoration:none;vertical-align:baseline;white-space:pre;margin-left: 36pt;\"><p dir=\"ltr\" style=\"line-height:1.3199999999999998;text-align: justify;margin-top:0pt;margin-bottom:0pt;\"><span style=\"font-size:12pt;font-family:\'Times New Roman\';color:#000000;background-color:transparent;font-weight:400;font-style:normal;font-variant:normal;text-decoration:none;vertical-align:baseline;white-space:pre;white-space:pre-wrap;\">Understand about image size</span></p></li><li dir=\"ltr\" style=\"list-style-type:disc;font-size:12pt;font-family:\'Times New Roman\';color:#000000;background-color:transparent;font-weight:400;font-style:normal;font-variant:normal;text-decoration:none;vertical-align:baseline;white-space:pre;margin-left: 36pt;\"><p dir=\"ltr\" style=\"line-height:1.3199999999999998;text-align: justify;margin-top:0pt;margin-bottom:0pt;\"><span style=\"font-size:12pt;font-family:\'Times New Roman\';color:#000000;background-color:transparent;font-weight:400;font-style:normal;font-variant:normal;text-decoration:none;vertical-align:baseline;white-space:pre;white-space:pre-wrap;\">SEO tool</span></p></li><li dir=\"ltr\" style=\"list-style-type:disc;font-size:12pt;font-family:\'Times New Roman\';color:#000000;background-color:transparent;font-weight:400;font-style:normal;font-variant:normal;text-decoration:none;vertical-align:baseline;white-space:pre;margin-left: 36pt;\"><p dir=\"ltr\" style=\"line-height:1.3199999999999998;text-align: justify;margin-top:0pt;margin-bottom:0pt;\"><span style=\"font-size:12pt;font-family:\'Times New Roman\';color:#000000;background-color:transparent;font-weight:400;font-style:normal;font-variant:normal;text-decoration:none;vertical-align:baseline;white-space:pre;white-space:pre-wrap;\">How to update data in backend</span></p></li><li dir=\"ltr\" style=\"list-style-type:disc;font-size:12pt;font-family:\'Times New Roman\';color:#000000;background-color:transparent;font-weight:400;font-style:normal;font-variant:normal;text-decoration:none;vertical-align:baseline;white-space:pre;margin-left: 36pt;\"><p dir=\"ltr\" style=\"line-height:1.3199999999999998;text-align: justify;margin-top:0pt;margin-bottom:0pt;\"><span style=\"font-size:12pt;font-family:\'Times New Roman\';color:#000000;background-color:transparent;font-weight:400;font-style:normal;font-variant:normal;text-decoration:none;vertical-align:baseline;white-space:pre;white-space:pre-wrap;\">How to post and delete their post</span></p></li></ul><h2 dir=\"ltr\" style=\"line-height:1.3199999999999998;text-indent: 36pt;margin-top:18pt;margin-bottom:6pt;\"><span style=\"font-size:12pt;font-family:\'Times New Roman\';color:#000000;background-color:transparent;font-weight:700;font-style:normal;font-variant:normal;text-decoration:none;vertical-align:baseline;white-space:pre;white-space:pre-wrap;\">3.3.</span><span style=\"font-size:12pt;font-family:\'Times New Roman\';color:#000000;background-color:transparent;font-weight:700;font-style:normal;font-variant:normal;text-decoration:none;vertical-align:baseline;white-space:pre;white-space:pre-wrap;\"><span class=\"Apple-tab-span\" style=\"white-space:pre;\">	</span></span><span style=\"font-size:12pt;font-family:\'Times New Roman\';color:#000000;background-color:transparent;font-weight:700;font-style:normal;font-variant:normal;text-decoration:none;vertical-align:baseline;white-space:pre;white-space:pre-wrap;\">Close Project</span></h2><p dir=\"ltr\" style=\"line-height:1.3199999999999998;margin-top:0pt;margin-bottom:0pt;\"><span style=\"font-size:12pt;font-family:\'Times New Roman\';color:#000000;background-color:transparent;font-weight:400;font-style:normal;font-variant:normal;text-decoration:none;vertical-align:baseline;white-space:pre;white-space:pre-wrap;\">After we train Client to update website its mean that your project have done. Send email to client to inform about that and dont forget to CC our finance to clear payment.</span></p><p dir=\"ltr\" style=\"line-height:1.3199999999999998;margin-top:0pt;margin-bottom:0pt;\"><span style=\"font-size:12pt;font-family:\'Times New Roman\';color:#000000;background-color:transparent;font-weight:400;font-style:normal;font-variant:normal;text-decoration:none;vertical-align:baseline;white-space:pre;white-space:pre-wrap;\">&nbsp;</span></p><p dir=\"ltr\" style=\"line-height:1.3199999999999998;text-indent: 36pt;text-align: justify;margin-top:0pt;margin-bottom:0pt;\"><span style=\"font-size:12pt;font-family:\'Times New Roman\';color:#000000;background-color:transparent;font-weight:700;font-style:normal;font-variant:normal;text-decoration:none;vertical-align:baseline;white-space:pre;white-space:pre-wrap;\">This is our sample email for inform to closing project with client:</span></p><p><b style=\"font-weight:normal;\"><br></b></p><p dir=\"ltr\" style=\"line-height:1.3199999999999998;margin-left: 36pt;margin-top:0pt;margin-bottom:0pt;\"><span style=\"font-size:12pt;font-family:\'Times New Roman\';color:#000000;background-color:transparent;font-weight:400;font-style:normal;font-variant:normal;text-decoration:none;vertical-align:baseline;white-space:pre;white-space:pre-wrap;\">Dear Mr./Ms. Client Name</span></p><p dir=\"ltr\" style=\"line-height:1.3199999999999998;margin-left: 36pt;margin-top:0pt;margin-bottom:0pt;\"><span style=\"font-size:12pt;font-family:\'Times New Roman\';color:#000000;background-color:transparent;font-weight:400;font-style:normal;font-variant:normal;text-decoration:none;vertical-align:baseline;white-space:pre;white-space:pre-wrap;\">Warming greeting from eOcambo Technology Siem Reap, Cambodia.</span></p><p><b style=\"font-weight:normal;\"><br></b></p><p dir=\"ltr\" style=\"line-height:1.3199999999999998;margin-left: 36pt;margin-top:0pt;margin-bottom:0pt;\"><span style=\"font-size:12pt;font-family:\'Times New Roman\';color:#000000;background-color:transparent;font-weight:400;font-style:normal;font-variant:normal;text-decoration:none;vertical-align:baseline;white-space:pre;white-space:pre-wrap;\">Thank you very much for using our products.</span></p><p dir=\"ltr\" style=\"line-height:1.3199999999999998;margin-left: 36pt;margin-top:0pt;margin-bottom:0pt;\"><span style=\"font-size:12pt;font-family:\'Times New Roman\';color:#000000;background-color:transparent;font-weight:400;font-style:normal;font-variant:normal;text-decoration:none;vertical-align:baseline;white-space:pre;white-space:pre-wrap;\">As Today, We would like to inform you that our project website have been completed and provided training as well.</span></p><p><b style=\"font-weight:normal;\"><br></b></p><p dir=\"ltr\" style=\"line-height:1.3199999999999998;margin-left: 36pt;margin-top:0pt;margin-bottom:0pt;\"><span style=\"font-size:12pt;font-family:\'Times New Roman\';color:#000000;background-color:transparent;font-weight:400;font-style:normal;font-variant:normal;text-decoration:none;vertical-align:baseline;white-space:pre;white-space:pre-wrap;\">We\'re hopefully you will be happy with your website.</span></p><p><b style=\"font-weight:normal;\"><br></b></p><p dir=\"ltr\" style=\"line-height:1.3199999999999998;margin-left: 36pt;margin-top:0pt;margin-bottom:0pt;\"><span style=\"font-size:12pt;font-family:\'Times New Roman\';color:#000000;background-color:transparent;font-weight:400;font-style:normal;font-variant:normal;text-decoration:none;vertical-align:baseline;white-space:pre;white-space:pre-wrap;\">Please feel free to contact us any time for future assistant.</span></p><p><b style=\"font-weight:normal;\"><br></b></p><p dir=\"ltr\" style=\"line-height:1.3199999999999998;margin-left: 36pt;margin-top:0pt;margin-bottom:0pt;\"><span style=\"font-size:12pt;font-family:\'Times New Roman\';color:#000000;background-color:transparent;font-weight:400;font-style:normal;font-variant:normal;text-decoration:none;vertical-align:baseline;white-space:pre;white-space:pre-wrap;\">Note: Our finance team will contact to you relate the last payment directly.</span></p><p><b style=\"font-weight:normal;\"><br></b></p><p dir=\"ltr\" style=\"line-height:1.3199999999999998;margin-left: 36pt;margin-top:0pt;margin-bottom:0pt;\"><span style=\"font-size:12pt;font-family:\'Times New Roman\';color:#000000;background-color:transparent;font-weight:400;font-style:normal;font-variant:normal;text-decoration:none;vertical-align:baseline;white-space:pre;white-space:pre-wrap;\">Dear Finance Team</span></p><p dir=\"ltr\" style=\"line-height:1.3199999999999998;margin-left: 36pt;margin-top:0pt;margin-bottom:0pt;\"><span style=\"font-size:12pt;font-family:\'Times New Roman\';color:#000000;background-color:transparent;font-weight:400;font-style:normal;font-variant:normal;text-decoration:none;vertical-align:baseline;white-space:pre;white-space:pre-wrap;\">Please kindly follow up.</span></p><p><b style=\"font-weight:normal;\"><br></b></p><p dir=\"ltr\" style=\"line-height:1.3199999999999998;margin-left: 36pt;margin-top:0pt;margin-bottom:0pt;\"><span style=\"font-size:12pt;font-family:\'Times New Roman\';color:#000000;background-color:transparent;font-weight:400;font-style:normal;font-variant:normal;text-decoration:none;vertical-align:baseline;white-space:pre;white-space:pre-wrap;\">Thank you,</span></p><p></p><p dir=\"ltr\" style=\"line-height:1.3199999999999998;margin-left: 36pt;margin-top:0pt;margin-bottom:0pt;\"><span style=\"font-size:12pt;font-family:\'Times New Roman\';color:#000000;background-color:transparent;font-weight:400;font-style:normal;font-variant:normal;text-decoration:none;vertical-align:baseline;white-space:pre;white-space:pre-wrap;\">Best Regard,</span></p><div style=\"text-align: center; \"><span style=\"font-size: 12pt; font-family: &quot;Times New Roman&quot;; color: rgb(0, 0, 0); background-color: transparent; font-variant: normal; vertical-align: baseline; white-space: pre-wrap;\"><i style=\"\"><b>End SOP-Close Project</b></i></span></div>');
INSERT INTO `standard_operation_procedure_set_up` VALUES ('14', 'Flow Chart', '6', '1', '2019-09-04', '23', null, null, '<p style=\"text-align: center; \"><u><b><span style=\"font-size: 14px;\">Flow Chart</span></b></u></p><p style=\"text-align: center; \"><span id=\"docs-internal-guid-acc18b30-7fff-58d6-b063-630741c6f38e\"><span style=\"border: none; display: inline-block; overflow: hidden; width: 375px; height: 695px\"><img src=\"https://lh5.googleusercontent.com/TH_PcUCbIhS7DjeajkPqLvilZMUeJlkrNSHrxTxP4hCiQbVOBG1upSGZJVxpWsUqCclaxlsc3TNH2UQiTWA7gTUij3xFS-j7FfxRiHO1inZpKMlU8sMt-r1VGhpt1KFVbueKUHBw\" width=\"375\" height=\"695\" style=\"margin-left: 0px; margin-top: 0px;\"></span></span></p><p style=\"text-align: center; \"><span id=\"docs-internal-guid-acc18b30-7fff-58d6-b063-630741c6f38e\"><span style=\"border: none; display: inline-block; overflow: hidden; width: 375px; height: 695px\"><i><b><span style=\"font-size: 12px;\">End SOP-Flow Chart</span></b></i><br></span></span><u><b><span style=\"font-size: 14px;\"><br></span></b></u></p>');
COMMIT;

-- ----------------------------
--  Table structure for `standard_operation_step`
-- ----------------------------
DROP TABLE IF EXISTS `standard_operation_step`;
CREATE TABLE `standard_operation_step` (
  `id` int(11) NOT NULL AUTO_INCREMENT,
  `name` varchar(255) DEFAULT NULL,
  `id_employee_possition` int(11) DEFAULT NULL,
  `created_date` datetime DEFAULT NULL,
  `created_by` int(11) DEFAULT NULL,
  `updated_date` datetime DEFAULT NULL,
  `updated_by` datetime DEFAULT NULL,
  `status` int(1) DEFAULT NULL,
  `css` varchar(255) DEFAULT NULL,
  `sort` int(11) DEFAULT NULL,
  PRIMARY KEY (`id`)
) ENGINE=InnoDB AUTO_INCREMENT=13 DEFAULT CHARSET=utf8;

-- ----------------------------
--  Records of `standard_operation_step`
-- ----------------------------
BEGIN;
INSERT INTO `standard_operation_step` VALUES ('4', 'Collect data to analysis', '2', '2019-08-19 09:26:51', '12', '2019-08-19 09:28:02', '0000-00-00 00:00:00', '1', '#339900', null), ('5', 'Implementation', '2', '2019-08-19 09:27:37', '12', null, null, '1', '#3399cc', null), ('6', 'Coding', '2', '2019-08-19 09:31:01', '12', null, null, '1', '#ff3366', null), ('7', 'Training', '2', '2019-08-19 09:31:40', '12', '2019-08-19 09:31:58', '0000-00-00 00:00:00', '1', '#3366cc', null), ('8', 'Sales Call ', '4', '2019-08-30 08:30:37', '1', null, null, '1', '', null), ('9', 'Sales Call ', '1', '2019-09-03 11:53:58', '1', null, null, '1', '', null), ('10', 'Get Information ', '6', '2019-09-04 09:48:43', '23', '2019-09-04 09:51:37', '0000-00-00 00:00:00', '1', '#ff8040', '1'), ('11', 'Coding', '6', '2019-09-04 09:51:23', '23', null, null, '1', '#00ff00', '2'), ('12', 'Close Project', '6', '2019-09-04 09:55:28', '23', null, null, '1', '#0000ff', '3');
COMMIT;

-- ----------------------------
--  Table structure for `standard_operation_step_list`
-- ----------------------------
DROP TABLE IF EXISTS `standard_operation_step_list`;
CREATE TABLE `standard_operation_step_list` (
  `id` int(11) NOT NULL AUTO_INCREMENT,
  `name` varchar(255) DEFAULT NULL,
  `id_standard_operation_step` int(11) DEFAULT NULL,
  `created_date` datetime DEFAULT NULL,
  `created_by` int(11) DEFAULT NULL,
  `updated_date` datetime DEFAULT NULL,
  `updated_by` datetime DEFAULT NULL,
  `status` int(1) DEFAULT NULL,
  `sort` int(11) DEFAULT NULL,
  `is_track` varchar(5) DEFAULT NULL,
  PRIMARY KEY (`id`)
) ENGINE=InnoDB AUTO_INCREMENT=31 DEFAULT CHARSET=utf8;

-- ----------------------------
--  Records of `standard_operation_step_list`
-- ----------------------------
BEGIN;
INSERT INTO `standard_operation_step_list` VALUES ('1', 'Proposal Research', '1', '2019-08-17 08:31:54', '14', null, null, '1', '1', '1'), ('2', 'Presentation', '1', '2019-08-17 08:31:54', '14', null, null, '1', '2', '1'), ('3', 'Sign Contract', '2', '2019-08-17 08:45:02', '14', null, null, '1', '1', '1'), ('4', 'Show Presentation', '2', '2019-08-17 08:45:02', '14', null, null, '1', '2', '1'), ('5', 'Train Client', '3', '2019-08-17 08:45:26', '14', null, null, '1', '1', '1'), ('7', 'Work with client', '5', '2019-08-19 09:27:37', '12', null, null, '1', null, '1'), ('8', 'Collect data to analysis', '4', '2019-08-19 09:28:02', '12', null, null, '1', '0', '1'), ('9', 'Coding and Testing', '6', '2019-08-19 09:31:01', '12', null, null, '1', null, '1'), ('11', 'Train Client to use system', '7', '2019-08-19 09:31:58', '12', null, null, '1', null, '1'), ('12', 'Appointment with clients', '8', '2019-08-30 08:30:37', '1', null, null, '1', '6', '1'), ('13', 'Clients ', '9', '2019-09-03 11:53:58', '1', null, null, '1', '10', '1'), ('17', 'Setup Wordpress', '11', '2019-09-04 09:51:23', '23', null, null, '1', '1', '0'), ('18', 'Setup Backend', '11', '2019-09-04 09:51:23', '23', null, null, '1', '2', '0'), ('19', 'Start Coding', '11', '2019-09-04 09:51:23', '23', null, null, '1', '3', '0'), ('20', 'Responsive', '11', '2019-09-04 09:51:23', '23', null, null, '1', '4', '0'), ('21', 'Install Plugin', '11', '2019-09-04 09:51:23', '23', null, null, '1', '5', '0'), ('22', 'Review', '11', '2019-09-04 09:51:23', '23', null, null, '1', '6', '0'), ('23', 'Tester Review', '11', '2019-09-04 09:51:23', '23', null, null, '1', '7', '0'), ('24', 'Live Demo', '11', '2019-09-04 09:51:23', '23', null, null, '1', '8', '1'), ('25', 'Get Information ', '10', '2019-09-04 09:51:37', '23', null, null, '1', '1', '0'), ('26', 'Design template layout', '10', '2019-09-04 09:51:37', '23', null, null, '1', '2', '1'), ('27', 'Client Approve', '10', '2019-09-04 09:51:37', '23', null, null, '1', '3', '0'), ('28', 'Live Website', '12', '2019-09-04 09:55:28', '23', null, null, '1', '1', '0'), ('29', 'Training Website', '12', '2019-09-04 09:55:28', '23', null, null, '1', '2', '0'), ('30', 'Close Project', '12', '2019-09-04 09:55:28', '23', null, null, '1', '3', '1');
COMMIT;

-- ----------------------------
--  Table structure for `supplier_profile`
-- ----------------------------
DROP TABLE IF EXISTS `supplier_profile`;
CREATE TABLE `supplier_profile` (
  `id` int(11) NOT NULL AUTO_INCREMENT,
  `supplier_name` varchar(250) DEFAULT NULL,
  `company_name` varchar(250) DEFAULT NULL,
  `phone_number` varchar(50) DEFAULT NULL,
  `email` varchar(50) DEFAULT NULL,
  `address` varchar(250) DEFAULT NULL,
  `status` int(1) DEFAULT NULL,
  `created_by` int(11) DEFAULT NULL,
  `created_date` datetime DEFAULT NULL,
  `updated_date` datetime DEFAULT NULL,
  `updated_by` int(11) DEFAULT NULL,
  `img_url` varchar(255) DEFAULT NULL,
  PRIMARY KEY (`id`)
) ENGINE=InnoDB AUTO_INCREMENT=2 DEFAULT CHARSET=utf8;

-- ----------------------------
--  Records of `supplier_profile`
-- ----------------------------
BEGIN;
INSERT INTO `supplier_profile` VALUES ('1', 'Excel', 'Microsoft', '0987654321', '', '', '1', '1', '2019-09-03 14:09:26', null, null, '39');
COMMIT;

-- ----------------------------
--  Table structure for `supplier_profile_tag`
-- ----------------------------
DROP TABLE IF EXISTS `supplier_profile_tag`;
CREATE TABLE `supplier_profile_tag` (
  `id` int(11) NOT NULL AUTO_INCREMENT,
  `id_supplier` int(11) DEFAULT NULL,
  `id_tag` varchar(50) DEFAULT NULL,
  PRIMARY KEY (`id`)
) ENGINE=InnoDB AUTO_INCREMENT=4 DEFAULT CHARSET=utf8;

-- ----------------------------
--  Records of `supplier_profile_tag`
-- ----------------------------
BEGIN;
INSERT INTO `supplier_profile_tag` VALUES ('1', '1', 'domain'), ('2', '1', 'hosting'), ('3', '2', 'tour');
COMMIT;

-- ----------------------------
--  Table structure for `system_setting`
-- ----------------------------
DROP TABLE IF EXISTS `system_setting`;
CREATE TABLE `system_setting` (
  `id` int(11) NOT NULL AUTO_INCREMENT,
  `active` int(11) DEFAULT NULL,
  `description` varchar(255) DEFAULT NULL,
  PRIMARY KEY (`id`)
) ENGINE=InnoDB AUTO_INCREMENT=3 DEFAULT CHARSET=utf8;

-- ----------------------------
--  Records of `system_setting`
-- ----------------------------
BEGIN;
INSERT INTO `system_setting` VALUES ('1', '1', '1 => EOT, 2 => EOH, 3 => Other');
COMMIT;

-- ----------------------------
--  Table structure for `tag`
-- ----------------------------
DROP TABLE IF EXISTS `tag`;
CREATE TABLE `tag` (
  `id` int(11) NOT NULL AUTO_INCREMENT,
  `name` varchar(255) DEFAULT NULL,
  PRIMARY KEY (`id`)
) ENGINE=InnoDB DEFAULT CHARSET=utf8;

-- ----------------------------
--  Table structure for `task`
-- ----------------------------
DROP TABLE IF EXISTS `task`;
CREATE TABLE `task` (
  `id` int(11) NOT NULL AUTO_INCREMENT,
  `task_name` varchar(255) DEFAULT NULL,
  `id_billing_type` int(11) DEFAULT NULL,
  `rate` decimal(10,2) DEFAULT NULL,
  `start_date` date DEFAULT NULL,
  `due_date` date DEFAULT NULL,
  `deadline` date DEFAULT NULL,
  `id_priority` int(11) DEFAULT NULL,
  `id_repeater` int(11) DEFAULT NULL,
  `id_related_to` int(11) DEFAULT NULL,
  `id_related_profile` int(11) DEFAULT NULL,
  `description` text,
  `status` tinyint(1) DEFAULT NULL,
  `updated_by` int(11) DEFAULT NULL,
  `updated_date` datetime DEFAULT NULL,
  `created_by` int(11) DEFAULT NULL,
  `created_date` datetime DEFAULT NULL,
  `id_assign_type` tinyint(1) DEFAULT NULL,
  PRIMARY KEY (`id`)
) ENGINE=InnoDB DEFAULT CHARSET=utf8;

-- ----------------------------
--  Table structure for `task_check_list`
-- ----------------------------
DROP TABLE IF EXISTS `task_check_list`;
CREATE TABLE `task_check_list` (
  `id` int(11) NOT NULL AUTO_INCREMENT,
  `id_task` int(11) DEFAULT NULL,
  `description` varchar(500) DEFAULT NULL,
  `from_time` varchar(20) DEFAULT NULL,
  `to_time` varchar(20) DEFAULT NULL,
  `status` tinyint(4) DEFAULT NULL,
  PRIMARY KEY (`id`)
) ENGINE=InnoDB AUTO_INCREMENT=13 DEFAULT CHARSET=utf8;

-- ----------------------------
--  Records of `task_check_list`
-- ----------------------------
BEGIN;
INSERT INTO `task_check_list` VALUES ('5', '1', 'Testing', '1:00 AM', '2:00 AM', '1'), ('6', '1', 'Testing2', '3:00 AM', '4:00 AM', null), ('10', '2', 'Testing', '1:00 AM', '2:00 AM', '0'), ('11', '2', 'Testing2', '3:00 AM', '4:00 AM', null), ('12', '2', 'Testing3', '4:00 AM', '5:00 AM', null);
COMMIT;

-- ----------------------------
--  Table structure for `task_member`
-- ----------------------------
DROP TABLE IF EXISTS `task_member`;
CREATE TABLE `task_member` (
  `id` int(11) NOT NULL AUTO_INCREMENT,
  `id_task` int(11) DEFAULT NULL,
  `id_employee` int(11) DEFAULT NULL,
  PRIMARY KEY (`id`)
) ENGINE=InnoDB AUTO_INCREMENT=8 DEFAULT CHARSET=utf8;

-- ----------------------------
--  Records of `task_member`
-- ----------------------------
BEGIN;
INSERT INTO `task_member` VALUES ('3', '1', '3'), ('4', '2', '10'), ('5', '2', '12'), ('6', '2', '13'), ('7', '2', '14');
COMMIT;

-- ----------------------------
--  Table structure for `task_related_to`
-- ----------------------------
DROP TABLE IF EXISTS `task_related_to`;
CREATE TABLE `task_related_to` (
  `id` int(11) NOT NULL AUTO_INCREMENT,
  `name` varchar(255) DEFAULT NULL,
  PRIMARY KEY (`id`)
) ENGINE=InnoDB AUTO_INCREMENT=8 DEFAULT CHARSET=utf8;

-- ----------------------------
--  Records of `task_related_to`
-- ----------------------------
BEGIN;
INSERT INTO `task_related_to` VALUES ('1', 'Project'), ('2', 'Invoice'), ('3', 'Customer'), ('4', 'Expense'), ('5', 'Contract'), ('6', 'Lead'), ('7', 'Proposal');
COMMIT;

-- ----------------------------
--  Table structure for `task_status`
-- ----------------------------
DROP TABLE IF EXISTS `task_status`;
CREATE TABLE `task_status` (
  `id` int(11) NOT NULL AUTO_INCREMENT,
  `name` varchar(255) DEFAULT NULL,
  `css_class` varchar(50) DEFAULT NULL,
  PRIMARY KEY (`id`)
) ENGINE=InnoDB AUTO_INCREMENT=6 DEFAULT CHARSET=utf8 ROW_FORMAT=COMPACT;

-- ----------------------------
--  Records of `task_status`
-- ----------------------------
BEGIN;
INSERT INTO `task_status` VALUES ('1', 'Not Started', 'label-mint'), ('2', 'In Progress', 'label-success'), ('3', 'Testing', 'label-warning'), ('4', 'Awaiting Feedback', 'label-danger'), ('5', 'Complete', 'label-info');
COMMIT;

-- ----------------------------
--  Table structure for `task_tag`
-- ----------------------------
DROP TABLE IF EXISTS `task_tag`;
CREATE TABLE `task_tag` (
  `id` int(11) NOT NULL AUTO_INCREMENT,
  `id_task` int(11) DEFAULT NULL,
  `id_tag` varchar(50) DEFAULT NULL,
  PRIMARY KEY (`id`)
) ENGINE=InnoDB DEFAULT CHARSET=utf8 ROW_FORMAT=COMPACT;

-- ----------------------------
--  Table structure for `tax`
-- ----------------------------
DROP TABLE IF EXISTS `tax`;
CREATE TABLE `tax` (
  `id` int(11) NOT NULL AUTO_INCREMENT,
  `tax_name` varchar(255) DEFAULT NULL,
  `value` decimal(10,2) DEFAULT NULL,
  PRIMARY KEY (`id`)
) ENGINE=InnoDB AUTO_INCREMENT=2 DEFAULT CHARSET=utf8;

-- ----------------------------
--  Records of `tax`
-- ----------------------------
BEGIN;
INSERT INTO `tax` VALUES ('1', 'VAT', '5.00');
COMMIT;

-- ----------------------------
--  Table structure for `testing`
-- ----------------------------
DROP TABLE IF EXISTS `testing`;
CREATE TABLE `testing` (
  `id` int(11) NOT NULL,
  `Testing` varchar(255) DEFAULT NULL,
  `status` bit(1) DEFAULT NULL,
  PRIMARY KEY (`id`)
) ENGINE=InnoDB DEFAULT CHARSET=utf8;

-- ----------------------------
--  Records of `testing`
-- ----------------------------
BEGIN;
INSERT INTO `testing` VALUES ('1', '23234', b'0');
COMMIT;

-- ----------------------------
--  Table structure for `uploaded_file`
-- ----------------------------
DROP TABLE IF EXISTS `uploaded_file`;
CREATE TABLE `uploaded_file` (
  `id` int(11) NOT NULL AUTO_INCREMENT,
  `name` varchar(64) DEFAULT NULL,
  `filename` varchar(256) DEFAULT NULL,
  `size` int(11) DEFAULT NULL,
  `type` varchar(32) DEFAULT NULL,
  `thumbnail` varchar(255) DEFAULT NULL,
  `status` bit(1) NOT NULL DEFAULT b'1',
  PRIMARY KEY (`id`)
) ENGINE=InnoDB AUTO_INCREMENT=55 DEFAULT CHARSET=latin1;

-- ----------------------------
--  Records of `uploaded_file`
-- ----------------------------
BEGIN;
INSERT INTO `uploaded_file` VALUES ('1', 'NoPicAvailable.jpg', '/backend/uploads/NoPicAvailable.jpg', '65927', 'image/jpeg', null, b'1'), ('2', '60972540_846849689006961_3545995067674066944_n.jpg', 'backend/uploads/users/05/555b4ba7fd1258aa34320e3686ab20_60972540_846849689006961_3545995067674066944_n.jpg', '76838', 'image/jpeg', null, b'1'), ('3', 'unnamed.jpg', '/Applications/XAMPP/xamppfiles/htdocs/cataMMS/backend/web/backend/uploads/membership-profile/8b/f617810497fffa1b9e26a9dd8797e6_unnamed.jpg', '13553', 'image/jpeg', null, b'1'), ('4', 'photo_2019-07-03_16-12-55.jpg', 'backend/uploads/event-list/97/8f546546017eb68282e1b102b547f1_photo_2019-07-03_16-12-55.jpg', '225798', 'image/jpeg', null, b'1'), ('5', '60750510_846852822339981_7589377846787702784_n.jpg', 'backend/uploads/users/5d/6766a33e3a850d58d8b3502121a5bf_60750510_846852822339981_7589377846787702784_n.jpg', '30998', 'image/jpeg', null, b'1'), ('6', 'B_Profile.jpg', 'backend/uploads/users/c7/9c52f602886ba5c36aea0c4e5517e6_B_Profile.jpg', '130576', 'image/jpeg', null, b'1'), ('7', 'have-no-profile-picture-facebook-11.jpg', 'backend/uploads/users/37/eb0bcba3517ddfdd6487849d284166_have-no-profile-picture-facebook-11.jpg', '30666', 'image/jpeg', null, b'1'), ('8', 'file.jpg', '/Applications/XAMPP/xamppfiles/htdocs/cataMMS/backend/web/backend/uploads/membership-profile/ad/84d16c39b063c55bf65e8fd83cb1be_file.jpg', '133712', 'image/jpeg', null, b'1'), ('10', '65372280_425946121583765_6722478276213735424_n.jpg', '/Applications/XAMPP/xamppfiles/htdocs/cataMMS/backend/web/backend/uploads/membership-profile/5c/f2ed742a017d12c187fa4854489d5d_65372280_425946121583765_6722478276213735424_n.jpg', '74886', 'image/jpeg', null, b'1'), ('13', '64928238_1098443577031984_1099220682396401664_o.jpg', '/Applications/XAMPP/xamppfiles/htdocs/cataMMS/backend/web/backend/uploads/membership-profile/68/608b678dbb21dba4ac1477f1d191c9_64928238_1098443577031984_1099220682396401664_o.jpg', '89372', 'image/jpeg', null, b'1'), ('14', '65314999_2334304963451496_5645665237064482816_n.jpg', '/Applications/XAMPP/xamppfiles/htdocs/cataMMS/backend/web/backend/uploads/membership-profile/d4/aaf91d6807c4d39d003f1bb4f99e57_65314999_2334304963451496_5645665237064482816_n.jpg', '49284', 'image/jpeg', null, b'1'), ('15', '65372280_425946121583765_6722478276213735424_n.jpg', '/Applications/XAMPP/xamppfiles/htdocs/cataMMS/backend/web/backend/uploads/membership-profile/c1/5d34255dfb83a318e897094929e7bf_65372280_425946121583765_6722478276213735424_n.jpg', '74886', 'image/jpeg', null, b'1'), ('16', '64928238_1098443577031984_1099220682396401664_o.jpg', '/Applications/XAMPP/xamppfiles/htdocs/cataMMS/backend/web/backend/uploads/membership-profile/fa/4af65178a48dc3ac6809deca53964a_64928238_1098443577031984_1099220682396401664_o.jpg', '89372', 'image/jpeg', null, b'1'), ('17', '65372280_425946121583765_6722478276213735424_n.jpg', 'backend/uploads/users/6c/6d26d691e6a1b9aee2f6b89bbdce0a_65372280_425946121583765_6722478276213735424_n.jpg', '74886', 'image/jpeg', null, b'1'), ('18', '65314999_2334304963451496_5645665237064482816_n.jpg', 'backend/uploads/users/0c/a4899277b2303f14b4d8887c2c1eaa_65314999_2334304963451496_5645665237064482816_n.jpg', '49284', 'image/jpeg', null, b'1'), ('19', '65372280_425946121583765_6722478276213735424_n.jpg', '/Applications/XAMPP/xamppfiles/htdocs/cataMMS/backend/web/backend/uploads/users/5d/c0443cbfc55398c593302e30d08563_65372280_425946121583765_6722478276213735424_n.jpg', '74886', 'image/jpeg', null, b'1'), ('20', 'comple.png', '/Applications/XAMPP/xamppfiles/htdocs/dropbox/eOCRM/backend/web/backend/uploads/users/fc/a4d1c2a20d1983172a336362972c81_comple.png', '355615', 'image/png', null, b'1'), ('21', 'evan.png', '/Applications/XAMPP/xamppfiles/htdocs/dropbox/eOCRM/backend/web/backend/uploads/employee-profile/46/0df142f1c8925ae900e0fab2b09f93_evan.png', '213820', 'image/png', null, b'1'), ('22', 'logo transparent.png', '/Applications/XAMPP/xamppfiles/htdocs/dropbox/eOCRM/backend/web/backend/uploads/company-profile/09/19e6e56406ac6dc57bd9f8b21c4c9b_logo transparent.png', '45796', 'image/png', null, b'1'), ('23', 'Screen Shot 2019-07-25 at 10.22.02 AM.png', '/Applications/XAMPP/xamppfiles/htdocs/dropbox/eOCRM/backend/web/backend/uploads/supplier-profile/f4/da5c0e81f7c91f4a6ebd407b0e753e_Screen Shot 2019-07-25 at 10.22.02 AM.png', '798665', 'image/png', null, b'1'), ('24', 'logo_makro.png', '/Applications/XAMPP/xamppfiles/htdocs/dropbox/eOCRM/backend/web/backend/uploads/supplier-profile/3d/80ca2d3ed023d74aa2b9ca019f92f2_logo_makro.png', '10132', 'image/png', null, b'1'), ('25', 'DWfoXv3UMAEo7Kj.jpg', '/Applications/XAMPP/xamppfiles/htdocs/dropbox/eOCRM/backend/web/backend/uploads/expense-attachment/39/7403dc6c9473eadd42325037fbcd32_DWfoXv3UMAEo7Kj.jpg', '113405', 'image/jpeg', null, b'1'), ('26', '2019-07-22 14.51.33.jpg', '/Applications/XAMPP/xamppfiles/htdocs/dropbox/eOCRM/backend/web/backend/uploads/employee-profile/a0/1401866964196853ecc3bc5cc4a5e7_2019-07-22 14.51.33.jpg', '206079', 'image/jpeg', null, b'1'), ('27', '3feea1b3-2149-4103-a10e-95e7da8ac7eb.jpg', '/Applications/XAMPP/xamppfiles/htdocs/dropbox/eOCRM/backend/web/backend/uploads/employee-profile/89/b55e3eb71ccc4e07994e8d3d1c7e8c_3feea1b3-2149-4103-a10e-95e7da8ac7eb.jpg', '31008', 'image/jpeg', null, b'1'), ('28', '2019-07-22 14.51.33.jpg', '/Applications/XAMPP/xamppfiles/htdocs/dropbox/eOCRM/backend/web/backend/uploads/employee-profile/2c/78f5722b135940cf7dc593aeb8280d_2019-07-22 14.51.33.jpg', '206079', 'image/jpeg', null, b'1'), ('29', 'earth.png', '/Applications/XAMPP/xamppfiles/htdocs/dropbox/eOCRM/backend/web/backend/uploads/employee-profile/f6/9a3e3e5cead7c46bf848651e203080_earth.png', '1304', 'image/png', null, b'1'), ('30', 'd.jpg', '/Applications/XAMPP/xamppfiles/htdocs/dropbox/eOCRM/backend/web/backend/uploads/employee-profile/c2/8369ed0b24ffca97ba4c069eeefc1e_d.jpg', '162827', 'image/jpeg', null, b'1'), ('31', 'mockup4.png', '/Applications/XAMPP/xamppfiles/htdocs/dropbox/eOCRM/backend/web/backend/uploads/supplier-profile/95/eeaf5d9b370b0e8c2765a4d0718449_mockup4.png', '689976', 'image/png', null, b'1'), ('32', 'tick.png', '/Applications/XAMPP/xamppfiles/htdocs/dropbox/eOCRM/backend/web/backend/uploads/supplier-profile/90/d47810f55f37c4f936236a36fc7684_tick.png', '34089', 'image/png', null, b'1'), ('33', '681275_button_512x512-15670463985d673afec64a6017665030.png', '/var/app/current/backend/web/backend/uploads/supplier-profile/d7/b019f784c917efd90d957fc9c096ff_681275_button_512x512-15670463985d673afec64a6017665030.png', '9728', 'image/png', null, b'1'), ('34', 'custom-business-cards-380g-skin-black-visit-card-and-can-custom-', '/var/app/current/backend/web/backend/uploads/employee-profile/48/227a4ff956eef6e164f90c2e0521d9_custom-business-cards-380g-skin-black-visit-card-and-can-custom-post-card.jpg', '284610', 'image/jpeg', null, b'1'), ('35', 'gie5GeReT.jpg', '/var/app/current/backend/web/backend/uploads/employee-profile/05/f47aa00d1bc60d48b9c0b8824116ab_gie5GeReT.jpg', '5731', 'image/jpeg', null, b'1'), ('36', 'd.jpg', '/var/app/current/backend/web/backend/uploads/employee-profile/a1/9f60d92e1c4fba982d7dfb7fd0c3aa_d.jpg', '162827', 'image/jpeg', null, b'1'), ('37', 'd.jpg', '/var/app/current/backend/web/backend/uploads/employee-profile/bb/895f5c68e65a87b120715f6abbc77c_d.jpg', '162827', 'image/jpeg', null, b'1'), ('38', 'gie5GeReT.jpg', '/var/app/current/backend/web/backend/uploads/employee-profile/68/989a9bbb3acc42381f747d51b48b8b_gie5GeReT.jpg', '5731', 'image/jpeg', null, b'1'), ('39', '64928238_1098443577031984_1099220682396401664_o.jpg', '/var/app/current/backend/web/backend/uploads/supplier-profile/07/d6fdbf147bc0bc42e8d45ef73ac350_64928238_1098443577031984_1099220682396401664_o.jpg', '89372', 'image/jpeg', null, b'1'), ('40', 'custom-business-cards-380g-skin-black-visit-card-and-can-custom-', '/var/app/current/backend/web/backend/uploads/employee-profile/ba/4b6d8c418d4d09485cfe2d4e12b1db_custom-business-cards-380g-skin-black-visit-card-and-can-custom-post-card.jpg', '284610', 'image/jpeg', null, b'1'), ('41', 'custom-business-cards-380g-skin-black-visit-card-and-can-custom-', '/var/app/current/backend/web/backend/uploads/employee-profile/b0/a0771d1dae36ef39bb8c477a52914f_custom-business-cards-380g-skin-black-visit-card-and-can-custom-post-card.jpg', '284610', 'image/jpeg', null, b'1'), ('42', 'eo-frame.png', '/var/app/current/backend/web/backend/uploads/employee-profile/17/1e29f2c6428e37a74e24f65a8c45bc_eo-frame.png', '97862', 'image/png', null, b'1'), ('43', 'maco.png', '/var/app/current/backend/web/backend/uploads/employee-profile/85/261fa728c56139bf72453befb2b00f_maco.png', '148933', 'image/png', null, b'1'), ('44', '_MG_5356.png', '/var/app/current/backend/web/backend/uploads/employee-profile/87/6f6f61c04ed8b5d79c6dd6052623ec__MG_5356.png', '332738', 'image/png', null, b'1'), ('45', 'mara.jpg', '/var/app/current/backend/web/backend/uploads/employee-profile/9f/5a46e62b60238ffd7a45b5ae1406e7_mara.jpg', '101423', 'image/jpeg', null, b'1'), ('46', '68976973_2101127553521652_8899380087959322624_n.jpg', '/var/app/current/backend/web/backend/uploads/employee-profile/fe/3a7c8ea1d21fbc18a6da48e4aec705_68976973_2101127553521652_8899380087959322624_n.jpg', '98616', 'image/jpeg', null, b'1'), ('47', 'Web Developer.jpg', '/var/app/current/backend/web/backend/uploads/employee-profile/2a/196fb28bc4577c7cecaaa1707d6155_Web Developer.jpg', '105242', 'image/jpeg', null, b'1'), ('48', 'BMS Profile.jpg', '/var/app/current/backend/web/backend/uploads/employee-profile/dd/498e5af8dbeedb7f90ccf1415bd13c_BMS Profile.jpg', '88773', 'image/jpeg', null, b'1'), ('49', 'pholly.jpg', '/var/app/current/backend/web/backend/uploads/employee-profile/6d/98e3d6c4ff512edf31b365fa121285_pholly.jpg', '82531', 'image/jpeg', null, b'1'), ('50', 'PremuimWebsite.png', '/var/app/current/backend/web/backend/uploads/quotation_template/e4/1d2ceb5ffacf82936d385a37917307_PremuimWebsite.png', '3578', 'image/png', null, b'1'), ('51', 'PremuimWebsite.png', '/var/app/current/backend/web/backend/uploads/quotation_template/f2/7892b8f90bcaa7b8090e3213de3bff_PremuimWebsite.png', '3578', 'image/png', null, b'1'), ('52', 'PremuimWebsite.png', '/var/app/current/backend/web/backend/uploads/quotation_template/73/ac79584205ef7ca25f5b5c1c4832cf_PremuimWebsite.png', '3578', 'image/png', null, b'1'), ('53', 'PremuimWebsite.png', '/var/app/current/backend/web/backend/uploads/quotation_template/c0/c8c921b9c35b90bdb7ae4302ebfcb7_PremuimWebsite.png', '3578', 'image/png', null, b'1'), ('54', 'ChannelManager.png', '/var/app/current/backend/web/backend/uploads/quotation_template/d5/52695ed539a8a385be3cd907215bb9_ChannelManager.png', '2109', 'image/png', null, b'1');
COMMIT;

-- ----------------------------
--  Table structure for `user`
-- ----------------------------
DROP TABLE IF EXISTS `user`;
CREATE TABLE `user` (
  `id` int(11) NOT NULL AUTO_INCREMENT,
  `user_type_id` int(11) DEFAULT NULL,
  `email` varchar(500) DEFAULT NULL,
  `password_hash` varchar(500) DEFAULT NULL,
  `password_reset_token` varchar(500) DEFAULT NULL,
  `auth_key` varchar(500) DEFAULT NULL,
  `status` int(11) DEFAULT NULL,
  `created_by` int(11) DEFAULT NULL,
  `created_date` datetime DEFAULT NULL,
  `updated_date` datetime DEFAULT NULL,
  `updated_by` int(11) DEFAULT NULL,
  `is_deleted` int(11) DEFAULT NULL,
  `deleted_at` datetime DEFAULT NULL,
  `deleted_by` int(11) DEFAULT NULL,
  `first_name` varchar(50) DEFAULT NULL,
  `last_name` varchar(50) DEFAULT NULL,
  `gender` varchar(50) DEFAULT NULL,
  `telephone` varchar(50) DEFAULT NULL,
  `img_url` varchar(500) DEFAULT NULL,
  `username` varchar(50) DEFAULT NULL,
  `membership_id` int(11) DEFAULT NULL,
  `id_employee` int(11) DEFAULT NULL,
  `id_position` int(11) DEFAULT NULL,
  PRIMARY KEY (`id`)
) ENGINE=InnoDB AUTO_INCREMENT=28 DEFAULT CHARSET=utf8 ROW_FORMAT=COMPACT;

-- ----------------------------
--  Records of `user`
-- ----------------------------
BEGIN;
INSERT INTO `user` VALUES ('1', '1', 'systemadmin@eocambo.com', '$2y$13$58f7hH5s7s9X.R/V7fge2.gdJ0Wmr9bqjYHz0yuQtlEapokTIsH46', null, '8tdRr0KstxcAKFdZ00UWb_SjnK73M5uz', '1', '1', '2019-07-10 20:07:12', '2019-07-17 08:38:48', '1', null, null, null, 'System', 'Admin', '', '', '20', 'systemadmin', '2', null, null), ('12', '1', 'pov@eocambo.com', '$2y$13$d23ealFT5MPlMCVu9Z7sUubxy5ZXVWAm98MA1FJ/mlYSA/ca0OKcS', null, 'Rf-bG_nU_70CyzceIIapXAUpx4UpeILm', '1', '1', '2019-08-03 08:46:40', '2019-09-01 22:11:32', '1', null, null, null, 'Men', 'Robaer', 'Mr.', '069 544 447', '28', 'pov', null, '1', '2'), ('13', '1', 'theombuntheoun@gmail.com', '$2y$13$9q6K6.oJ0K0bJfrrIIi57ekd51vKYHcoPJi1Ge1TKdetdi1Hudwky', null, 'hj5vd77Lkhx9aDXvIr0mMih5pVbwPWAB', '1', '1', '2019-08-03 08:49:44', '2019-09-03 16:05:46', '13', null, null, null, 'THEOM', 'Buntheoun (Maco)', 'Mr.', '010 448 054', '43', 'maco', null, '2', '1'), ('14', '1', 'saody@eocambo.com', '$2y$13$DMQD8nRtdiKZ2x41hdEUIuBkF9cE8OiqyHL7PE3CcuOM2ZUBngO6u', null, 'waSzB53CYhpKoCMkqU-4E7aJ2Nr5PWkg', '1', '12', '2019-08-03 08:52:43', '2019-09-03 16:20:09', '14', null, null, null, 'Saody', 'Phal', 'Mr.', '087 691 777', '38', 'saody', null, '3', '2'), ('15', '3', 'maranet@eocambo.com', '$2y$13$qiiRMmcA/5Ftz4GgPxNBI.VmAMUVlAZgagTkzuIyFs.lDmH6ErdoC', null, 'do6edfOxz0GkmKmsT2apFCojioXKrwCq', '1', '12', '2019-08-03 09:25:09', '2019-09-04 09:18:46', '15', null, null, null, 'Maranet', 'Mey', 'Ms.', '086 907 907', '45', 'maranet', null, '4', '6'), ('16', '1', 'bunchhay@eocambo.com', '$2y$13$7gaL7fvDgv13amFWcrArP.zZlgrNa9xm3EyLBc2zMNZAFoi3Yi7nK', null, 'Zpkul0nRjvHz48inFEEid8UzrlOJ9wg2', '1', '1', '2019-08-05 13:40:28', '2019-08-05 14:41:34', '15', null, null, null, 'Bunchhay', 'Yoeurn ', 'Mr.', '096 596 33 22', '7', 'chhay', null, '5', '5'), ('17', '1', 'dararith365@gmail.com', '$2y$13$itvnjfF6qtHjZTRp/OPloOZAReiRrdq0N7BQ8Yxe6QLHlbsU5WX7O', null, '8w-ikPA_w0do-pLmoSceY1hEG4pdq74G', '1', '1', '2019-08-05 13:53:45', '2019-08-05 14:42:04', '15', null, null, null, 'Dararith', 'Kreom ', 'Mr.', '096 858 57 89', '8', 'rith', null, '6', '2'), ('18', '1', 'chhunrachhen961@gmail.com', '$2y$13$X7DdWsNf03.yZ22zXEW1JuKGP4h8vqZYGj4.FMKK6gzAvWqtrz.am', null, 'iGU4J072wKOagdpC4fkBhNlNZl9mSOCL', '1', '1', '2019-08-05 14:05:36', '2019-08-05 14:42:28', '15', null, null, null, 'Rachhen', 'Chhun ', 'Mr.', '096 967 4239', '9', 'chhen', null, '7', '2'), ('19', '1', 'pengai.ear@gmail.com', '$2y$13$acAyrlMNJHV.Y25z3GFy8eKPlPIUTJnyOzRYgODrRv/w09tmz31oi', null, 'JjKcqTklLy6x4LDQ4sZQOk90b43FR76y', '1', null, '2019-08-05 14:08:38', '2019-08-05 14:42:57', '15', null, null, null, 'Peng Ai', 'Ear ', 'Mr.', '070 914 156', '10', 'ai', null, '8', '2'), ('20', '1', 'rithyraeck@eocambo.com', '$2y$13$P47mPoAbSsXXYaKmVa7GDOJ/WqGYBiDHQrj5YQQTDRn.Weixzr8UG', null, 'Xfh8tomk6Qq-VmAhiggrEQ-fFuG8gqef', '1', '15', '2019-08-05 14:18:58', '2019-09-04 09:18:42', '20', null, null, null, 'Rithyraeck', 'SOEUNG', 'Mr.', '095/010 80 85 90', '44', 'raeck', null, '9', '4'), ('21', '1', 'measmengtry@eocambo.com', '$2y$13$gCv1If5FmaqZnCmMtC9gB.vUMy.Hu/OmwCwJTMd9oK9AHB1GRzT8y', null, 'iaw8jkqB4DbjmXGWPBzoCq71ZuyR8qP0', '1', '15', '2019-08-05 14:22:11', '2019-08-05 14:43:49', '15', null, null, null, 'Mengtry', 'Meas ', 'Mr.', '092 30 50 85', '12', 'try', null, '10', '2'), ('22', '2', 'uan.theany@gmail.com', '$2y$13$HzMe4QmJscrMu1oNBNyg/ublnvzJUzgLMt//2we2VcxdMcAsIsSSK', null, 'GRlVmU9jS5HKRbJK79beVDAxwaGwYIVF', '1', '15', '2019-08-05 14:24:41', '2019-09-03 11:09:32', '1', null, null, null, 'Theany', 'Uan ', 'Mrs.', '070 307 888', null, 'theany', null, '11', '4'), ('23', '4', 'pholly@eocambo.com', '$2y$13$CRT2ZgZhy9enAUmHtUbmQedZoJFlFjtUJY1DsJYvoiWTPtH.iAT8C', null, '5ttm-BZ9xptuWn8ZvOj11aGTuuaBW5NS', '1', '15', '2019-08-05 14:26:48', '2019-09-04 10:28:28', '23', null, null, null, 'Pholly', 'Chinh ', 'Mr.', '010 328 929', '49', 'pholly', null, '12', '6'), ('24', '1', 'mollikaou070@gmail.com', '$2y$13$arnf/5tTifYV88Lii/wGv.u37WOo1NxFYLulVhJN5/5vjx4vLy9J6', null, 'J9rsOMGsCA9j9lNs5q9oPzXtcaG0vCZv', '1', '15', '2019-08-05 14:30:07', null, null, null, null, null, 'Mollika ', 'Ou ', 'Ms.', '070 609 640', null, 'mollika', null, '13', '7'), ('25', '1', 'ranick252001@gmail.com', '$2y$13$TKfQi1/50HbT4SR5UaTdXOQl86WPbzQifpjc86z2OZjXRWk64JYb.', null, '-cu_3psptTGpc-dDoTeg8WS2dY5P6iO4', '1', '15', '2019-08-05 14:31:59', null, null, null, null, null, 'Soranick', 'Sen ', 'Ms.', '095 623 523', null, 'ranick', null, '14', '7'), ('26', '1', 'hohong0005@gmail.com', '$2y$13$h56KOfGP1H5cCgqUqPRO8OXwPHApKYB90Wd7M8vQChbraNi1p4nnS', null, 'tOnhnC4GxJehxZooaYg-7y4_BUpoP8K3', '1', '15', '2019-08-05 14:33:38', null, null, null, null, null, 'Hong', 'Ho ', 'Ms.', '098 440 005', null, 'hong', null, '15', '7'), ('27', '3', 'sainangreall99@gmail.com', '$2y$13$toMnalu6.Odug39ZLbl3TuR195x9szKscC4DaMtckeSP6jfh2AlQK', null, 'DD78Elc-Jg6RScytb6brFlU9bWV73IA_', '1', '1', '2019-09-04 09:05:45', '2019-09-04 09:50:31', '27', null, null, null, 'Sao ', 'Nang', 'Mr.', '090493990', '48', 'saonang', null, '16', '6');
COMMIT;

-- ----------------------------
--  Table structure for `user_type`
-- ----------------------------
DROP TABLE IF EXISTS `user_type`;
CREATE TABLE `user_type` (
  `id` int(11) NOT NULL AUTO_INCREMENT,
  `status` bit(1) DEFAULT NULL,
  `user_type_name` varchar(500) DEFAULT NULL,
  `default_view_id` int(11) DEFAULT NULL,
  `created_date` datetime DEFAULT NULL,
  `created_by` int(11) DEFAULT NULL,
  `updated_date` datetime DEFAULT NULL,
  `updated_by` int(11) DEFAULT NULL,
  PRIMARY KEY (`id`)
) ENGINE=InnoDB AUTO_INCREMENT=5 DEFAULT CHARSET=utf8;

-- ----------------------------
--  Records of `user_type`
-- ----------------------------
BEGIN;
INSERT INTO `user_type` VALUES ('1', b'1', 'Super Admin', '1', null, null, '2019-08-20 13:53:07', '1'), ('2', b'1', 'Sales', '1', null, null, '2019-09-03 15:17:16', '13'), ('3', b'1', 'Web Developer', '1', null, null, '2019-09-03 16:23:38', '1'), ('4', b'1', 'Senior Web Developer', null, '2019-09-04 10:01:05', '1', '2019-09-04 10:02:18', '1');
COMMIT;

-- ----------------------------
--  Table structure for `year_list`
-- ----------------------------
DROP TABLE IF EXISTS `year_list`;
CREATE TABLE `year_list` (
  `id` int(11) NOT NULL AUTO_INCREMENT,
  `name` varchar(4) DEFAULT NULL,
  PRIMARY KEY (`id`)
) ENGINE=InnoDB AUTO_INCREMENT=13 DEFAULT CHARSET=utf8;

-- ----------------------------
--  Records of `year_list`
-- ----------------------------
BEGIN;
INSERT INTO `year_list` VALUES ('1', '2019'), ('2', '2020'), ('3', '2021'), ('4', '2022'), ('5', '2023'), ('6', '2024'), ('7', '2025'), ('8', '2026'), ('9', '2027'), ('10', '2028'), ('11', '2029'), ('12', '2030');
COMMIT;

SET FOREIGN_KEY_CHECKS = 1;
