/*
 Navicat Premium Data Transfer

 Source Server         : eoresortbms
 Source Server Type    : MySQL
 Source Server Version : 50640
 Source Host           : aaqya94dx1ntyt.ctdeev5h7fgi.ap-southeast-1.rds.amazonaws.com:3306
 Source Schema         : ebdb

 Target Server Type    : MySQL
 Target Server Version : 50640
 File Encoding         : 65001

 Date: 07/09/2019 12:24:49
*/

SET NAMES utf8mb4;
SET FOREIGN_KEY_CHECKS = 0;

-- ----------------------------
-- Table structure for account_type
-- ----------------------------
DROP TABLE IF EXISTS `account_type`;
CREATE TABLE `account_type` (
  `id` int(11) NOT NULL AUTO_INCREMENT,
  `is_parent` int(11) DEFAULT NULL,
  `names` varchar(250) DEFAULT NULL,
  `updated_by` int(11) DEFAULT NULL,
  `updated_date` datetime DEFAULT NULL,
  `status` tinyint(1) DEFAULT NULL,
  `detail_type` varchar(255) DEFAULT NULL,
  `created_by` int(11) DEFAULT NULL,
  `created_date` datetime DEFAULT NULL,
  PRIMARY KEY (`id`) USING BTREE
) ENGINE=InnoDB AUTO_INCREMENT=48 DEFAULT CHARSET=utf8 ROW_FORMAT=COMPACT;

-- ----------------------------
-- Records of account_type
-- ----------------------------
BEGIN;
INSERT INTO `account_type` VALUES (1, 0, 'Income', 1, '2017-12-13 12:01:22', 1, '', 1, '2017-12-13 12:01:22');
INSERT INTO `account_type` VALUES (2, 0, 'Expense', 1, '2017-12-13 12:06:49', 1, '', 1, '2017-12-13 12:01:22');
INSERT INTO `account_type` VALUES (3, 0, 'Bank', 1, '2017-12-13 12:07:12', 1, '', 1, '2017-12-13 12:01:22');
INSERT INTO `account_type` VALUES (4, 0, 'Cost of Sales', 1, '2017-12-13 12:07:46', 1, '', 1, '2017-12-13 12:01:22');
INSERT INTO `account_type` VALUES (5, 0, 'Other Expense', 1, '2017-12-13 12:08:14', 1, '', 1, '2017-12-13 12:01:22');
INSERT INTO `account_type` VALUES (6, 0, 'Other Income', 1, '2017-12-13 12:01:22', 1, '', 1, '2017-12-13 12:01:22');
INSERT INTO `account_type` VALUES (7, 0, 'Equity', 1, '2017-12-13 12:01:22', 1, '', 1, '2017-12-13 12:01:22');
INSERT INTO `account_type` VALUES (8, 0, 'Current Liabilities', 1, '2017-12-13 12:01:22', 1, '', 1, '2017-12-13 12:01:22');
INSERT INTO `account_type` VALUES (9, 0, 'Current Assets', 1, '2017-12-13 12:01:22', 1, '', 1, '2017-12-13 12:01:22');
INSERT INTO `account_type` VALUES (10, 0, 'Non-Current Assets', 1, '2017-12-13 12:01:22', 1, '', 1, '2017-12-13 12:01:22');
INSERT INTO `account_type` VALUES (11, 2, 'Administrative Expenses ', 1, '2017-12-13 12:07:02', 1, '', 1, '2017-12-13 12:02:56');
INSERT INTO `account_type` VALUES (12, 2, 'Bad Debts', 1, '2017-12-13 12:07:32', 1, '', 1, '2017-12-13 12:03:19');
INSERT INTO `account_type` VALUES (13, 2, 'Bank Charge ', 1, '2017-12-13 12:08:00', 1, '', 1, '2017-12-13 12:03:56');
INSERT INTO `account_type` VALUES (14, 2, 'Payroll Expenses', 1, '2017-12-13 12:08:34', 1, '', 1, '2017-12-13 12:04:22');
INSERT INTO `account_type` VALUES (15, 2, 'Entertainment ', 1, '2017-12-13 12:09:21', 1, '', 1, '2017-12-13 12:09:24');
INSERT INTO `account_type` VALUES (16, 2, 'Marketing Expense', 1, '2017-12-13 13:38:35', 1, '', 1, '2017-12-13 13:37:44');
INSERT INTO `account_type` VALUES (17, 2, 'Repaire & Maintenance ', 1, '2017-12-13 13:38:43', 1, '', 1, '2017-12-13 13:37:51');
INSERT INTO `account_type` VALUES (18, 2, 'Travel Expenses', 1, '2017-12-13 13:38:51', 1, '', 1, '2017-12-13 13:37:56');
INSERT INTO `account_type` VALUES (19, 2, 'Insurrance', 1, '2017-12-13 13:38:55', 1, '', 1, '2017-12-13 13:38:02');
INSERT INTO `account_type` VALUES (20, 3, 'Cash in Bank', 1, '2017-12-13 13:42:29', 1, '', 1, '0000-00-00 00:00:00');
INSERT INTO `account_type` VALUES (21, 3, 'Cash on Hand', 1, '2017-12-13 00:00:00', 1, '', 1, '2017-12-13 00:00:00');
INSERT INTO `account_type` VALUES (22, 5, 'Depreciation', 1, '2017-12-13 00:00:00', 1, '', 1, '2017-12-13 00:00:00');
INSERT INTO `account_type` VALUES (23, 5, 'Other Expense', 1, '2017-12-13 00:00:00', 1, '', 1, '2017-12-13 00:00:00');
INSERT INTO `account_type` VALUES (24, 6, 'Other Investment Revenue', 1, '2017-12-13 00:00:00', 1, '', 1, '2017-12-13 00:00:00');
INSERT INTO `account_type` VALUES (25, 6, 'Interest Earned', 1, '2017-12-13 00:00:00', 1, '', 1, '2017-12-13 00:00:00');
INSERT INTO `account_type` VALUES (26, 7, 'Opening Balance Equity', 1, '2017-12-13 00:00:00', 1, '', 1, '2017-12-13 00:00:00');
INSERT INTO `account_type` VALUES (27, 7, 'Owner\'s Equity', 1, '2017-12-13 00:00:00', 1, '', 1, '2017-12-13 00:00:00');
INSERT INTO `account_type` VALUES (28, 7, 'Partner\'s Equity', 1, '2017-12-13 00:00:00', 1, '', 1, '2017-12-13 00:00:00');
INSERT INTO `account_type` VALUES (29, 8, 'Interest Payable ', 1, '2017-12-13 00:00:00', 1, '', 1, '2017-12-13 00:00:00');
INSERT INTO `account_type` VALUES (30, 8, 'Insurance Payable', 1, '2017-12-13 00:00:00', 1, '', 1, '2017-12-13 00:00:00');
INSERT INTO `account_type` VALUES (31, 8, 'Loan Payable', 1, '2017-12-13 00:00:00', 1, '', 1, '2017-12-13 00:00:00');
INSERT INTO `account_type` VALUES (32, 8, 'Payroll Liabilities', 1, '2017-12-13 00:00:00', 1, '', 1, '2017-12-13 00:00:00');
INSERT INTO `account_type` VALUES (33, 8, 'Prepaid Expense Liabilities', 1, '2017-12-13 00:00:00', 1, '', 1, '2017-12-13 00:00:00');
INSERT INTO `account_type` VALUES (34, 9, 'Employee Cash Advances', 1, '2017-12-13 00:00:00', 1, '', 1, '2017-12-13 00:00:00');
INSERT INTO `account_type` VALUES (35, 9, 'Inventory', 1, '2017-12-13 00:00:00', 1, '', 1, '2017-12-13 00:00:00');
INSERT INTO `account_type` VALUES (36, 9, 'Loans to Shareholders', 1, '2017-12-13 00:00:00', 1, '', 1, '2017-12-13 00:00:00');
INSERT INTO `account_type` VALUES (37, 9, 'Other Current Assets', 1, '2017-12-13 00:00:00', 1, '', 1, '2017-12-13 00:00:00');
INSERT INTO `account_type` VALUES (38, 9, 'Prepaid Expense', 1, '2017-12-13 00:00:00', 1, '', 1, '2017-12-13 00:00:00');
INSERT INTO `account_type` VALUES (39, 9, 'Loans to Officers', 1, '2017-12-13 00:00:00', 1, '', 1, '2017-12-13 00:00:00');
INSERT INTO `account_type` VALUES (40, 10, 'Goodwill', 1, '2017-12-13 00:00:00', 1, '', 1, '2017-12-13 00:00:00');
INSERT INTO `account_type` VALUES (41, 10, 'Licenses', 1, '2017-12-13 00:00:00', 1, '', 1, '2017-12-13 00:00:00');
INSERT INTO `account_type` VALUES (42, 10, 'Member Fee', 1, '2017-12-13 00:00:00', 1, '', 1, '2017-12-13 00:00:00');
INSERT INTO `account_type` VALUES (43, 2, 'Commission Expense', 1, '2017-12-14 00:00:00', 1, '', 1, '2017-12-14 00:00:00');
INSERT INTO `account_type` VALUES (44, 0, 'Account Payable', 1, '2017-12-14 00:00:00', 1, '', 1, '2017-12-14 00:00:00');
INSERT INTO `account_type` VALUES (45, 0, 'Account Receivable', 1, '2017-12-14 00:00:00', 1, '', 1, '2017-12-14 00:00:00');
INSERT INTO `account_type` VALUES (46, 0, 'Fixed Asset', 1, '2017-12-14 00:00:00', 1, '', 1, '2017-12-14 00:00:00');
INSERT INTO `account_type` VALUES (47, 8, 'Tax Payable Liabilities', 1, '2018-08-17 08:47:01', 1, 'For all kind of Tax Payable Liabilities', 1, '2018-08-17 00:00:00');
COMMIT;

-- ----------------------------
-- Table structure for bank
-- ----------------------------
DROP TABLE IF EXISTS `bank`;
CREATE TABLE `bank` (
  `id` int(11) NOT NULL AUTO_INCREMENT,
  `bank_name` varchar(200) NOT NULL,
  `account_type` int(11) DEFAULT NULL,
  `bank_address` varchar(250) NOT NULL,
  `account_name` varchar(250) NOT NULL,
  `account_number` varchar(200) NOT NULL,
  `remark` text NOT NULL,
  `default` int(11) NOT NULL DEFAULT '0',
  `updated_by` int(11) DEFAULT NULL,
  `updated_date` datetime DEFAULT NULL,
  `status` tinyint(1) DEFAULT NULL,
  `created_by` int(11) DEFAULT NULL,
  `created_date` datetime DEFAULT NULL,
  `swift_code` varchar(50) DEFAULT NULL,
  PRIMARY KEY (`id`) USING BTREE
) ENGINE=InnoDB AUTO_INCREMENT=14 DEFAULT CHARSET=utf8 ROW_FORMAT=COMPACT;

-- ----------------------------
-- Records of bank
-- ----------------------------
BEGIN;
INSERT INTO `bank` VALUES (13, 'Sacom Bank', 1, 'No.0665 Sangkat Sla Kram, Siem Reap City, Siem Reap Province', 'eOcambo Technology', '00032882', '', 0, 20, '2019-06-26 13:48:39', 1, 20, '2019-06-26 13:45:06', 'SGTTVNVX');
COMMIT;

-- ----------------------------
-- Table structure for bank_account_type
-- ----------------------------
DROP TABLE IF EXISTS `bank_account_type`;
CREATE TABLE `bank_account_type` (
  `id` int(11) NOT NULL AUTO_INCREMENT,
  `names` varchar(200) NOT NULL,
  PRIMARY KEY (`id`) USING BTREE
) ENGINE=InnoDB AUTO_INCREMENT=3 DEFAULT CHARSET=utf8 ROW_FORMAT=COMPACT;

-- ----------------------------
-- Records of bank_account_type
-- ----------------------------
BEGIN;
INSERT INTO `bank_account_type` VALUES (1, 'Saving Account');
INSERT INTO `bank_account_type` VALUES (2, 'Current Account');
COMMIT;

-- ----------------------------
-- Table structure for billing_type
-- ----------------------------
DROP TABLE IF EXISTS `billing_type`;
CREATE TABLE `billing_type` (
  `id` int(11) NOT NULL AUTO_INCREMENT,
  `name` varchar(255) DEFAULT NULL,
  PRIMARY KEY (`id`)
) ENGINE=InnoDB AUTO_INCREMENT=2 DEFAULT CHARSET=utf8 ROW_FORMAT=COMPACT;

-- ----------------------------
-- Records of billing_type
-- ----------------------------
BEGIN;
INSERT INTO `billing_type` VALUES (1, 'Fixed Rate');
COMMIT;

-- ----------------------------
-- Table structure for budget_set_up
-- ----------------------------
DROP TABLE IF EXISTS `budget_set_up`;
CREATE TABLE `budget_set_up` (
  `id` int(11) NOT NULL AUTO_INCREMENT,
  `id_department` int(11) DEFAULT NULL,
  `id_position` int(11) DEFAULT NULL,
  `id_employee` int(11) DEFAULT NULL,
  `year` int(111) DEFAULT NULL,
  `unit_type` varchar(255) COLLATE utf8_unicode_ci DEFAULT NULL,
  `budget_value` decimal(10,2) DEFAULT NULL,
  `actual` decimal(10,2) DEFAULT NULL,
  `under_or_over` decimal(10,2) DEFAULT NULL,
  `note` text COLLATE utf8_unicode_ci,
  `status` int(11) DEFAULT NULL,
  `created_by` int(11) DEFAULT NULL,
  `created_date` datetime DEFAULT NULL,
  `updated_by` int(11) DEFAULT NULL,
  `updated_date` datetime DEFAULT NULL,
  `quarter_1` decimal(10,2) DEFAULT NULL,
  `quarter_2` decimal(10,2) DEFAULT NULL,
  `quarter_3` decimal(10,2) DEFAULT NULL,
  `quarter_4` decimal(10,2) DEFAULT NULL,
  PRIMARY KEY (`id`)
) ENGINE=InnoDB AUTO_INCREMENT=13 DEFAULT CHARSET=utf8 COLLATE=utf8_unicode_ci;

-- ----------------------------
-- Records of budget_set_up
-- ----------------------------
BEGIN;
INSERT INTO `budget_set_up` VALUES (3, NULL, NULL, 11, 2019, '$', 10400.00, 149.00, -10251.00, '', 1, 1, '2019-08-30 08:35:39', 1, '2019-08-30 15:54:06', 0.00, 0.00, 2000.00, 8400.00);
INSERT INTO `budget_set_up` VALUES (4, NULL, NULL, 14, 2020, '$', 33600.00, NULL, NULL, '', 1, 1, '2019-08-30 08:39:46', 1, '2019-08-30 15:57:01', 8400.00, 8400.00, 8400.00, 8400.00);
INSERT INTO `budget_set_up` VALUES (5, NULL, NULL, 9, 2020, '$', 48000.00, NULL, NULL, '', 1, 1, '2019-08-30 15:51:35', 1, '2019-08-30 15:52:03', 12000.00, 12000.00, 12000.00, 12000.00);
INSERT INTO `budget_set_up` VALUES (6, NULL, NULL, 9, 2019, '$', 10400.00, NULL, NULL, '', 1, 1, '2019-08-30 15:53:27', 1, '2019-08-30 15:54:24', 0.00, 0.00, 2000.00, 8400.00);
INSERT INTO `budget_set_up` VALUES (7, NULL, NULL, 14, 2019, '$', 8000.00, NULL, NULL, '', 1, 1, '2019-08-30 15:58:40', 1, '2019-08-30 17:39:01', 0.00, 0.00, 2000.00, 6000.00);
INSERT INTO `budget_set_up` VALUES (8, NULL, NULL, 13, 2019, '$', 8000.00, NULL, NULL, '', 1, 1, '2019-08-30 16:00:05', NULL, NULL, 0.00, 0.00, 2000.00, 6000.00);
INSERT INTO `budget_set_up` VALUES (9, NULL, NULL, 15, 2019, '$', 8000.00, NULL, NULL, '', 1, 1, '2019-08-30 16:08:47', NULL, NULL, 0.00, 0.00, 2000.00, 6000.00);
INSERT INTO `budget_set_up` VALUES (10, NULL, NULL, 11, 2020, '$', 48000.00, NULL, NULL, '', 1, 1, '2019-08-30 16:10:44', NULL, NULL, 12000.00, 12000.00, 12000.00, 12000.00);
INSERT INTO `budget_set_up` VALUES (11, NULL, NULL, 13, 2020, '$', 33600.00, NULL, NULL, '', 1, 1, '2019-08-30 16:13:04', NULL, NULL, 8400.00, 8400.00, 8400.00, 8400.00);
INSERT INTO `budget_set_up` VALUES (12, NULL, NULL, 15, 2020, '$', 33600.00, NULL, NULL, '', 1, 1, '2019-08-30 16:15:12', NULL, NULL, 8400.00, 8400.00, 8400.00, 8400.00);
COMMIT;

-- ----------------------------
-- Table structure for budget_set_up_data
-- ----------------------------
DROP TABLE IF EXISTS `budget_set_up_data`;
CREATE TABLE `budget_set_up_data` (
  `id` int(11) NOT NULL AUTO_INCREMENT,
  `id_budget_set_up` int(11) DEFAULT NULL,
  `id_month` int(11) DEFAULT NULL,
  `daily` decimal(10,2) DEFAULT NULL,
  `weekly` decimal(10,2) DEFAULT NULL,
  `monthly` decimal(10,2) DEFAULT NULL,
  `quarterly` decimal(10,2) DEFAULT NULL,
  PRIMARY KEY (`id`)
) ENGINE=InnoDB AUTO_INCREMENT=241 DEFAULT CHARSET=utf8;

-- ----------------------------
-- Records of budget_set_up_data
-- ----------------------------
BEGIN;
INSERT INTO `budget_set_up_data` VALUES (85, 5, 1, 0.00, 1000.00, 4000.00, NULL);
INSERT INTO `budget_set_up_data` VALUES (86, 5, 2, 0.00, 1000.00, 4000.00, NULL);
INSERT INTO `budget_set_up_data` VALUES (87, 5, 3, 0.00, 1000.00, 4000.00, NULL);
INSERT INTO `budget_set_up_data` VALUES (88, 5, 4, 0.00, 1000.00, 4000.00, NULL);
INSERT INTO `budget_set_up_data` VALUES (89, 5, 5, 0.00, 1000.00, 4000.00, NULL);
INSERT INTO `budget_set_up_data` VALUES (90, 5, 6, 0.00, 1000.00, 4000.00, NULL);
INSERT INTO `budget_set_up_data` VALUES (91, 5, 7, 0.00, 1000.00, 4000.00, NULL);
INSERT INTO `budget_set_up_data` VALUES (92, 5, 8, 0.00, 1000.00, 4000.00, NULL);
INSERT INTO `budget_set_up_data` VALUES (93, 5, 9, 0.00, 1000.00, 4000.00, NULL);
INSERT INTO `budget_set_up_data` VALUES (94, 5, 10, 0.00, 1000.00, 4000.00, NULL);
INSERT INTO `budget_set_up_data` VALUES (95, 5, 11, 0.00, 1000.00, 4000.00, NULL);
INSERT INTO `budget_set_up_data` VALUES (96, 5, 12, 0.00, 1000.00, 4000.00, NULL);
INSERT INTO `budget_set_up_data` VALUES (109, 3, 1, 0.00, 0.00, 0.00, NULL);
INSERT INTO `budget_set_up_data` VALUES (110, 3, 2, 0.00, 0.00, 0.00, NULL);
INSERT INTO `budget_set_up_data` VALUES (111, 3, 3, 0.00, 0.00, 0.00, NULL);
INSERT INTO `budget_set_up_data` VALUES (112, 3, 4, 0.00, 0.00, 0.00, NULL);
INSERT INTO `budget_set_up_data` VALUES (113, 3, 5, 0.00, 0.00, 0.00, NULL);
INSERT INTO `budget_set_up_data` VALUES (114, 3, 6, 0.00, 0.00, 0.00, NULL);
INSERT INTO `budget_set_up_data` VALUES (115, 3, 7, 0.00, 0.00, 0.00, NULL);
INSERT INTO `budget_set_up_data` VALUES (116, 3, 8, 0.00, 0.00, 0.00, NULL);
INSERT INTO `budget_set_up_data` VALUES (117, 3, 9, 0.00, 500.00, 2000.00, NULL);
INSERT INTO `budget_set_up_data` VALUES (118, 3, 10, 0.00, 700.00, 2800.00, NULL);
INSERT INTO `budget_set_up_data` VALUES (119, 3, 11, 0.00, 700.00, 2800.00, NULL);
INSERT INTO `budget_set_up_data` VALUES (120, 3, 12, 0.00, 700.00, 2800.00, NULL);
INSERT INTO `budget_set_up_data` VALUES (121, 6, 1, 0.00, 0.00, 0.00, NULL);
INSERT INTO `budget_set_up_data` VALUES (122, 6, 2, 0.00, 0.00, 0.00, NULL);
INSERT INTO `budget_set_up_data` VALUES (123, 6, 3, 0.00, 0.00, 0.00, NULL);
INSERT INTO `budget_set_up_data` VALUES (124, 6, 4, 0.00, 0.00, 0.00, NULL);
INSERT INTO `budget_set_up_data` VALUES (125, 6, 5, 0.00, 0.00, 0.00, NULL);
INSERT INTO `budget_set_up_data` VALUES (126, 6, 6, 0.00, 0.00, 0.00, NULL);
INSERT INTO `budget_set_up_data` VALUES (127, 6, 7, 0.00, 0.00, 0.00, NULL);
INSERT INTO `budget_set_up_data` VALUES (128, 6, 8, 0.00, 0.00, 0.00, NULL);
INSERT INTO `budget_set_up_data` VALUES (129, 6, 9, 0.00, 500.00, 2000.00, NULL);
INSERT INTO `budget_set_up_data` VALUES (130, 6, 10, 0.00, 700.00, 2800.00, NULL);
INSERT INTO `budget_set_up_data` VALUES (131, 6, 11, 0.00, 700.00, 2800.00, NULL);
INSERT INTO `budget_set_up_data` VALUES (132, 6, 12, 0.00, 700.00, 2800.00, NULL);
INSERT INTO `budget_set_up_data` VALUES (133, 4, 1, 0.00, 700.00, 2800.00, NULL);
INSERT INTO `budget_set_up_data` VALUES (134, 4, 2, 0.00, 700.00, 2800.00, NULL);
INSERT INTO `budget_set_up_data` VALUES (135, 4, 3, 0.00, 700.00, 2800.00, NULL);
INSERT INTO `budget_set_up_data` VALUES (136, 4, 4, 0.00, 700.00, 2800.00, NULL);
INSERT INTO `budget_set_up_data` VALUES (137, 4, 5, 0.00, 700.00, 2800.00, NULL);
INSERT INTO `budget_set_up_data` VALUES (138, 4, 6, 0.00, 700.00, 2800.00, NULL);
INSERT INTO `budget_set_up_data` VALUES (139, 4, 7, 0.00, 700.00, 2800.00, NULL);
INSERT INTO `budget_set_up_data` VALUES (140, 4, 8, 0.00, 700.00, 2800.00, NULL);
INSERT INTO `budget_set_up_data` VALUES (141, 4, 9, 0.00, 700.00, 2800.00, NULL);
INSERT INTO `budget_set_up_data` VALUES (142, 4, 10, 0.00, 700.00, 2800.00, NULL);
INSERT INTO `budget_set_up_data` VALUES (143, 4, 11, 0.00, 700.00, 2800.00, NULL);
INSERT INTO `budget_set_up_data` VALUES (144, 4, 12, 0.00, 700.00, 2800.00, NULL);
INSERT INTO `budget_set_up_data` VALUES (157, 8, 1, 0.00, 0.00, 0.00, NULL);
INSERT INTO `budget_set_up_data` VALUES (158, 8, 2, 0.00, 0.00, 0.00, NULL);
INSERT INTO `budget_set_up_data` VALUES (159, 8, 3, 0.00, 0.00, 0.00, NULL);
INSERT INTO `budget_set_up_data` VALUES (160, 8, 4, 0.00, 0.00, 0.00, NULL);
INSERT INTO `budget_set_up_data` VALUES (161, 8, 5, 0.00, 0.00, 0.00, NULL);
INSERT INTO `budget_set_up_data` VALUES (162, 8, 6, 0.00, 0.00, 0.00, NULL);
INSERT INTO `budget_set_up_data` VALUES (163, 8, 7, 0.00, 0.00, 0.00, NULL);
INSERT INTO `budget_set_up_data` VALUES (164, 8, 8, 0.00, 0.00, 0.00, NULL);
INSERT INTO `budget_set_up_data` VALUES (165, 8, 9, 0.00, 500.00, 2000.00, NULL);
INSERT INTO `budget_set_up_data` VALUES (166, 8, 10, 0.00, 500.00, 2000.00, NULL);
INSERT INTO `budget_set_up_data` VALUES (167, 8, 11, 0.00, 500.00, 2000.00, NULL);
INSERT INTO `budget_set_up_data` VALUES (168, 8, 12, 0.00, 500.00, 2000.00, NULL);
INSERT INTO `budget_set_up_data` VALUES (181, 9, 1, 0.00, 0.00, 0.00, NULL);
INSERT INTO `budget_set_up_data` VALUES (182, 9, 2, 0.00, 0.00, 0.00, NULL);
INSERT INTO `budget_set_up_data` VALUES (183, 9, 3, 0.00, 0.00, 0.00, NULL);
INSERT INTO `budget_set_up_data` VALUES (184, 9, 4, 0.00, 0.00, 0.00, NULL);
INSERT INTO `budget_set_up_data` VALUES (185, 9, 5, 0.00, 0.00, 0.00, NULL);
INSERT INTO `budget_set_up_data` VALUES (186, 9, 6, 0.00, 0.00, 0.00, NULL);
INSERT INTO `budget_set_up_data` VALUES (187, 9, 7, 0.00, 0.00, 0.00, NULL);
INSERT INTO `budget_set_up_data` VALUES (188, 9, 8, 0.00, 0.00, 0.00, NULL);
INSERT INTO `budget_set_up_data` VALUES (189, 9, 9, 0.00, 500.00, 2000.00, NULL);
INSERT INTO `budget_set_up_data` VALUES (190, 9, 10, 0.00, 500.00, 2000.00, NULL);
INSERT INTO `budget_set_up_data` VALUES (191, 9, 11, 0.00, 500.00, 2000.00, NULL);
INSERT INTO `budget_set_up_data` VALUES (192, 9, 12, 0.00, 500.00, 2000.00, NULL);
INSERT INTO `budget_set_up_data` VALUES (193, 10, 1, 0.00, 1000.00, 4000.00, NULL);
INSERT INTO `budget_set_up_data` VALUES (194, 10, 2, 0.00, 1000.00, 4000.00, NULL);
INSERT INTO `budget_set_up_data` VALUES (195, 10, 3, 0.00, 1000.00, 4000.00, NULL);
INSERT INTO `budget_set_up_data` VALUES (196, 10, 4, 0.00, 1000.00, 4000.00, NULL);
INSERT INTO `budget_set_up_data` VALUES (197, 10, 5, 0.00, 1000.00, 4000.00, NULL);
INSERT INTO `budget_set_up_data` VALUES (198, 10, 6, 0.00, 1000.00, 4000.00, NULL);
INSERT INTO `budget_set_up_data` VALUES (199, 10, 7, 0.00, 1000.00, 4000.00, NULL);
INSERT INTO `budget_set_up_data` VALUES (200, 10, 8, 0.00, 1000.00, 4000.00, NULL);
INSERT INTO `budget_set_up_data` VALUES (201, 10, 9, 0.00, 1000.00, 4000.00, NULL);
INSERT INTO `budget_set_up_data` VALUES (202, 10, 10, 0.00, 1000.00, 4000.00, NULL);
INSERT INTO `budget_set_up_data` VALUES (203, 10, 11, 0.00, 1000.00, 4000.00, NULL);
INSERT INTO `budget_set_up_data` VALUES (204, 10, 12, 0.00, 1000.00, 4000.00, NULL);
INSERT INTO `budget_set_up_data` VALUES (205, 11, 1, 0.00, 700.00, 2800.00, NULL);
INSERT INTO `budget_set_up_data` VALUES (206, 11, 2, 0.00, 700.00, 2800.00, NULL);
INSERT INTO `budget_set_up_data` VALUES (207, 11, 3, 0.00, 700.00, 2800.00, NULL);
INSERT INTO `budget_set_up_data` VALUES (208, 11, 4, 0.00, 700.00, 2800.00, NULL);
INSERT INTO `budget_set_up_data` VALUES (209, 11, 5, 0.00, 700.00, 2800.00, NULL);
INSERT INTO `budget_set_up_data` VALUES (210, 11, 6, 0.00, 700.00, 2800.00, NULL);
INSERT INTO `budget_set_up_data` VALUES (211, 11, 7, 0.00, 700.00, 2800.00, NULL);
INSERT INTO `budget_set_up_data` VALUES (212, 11, 8, 0.00, 700.00, 2800.00, NULL);
INSERT INTO `budget_set_up_data` VALUES (213, 11, 9, 0.00, 700.00, 2800.00, NULL);
INSERT INTO `budget_set_up_data` VALUES (214, 11, 10, 0.00, 700.00, 2800.00, NULL);
INSERT INTO `budget_set_up_data` VALUES (215, 11, 11, 0.00, 700.00, 2800.00, NULL);
INSERT INTO `budget_set_up_data` VALUES (216, 11, 12, 0.00, 700.00, 2800.00, NULL);
INSERT INTO `budget_set_up_data` VALUES (217, 12, 1, 0.00, 700.00, 2800.00, NULL);
INSERT INTO `budget_set_up_data` VALUES (218, 12, 2, 0.00, 700.00, 2800.00, NULL);
INSERT INTO `budget_set_up_data` VALUES (219, 12, 3, 0.00, 700.00, 2800.00, NULL);
INSERT INTO `budget_set_up_data` VALUES (220, 12, 4, 0.00, 700.00, 2800.00, NULL);
INSERT INTO `budget_set_up_data` VALUES (221, 12, 5, 0.00, 700.00, 2800.00, NULL);
INSERT INTO `budget_set_up_data` VALUES (222, 12, 6, 0.00, 700.00, 2800.00, NULL);
INSERT INTO `budget_set_up_data` VALUES (223, 12, 7, 0.00, 700.00, 2800.00, NULL);
INSERT INTO `budget_set_up_data` VALUES (224, 12, 8, 0.00, 700.00, 2800.00, NULL);
INSERT INTO `budget_set_up_data` VALUES (225, 12, 9, 0.00, 700.00, 2800.00, NULL);
INSERT INTO `budget_set_up_data` VALUES (226, 12, 10, 0.00, 700.00, 2800.00, NULL);
INSERT INTO `budget_set_up_data` VALUES (227, 12, 11, 0.00, 700.00, 2800.00, NULL);
INSERT INTO `budget_set_up_data` VALUES (228, 12, 12, 0.00, 700.00, 2800.00, NULL);
INSERT INTO `budget_set_up_data` VALUES (229, 7, 1, 0.00, 0.00, 0.00, NULL);
INSERT INTO `budget_set_up_data` VALUES (230, 7, 2, 0.00, 0.00, 0.00, NULL);
INSERT INTO `budget_set_up_data` VALUES (231, 7, 3, 0.00, 0.00, 0.00, NULL);
INSERT INTO `budget_set_up_data` VALUES (232, 7, 4, 0.00, 0.00, 0.00, NULL);
INSERT INTO `budget_set_up_data` VALUES (233, 7, 5, 0.00, 0.00, 0.00, NULL);
INSERT INTO `budget_set_up_data` VALUES (234, 7, 6, 0.00, 0.00, 0.00, NULL);
INSERT INTO `budget_set_up_data` VALUES (235, 7, 7, 0.00, 0.00, 0.00, NULL);
INSERT INTO `budget_set_up_data` VALUES (236, 7, 8, 0.00, 0.00, 0.00, NULL);
INSERT INTO `budget_set_up_data` VALUES (237, 7, 9, 0.00, 500.00, 2000.00, NULL);
INSERT INTO `budget_set_up_data` VALUES (238, 7, 10, 0.00, 500.00, 2000.00, NULL);
INSERT INTO `budget_set_up_data` VALUES (239, 7, 11, 0.00, 500.00, 2000.00, NULL);
INSERT INTO `budget_set_up_data` VALUES (240, 7, 12, 0.00, 500.00, 2000.00, NULL);
COMMIT;

-- ----------------------------
-- Table structure for budget_setup_value
-- ----------------------------
DROP TABLE IF EXISTS `budget_setup_value`;
CREATE TABLE `budget_setup_value` (
  `id` int(11) NOT NULL AUTO_INCREMENT,
  `id_budget_set_up` int(11) DEFAULT NULL,
  `for_month` varchar(255) COLLATE utf8_unicode_ci DEFAULT NULL,
  `daily_budget` decimal(10,2) DEFAULT NULL,
  `weekly_budget` decimal(10,2) DEFAULT NULL,
  `monthly_budget` decimal(10,2) DEFAULT NULL,
  `created_by` int(11) DEFAULT NULL,
  `created_date` datetime DEFAULT NULL,
  `updated_by` int(11) DEFAULT NULL,
  `updated_date` datetime DEFAULT NULL,
  `status` int(1) DEFAULT NULL,
  PRIMARY KEY (`id`)
) ENGINE=InnoDB DEFAULT CHARSET=utf8 COLLATE=utf8_unicode_ci;

-- ----------------------------
-- Table structure for cash_advance_request
-- ----------------------------
DROP TABLE IF EXISTS `cash_advance_request`;
CREATE TABLE `cash_advance_request` (
  `id` int(11) NOT NULL AUTO_INCREMENT,
  `doc_id` varchar(50) DEFAULT NULL,
  `date` date DEFAULT NULL,
  `id_employee` int(11) DEFAULT NULL,
  `chart_of_account` int(11) DEFAULT NULL,
  `amount` decimal(10,2) DEFAULT NULL,
  `amount_in_word` varchar(255) DEFAULT NULL,
  `reason` varchar(255) DEFAULT NULL,
  `id_pay_type` int(11) DEFAULT NULL,
  `approved_by` int(11) DEFAULT NULL,
  `status` tinyint(4) DEFAULT NULL,
  `created_by` int(11) DEFAULT NULL,
  `created_date` datetime DEFAULT NULL,
  `updated_by` int(11) DEFAULT NULL,
  `updated_date` datetime DEFAULT NULL,
  PRIMARY KEY (`id`)
) ENGINE=InnoDB DEFAULT CHARSET=utf8;

-- ----------------------------
-- Table structure for chart_account
-- ----------------------------
DROP TABLE IF EXISTS `chart_account`;
CREATE TABLE `chart_account` (
  `id` int(11) NOT NULL AUTO_INCREMENT,
  `names` varchar(250) NOT NULL,
  `updated_by` int(11) DEFAULT NULL,
  `updated_date` datetime DEFAULT NULL,
  `status` tinyint(1) DEFAULT NULL,
  `id_account_type` int(11) DEFAULT NULL,
  `id_is_parent` int(11) DEFAULT NULL,
  `is_parent` int(11) DEFAULT NULL,
  `created_by` int(11) DEFAULT NULL,
  `created_date` datetime DEFAULT NULL,
  `id_bank` int(11) DEFAULT NULL,
  `number_code` int(5) DEFAULT NULL,
  PRIMARY KEY (`id`) USING BTREE
) ENGINE=InnoDB AUTO_INCREMENT=276 DEFAULT CHARSET=utf8 ROW_FORMAT=COMPACT;

-- ----------------------------
-- Records of chart_account
-- ----------------------------
BEGIN;
INSERT INTO `chart_account` VALUES (1, 'Sales Income', 1, '2018-08-17 14:06:23', 1, 1, NULL, 0, 1, '2018-07-02 16:23:21', NULL, 40000);
INSERT INTO `chart_account` VALUES (2, 'Franchise Sales Revenue', 1, '2018-08-26 15:56:39', 1, 6, NULL, 0, 1, '2018-07-02 16:23:21', NULL, 41000);
INSERT INTO `chart_account` VALUES (3, 'Interest Income', 1, '2018-08-26 15:57:00', 1, 6, NULL, 0, 1, '2018-07-02 16:23:21', NULL, 42000);
INSERT INTO `chart_account` VALUES (4, 'Cost of Sales', 1, '2018-08-17 14:07:44', 1, 4, NULL, 0, 1, '2018-07-02 16:23:21', NULL, 50000);
INSERT INTO `chart_account` VALUES (5, 'Cost of Accommodation', 1, '2018-08-26 16:09:53', 1, 4, NULL, 4, 1, '2018-07-02 16:23:21', NULL, 50100);
INSERT INTO `chart_account` VALUES (6, 'Cost of Guide', 1, '2018-08-26 16:10:08', 1, 4, NULL, 4, 1, '2018-07-02 16:23:21', NULL, 50200);
INSERT INTO `chart_account` VALUES (7, 'Cost of Ticket', 1, '2018-08-26 16:10:23', 1, 4, NULL, 4, 1, '2018-07-02 16:23:21', NULL, 50300);
INSERT INTO `chart_account` VALUES (8, 'Cost of Transport', 1, '2018-08-26 16:10:42', 1, 4, NULL, 4, 1, '2018-07-02 16:23:21', NULL, 50400);
INSERT INTO `chart_account` VALUES (10, 'Cost of Misc', 1, '2018-08-26 16:11:14', 1, 4, NULL, 4, 1, '2018-07-02 16:23:21', NULL, 50600);
INSERT INTO `chart_account` VALUES (11, 'Cost of Tour & Activities', 1, '2018-08-26 16:11:28', 1, 4, NULL, 4, 1, '2018-07-02 16:23:21', NULL, 50700);
INSERT INTO `chart_account` VALUES (12, 'Cost of Restaurant', 1, '2018-08-26 16:11:44', 1, 4, NULL, 4, 1, '2018-07-02 16:23:21', NULL, 50800);
INSERT INTO `chart_account` VALUES (13, 'Cost of Cruise', 1, '2018-08-26 16:11:58', 1, 4, NULL, 4, 1, '2018-07-02 16:23:21', NULL, 50900);
INSERT INTO `chart_account` VALUES (15, 'Utilities Expanse', 1, '2018-08-24 22:50:41', 1, 2, NULL, 92, 1, '2018-07-02 16:23:21', NULL, 61100);
INSERT INTO `chart_account` VALUES (16, 'Staff\'s Food Expense', 1, '2018-08-26 14:35:32', 1, 2, NULL, 97, 1, '2018-07-02 16:23:21', NULL, 61510);
INSERT INTO `chart_account` VALUES (17, 'Gastroline Expense', 1, '2018-08-26 15:40:05', 1, 2, NULL, 15, 1, '2018-07-02 16:23:21', NULL, 61105);
INSERT INTO `chart_account` VALUES (18, 'Cellcard Expense', 1, '2018-08-26 14:19:49', 1, 2, NULL, 96, 1, '2018-07-02 16:23:21', NULL, 61410);
INSERT INTO `chart_account` VALUES (19, 'Internet Expense', 1, '2018-08-26 14:20:29', 1, 2, NULL, 96, 1, '2018-07-02 16:23:21', NULL, 61420);
INSERT INTO `chart_account` VALUES (20, 'Bad Debts', 1, '2018-08-26 15:16:56', 1, 2, NULL, 101, 1, '2018-07-02 16:23:21', NULL, 64010);
INSERT INTO `chart_account` VALUES (21, 'Bank Charge', 1, '2018-08-26 15:17:13', 1, 2, NULL, 101, 1, '2018-07-02 16:23:21', NULL, 64020);
INSERT INTO `chart_account` VALUES (22, 'Payroll Expense', 1, '2018-08-24 22:57:37', 1, 2, NULL, 92, 1, '2018-07-02 16:23:21', NULL, 61200);
INSERT INTO `chart_account` VALUES (23, 'Bonus Expense', 1, '2018-08-26 15:28:07', 1, 2, NULL, 22, 1, '2018-07-02 16:23:21', NULL, 61201);
INSERT INTO `chart_account` VALUES (24, 'Commission for Supplier Expense', 1, '2018-08-26 14:50:59', 1, 2, NULL, 98, 1, '2018-07-02 16:23:21', NULL, 62010);
INSERT INTO `chart_account` VALUES (25, 'Anual Staff Party', 1, '2018-08-26 14:36:11', 1, 2, NULL, 97, 1, '2018-07-02 16:23:21', NULL, 61521);
INSERT INTO `chart_account` VALUES (26, 'Business Adverting Expense', 1, '2018-08-26 14:57:51', 1, 2, NULL, 98, 1, '2018-07-02 16:23:21', NULL, 62020);
INSERT INTO `chart_account` VALUES (27, 'Sponsor Expense', 1, '2018-08-26 14:58:17', 1, 2, NULL, 98, 1, '2018-07-02 16:23:21', NULL, 62030);
INSERT INTO `chart_account` VALUES (28, 'Car Maintenance Expense', 1, '2018-08-26 14:25:41', 1, 2, NULL, 99, 1, '2018-07-02 16:23:21', NULL, 61901);
INSERT INTO `chart_account` VALUES (29, 'Computer Maintenance Expense', 1, '2018-08-26 14:26:02', 1, 2, NULL, 99, 1, '2018-07-02 16:23:21', NULL, 61902);
INSERT INTO `chart_account` VALUES (30, 'Accommodation Expense', 1, '2018-08-26 15:05:39', 1, 2, NULL, 182, 1, '2018-07-02 16:23:21', NULL, 62191);
INSERT INTO `chart_account` VALUES (31, 'Meal\'s Expense', 1, '2018-08-26 15:05:23', 1, 2, NULL, 182, 1, '2018-07-02 16:23:21', NULL, 62192);
INSERT INTO `chart_account` VALUES (32, 'Air ticket Expense', 1, '2018-08-26 15:05:58', 1, 2, NULL, 182, 1, '2018-07-02 16:23:21', NULL, 62193);
INSERT INTO `chart_account` VALUES (33, 'Staff Insurrance', 1, '2018-08-26 15:28:26', 1, 2, NULL, 22, 1, '2018-07-02 16:23:21', NULL, 61202);
INSERT INTO `chart_account` VALUES (36, 'Other Expense', 1, '2018-08-26 16:18:00', 1, 5, NULL, 0, 1, '2018-07-02 16:23:21', NULL, 70000);
INSERT INTO `chart_account` VALUES (37, 'Cash on Hand in Cambodia', 1, '2018-08-25 23:22:33', 1, 3, NULL, 102, 1, '2018-07-02 16:23:21', NULL, 10100);
INSERT INTO `chart_account` VALUES (38, 'Cash on Hand in Siem Reap office', 1, '2018-08-25 23:25:31', 1, 3, NULL, 37, 1, '2018-07-02 16:23:21', NULL, 10101);
INSERT INTO `chart_account` VALUES (39, 'Cash on Hand in Phnom Penh office', 1, '2018-08-25 23:26:04', 1, 3, NULL, 37, 1, '2018-07-02 16:23:21', NULL, 10102);
INSERT INTO `chart_account` VALUES (40, 'Cash on Hand in Philippine', 1, '2018-08-25 23:22:57', 1, 3, NULL, 102, 1, '2018-07-02 16:23:21', NULL, 10200);
INSERT INTO `chart_account` VALUES (42, 'Shareholders\' Equity', 1, '2018-08-26 16:21:27', 1, 7, NULL, 0, 1, '2018-07-02 16:23:21', NULL, 30000);
INSERT INTO `chart_account` VALUES (43, 'Owner\'s Withdrawal', 1, '2018-08-26 16:24:33', 1, 7, NULL, 42, 1, '2018-07-02 16:23:21', NULL, 33000);
INSERT INTO `chart_account` VALUES (44, 'Retained Earnings', 1, '2018-08-26 16:23:14', 1, 7, NULL, 0, 1, '2018-07-02 16:23:21', NULL, 39000);
INSERT INTO `chart_account` VALUES (46, 'Interest Payable ', 1, '2018-08-26 17:17:38', 1, 8, NULL, 48, 1, '2018-07-02 16:23:21', NULL, 26010);
INSERT INTO `chart_account` VALUES (47, 'Insurrance Payable', 1, '2018-08-26 17:24:50', 1, 8, NULL, 0, 1, '2018-07-02 16:23:21', NULL, 22000);
INSERT INTO `chart_account` VALUES (48, 'Loan Payable ', 1, '2018-08-26 17:14:00', 1, 8, NULL, 0, 1, '2018-07-02 16:23:21', NULL, 26000);
INSERT INTO `chart_account` VALUES (49, 'Payroll Liabilities', 1, '2018-08-26 17:13:23', 1, 8, NULL, 0, 1, '2018-07-02 16:23:21', NULL, 21000);
INSERT INTO `chart_account` VALUES (51, 'Employee Cash Advances', 1, '2018-08-26 17:56:50', 1, 9, NULL, 218, 1, '2018-07-02 16:23:21', NULL, 14030);
INSERT INTO `chart_account` VALUES (52, 'Inventory', 1, '2018-08-26 18:00:01', 1, 9, NULL, 0, 1, '2018-07-02 16:23:21', NULL, 13000);
INSERT INTO `chart_account` VALUES (53, 'Loans to Shareholders', 1, '2018-08-26 17:55:40', 1, 9, NULL, 218, 1, '2018-07-02 16:23:21', NULL, 14010);
INSERT INTO `chart_account` VALUES (54, 'Other Current Assets', 1, '2018-08-26 18:14:03', 1, 9, NULL, 0, 1, '2018-07-02 16:23:21', NULL, 17000);
INSERT INTO `chart_account` VALUES (55, 'Prepaid Expense', 1, '2018-08-24 23:15:50', 1, 9, NULL, 0, 1, '2018-07-02 16:23:21', NULL, 15000);
INSERT INTO `chart_account` VALUES (56, 'Loans to Officers', 1, '2018-08-26 17:57:46', 1, 9, NULL, 218, 1, '2018-07-02 16:23:21', NULL, 14040);
INSERT INTO `chart_account` VALUES (62, 'Account Payable', 1, '2018-08-24 23:12:20', 1, 44, NULL, 0, 1, '2018-07-02 16:23:21', NULL, 20000);
INSERT INTO `chart_account` VALUES (63, 'Account Receivable', 1, '2018-08-24 23:11:17', 1, 45, NULL, 0, 1, '2018-07-02 16:23:21', NULL, 12000);
INSERT INTO `chart_account` VALUES (64, 'Cash in Bank Cambodia', 1, '2018-08-25 23:29:34', 1, 3, NULL, 104, 1, '2018-07-02 16:23:21', NULL, 11100);
INSERT INTO `chart_account` VALUES (65, 'Cash in Bank Phillippine', 1, '2018-08-26 15:21:22', 1, 3, NULL, 104, 1, '2018-07-02 16:23:21', NULL, 11200);
INSERT INTO `chart_account` VALUES (67, 'Vehicle', 1, '2018-08-27 22:46:53', 1, 46, NULL, 0, 1, '2018-07-02 16:23:21', NULL, 18100);
INSERT INTO `chart_account` VALUES (68, 'Building', 1, '2018-08-27 22:47:17', 1, 46, NULL, 0, 1, '2018-07-02 16:23:21', NULL, 18200);
INSERT INTO `chart_account` VALUES (69, 'Bank Deposit (Business Bank Guaranteed)', 1, '2018-08-26 18:35:16', 1, 9, NULL, 221, 1, '2018-07-02 16:23:21', NULL, 16500);
INSERT INTO `chart_account` VALUES (70, 'Trade Discount & Promotion(-)', 1, '2018-08-26 16:05:19', 1, 1, NULL, 0, 1, '2018-07-02 16:23:21', NULL, 43000);
INSERT INTO `chart_account` VALUES (71, 'Unearned Revenue', 1, '2018-08-26 17:09:13', 1, 8, NULL, 0, 1, '2018-07-02 16:23:21', NULL, 25000);
INSERT INTO `chart_account` VALUES (72, 'Guide Advances', 1, '2018-08-26 17:56:25', 1, 9, NULL, 218, 1, '2018-07-02 16:54:32', NULL, 14020);
INSERT INTO `chart_account` VALUES (73, 'Staff Allowance Expense', 1, '2018-08-26 15:28:46', 1, 2, NULL, 22, 1, '2018-07-10 16:07:46', NULL, 61203);
INSERT INTO `chart_account` VALUES (75, 'Guide Advance Liabilities', 1, '2018-08-26 17:08:43', 1, 8, NULL, 0, 1, '2018-08-15 15:54:13', NULL, 24000);
INSERT INTO `chart_account` VALUES (79, 'Cash on Hand in Myanmar', 1, '2018-08-25 23:23:24', 1, 3, NULL, 102, 1, '2018-08-16 23:45:17', NULL, 10300);
INSERT INTO `chart_account` VALUES (80, 'Cash in Bank Vietnam', 1, '2018-08-25 23:34:50', 1, 3, NULL, 104, 1, '2018-08-16 23:46:25', NULL, 11300);
INSERT INTO `chart_account` VALUES (82, 'Cash in Bank Thailand', 1, '2018-08-26 15:22:27', 1, 3, NULL, 104, 1, '2018-08-16 23:51:18', NULL, 11400);
INSERT INTO `chart_account` VALUES (85, 'Cash on Hand in Indonesia', 1, '2018-08-25 23:23:48', 1, 3, NULL, 102, 1, '2018-08-16 23:55:32', NULL, 10400);
INSERT INTO `chart_account` VALUES (87, 'Salary Tax Payable', 1, '2018-08-26 16:56:12', 1, 8, NULL, 206, 1, '2018-08-17 01:50:59', NULL, 23010);
INSERT INTO `chart_account` VALUES (88, 'Value Added Tax Payable', 1, '2018-08-26 16:57:37', 1, 8, NULL, 206, 1, '2018-08-17 01:52:33', NULL, 23030);
INSERT INTO `chart_account` VALUES (89, 'Profit Tax Payable', 1, '2018-08-26 16:57:08', 1, 8, NULL, 206, 1, '2018-08-17 01:53:35', NULL, 23020);
INSERT INTO `chart_account` VALUES (90, 'Withholding Tax Payable', 1, '2018-08-26 16:58:06', 1, 8, NULL, 206, 1, '2018-08-17 01:56:06', NULL, 23040);
INSERT INTO `chart_account` VALUES (91, 'Operation & Admin Expense', 1, '2018-08-20 12:47:55', 1, 2, NULL, 0, 1, '2018-08-20 12:47:55', NULL, 60000);
INSERT INTO `chart_account` VALUES (92, 'General Expense', 1, '2018-08-20 12:49:34', 1, 2, NULL, 91, 1, '2018-08-20 12:49:34', NULL, 61000);
INSERT INTO `chart_account` VALUES (95, 'Rental Expense', 1, '2018-08-24 22:58:11', 1, 2, NULL, 92, 1, '2018-08-24 22:53:11', NULL, 61300);
INSERT INTO `chart_account` VALUES (96, 'Communication Expense', 1, '2018-08-24 22:59:21', 1, 2, NULL, 92, 1, '2018-08-24 22:59:21', NULL, 61400);
INSERT INTO `chart_account` VALUES (97, 'Admin Expense', 1, '2018-08-24 23:00:22', 1, 2, NULL, 92, 1, '2018-08-24 23:00:22', NULL, 61500);
INSERT INTO `chart_account` VALUES (98, 'Marketing Expense', 1, '2018-08-26 14:11:55', 1, 2, NULL, 91, 1, '2018-08-24 23:02:05', NULL, 62000);
INSERT INTO `chart_account` VALUES (99, 'Maintenance & Repair Expense', 1, '2018-08-26 14:25:00', 1, 2, NULL, 92, 1, '2018-08-24 23:03:27', NULL, 61900);
INSERT INTO `chart_account` VALUES (100, 'Taxes Expense', 1, '2018-08-26 14:12:32', 1, 2, NULL, 91, 1, '2018-08-24 23:07:14', NULL, 63000);
INSERT INTO `chart_account` VALUES (101, 'Finance Expense', 1, '2018-08-26 14:13:08', 1, 2, NULL, 91, 1, '2018-08-24 23:08:59', NULL, 64000);
INSERT INTO `chart_account` VALUES (102, 'Cash on Hand', 1, '2018-08-26 09:48:33', 1, 3, NULL, 0, 1, '2018-08-24 23:18:16', NULL, 10000);
INSERT INTO `chart_account` VALUES (104, 'Cash in Bank', 1, '2018-08-25 23:27:49', 1, 3, NULL, 0, 1, '2018-08-25 23:27:49', NULL, 11000);
INSERT INTO `chart_account` VALUES (105, 'Telephone Expense', 1, '2018-08-26 14:20:47', 1, 2, NULL, 96, 1, '2018-08-26 10:02:45', NULL, 61430);
INSERT INTO `chart_account` VALUES (107, 'Post Office Fee', 1, '2018-08-26 14:21:08', 1, 2, NULL, 96, 1, '2018-08-26 10:09:47', NULL, 61440);
INSERT INTO `chart_account` VALUES (108, 'Security Expense', 1, '2018-08-26 14:36:55', 1, 2, NULL, 97, 1, '2018-08-26 10:18:29', NULL, 61522);
INSERT INTO `chart_account` VALUES (109, 'Donations and Charity Expense', 1, '2018-08-26 14:58:40', 1, 2, NULL, 98, 1, '2018-08-26 10:20:06', NULL, 62040);
INSERT INTO `chart_account` VALUES (110, 'Printing Expense', 1, '2018-08-26 14:37:19', 1, 2, NULL, 97, 1, '2018-08-26 10:20:37', NULL, 61523);
INSERT INTO `chart_account` VALUES (111, 'Insurrance Expense', 1, '2018-08-26 14:37:38', 1, 2, NULL, 97, 1, '2018-08-26 10:21:38', NULL, 61524);
INSERT INTO `chart_account` VALUES (112, 'Newspaper & Margazine Expense', 1, '2018-08-26 14:37:54', 1, 2, NULL, 97, 1, '2018-08-26 10:22:48', NULL, 61525);
INSERT INTO `chart_account` VALUES (113, 'Office Supplies Expense', 1, '2018-08-26 14:38:14', 1, 2, NULL, 97, 1, '2018-08-26 10:23:25', NULL, 61526);
INSERT INTO `chart_account` VALUES (114, 'Small Tools & Equipment', 1, '2018-08-26 14:39:18', 1, 2, NULL, 97, 1, '2018-08-26 10:24:31', NULL, 61527);
INSERT INTO `chart_account` VALUES (115, 'Domain Hosting Expense', 1, '2018-08-26 14:39:49', 1, 2, NULL, 97, 1, '2018-08-26 10:25:15', NULL, 61528);
INSERT INTO `chart_account` VALUES (116, 'Professional Fee Expense', 1, '2018-08-26 14:40:17', 1, 2, NULL, 97, 1, '2018-08-26 10:26:11', NULL, 61529);
INSERT INTO `chart_account` VALUES (117, 'Staff Retreatment Trip Expense', 1, '2018-08-26 14:40:35', 1, 2, NULL, 97, 1, '2018-08-26 10:27:24', NULL, 61530);
INSERT INTO `chart_account` VALUES (118, 'Staff Training Expense', 1, '2018-08-26 14:40:55', 1, 2, NULL, 97, 1, '2018-08-26 10:33:23', NULL, 61531);
INSERT INTO `chart_account` VALUES (119, 'Staff Entertainment Expense', 1, '2018-08-26 14:41:15', 1, 2, NULL, 97, 1, '2018-08-26 10:33:58', NULL, 61532);
INSERT INTO `chart_account` VALUES (120, 'Staff Uniform Expense', 1, '2018-08-26 14:41:34', 1, 2, NULL, 97, 1, '2018-08-26 10:34:36', NULL, 61533);
INSERT INTO `chart_account` VALUES (121, 'Office Stationaries Expense', 1, '2018-08-26 14:41:52', 1, 2, NULL, 97, 1, '2018-08-26 10:36:31', NULL, 61534);
INSERT INTO `chart_account` VALUES (122, 'Tips Expense', 1, '2018-08-26 14:42:08', 1, 2, NULL, 97, 1, '2018-08-26 10:38:02', NULL, 61535);
INSERT INTO `chart_account` VALUES (123, 'Delivery & Shipping Expense', 1, '2018-08-26 14:42:28', 1, 2, NULL, 97, 1, '2018-08-26 10:38:49', NULL, 61536);
INSERT INTO `chart_account` VALUES (124, 'Staff Recruitment Expense', 1, '2018-08-26 14:42:45', 1, 2, NULL, 97, 1, '2018-08-26 10:39:38', NULL, 61537);
INSERT INTO `chart_account` VALUES (125, 'Religious Ceremony Expense', 1, '2018-08-26 14:44:04', 1, 2, NULL, 97, 1, '2018-08-26 10:40:23', NULL, 61538);
INSERT INTO `chart_account` VALUES (126, 'Commission for Customer Expense', 1, '2018-08-26 14:59:11', 1, 2, NULL, 98, 1, '2018-08-26 11:05:31', NULL, 62050);
INSERT INTO `chart_account` VALUES (127, 'Commission for Staff Expense', 1, '2018-08-26 14:59:47', 1, 2, NULL, 98, 1, '2018-08-26 11:06:42', NULL, 62060);
INSERT INTO `chart_account` VALUES (128, 'Agent Fam Trip Expense', 1, '2018-08-26 15:00:08', 1, 2, NULL, 98, 1, '2018-08-26 11:07:56', NULL, 62070);
INSERT INTO `chart_account` VALUES (129, 'Trade & Expo attending Expense', 1, '2018-08-26 15:00:31', 1, 2, NULL, 98, 1, '2018-08-26 11:10:33', NULL, 62080);
INSERT INTO `chart_account` VALUES (130, 'Membership & Affiliate Expense', 1, '2018-08-26 15:00:52', 1, 2, NULL, 98, 1, '2018-08-26 11:12:19', NULL, 62090);
INSERT INTO `chart_account` VALUES (131, 'Rep. Marketing Fee', 1, '2018-08-26 15:01:23', 1, 2, NULL, 98, 1, '2018-08-26 11:14:06', NULL, 62100);
INSERT INTO `chart_account` VALUES (132, 'Entertainment Supplier', 1, '2018-08-26 15:01:46', 1, 2, NULL, 98, 1, '2018-08-26 11:15:40', NULL, 62110);
INSERT INTO `chart_account` VALUES (133, 'Entertainment Customer', 1, '2018-08-26 15:02:04', 1, 2, NULL, 98, 1, '2018-08-26 11:17:24', NULL, 62120);
INSERT INTO `chart_account` VALUES (134, 'Business Gift Expense', 1, '2018-08-26 15:02:26', 1, 2, NULL, 98, 1, '2018-08-26 11:22:04', NULL, 62130);
INSERT INTO `chart_account` VALUES (135, 'Compensation Expense', 1, '2018-08-26 15:02:57', 1, 2, NULL, 98, 1, '2018-08-26 11:25:25', NULL, 62140);
INSERT INTO `chart_account` VALUES (136, 'Business Promotion', 1, '2018-08-26 15:03:18', 1, 2, NULL, 98, 1, '2018-08-26 11:27:10', NULL, 62150);
INSERT INTO `chart_account` VALUES (137, 'Art & Graphic Expense', 1, '2018-08-26 15:03:38', 1, 2, NULL, 98, 1, '2018-08-26 11:36:49', NULL, 62160);
INSERT INTO `chart_account` VALUES (138, 'Broucher & Marketing Meterial', 1, '2018-08-26 15:04:01', 1, 2, NULL, 98, 1, '2018-08-26 11:38:17', NULL, 62170);
INSERT INTO `chart_account` VALUES (139, 'Sales Promotion Expense', 1, '2018-08-26 15:04:23', 1, 2, NULL, 98, 1, '2018-08-26 11:40:28', NULL, 62180);
INSERT INTO `chart_account` VALUES (140, 'Web Design Expense', 1, '2018-08-26 14:44:22', 1, 2, NULL, 97, 1, '2018-08-26 11:45:47', NULL, 61539);
INSERT INTO `chart_account` VALUES (141, 'Refriedgerator Maintenance', 1, '2018-08-26 14:26:24', 1, 2, NULL, 99, 1, '2018-08-26 11:55:46', NULL, 61903);
INSERT INTO `chart_account` VALUES (142, 'Air-conditioner Maintenance', 1, '2018-08-26 14:26:47', 1, 2, NULL, 99, 1, '2018-08-26 11:56:30', NULL, 61904);
INSERT INTO `chart_account` VALUES (143, 'Printer & Scanner Maintenance', 1, '2018-08-26 14:27:10', 1, 2, NULL, 99, 1, '2018-08-26 11:57:52', NULL, 61905);
INSERT INTO `chart_account` VALUES (144, 'Building Maintenance', 1, '2018-08-26 14:27:32', 1, 2, NULL, 99, 1, '2018-08-26 11:58:55', NULL, 61906);
INSERT INTO `chart_account` VALUES (145, 'Electricity Maintenance', 1, '2018-08-26 14:27:58', 1, 2, NULL, 99, 1, '2018-08-26 11:59:51', NULL, 61907);
INSERT INTO `chart_account` VALUES (146, 'Kitchen Equipment Maintenance', 1, '2018-08-26 14:29:31', 1, 2, NULL, 99, 1, '2018-08-26 12:00:41', NULL, 61908);
INSERT INTO `chart_account` VALUES (147, 'Server Maintenance', 1, '2018-08-26 14:29:52', 1, 2, NULL, 99, 1, '2018-08-26 12:01:55', NULL, 61909);
INSERT INTO `chart_account` VALUES (148, 'Office Space Maintenance', 1, '2018-08-26 14:30:12', 1, 2, NULL, 99, 1, '2018-08-26 12:02:39', NULL, 61910);
INSERT INTO `chart_account` VALUES (149, 'Bathroom Maintenance', 1, '2018-08-26 14:30:43', 1, 2, NULL, 99, 1, '2018-08-26 12:03:33', NULL, 61911);
INSERT INTO `chart_account` VALUES (150, 'Solar System Maintenance', 1, '2018-08-26 14:31:06', 1, 2, NULL, 99, 1, '2018-08-26 12:04:11', NULL, 61912);
INSERT INTO `chart_account` VALUES (151, 'Sound System Maintenance', 1, '2018-08-26 14:31:25', 1, 2, NULL, 99, 1, '2018-08-26 12:04:46', NULL, 61913);
INSERT INTO `chart_account` VALUES (152, 'Telephone Maintenance', 1, '2018-08-26 14:31:46', 1, 2, NULL, 99, 1, '2018-08-26 12:06:00', NULL, 61914);
INSERT INTO `chart_account` VALUES (153, 'TV Maintenance', 1, '2018-08-26 14:32:07', 1, 2, NULL, 99, 1, '2018-08-26 12:06:35', NULL, 61915);
INSERT INTO `chart_account` VALUES (154, 'Water System Maintenance', 1, '2018-08-26 14:32:30', 1, 2, NULL, 99, 1, '2018-08-26 12:07:26', NULL, 61916);
INSERT INTO `chart_account` VALUES (155, 'Fire Extinguishing System', 1, '2018-08-26 14:33:02', 1, 2, NULL, 99, 1, '2018-08-26 12:08:07', NULL, 61917);
INSERT INTO `chart_account` VALUES (156, 'Wooden Equipment', 1, '2018-08-26 14:33:21', 1, 2, NULL, 99, 1, '2018-08-26 12:08:56', NULL, 61918);
INSERT INTO `chart_account` VALUES (157, 'Lighting Repair', 1, '2018-08-26 14:34:03', 1, 2, NULL, 99, 1, '2018-08-26 12:10:18', NULL, 61919);
INSERT INTO `chart_account` VALUES (158, 'Painting Maintenance', 1, '2018-08-26 14:34:24', 1, 2, NULL, 99, 1, '2018-08-26 12:11:27', NULL, 61920);
INSERT INTO `chart_account` VALUES (159, 'Garden & Landscap Maintenance', 1, '2018-08-26 14:34:43', 1, 2, NULL, 99, 1, '2018-08-26 12:42:28', NULL, 61921);
INSERT INTO `chart_account` VALUES (160, 'Logo and Banner Tax', 1, '2018-08-26 15:08:46', 1, 2, NULL, 100, 1, '2018-08-26 12:45:15', NULL, 63010);
INSERT INTO `chart_account` VALUES (161, 'Withholding Tax', 1, '2018-08-26 15:09:07', 1, 2, NULL, 100, 1, '2018-08-26 12:46:56', NULL, 63020);
INSERT INTO `chart_account` VALUES (162, 'Authority Tax', 1, '2018-08-26 15:09:32', 1, 2, NULL, 100, 1, '2018-08-26 12:47:29', NULL, 63030);
INSERT INTO `chart_account` VALUES (163, 'Patent Tax Expense', 1, '2018-08-26 15:10:34', 1, 2, NULL, 100, 1, '2018-08-26 12:48:15', NULL, 63040);
INSERT INTO `chart_account` VALUES (164, 'Salary Tax Expense', 1, '2018-08-26 16:59:26', 1, 2, NULL, 100, 1, '2018-08-26 12:49:01', NULL, 63050);
INSERT INTO `chart_account` VALUES (165, 'Profit Tax', 1, '2018-08-26 15:11:10', 1, 2, NULL, 100, 1, '2018-08-26 12:49:50', NULL, 63060);
INSERT INTO `chart_account` VALUES (166, 'Value Added Tax Payable', 1, '2018-08-26 17:05:50', 1, 2, NULL, 100, 1, '2018-08-26 12:50:37', NULL, 63070);
INSERT INTO `chart_account` VALUES (167, 'Office Rental Tax', 1, '2018-08-26 15:11:57', 1, 2, NULL, 100, 1, '2018-08-26 12:52:08', NULL, 63080);
INSERT INTO `chart_account` VALUES (168, 'Penalty Tax', 1, '2018-08-26 15:12:21', 1, 2, NULL, 100, 1, '2018-08-26 12:52:51', NULL, 63090);
INSERT INTO `chart_account` VALUES (169, 'Tax Registration/ Update Tax', 1, '2018-08-26 15:13:36', 1, 2, NULL, 100, 1, '2018-08-26 12:53:40', NULL, 63100);
INSERT INTO `chart_account` VALUES (170, 'Prepayment Profit Tax', 1, '2018-08-26 15:14:01', 1, 2, NULL, 100, 1, '2018-08-26 12:54:40', NULL, 63110);
INSERT INTO `chart_account` VALUES (171, 'Tax Services', 1, '2018-08-26 15:14:35', 1, 2, NULL, 100, 1, '2018-08-26 12:55:09', NULL, 63120);
INSERT INTO `chart_account` VALUES (172, 'Credit Card Fee Expense', 1, '2018-08-26 15:17:41', 1, 2, NULL, 101, 1, '2018-08-26 13:26:02', NULL, 64030);
INSERT INTO `chart_account` VALUES (173, 'Interest Expense', 1, '2018-08-26 15:18:02', 1, 2, NULL, 101, 1, '2018-08-26 13:27:10', NULL, 63040);
INSERT INTO `chart_account` VALUES (174, 'Gian & Loss Exchange Rate', 1, '2018-08-26 15:18:33', 1, 2, NULL, 101, 1, '2018-08-26 13:27:55', NULL, 63050);
INSERT INTO `chart_account` VALUES (175, 'Cheque Book Expense', 1, '2018-08-26 15:18:50', 1, 2, NULL, 101, 1, '2018-08-26 13:28:45', NULL, 63060);
INSERT INTO `chart_account` VALUES (176, 'Depreciation Expense', 1, '2018-08-26 15:19:09', 1, 2, NULL, 101, 1, '2018-08-26 13:29:16', NULL, 63070);
INSERT INTO `chart_account` VALUES (177, 'Office - Siem Reap Rental', 1, '2018-08-26 14:18:12', 1, 2, NULL, 95, 1, '2018-08-26 13:36:19', NULL, 61310);
INSERT INTO `chart_account` VALUES (178, 'Office - Phnom Penh Rental', 1, '2018-08-26 14:18:33', 1, 2, NULL, 95, 1, '2018-08-26 13:37:01', NULL, 61320);
INSERT INTO `chart_account` VALUES (179, 'Office - Manila Rental', 1, '2018-08-26 14:18:52', 1, 2, NULL, 95, 1, '2018-08-26 13:37:51', NULL, 61330);
INSERT INTO `chart_account` VALUES (180, 'Office - Jakarta Rental', 1, '2018-08-26 14:19:08', 1, 2, NULL, 95, 1, '2018-08-26 13:38:52', NULL, 61340);
INSERT INTO `chart_account` VALUES (181, 'Office - Yangon Rental', 1, '2018-08-26 14:19:24', 1, 2, NULL, 95, 1, '2018-08-26 13:41:43', NULL, 61350);
INSERT INTO `chart_account` VALUES (182, 'Business Trip Expense', 1, '2018-08-26 15:04:43', 1, 2, NULL, 98, 1, '2018-08-26 13:45:48', NULL, 62190);
INSERT INTO `chart_account` VALUES (183, 'Taxi & Transport\'s Expense', 1, '2018-08-26 15:06:13', 1, 2, NULL, 182, 1, '2018-08-26 13:50:26', NULL, 62194);
INSERT INTO `chart_account` VALUES (184, 'Visa & Permission fee', 1, '2018-08-26 15:06:34', 1, 2, NULL, 182, 1, '2018-08-26 13:52:02', NULL, 62195);
INSERT INTO `chart_account` VALUES (185, 'Staff Meal', 1, '2018-08-26 14:45:50', 1, 2, NULL, 16, 1, '2018-08-26 13:57:55', NULL, 61511);
INSERT INTO `chart_account` VALUES (186, 'Staff Mineral Water', 1, '2018-08-26 14:46:06', 1, 2, NULL, 16, 1, '2018-08-26 13:58:33', NULL, 61512);
INSERT INTO `chart_account` VALUES (187, 'Staff Rice Supply', 1, '2018-08-26 14:46:26', 1, 2, NULL, 16, 1, '2018-08-26 13:59:08', NULL, 61513);
INSERT INTO `chart_account` VALUES (188, 'Kitchen Supplies', 1, '2018-08-26 14:46:47', 1, 2, NULL, 16, 1, '2018-08-26 14:03:34', NULL, 61514);
INSERT INTO `chart_account` VALUES (189, 'Staff Cake & Birthday', 1, '2018-08-26 14:44:51', 1, 2, NULL, 97, 1, '2018-08-26 14:07:01', NULL, 61540);
INSERT INTO `chart_account` VALUES (190, 'Snack & Coffee Expense', 1, '2018-08-26 14:48:39', 1, 2, NULL, 16, 1, '2018-08-26 14:48:14', NULL, 61515);
INSERT INTO `chart_account` VALUES (191, 'Salary Expense', 1, '2018-08-26 15:29:16', 1, 2, NULL, 22, 1, '2018-08-26 15:29:16', NULL, 61204);
INSERT INTO `chart_account` VALUES (192, 'Medical Expense', 1, '2018-08-26 15:30:55', 1, 2, NULL, 22, 1, '2018-08-26 15:30:55', NULL, 61205);
INSERT INTO `chart_account` VALUES (193, 'Business License', 1, '2018-08-26 15:33:11', 1, 2, NULL, 97, 1, '2018-08-26 15:33:11', NULL, 61541);
INSERT INTO `chart_account` VALUES (194, 'Tourism License', 1, '2018-08-26 15:33:44', 1, 2, NULL, 97, 1, '2018-08-26 15:33:44', NULL, 61542);
INSERT INTO `chart_account` VALUES (195, 'Electricity Expense', 1, '2018-08-26 15:35:52', 1, 2, NULL, 15, 1, '2018-08-26 15:35:52', NULL, 61101);
INSERT INTO `chart_account` VALUES (196, 'Water usage Expense', 1, '2018-08-26 15:36:52', 1, 2, NULL, 15, 1, '2018-08-26 15:36:52', NULL, 61102);
INSERT INTO `chart_account` VALUES (197, 'City Cleaning fee', 1, '2018-08-26 15:37:21', 1, 2, NULL, 15, 1, '2018-08-26 15:37:21', NULL, 61103);
INSERT INTO `chart_account` VALUES (198, 'Cable TV', 1, '2018-08-26 15:38:01', 1, 2, NULL, 15, 1, '2018-08-26 15:38:01', NULL, 61104);
INSERT INTO `chart_account` VALUES (200, 'Commission', 1, '2018-08-26 16:14:05', 1, 4, NULL, 4, 1, '2018-08-26 16:14:05', NULL, 51000);
INSERT INTO `chart_account` VALUES (202, 'Owner\'s Equity', 1, '2018-08-26 16:28:55', 1, 7, NULL, 42, 1, '2018-08-26 16:28:55', NULL, 31000);
INSERT INTO `chart_account` VALUES (204, 'Owner\'s Investment', 1, '2018-08-26 16:31:24', 1, 7, NULL, 42, 1, '2018-08-26 16:31:24', NULL, 32000);
INSERT INTO `chart_account` VALUES (206, 'Taxation Liability', 1, '2018-08-26 16:55:15', 1, 8, NULL, 0, 1, '2018-08-26 16:55:15', NULL, 23000);
INSERT INTO `chart_account` VALUES (208, 'Loan from Bank', 1, '2018-08-26 17:18:41', 1, 8, NULL, 48, 1, '2018-08-26 17:18:41', NULL, 26020);
INSERT INTO `chart_account` VALUES (209, 'Loan from outside', 1, '2018-08-26 17:19:37', 1, 8, NULL, 48, 1, '2018-08-26 17:19:37', NULL, 26030);
INSERT INTO `chart_account` VALUES (210, 'Business License', 1, '2018-08-26 17:45:04', 1, 9, NULL, 55, 1, '2018-08-26 17:45:04', NULL, 15010);
INSERT INTO `chart_account` VALUES (211, 'Prepaid Office Rental', 1, '2018-08-26 17:46:24', 1, 9, NULL, 55, 1, '2018-08-26 17:46:24', NULL, 15020);
INSERT INTO `chart_account` VALUES (212, 'Prepaid Insurrance', 1, '2018-08-26 17:47:08', 1, 9, NULL, 55, 1, '2018-08-26 17:47:08', NULL, 15030);
INSERT INTO `chart_account` VALUES (213, 'Prepaid Advertising', 1, '2018-08-26 17:48:33', 1, 9, NULL, 55, 1, '2018-08-26 17:48:33', NULL, 15040);
INSERT INTO `chart_account` VALUES (214, 'Prepaid Cable TV', 1, '2018-08-26 17:49:53', 1, 9, NULL, 55, 1, '2018-08-26 17:49:37', NULL, 15050);
INSERT INTO `chart_account` VALUES (215, 'Prepaid of Profit Tax', 1, '2018-08-26 17:50:40', 1, 9, NULL, 55, 1, '2018-08-26 17:50:40', NULL, 15060);
INSERT INTO `chart_account` VALUES (216, 'Prepaid Internet', 1, '2018-08-26 17:51:17', 1, 9, NULL, 55, 1, '2018-08-26 17:51:17', NULL, 15070);
INSERT INTO `chart_account` VALUES (217, 'Prepaid Telephone', 1, '2018-08-26 17:51:55', 1, 9, NULL, 55, 1, '2018-08-26 17:51:55', NULL, 15080);
INSERT INTO `chart_account` VALUES (218, 'Cash Advance', 1, '2018-08-26 17:55:01', 1, 9, NULL, 0, 1, '2018-08-26 17:55:01', NULL, 14000);
INSERT INTO `chart_account` VALUES (219, 'Undeposited fund', 1, '2018-08-26 18:03:49', 1, 9, NULL, 0, 1, '2018-08-26 18:03:49', NULL, 12100);
INSERT INTO `chart_account` VALUES (220, 'Barter Account Clearance', 1, '2018-08-26 18:04:46', 1, 9, NULL, 0, 1, '2018-08-26 18:04:46', NULL, 12200);
INSERT INTO `chart_account` VALUES (221, 'Deposit fund', 1, '2018-08-26 18:15:01', 1, 9, NULL, 0, 1, '2018-08-26 18:15:01', NULL, 16000);
INSERT INTO `chart_account` VALUES (222, 'Deposit for Office Rental', 1, '2018-08-26 18:16:59', 1, 9, NULL, 221, 1, '2018-08-26 18:16:59', NULL, 16100);
INSERT INTO `chart_account` VALUES (223, 'Deposit for Phone Connection', 1, '2018-08-26 18:17:36', 1, 9, NULL, 221, 1, '2018-08-26 18:17:36', NULL, 16200);
INSERT INTO `chart_account` VALUES (224, 'Deposit for Internet', 1, '2018-08-26 18:18:04', 1, 9, NULL, 221, 1, '2018-08-26 18:18:04', NULL, 16300);
INSERT INTO `chart_account` VALUES (225, 'Deposit To Supplier', 1, '2018-08-26 18:18:49', 1, 9, NULL, 221, 1, '2018-08-26 18:18:49', NULL, 16400);
INSERT INTO `chart_account` VALUES (226, 'Deposit Holding', 1, '2018-08-26 18:23:44', 1, 8, NULL, 0, 1, '2018-08-26 18:23:44', NULL, 27000);
INSERT INTO `chart_account` VALUES (227, 'Deposit from Customer', 1, '2018-08-26 18:24:32', 1, 8, NULL, 226, 1, '2018-08-26 18:24:32', NULL, 27100);
INSERT INTO `chart_account` VALUES (228, 'Deposit from Franchise', 1, '2018-08-26 18:28:45', 1, 8, NULL, 226, 1, '2018-08-26 18:28:14', NULL, 27200);
INSERT INTO `chart_account` VALUES (229, 'Accumulated Depreciation', 1, '2018-08-26 18:45:14', 1, 46, NULL, 0, 1, '2018-08-26 18:45:14', NULL, 17000);
INSERT INTO `chart_account` VALUES (230, 'Fixed Asset Class I (5%)', 1, '2018-08-26 18:47:26', 1, 46, NULL, 0, 1, '2018-08-26 18:46:47', NULL, 17100);
INSERT INTO `chart_account` VALUES (231, 'Fixed Asset Class II (50%)', 1, '2018-08-26 18:48:23', 1, 46, NULL, 0, 1, '2018-08-26 18:48:23', NULL, 17200);
INSERT INTO `chart_account` VALUES (232, 'Fixed Asset Class III (25%)', 1, '2018-08-26 18:48:59', 1, 46, NULL, 0, 1, '2018-08-26 18:48:59', NULL, 17300);
INSERT INTO `chart_account` VALUES (233, 'Fixed Asset Class IV (20%)', 1, '2018-08-26 18:49:48', 1, 46, NULL, 0, 1, '2018-08-26 18:49:48', NULL, 17400);
INSERT INTO `chart_account` VALUES (234, 'Cost of Renovate Building', 1, '2018-08-26 18:51:14', 1, 46, NULL, 230, 1, '2018-08-26 18:51:14', NULL, 17101);
INSERT INTO `chart_account` VALUES (235, 'Cost of Plant & Landscape', 1, '2018-08-26 18:52:02', 1, 46, NULL, 230, 1, '2018-08-26 18:52:02', NULL, 17102);
INSERT INTO `chart_account` VALUES (236, 'Cost of Pool Side', 1, '2018-08-26 18:52:36', 1, 46, NULL, 230, 1, '2018-08-26 18:52:36', NULL, 17103);
INSERT INTO `chart_account` VALUES (237, 'Acc. Depre. of Fixed Asset I', 1, '2018-08-26 18:53:20', 1, 46, NULL, 230, 1, '2018-08-26 18:53:20', NULL, 17107);
INSERT INTO `chart_account` VALUES (238, 'Cost of Housekeeping Equipment', 1, '2018-08-26 18:55:05', 1, 46, NULL, 231, 1, '2018-08-26 18:55:05', NULL, 17201);
INSERT INTO `chart_account` VALUES (239, 'Cost of Office Supplies', 1, '2018-08-26 18:55:55', 1, 46, NULL, 231, 1, '2018-08-26 18:55:55', NULL, 17203);
INSERT INTO `chart_account` VALUES (240, 'Cost of Housekeeping Linen', 1, '2018-08-26 18:56:49', 1, 46, NULL, 231, 1, '2018-08-26 18:56:49', NULL, 17204);
INSERT INTO `chart_account` VALUES (241, 'Cost of Finger Print', 1, '2018-08-26 18:57:23', 1, 46, NULL, 231, 1, '2018-08-26 18:57:23', NULL, 17205);
INSERT INTO `chart_account` VALUES (242, 'Cost of Restaurant Linen', 1, '2018-08-26 18:58:51', 1, 46, NULL, 231, 1, '2018-08-26 18:58:51', NULL, 17206);
INSERT INTO `chart_account` VALUES (243, 'Cost of Fire Extinguisher', 1, '2018-08-26 18:59:20', 1, 46, NULL, 231, 1, '2018-08-26 18:59:20', NULL, 17207);
INSERT INTO `chart_account` VALUES (244, 'Cost of Computer & Printer', 1, '2018-08-26 19:00:02', 1, 46, NULL, 231, 1, '2018-08-26 19:00:02', NULL, 17209);
INSERT INTO `chart_account` VALUES (245, 'Cost of Restaurant Funiture', 1, '2018-08-26 19:00:42', 1, 46, NULL, 231, 1, '2018-08-26 19:00:42', NULL, 17210);
INSERT INTO `chart_account` VALUES (246, 'Acc. Depre. of Fixed Asset II', 1, '2018-08-26 19:01:40', 1, 46, NULL, 231, 1, '2018-08-26 19:01:40', NULL, 17220);
INSERT INTO `chart_account` VALUES (247, 'Cost of Machine', 1, '2018-08-26 19:02:30', 1, 46, NULL, 232, 1, '2018-08-26 19:02:30', NULL, 17301);
INSERT INTO `chart_account` VALUES (248, 'Cost of Camera', 1, '2018-08-26 19:03:07', 1, 46, NULL, 232, 1, '2018-08-26 19:03:07', NULL, 17302);
INSERT INTO `chart_account` VALUES (250, 'Cost of Coffee Machine', 1, '2018-08-26 19:04:19', 1, 46, NULL, 232, 1, '2018-08-26 19:04:19', NULL, 17304);
INSERT INTO `chart_account` VALUES (251, 'Cost of Office Equipment', 1, '2018-08-26 19:05:06', 1, 46, NULL, 232, 1, '2018-08-26 19:05:06', NULL, 17305);
INSERT INTO `chart_account` VALUES (252, 'Cost of Housekeeping Tool', 1, '2018-08-26 19:05:56', 1, 46, NULL, 232, 1, '2018-08-26 19:05:56', NULL, 17306);
INSERT INTO `chart_account` VALUES (253, 'Cost of Sound System', 1, '2018-08-26 19:06:29', 1, 46, NULL, 232, 1, '2018-08-26 19:06:29', NULL, 17307);
INSERT INTO `chart_account` VALUES (254, 'Cost of Funiture & Fixture', 1, '2018-08-26 19:07:35', 1, 46, NULL, 232, 1, '2018-08-26 19:07:35', NULL, 17308);
INSERT INTO `chart_account` VALUES (255, 'Cost of Statues', 1, '2018-08-26 19:08:09', 1, 46, NULL, 232, 1, '2018-08-26 19:08:09', NULL, 17309);
INSERT INTO `chart_account` VALUES (256, 'Kitchen Equipment', 1, '2018-08-26 19:08:57', 1, 46, NULL, 232, 1, '2018-08-26 19:08:57', NULL, 17310);
INSERT INTO `chart_account` VALUES (257, 'Cost of Kitchen Equipment', 1, '2018-08-26 19:09:30', 1, 46, NULL, 232, 1, '2018-08-26 19:09:30', NULL, 17311);
INSERT INTO `chart_account` VALUES (258, 'Cost of Painting', 1, '2018-08-26 19:18:23', 1, 46, NULL, 232, 1, '2018-08-26 19:18:23', NULL, 17312);
INSERT INTO `chart_account` VALUES (259, 'Cost of Telephone System', 1, '2018-08-26 19:20:33', 1, 46, NULL, 232, 1, '2018-08-26 19:20:33', NULL, 17313);
INSERT INTO `chart_account` VALUES (260, 'Cost of Kitchen Utensil', 1, '2018-08-26 19:22:26', 1, 46, NULL, 232, 1, '2018-08-26 19:22:26', NULL, 17314);
INSERT INTO `chart_account` VALUES (261, 'Cost of Restaurant Utensils', 1, '2018-08-26 19:23:01', 1, 46, NULL, 232, 1, '2018-08-26 19:23:01', NULL, 17315);
INSERT INTO `chart_account` VALUES (262, 'Cost of Restaurant Equipment', 1, '2018-08-26 19:23:38', 1, 46, NULL, 232, 1, '2018-08-26 19:23:38', NULL, 17316);
INSERT INTO `chart_account` VALUES (263, 'Cost of Water System', 1, '2018-08-26 19:24:08', 1, 46, NULL, 232, 1, '2018-08-26 19:24:08', NULL, 17317);
INSERT INTO `chart_account` VALUES (264, 'Cost of Main Server System', 1, '2018-08-26 19:24:40', 1, 46, NULL, 232, 1, '2018-08-26 19:24:40', NULL, 17319);
INSERT INTO `chart_account` VALUES (265, 'Cost of Internet & Wifi Setup', 1, '2018-08-26 19:25:20', 1, 46, NULL, 232, 1, '2018-08-26 19:25:20', NULL, 17321);
INSERT INTO `chart_account` VALUES (266, 'Acc. Depre. of Fixed Asset III', 1, '2018-08-26 19:26:02', 1, 46, NULL, 232, 1, '2018-08-26 19:26:02', NULL, 17330);
INSERT INTO `chart_account` VALUES (267, 'Cost of Air-conditioner', 1, '2018-08-26 19:27:47', 1, 46, NULL, 233, 1, '2018-08-26 19:27:47', NULL, 17402);
INSERT INTO `chart_account` VALUES (268, 'Cost of Electricity System', 1, '2018-08-26 19:28:27', 1, 46, NULL, 233, 1, '2018-08-26 19:28:27', NULL, 17408);
INSERT INTO `chart_account` VALUES (269, 'Acc. Depre. of Fixed Asset IV', 1, '2018-08-26 19:29:08', 1, 46, NULL, 233, 1, '2018-08-26 19:29:08', NULL, 17410);
INSERT INTO `chart_account` VALUES (270, 'Long Term Liabilities', 1, '2018-08-27 22:42:07', 1, 8, NULL, 0, 1, '2018-08-27 22:35:19', NULL, 28000);
INSERT INTO `chart_account` VALUES (271, 'Lease ? Vehicles', 1, '2018-08-27 22:42:54', 1, 8, NULL, 270, 1, '2018-08-27 22:37:14', NULL, 28100);
INSERT INTO `chart_account` VALUES (272, 'Lease ? Building', 1, '2018-08-27 22:43:09', 1, 8, NULL, 270, 1, '2018-08-27 22:37:51', NULL, 28200);
INSERT INTO `chart_account` VALUES (273, 'Opening Balance Equity', 1, '2019-01-13 16:53:06', 1, 7, 26, 42, 1, '2019-01-13 16:52:24', NULL, 34000);
INSERT INTO `chart_account` VALUES (274, 'Sacom Bank : eOcambo Technology | 00032882', 1, '2019-06-26 13:45:42', 1, 3, NULL, 64, 1, '2018-07-02 16:23:21', 13, 11101);
INSERT INTO `chart_account` VALUES (275, 'ABA Bank: PHICH SOKDA (No. 000120354)', 1, '2019-06-24 08:16:55', 1, 3, NULL, 64, 1, '2018-08-11 19:18:30', 1, 11102);
COMMIT;

-- ----------------------------
-- Table structure for city
-- ----------------------------
DROP TABLE IF EXISTS `city`;
CREATE TABLE `city` (
  `id` int(11) NOT NULL AUTO_INCREMENT,
  `id_country` int(11) DEFAULT NULL,
  `code` varchar(100) NOT NULL,
  `names` varchar(250) NOT NULL,
  `description` varchar(255) DEFAULT NULL,
  `img` varchar(250) DEFAULT NULL,
  `video_link` varchar(50) DEFAULT NULL,
  `latitude` float DEFAULT NULL,
  `longitude` float DEFAULT NULL,
  `updated_by` int(11) DEFAULT NULL,
  `updated_date` datetime DEFAULT NULL,
  `status` tinyint(1) DEFAULT NULL,
  `created_by` int(11) DEFAULT NULL,
  `created_date` datetime DEFAULT NULL,
  PRIMARY KEY (`id`) USING BTREE,
  KEY `id_country` (`id_country`) USING BTREE,
  KEY `id` (`id`,`id_country`,`code`,`names`,`description`,`img`,`video_link`,`latitude`,`longitude`,`updated_by`,`updated_date`,`status`,`created_by`,`created_date`) USING BTREE,
  KEY `id_2` (`id`,`id_country`,`code`,`names`,`description`,`img`,`video_link`,`latitude`,`longitude`,`updated_by`,`updated_date`,`status`,`created_by`,`created_date`) USING BTREE,
  CONSTRAINT `city_ibfk_1` FOREIGN KEY (`id_country`) REFERENCES `country` (`id`)
) ENGINE=InnoDB AUTO_INCREMENT=362 DEFAULT CHARSET=utf8 ROW_FORMAT=COMPACT;

-- ----------------------------
-- Records of city
-- ----------------------------
BEGIN;
INSERT INTO `city` VALUES (1, 56, 'PNH', 'Phnom Penh', '', NULL, '', 0, 0, 1000016, '2018-08-12 19:46:33', 1, 1000016, '2018-08-12 19:45:12');
INSERT INTO `city` VALUES (2, 56, 'BMC', 'Banteay Meanchey', '', NULL, '', 0, 0, 1000016, '2018-08-12 20:43:53', 1, 1000016, '2018-08-12 20:43:53');
INSERT INTO `city` VALUES (3, 56, 'BBM', 'Battambang', '', NULL, '', 0, 0, 1000016, '2018-08-12 20:44:12', 1, 1000016, '2018-08-12 20:44:12');
INSERT INTO `city` VALUES (4, 56, 'KPC', 'Kampong Cham', '', NULL, '', 0, 0, 1000016, '2018-08-12 20:44:57', 1, 1000016, '2018-08-12 20:44:57');
INSERT INTO `city` VALUES (5, 56, 'KZC', 'Kampong Chhnang', '', NULL, '', 0, 0, 1000016, '2018-08-12 20:45:45', 1, 1000016, '2018-08-12 20:45:45');
INSERT INTO `city` VALUES (6, 56, 'KPS', 'Kampong Speu', '', NULL, '', 0, 0, 1000016, '2018-08-12 20:46:13', 1, 1000016, '2018-08-12 20:46:13');
INSERT INTO `city` VALUES (7, 56, 'KZK', 'Kampong Thom', '', NULL, '', 0, 0, 1000016, '2018-08-12 20:46:32', 1, 1000016, '2018-08-12 20:46:32');
INSERT INTO `city` VALUES (8, 56, 'KMT', 'Kampot', '', NULL, '', 0, 0, 1000016, '2018-08-12 20:46:59', 1, 1000016, '2018-08-12 20:46:59');
INSERT INTO `city` VALUES (9, 56, 'KDL', 'Kandal', '', NULL, '', 0, 0, 1000016, '2018-08-12 20:47:18', 1, 1000016, '2018-08-12 20:47:18');
INSERT INTO `city` VALUES (10, 56, 'KKZ', 'Koh Kong', '', NULL, '', 0, 0, 1000016, '2018-08-12 20:47:44', 1, 1000016, '2018-08-12 20:47:44');
INSERT INTO `city` VALUES (11, 56, 'KEP', 'Kep', '', NULL, '', 0, 0, 1000016, '2018-08-12 20:38:22', 1, 1000016, '2018-08-12 20:38:22');
INSERT INTO `city` VALUES (12, 56, 'KTI', 'Kratie', '', NULL, '', 0, 0, 1000016, '2018-08-12 20:38:51', 1, 1000016, '2018-08-12 20:38:51');
INSERT INTO `city` VALUES (13, 56, 'MWV', 'Mondulkiri', '', NULL, '', 0, 0, 1000016, '2018-08-12 20:39:19', 1, 1000016, '2018-08-12 20:39:19');
INSERT INTO `city` VALUES (14, 56, 'OMC', 'Oddar Meanchey', '', NULL, '', 0, 0, 1000016, '2018-08-12 20:39:41', 1, 1000016, '2018-08-12 20:39:41');
INSERT INTO `city` VALUES (15, 56, 'PAI', 'Pailin', '', NULL, '', 0, 0, 1000016, '2018-08-12 20:40:35', 1, 1000016, '2018-08-12 20:40:35');
INSERT INTO `city` VALUES (16, 56, 'KOS', 'Sihanoukville', '', NULL, '', 0, 0, 1000016, '2018-08-12 20:41:11', 1, 1000016, '2018-08-12 20:41:11');
INSERT INTO `city` VALUES (17, 56, 'OMY', 'Preah Vihear', '', NULL, '', 0, 0, 1000016, '2018-08-12 20:42:09', 1, 1000016, '2018-08-12 20:42:09');
INSERT INTO `city` VALUES (18, 56, 'KZD', 'Pursat', '', NULL, '', 0, 0, 1000016, '2018-08-12 20:42:41', 1, 1000016, '2018-08-12 20:42:41');
INSERT INTO `city` VALUES (19, 56, 'PVG', 'Prey Veng', '', NULL, '', 0, 0, 1000016, '2018-08-12 20:43:07', 1, 1000016, '2018-08-12 20:43:07');
INSERT INTO `city` VALUES (20, 56, 'RBE', 'Rattankiri', '', NULL, '', 0, 0, 1000016, '2018-08-12 20:43:27', 1, 1000016, '2018-08-12 20:43:27');
INSERT INTO `city` VALUES (21, 56, 'REP', 'Siem Reap', '', NULL, '', 0, 0, 1000016, '2018-08-12 20:33:40', 1, 1000016, '2018-08-12 20:33:40');
INSERT INTO `city` VALUES (22, 56, 'TNX', 'Stung Treng', '', NULL, '', 0, 0, 1000016, '2018-08-12 20:34:20', 1, 1000016, '2018-08-12 20:34:20');
INSERT INTO `city` VALUES (23, 56, 'SVR', 'Svay Rieng', '', NULL, '', 0, 0, 1000016, '2018-08-12 20:36:23', 1, 1000016, '2018-08-12 20:36:23');
INSERT INTO `city` VALUES (24, 56, 'TKO', 'Takeo', '', NULL, '', 0, 0, 1000016, '2018-08-12 20:36:59', 1, 1000016, '2018-08-12 20:36:59');
INSERT INTO `city` VALUES (25, 56, 'TBK', 'Tbong Khmum', '', NULL, '', 0, 0, 1000016, '2018-08-12 20:37:25', 1, 1000016, '2018-08-12 20:37:25');
INSERT INTO `city` VALUES (26, 237, 'BKK', 'Bangkok', '', NULL, '', 0, 0, 1000016, '2018-08-12 20:37:58', 1, 1000016, '2018-08-12 20:37:58');
INSERT INTO `city` VALUES (44, 194, 'ABR', 'Abra', '', NULL, '', NULL, NULL, 1000016, '2018-08-12 21:27:04', 1, 1000016, '2018-08-12 21:27:04');
INSERT INTO `city` VALUES (45, 194, 'AGN', 'Agusan del Norte', '', NULL, '', NULL, NULL, 1000016, '2018-08-12 21:29:25', 1, 1000016, '2018-08-12 21:29:25');
INSERT INTO `city` VALUES (46, 194, 'AGS', 'Agusan del Sur', '', NULL, '', NULL, NULL, 1000016, '2018-08-12 21:30:12', 1, 1000016, '2018-08-12 21:30:12');
INSERT INTO `city` VALUES (47, 194, 'AKL', 'Aklan', '', NULL, '', NULL, NULL, 1000016, '2018-08-12 21:30:59', 1, 1000016, '2018-08-12 21:30:59');
INSERT INTO `city` VALUES (48, 194, 'ALB', 'Albay', '', NULL, '', NULL, NULL, 1000016, '2018-08-12 21:31:53', 1, 1000016, '2018-08-12 21:31:53');
INSERT INTO `city` VALUES (49, 194, 'ANT', 'Antique', '', NULL, '', NULL, NULL, 1000016, '2018-08-12 21:32:51', 1, 1000016, '2018-08-12 21:32:51');
INSERT INTO `city` VALUES (50, 194, 'APA', 'Apayao', '', NULL, '', NULL, NULL, 1000016, '2018-08-12 21:33:45', 1, 1000016, '2018-08-12 21:33:45');
INSERT INTO `city` VALUES (51, 194, 'AUR', 'Aurora', '', NULL, '', NULL, NULL, 1000016, '2018-08-12 21:34:22', 1, 1000016, '2018-08-12 21:34:22');
INSERT INTO `city` VALUES (52, 194, 'BAS', 'Basilan', '', NULL, '', NULL, NULL, 1000016, '2018-08-12 21:35:13', 1, 1000016, '2018-08-12 21:35:13');
INSERT INTO `city` VALUES (53, 194, 'BAN', 'Bataan', '', NULL, '', NULL, NULL, 1000016, '2018-08-12 21:35:49', 1, 1000016, '2018-08-12 21:35:49');
INSERT INTO `city` VALUES (54, 194, 'BTN', 'Batanes', '', NULL, '', NULL, NULL, 1000016, '2018-08-12 21:36:57', 1, 1000016, '2018-08-12 21:36:57');
INSERT INTO `city` VALUES (55, 194, 'BTG', 'Batangas', '', NULL, '', NULL, NULL, 1000016, '2018-08-12 21:37:44', 1, 1000016, '2018-08-12 21:37:44');
INSERT INTO `city` VALUES (56, 194, 'BEN', 'Benguet', '', NULL, '', NULL, NULL, 1000016, '2018-08-12 21:38:27', 1, 1000016, '2018-08-12 21:38:27');
INSERT INTO `city` VALUES (57, 194, 'BIL', 'Biliran', '', NULL, '', NULL, NULL, 1000016, '2018-08-12 21:40:16', 1, 1000016, '2018-08-12 21:40:16');
INSERT INTO `city` VALUES (58, 194, 'BOH', 'Bohol', '', NULL, '', NULL, NULL, 1000016, '2018-08-12 21:41:00', 1, 1000016, '2018-08-12 21:41:00');
INSERT INTO `city` VALUES (59, 194, 'BUK', 'Bukidnon', '', NULL, '', NULL, NULL, 1000016, '2018-08-12 21:41:42', 1, 1000016, '2018-08-12 21:41:42');
INSERT INTO `city` VALUES (60, 194, 'BUL', 'Bulacan', '', NULL, '', NULL, NULL, 1000016, '2018-08-12 21:42:18', 1, 1000016, '2018-08-12 21:42:18');
INSERT INTO `city` VALUES (61, 194, 'CAG', 'Cagayan', '', NULL, '', NULL, NULL, 1000016, '2018-08-12 21:42:55', 1, 1000016, '2018-08-12 21:42:55');
INSERT INTO `city` VALUES (62, 194, 'CAN', 'Camarines Norte', '', NULL, '', NULL, NULL, 1000016, '2018-08-12 21:43:41', 1, 1000016, '2018-08-12 21:43:41');
INSERT INTO `city` VALUES (63, 194, 'CAS', 'Camarines Sur', '', NULL, '', NULL, NULL, 1000016, '2018-08-12 21:45:13', 1, 1000016, '2018-08-12 21:45:13');
INSERT INTO `city` VALUES (64, 194, 'CAM', 'Camiguin', '', NULL, '', NULL, NULL, 1000016, '2018-08-12 21:47:36', 1, 1000016, '2018-08-12 21:47:36');
INSERT INTO `city` VALUES (65, 194, 'CAP', 'Capiz', '', NULL, '', NULL, NULL, 1000016, '2018-08-12 21:48:18', 1, 1000016, '2018-08-12 21:48:18');
INSERT INTO `city` VALUES (66, 194, 'CAT', 'Catanduanes', '', NULL, '', NULL, NULL, 1000016, '2018-08-12 21:49:12', 1, 1000016, '2018-08-12 21:49:12');
INSERT INTO `city` VALUES (67, 194, 'CAV', 'Cavite', '', NULL, '', NULL, NULL, 1000016, '2018-08-12 21:49:54', 1, 1000016, '2018-08-12 21:49:54');
INSERT INTO `city` VALUES (68, 194, 'CEB', 'Cebu', '', NULL, '', NULL, NULL, 1000016, '2018-08-12 21:50:32', 1, 1000016, '2018-08-12 21:50:32');
INSERT INTO `city` VALUES (69, 194, 'COM', 'Compostela Valley', '', NULL, '', NULL, NULL, 1000016, '2018-08-12 21:51:28', 1, 1000016, '2018-08-12 21:51:28');
INSERT INTO `city` VALUES (70, 194, 'NCO', 'Cotabato', '', NULL, '', NULL, NULL, 1000016, '2018-08-12 21:51:58', 1, 1000016, '2018-08-12 21:51:58');
INSERT INTO `city` VALUES (71, 194, 'DAV', 'Davao del Norte', '', NULL, '', NULL, NULL, 1000016, '2018-08-12 21:52:54', 1, 1000016, '2018-08-12 21:52:54');
INSERT INTO `city` VALUES (72, 194, 'DAS', 'Davao del Sur', '', NULL, '', NULL, NULL, 1000016, '2018-08-12 21:53:45', 1, 1000016, '2018-08-12 21:53:45');
INSERT INTO `city` VALUES (73, 194, 'DVO', 'Davao Occidental', '', NULL, '', NULL, NULL, 1000016, '2018-08-12 21:54:16', 1, 1000016, '2018-08-12 21:54:16');
INSERT INTO `city` VALUES (74, 194, 'DAO', 'Davao Oriental', '', NULL, '', NULL, NULL, 1000016, '2018-08-12 21:54:58', 1, 1000016, '2018-08-12 21:54:58');
INSERT INTO `city` VALUES (75, 194, 'DIN', 'Dinagat Islands', '', NULL, '', NULL, NULL, 1000016, '2018-08-12 21:55:46', 1, 1000016, '2018-08-12 21:55:46');
INSERT INTO `city` VALUES (76, 194, 'EAS', 'Eastern Samar', '', NULL, '', NULL, NULL, 1000016, '2018-08-12 21:56:28', 1, 1000016, '2018-08-12 21:56:28');
INSERT INTO `city` VALUES (77, 194, 'GUI', 'Guimaras', '', NULL, '', NULL, NULL, 1000016, '2018-08-12 21:59:20', 1, 1000016, '2018-08-12 21:59:20');
INSERT INTO `city` VALUES (78, 194, 'IFU', 'Ifugao', '', NULL, '', NULL, NULL, 1000016, '2018-08-12 21:59:54', 1, 1000016, '2018-08-12 21:59:54');
INSERT INTO `city` VALUES (79, 194, 'ILN', 'Ilocos Norte', '', NULL, '', NULL, NULL, 1000016, '2018-08-12 22:00:44', 1, 1000016, '2018-08-12 22:00:44');
INSERT INTO `city` VALUES (80, 194, 'ILS', 'Ilocos Sur', '', NULL, '', NULL, NULL, 1000016, '2018-08-12 22:01:33', 1, 1000016, '2018-08-12 22:01:33');
INSERT INTO `city` VALUES (81, 194, 'ILI', 'Iloilo', '', NULL, '', NULL, NULL, 1000016, '2018-08-12 22:02:23', 1, 1000016, '2018-08-12 22:02:23');
INSERT INTO `city` VALUES (82, 194, 'ISA', 'Isabela', '', NULL, '', NULL, NULL, 1000016, '2018-08-12 22:03:06', 1, 1000016, '2018-08-12 22:03:06');
INSERT INTO `city` VALUES (83, 194, 'KAL', 'Kalinga', '', NULL, '', NULL, NULL, 1000016, '2018-08-12 22:03:39', 1, 1000016, '2018-08-12 22:03:39');
INSERT INTO `city` VALUES (84, 194, 'LUN', 'La Union', '', NULL, '', NULL, NULL, 1000016, '2018-08-12 22:04:15', 1, 1000016, '2018-08-12 22:04:15');
INSERT INTO `city` VALUES (85, 194, 'LAG', 'Laguna', '', NULL, '', NULL, NULL, 1000016, '2018-08-12 22:05:08', 1, 1000016, '2018-08-12 22:05:08');
INSERT INTO `city` VALUES (86, 194, 'LAN', 'Lanao del Norte', '', NULL, '', NULL, NULL, 1000016, '2018-08-12 22:05:53', 1, 1000016, '2018-08-12 22:05:53');
INSERT INTO `city` VALUES (87, 194, 'LAS', 'Lanao del Sur', '', NULL, '', NULL, NULL, 1000016, '2018-08-12 22:06:27', 1, 1000016, '2018-08-12 22:06:27');
INSERT INTO `city` VALUES (88, 194, 'LEY', 'Leyte', '', NULL, '', NULL, NULL, 1000016, '2018-08-12 22:07:04', 1, 1000016, '2018-08-12 22:07:04');
INSERT INTO `city` VALUES (89, 194, 'MAG', 'Maguindanao', '', NULL, '', NULL, NULL, 1000016, '2018-08-12 22:07:58', 1, 1000016, '2018-08-12 22:07:58');
INSERT INTO `city` VALUES (90, 194, 'MAD', 'Marinduque', '', NULL, '', NULL, NULL, 1000016, '2018-08-12 22:08:32', 1, 1000016, '2018-08-12 22:08:32');
INSERT INTO `city` VALUES (91, 194, 'MAS', 'Masbate', '', NULL, '', NULL, NULL, 1000016, '2018-08-12 22:09:00', 1, 1000016, '2018-08-12 22:09:00');
INSERT INTO `city` VALUES (92, 194, 'MSC', 'Misamis Occidental', '', NULL, '', NULL, NULL, 1000016, '2018-08-12 22:09:42', 1, 1000016, '2018-08-12 22:09:42');
INSERT INTO `city` VALUES (93, 194, 'MSR', 'Misamis Oriental', '', NULL, '', NULL, NULL, 1000016, '2018-08-12 22:14:50', 1, 1000016, '2018-08-12 22:14:50');
INSERT INTO `city` VALUES (94, 194, 'MOU', 'Mountain', '', NULL, '', NULL, NULL, 1000016, '2018-08-12 22:16:01', 1, 1000016, '2018-08-12 22:16:01');
INSERT INTO `city` VALUES (95, 194, 'NEC', 'Negros Occidental', '', NULL, '', NULL, NULL, 1000016, '2018-08-12 22:17:39', 1, 1000016, '2018-08-12 22:17:39');
INSERT INTO `city` VALUES (96, 194, 'NER', 'Negros Oriental', '', NULL, '', NULL, NULL, 1000016, '2018-08-12 22:18:13', 1, 1000016, '2018-08-12 22:18:13');
INSERT INTO `city` VALUES (97, 194, 'NSA', 'Northern Samar', '', NULL, '', NULL, NULL, 1000016, '2018-08-12 22:19:23', 1, 1000016, '2018-08-12 22:19:23');
INSERT INTO `city` VALUES (98, 194, 'NUE', 'Nueva Ecija', '', NULL, '', NULL, NULL, 1000016, '2018-08-12 22:20:23', 1, 1000016, '2018-08-12 22:20:23');
INSERT INTO `city` VALUES (99, 194, 'NUV', 'Nueva Vizcaya', '', NULL, '', NULL, NULL, 1000016, '2018-08-12 22:21:16', 1, 1000016, '2018-08-12 22:21:16');
INSERT INTO `city` VALUES (100, 194, 'MDC', 'Occidental Mindoro', '', NULL, '', NULL, NULL, 1000016, '2018-08-12 22:22:01', 1, 1000016, '2018-08-12 22:22:01');
INSERT INTO `city` VALUES (101, 194, 'MDR', 'Oriental Mindoro', '', NULL, '', NULL, NULL, 1000016, '2018-08-12 22:23:39', 1, 1000016, '2018-08-12 22:23:39');
INSERT INTO `city` VALUES (102, 194, 'PLW', 'Palawan', '', NULL, '', NULL, NULL, 1000016, '2018-08-12 22:25:32', 1, 1000016, '2018-08-12 22:25:32');
INSERT INTO `city` VALUES (103, 194, 'PAM', 'Pampanga', '', NULL, '', NULL, NULL, 1000016, '2018-08-12 22:26:25', 1, 1000016, '2018-08-12 22:26:25');
INSERT INTO `city` VALUES (104, 194, 'PAN', 'Pangasinan', '', NULL, '', NULL, NULL, 1000016, '2018-08-12 22:27:01', 1, 1000016, '2018-08-12 22:27:01');
INSERT INTO `city` VALUES (105, 194, 'QUE', 'Quezon', '', NULL, '', NULL, NULL, 1000016, '2018-08-12 22:27:42', 1, 1000016, '2018-08-12 22:27:42');
INSERT INTO `city` VALUES (106, 194, 'QUI', 'Quirino', '', NULL, '', NULL, NULL, 1000016, '2018-08-12 22:28:46', 1, 1000016, '2018-08-12 22:28:46');
INSERT INTO `city` VALUES (107, 194, 'RIZ', 'Rizal', '', NULL, '', NULL, NULL, 1000016, '2018-08-12 22:29:37', 1, 1000016, '2018-08-12 22:29:37');
INSERT INTO `city` VALUES (108, 194, 'ROM', 'Romblon', '', NULL, '', NULL, NULL, 1000016, '2018-08-12 22:30:47', 1, 1000016, '2018-08-12 22:30:47');
INSERT INTO `city` VALUES (109, 194, 'WSA', 'Samar', '', NULL, '', NULL, NULL, 1000016, '2018-08-12 22:31:45', 1, 1000016, '2018-08-12 22:31:45');
INSERT INTO `city` VALUES (110, 194, 'SAR', 'Sarangani', '', NULL, '', NULL, NULL, 1000016, '2018-08-12 22:32:27', 1, 1000016, '2018-08-12 22:32:27');
INSERT INTO `city` VALUES (111, 194, 'SIG', 'Siquijor', '', NULL, '', NULL, NULL, 1000016, '2018-08-12 22:33:18', 1, 1000016, '2018-08-12 22:33:18');
INSERT INTO `city` VALUES (112, 194, 'SOR', 'Sorsogon', '', NULL, '', NULL, NULL, 1000016, '2018-08-12 22:42:49', 1, 1000016, '2018-08-12 22:42:49');
INSERT INTO `city` VALUES (113, 194, 'SCO', 'South Cotabato', '', NULL, '', NULL, NULL, 1000016, '2018-08-12 22:43:31', 1, 1000016, '2018-08-12 22:43:31');
INSERT INTO `city` VALUES (114, 194, 'SLE', 'Southern Leyte', '', NULL, '', NULL, NULL, 1000016, '2018-08-12 22:44:18', 1, 1000016, '2018-08-12 22:44:18');
INSERT INTO `city` VALUES (115, 194, 'SUK', 'Sultan Kudarat', '', NULL, '', NULL, NULL, 1000016, '2018-08-12 22:44:48', 1, 1000016, '2018-08-12 22:44:48');
INSERT INTO `city` VALUES (116, 194, 'SLU', 'Sulu', '', NULL, '', NULL, NULL, 1000016, '2018-08-12 22:45:25', 1, 1000016, '2018-08-12 22:45:25');
INSERT INTO `city` VALUES (117, 194, 'SUN', 'Surigao del Norte', '', NULL, '', NULL, NULL, 1000016, '2018-08-12 22:46:00', 1, 1000016, '2018-08-12 22:46:00');
INSERT INTO `city` VALUES (118, 194, 'SUR', 'Surigao del Sur', '', NULL, '', NULL, NULL, 1000016, '2018-08-12 22:46:33', 1, 1000016, '2018-08-12 22:46:33');
INSERT INTO `city` VALUES (119, 194, 'TAR', 'Tarlac', '', NULL, '', NULL, NULL, 1000016, '2018-08-12 22:47:05', 1, 1000016, '2018-08-12 22:47:05');
INSERT INTO `city` VALUES (120, 194, 'TAW', 'Tawi-Tawi', '', NULL, '', NULL, NULL, 1000016, '2018-08-12 22:47:44', 1, 1000016, '2018-08-12 22:47:44');
INSERT INTO `city` VALUES (121, 194, 'ZMB', 'Zambales', '', NULL, '', NULL, NULL, 1000016, '2018-08-12 22:48:37', 1, 1000016, '2018-08-12 22:48:37');
INSERT INTO `city` VALUES (122, 194, 'ZAN', 'Zamboanga del Norte', '', NULL, '', NULL, NULL, 1000016, '2018-08-12 22:49:23', 1, 1000016, '2018-08-12 22:49:23');
INSERT INTO `city` VALUES (123, 194, 'ZAS', 'Zamboanga del Sur', '', NULL, '', NULL, NULL, 1000016, '2018-08-12 22:50:14', 1, 1000016, '2018-08-12 22:50:14');
INSERT INTO `city` VALUES (124, 194, 'ZSI', 'Zamboanga Sibugay', '', NULL, '', NULL, NULL, 1000016, '2018-08-12 22:50:54', 1, 1000016, '2018-08-12 22:50:54');
INSERT INTO `city` VALUES (125, 194, 'MNL', 'Manila', '', NULL, '', NULL, NULL, 1000016, '2018-08-12 22:53:44', 1, 1000016, '2018-08-12 22:53:44');
INSERT INTO `city` VALUES (126, 153, 'KUL', 'Kuala Lumpur', '', NULL, '', NULL, NULL, 1000016, '2018-08-12 23:02:04', 1, 1000016, '2018-08-12 23:02:04');
INSERT INTO `city` VALUES (127, 153, 'PEN', 'Penang', '', NULL, '', NULL, NULL, 1000016, '2018-08-12 23:03:11', 1, 1000016, '2018-08-12 23:03:11');
INSERT INTO `city` VALUES (128, 153, 'MKZ', 'Melaka', '', NULL, '', NULL, NULL, 1000016, '2018-08-12 23:05:51', 1, 1000016, '2018-08-12 23:05:51');
INSERT INTO `city` VALUES (129, 153, 'JHB', 'Johor Bahru', '', NULL, '', NULL, NULL, 1000016, '2018-08-12 23:15:02', 1, 1000016, '2018-08-12 23:15:02');
INSERT INTO `city` VALUES (130, 153, 'LGK', 'Langkawi', '', NULL, '', NULL, NULL, 1000016, '2018-08-12 23:16:17', 1, 1000016, '2018-08-12 23:16:17');
INSERT INTO `city` VALUES (131, 153, 'IPH', 'Ipoh', '', NULL, '', NULL, NULL, 1000016, '2018-08-12 23:19:38', 1, 1000016, '2018-08-12 23:19:38');
INSERT INTO `city` VALUES (132, 153, 'KBR', 'Kota Bharu', '', NULL, '', NULL, NULL, 1000016, '2018-08-12 23:21:09', 1, 1000016, '2018-08-12 23:21:09');
INSERT INTO `city` VALUES (133, 153, 'TGG', 'Kuala Terengganu', '', NULL, '', NULL, NULL, 1000016, '2018-08-12 23:21:56', 1, 1000016, '2018-08-12 23:21:56');
INSERT INTO `city` VALUES (134, 153, 'KUA', 'Kuantan', '', NULL, '', NULL, NULL, 1000016, '2018-08-12 23:22:58', 1, 1000016, '2018-08-12 23:22:58');
INSERT INTO `city` VALUES (135, 153, 'KCH', 'Kuching', '', NULL, '', NULL, NULL, 1000016, '2018-08-12 23:25:12', 1, 1000016, '2018-08-12 23:25:12');
INSERT INTO `city` VALUES (136, 153, 'BKI', 'Kota Kinabalu', '', NULL, '', NULL, NULL, 1000016, '2018-08-12 23:28:59', 1, 1000016, '2018-08-12 23:28:59');
INSERT INTO `city` VALUES (137, 153, 'SZB', 'Subang', '', NULL, '', NULL, NULL, 1000016, '2018-08-12 23:35:40', 1, 1000016, '2018-08-12 23:35:40');
INSERT INTO `city` VALUES (138, 153, 'TWU', 'Tawau', '', NULL, '', NULL, NULL, 1000016, '2018-08-12 23:38:44', 1, 1000016, '2018-08-12 23:38:44');
INSERT INTO `city` VALUES (139, 153, 'SDK', 'Sandakan', '', NULL, '', NULL, NULL, 1000016, '2018-08-12 23:39:39', 1, 1000016, '2018-08-12 23:39:39');
INSERT INTO `city` VALUES (140, 121, 'BXW', 'Bawean', '', NULL, '', NULL, NULL, 1000016, '2018-08-13 00:01:57', 1, 1000016, '2018-08-13 00:01:57');
INSERT INTO `city` VALUES (141, 121, 'BDO', 'Bandung', '', NULL, '', NULL, NULL, 1000016, '2018-08-13 00:02:36', 1, 1000016, '2018-08-13 00:02:36');
INSERT INTO `city` VALUES (142, 121, 'BWX', 'Banyuwangi ', '', NULL, '', NULL, NULL, 1000016, '2018-08-13 00:03:22', 1, 1000016, '2018-08-13 00:03:22');
INSERT INTO `city` VALUES (143, 121, 'TSY', 'Tasikmalaya', '', NULL, '', NULL, NULL, 1000016, '2018-08-13 00:03:55', 1, 1000016, '2018-08-13 00:03:55');
INSERT INTO `city` VALUES (144, 121, 'CBN', 'Cirebon', '', NULL, '', NULL, NULL, 1000016, '2018-08-13 00:04:39', 1, 1000016, '2018-08-13 00:04:39');
INSERT INTO `city` VALUES (145, 121, 'CXP', 'Cilacap', '', NULL, '', NULL, NULL, 1000016, '2018-08-13 00:05:06', 1, 1000016, '2018-08-13 00:05:06');
INSERT INTO `city` VALUES (146, 121, 'CGK', 'Jakarta', '', NULL, '', NULL, NULL, 1000016, '2018-08-13 00:05:52', 1, 1000016, '2018-08-13 00:05:52');
INSERT INTO `city` VALUES (147, 121, 'BTO', 'Tangerang', '', NULL, '', NULL, NULL, 1000016, '2018-08-13 00:09:22', 1, 1000016, '2018-08-13 00:09:22');
INSERT INTO `city` VALUES (148, 121, 'KJT', 'Majalengka', '', NULL, '', NULL, NULL, 1000016, '2018-08-13 00:09:55', 1, 1000016, '2018-08-13 00:09:55');
INSERT INTO `city` VALUES (149, 121, 'SRG', 'Semarang', '', NULL, '', NULL, NULL, 1000016, '2018-08-13 00:10:32', 1, 1000016, '2018-08-13 00:10:32');
INSERT INTO `city` VALUES (150, 121, 'SUB', 'Surabaya', '', NULL, '', NULL, NULL, 1000016, '2018-08-13 00:11:04', 1, 1000016, '2018-08-13 00:11:04');
INSERT INTO `city` VALUES (151, 121, 'SOC', 'Surakarta', '', NULL, '', NULL, NULL, 1000016, '2018-08-13 00:11:48', 1, 1000016, '2018-08-13 00:11:48');
INSERT INTO `city` VALUES (152, 121, 'JOG', 'Yogyakarta', '', NULL, '', NULL, NULL, 1000016, '2018-08-13 00:12:49', 1, 1000016, '2018-08-13 00:12:49');
INSERT INTO `city` VALUES (154, 121, 'TKG', 'Bandar Lampung', '', NULL, '', NULL, NULL, 1000016, '2018-08-13 00:15:20', 1, 1000016, '2018-08-13 00:15:20');
INSERT INTO `city` VALUES (155, 121, 'BTH', 'Batam', '', NULL, '', NULL, NULL, 1000016, '2018-08-13 00:15:53', 1, 1000016, '2018-08-13 00:15:53');
INSERT INTO `city` VALUES (156, 121, 'LSE', 'Batu Islands', '', NULL, '', NULL, NULL, 1000016, '2018-08-13 00:16:47', 1, 1000016, '2018-08-13 00:16:47');
INSERT INTO `city` VALUES (157, 121, 'BKS', 'Bengkulu', '', NULL, '', NULL, NULL, 1000016, '2018-08-13 00:18:00', 1, 1000016, '2018-08-13 00:18:00');
INSERT INTO `city` VALUES (158, 121, 'DUM', 'Dumai', '', NULL, '', NULL, NULL, 1000016, '2018-08-13 00:18:45', 1, 1000016, '2018-08-13 00:18:45');
INSERT INTO `city` VALUES (159, 121, 'GNS', 'Gunung Sitoli', '', NULL, '', NULL, NULL, 1000016, '2018-08-13 00:19:23', 1, 1000016, '2018-08-13 00:19:23');
INSERT INTO `city` VALUES (160, 121, 'DJB', 'Jambi City', '', NULL, '', NULL, NULL, 1000016, '2018-08-13 00:20:04', 1, 1000016, '2018-08-13 00:20:04');
INSERT INTO `city` VALUES (161, 121, 'LLG', 'Lubuklinggau', '', NULL, '', NULL, NULL, 1000016, '2018-08-13 00:20:57', 1, 1000016, '2018-08-13 00:20:57');
INSERT INTO `city` VALUES (162, 121, 'KNO ', 'Medan', '', NULL, '', NULL, NULL, 1000016, '2018-08-13 00:21:42', 1, 1000016, '2018-08-13 00:21:42');
INSERT INTO `city` VALUES (163, 121, 'PDG', 'Padang', '', NULL, '', NULL, NULL, 1000016, '2018-08-13 00:22:27', 1, 1000016, '2018-08-13 00:22:27');
INSERT INTO `city` VALUES (164, 121, 'PLM', 'Palembang', '', NULL, '', NULL, NULL, 1000016, '2018-08-13 00:23:15', 1, 1000016, '2018-08-13 00:23:15');
INSERT INTO `city` VALUES (165, 121, 'PGK', 'Pangkal Pinang', '', NULL, '', NULL, NULL, 1000016, '2018-08-13 00:23:52', 1, 1000016, '2018-08-13 00:23:52');
INSERT INTO `city` VALUES (166, 121, 'PKU', 'Pekanbaru', '', NULL, '', NULL, NULL, 1000016, '2018-08-13 00:24:36', 1, 1000016, '2018-08-13 00:24:36');
INSERT INTO `city` VALUES (167, 121, 'NTX', 'Ranai', '', NULL, '', NULL, NULL, 1000016, '2018-08-13 00:25:16', 1, 1000016, '2018-08-13 00:25:16');
INSERT INTO `city` VALUES (168, 121, 'FLZ', 'Sibolga', '', NULL, '', NULL, NULL, 1000016, '2018-08-13 00:25:43', 1, 1000016, '2018-08-13 00:25:43');
INSERT INTO `city` VALUES (169, 121, 'DTB', 'Siborong-Borong', '', NULL, '', NULL, NULL, 1000016, '2018-08-13 00:28:09', 1, 1000016, '2018-08-13 00:28:09');
INSERT INTO `city` VALUES (170, 121, 'SNX', 'Sinabang', '', NULL, '', NULL, NULL, 1000016, '2018-08-13 00:29:15', 1, 1000016, '2018-08-13 00:29:15');
INSERT INTO `city` VALUES (171, 121, 'RKI', 'Sipora', '', NULL, '', NULL, NULL, 1000016, '2018-08-13 00:29:55', 1, 1000016, '2018-08-13 00:29:55');
INSERT INTO `city` VALUES (172, 121, 'MEQ', 'Suka Makmue', '', NULL, '', NULL, NULL, 1000016, '2018-08-13 00:30:35', 1, 1000016, '2018-08-13 00:30:35');
INSERT INTO `city` VALUES (173, 121, 'TXE', 'Takengon', '', NULL, '', NULL, NULL, 1000016, '2018-08-13 00:31:09', 1, 1000016, '2018-08-13 00:31:09');
INSERT INTO `city` VALUES (174, 121, 'TJQ', 'Tanjung Pandan', '', NULL, '', NULL, NULL, 1000016, '2018-08-13 00:31:39', 1, 1000016, '2018-08-13 00:31:39');
INSERT INTO `city` VALUES (175, 121, 'TNJ', 'Tanjung Pinang', '', NULL, '', NULL, NULL, 1000016, '2018-08-13 00:32:06', 1, 1000016, '2018-08-13 00:32:06');
INSERT INTO `city` VALUES (176, 121, 'BPN', 'Balikpapan', '', NULL, '', NULL, NULL, 1000016, '2018-08-13 00:32:37', 1, 1000016, '2018-08-13 00:32:37');
INSERT INTO `city` VALUES (177, 121, 'BDJ', 'Banjarmasin', '', NULL, '', NULL, NULL, 1000016, '2018-08-13 00:33:09', 1, 1000016, '2018-08-13 00:33:09');
INSERT INTO `city` VALUES (178, 121, 'BEJ', 'Tanjung Redep', '', NULL, '', NULL, NULL, 1000016, '2018-08-13 00:34:20', 1, 1000016, '2018-08-13 00:34:20');
INSERT INTO `city` VALUES (179, 121, 'BXT', 'Bontang', '', NULL, '', NULL, NULL, 1000016, '2018-08-13 00:34:59', 1, 1000016, '2018-08-13 00:34:59');
INSERT INTO `city` VALUES (180, 121, 'DTD', 'Mahakam Ulu', '', NULL, '', NULL, NULL, 1000016, '2018-08-13 00:35:29', 1, 1000016, '2018-08-13 00:35:29');
INSERT INTO `city` VALUES (181, 121, 'KTG', 'Ketapang', '', NULL, '', NULL, NULL, 1000016, '2018-08-13 00:35:55', 1, 1000016, '2018-08-13 00:35:55');
INSERT INTO `city` VALUES (182, 121, 'LPU', 'Long Apung', '', NULL, '', NULL, NULL, 1000016, '2018-08-13 00:36:23', 1, 1000016, '2018-08-13 00:36:23');
INSERT INTO `city` VALUES (183, 121, 'LBW', 'Long Bawan', '', NULL, '', NULL, NULL, 1000016, '2018-08-13 00:36:52', 1, 1000016, '2018-08-13 00:36:52');
INSERT INTO `city` VALUES (184, 121, 'NNX', 'Nunukan', '', NULL, '', NULL, NULL, 1000016, '2018-08-13 00:37:21', 1, 1000016, '2018-08-13 00:37:21');
INSERT INTO `city` VALUES (185, 121, 'PKY', 'Palangkaraya', '', NULL, '', NULL, NULL, 1000016, '2018-08-13 00:37:53', 1, 1000016, '2018-08-13 00:37:53');
INSERT INTO `city` VALUES (186, 121, 'PKN', 'Pangkalanbun', '', NULL, '', NULL, NULL, 1000016, '2018-08-13 00:38:18', 1, 1000016, '2018-08-13 00:38:18');
INSERT INTO `city` VALUES (187, 121, 'PNK', 'Pontianak', '', NULL, '', NULL, NULL, 1000016, '2018-08-13 00:38:43', 1, 1000016, '2018-08-13 00:38:43');
INSERT INTO `city` VALUES (188, 121, 'PSU', 'Putussibau', '', NULL, '', NULL, NULL, 1000016, '2018-08-13 00:39:06', 1, 1000016, '2018-08-13 00:39:06');
INSERT INTO `city` VALUES (189, 121, 'SRI', 'Samarinda', '', NULL, '', NULL, NULL, 1000016, '2018-08-13 00:39:45', 1, 1000016, '2018-08-13 00:39:44');
INSERT INTO `city` VALUES (190, 121, 'TRK', 'Tarakan', '', NULL, '', NULL, NULL, 1000016, '2018-08-13 00:45:46', 1, 1000016, '2018-08-13 00:45:46');
INSERT INTO `city` VALUES (191, 121, 'BUW', 'Bau-Bau', '', NULL, '', NULL, NULL, 1000016, '2018-08-13 00:47:02', 1, 1000016, '2018-08-13 00:47:02');
INSERT INTO `city` VALUES (192, 121, 'GTO', 'Gorontalo', '', NULL, '', NULL, NULL, 1000016, '2018-08-13 00:47:30', 1, 1000016, '2018-08-13 00:47:30');
INSERT INTO `city` VALUES (193, 121, 'KDI', 'Kendari', '', NULL, '', NULL, NULL, 1000016, '2018-08-13 00:48:02', 1, 1000016, '2018-08-13 00:48:02');
INSERT INTO `city` VALUES (194, 121, 'UPG', 'Makassar', '', NULL, '', NULL, NULL, 1000016, '2018-08-13 00:48:31', 1, 1000016, '2018-08-13 00:48:31');
INSERT INTO `city` VALUES (195, 121, 'MJU', 'Mamuju', '', NULL, '', NULL, NULL, 1000016, '2018-08-13 00:49:06', 1, 1000016, '2018-08-13 00:49:06');
INSERT INTO `city` VALUES (196, 121, 'MDC', 'Manado', '', NULL, '', NULL, NULL, 1000016, '2018-08-13 00:49:45', 1, 1000016, '2018-08-13 00:49:45');
INSERT INTO `city` VALUES (197, 58, 'YYJ', 'British Columbia', '', NULL, 'fRwR9oqvNsM', 38, 77, 1000017, '2018-08-13 13:22:58', 1, 1000017, '2018-08-13 12:46:10');
INSERT INTO `city` VALUES (198, 258, 'VCA', 'Can Tho', '', NULL, '', 0, 0, 1000028, '2018-08-13 17:59:36', 1, 35, '2018-08-12 20:42:41');
INSERT INTO `city` VALUES (199, 258, 'VCL', 'Chu Lai', NULL, NULL, NULL, NULL, NULL, 35, '2018-08-12 20:42:41', 1, 35, '2018-08-12 20:42:41');
INSERT INTO `city` VALUES (200, 258, 'DLI', 'Da Lat', NULL, NULL, NULL, NULL, NULL, 35, '2018-08-12 20:42:41', 1, 35, '2018-08-12 20:42:41');
INSERT INTO `city` VALUES (201, 258, 'DAD', 'Da Nang', NULL, NULL, NULL, NULL, NULL, 35, '2018-08-12 20:42:41', 1, 35, '2018-08-12 20:42:41');
INSERT INTO `city` VALUES (202, 258, 'HPH', 'Hai Phong', '', NULL, '', 20.8648, 106.683, 1000028, '2018-08-13 18:11:12', 1, 35, '2018-08-12 20:42:41');
INSERT INTO `city` VALUES (203, 258, 'HAN', 'Hanoi', NULL, NULL, NULL, NULL, NULL, 35, '2018-08-12 20:42:41', 1, 35, '2018-08-12 20:42:41');
INSERT INTO `city` VALUES (204, 258, 'SGN', 'Ho Chi Minh City', NULL, NULL, NULL, NULL, NULL, 35, '2018-08-12 20:42:41', 1, 35, '2018-08-12 20:42:41');
INSERT INTO `city` VALUES (205, 258, 'HUI', 'Hue', '', NULL, '', 0, 0, 1000028, '2018-08-13 17:59:54', 1, 35, '2018-08-12 20:42:41');
INSERT INTO `city` VALUES (206, 258, 'CXR', 'Nha Trang', NULL, NULL, NULL, NULL, NULL, 35, '2018-08-12 20:42:41', 1, 35, '2018-08-12 20:42:41');
INSERT INTO `city` VALUES (207, 258, 'PQC', 'Phu Quoc', '', NULL, '', 0, 0, 1000028, '2018-08-13 18:00:12', 1, 35, '2018-08-12 20:42:41');
INSERT INTO `city` VALUES (208, 258, 'VII', 'Vinh', NULL, NULL, NULL, NULL, NULL, 35, '2018-08-12 20:42:41', 1, 35, '2018-08-12 20:42:41');
INSERT INTO `city` VALUES (209, 258, 'BMV', 'Buon Ma Thuot', '', NULL, '', 0, 0, 1000028, '2018-08-13 18:00:29', 1, 35, '2018-08-12 20:42:41');
INSERT INTO `city` VALUES (210, 258, 'CAH', 'Ca Mau', '', NULL, '', 0, 0, 1000028, '2018-08-13 18:01:17', 1, 35, '2018-08-12 20:42:41');
INSERT INTO `city` VALUES (211, 258, 'VCS', 'Con Dao', '', NULL, '', 0, 0, 1000028, '2018-08-13 18:04:55', 1, 35, '2018-08-12 20:42:41');
INSERT INTO `city` VALUES (212, 258, 'DIN', 'Dien Bien Phu', '', NULL, '', 0, 0, 1000028, '2018-08-13 18:04:33', 1, 35, '2018-08-12 20:42:41');
INSERT INTO `city` VALUES (213, 258, 'VDH', 'Dong Hoi', '', NULL, '', 0, 0, 1000028, '2018-08-13 18:02:00', 1, 35, '2018-08-12 20:42:41');
INSERT INTO `city` VALUES (214, 258, 'PXU', 'Pleiku', NULL, NULL, NULL, NULL, NULL, 35, '2018-08-12 20:42:41', 1, 35, '2018-08-12 20:42:41');
INSERT INTO `city` VALUES (215, 258, 'UIH', 'Qui Nh?n', NULL, NULL, NULL, NULL, NULL, 35, '2018-08-12 20:42:41', 1, 35, '2018-08-12 20:42:41');
INSERT INTO `city` VALUES (216, 258, 'VKG', 'Rach Gia', '', NULL, '', 0, 0, 1000028, '2018-08-13 18:04:17', 1, 35, '2018-08-12 20:42:41');
INSERT INTO `city` VALUES (217, 258, 'SQH', 'S?n La', NULL, NULL, NULL, NULL, NULL, 35, '2018-08-12 20:42:41', 1, 35, '2018-08-12 20:42:41');
INSERT INTO `city` VALUES (218, 258, 'TBB', 'Tuy Hoa', '', NULL, '', 0, 0, 1000028, '2018-08-13 18:02:19', 1, 35, '2018-08-12 20:42:41');
INSERT INTO `city` VALUES (219, 258, 'VTG', 'Vung Tau', '', NULL, '', 0, 0, 1000028, '2018-08-13 18:05:56', 1, 35, '2018-08-12 20:42:41');
INSERT INTO `city` VALUES (220, 258, 'THD', 'Thanh Hoa', '', NULL, '', 0, 0, 1000028, '2018-08-13 18:06:16', 1, 35, '2018-08-12 20:42:41');
INSERT INTO `city` VALUES (224, 237, 'ACR', 'Amnat Charoen', NULL, NULL, NULL, NULL, NULL, 35, '2018-08-12 20:42:41', 1, 35, '2018-08-12 20:42:41');
INSERT INTO `city` VALUES (225, 237, 'ATG', 'Ang Thong', NULL, NULL, NULL, NULL, NULL, 35, '2018-08-12 20:42:41', 1, 35, '2018-08-12 20:42:41');
INSERT INTO `city` VALUES (226, 237, 'BKN', 'Bueng Kan', NULL, NULL, NULL, NULL, NULL, 35, '2018-08-12 20:42:41', 1, 35, '2018-08-12 20:42:41');
INSERT INTO `city` VALUES (227, 237, 'BRM', 'Buriram', NULL, NULL, NULL, NULL, NULL, 35, '2018-08-12 20:42:41', 1, 35, '2018-08-12 20:42:41');
INSERT INTO `city` VALUES (228, 237, 'CCO', 'Chachoengsao', NULL, NULL, NULL, NULL, NULL, 35, '2018-08-12 20:42:41', 1, 35, '2018-08-12 20:42:41');
INSERT INTO `city` VALUES (229, 237, 'CNT', 'Chai Nat', NULL, NULL, NULL, NULL, NULL, 35, '2018-08-12 20:42:41', 1, 35, '2018-08-12 20:42:41');
INSERT INTO `city` VALUES (230, 237, 'CPM', 'Chaiyaphum', NULL, NULL, NULL, NULL, NULL, 35, '2018-08-12 20:42:41', 1, 35, '2018-08-12 20:42:41');
INSERT INTO `city` VALUES (231, 237, 'CTI', 'Chanthaburi', NULL, NULL, NULL, NULL, NULL, 35, '2018-08-12 20:42:41', 1, 35, '2018-08-12 20:42:41');
INSERT INTO `city` VALUES (232, 237, 'CMI', 'Chiang Mai', NULL, NULL, NULL, NULL, NULL, 35, '2018-08-12 20:42:41', 1, 35, '2018-08-12 20:42:41');
INSERT INTO `city` VALUES (233, 237, 'CRI', 'Chiang Rai', NULL, NULL, NULL, NULL, NULL, 35, '2018-08-12 20:42:41', 1, 35, '2018-08-12 20:42:41');
INSERT INTO `city` VALUES (234, 237, 'CBI', 'Chonburi', NULL, NULL, NULL, NULL, NULL, 35, '2018-08-12 20:42:41', 1, 35, '2018-08-12 20:42:41');
INSERT INTO `city` VALUES (235, 237, 'CPN', 'Chumphon', NULL, NULL, NULL, NULL, NULL, 35, '2018-08-12 20:42:41', 1, 35, '2018-08-12 20:42:41');
INSERT INTO `city` VALUES (236, 237, 'KSN', 'Kalasin', NULL, NULL, NULL, NULL, NULL, 35, '2018-08-12 20:42:41', 1, 35, '2018-08-12 20:42:41');
INSERT INTO `city` VALUES (237, 237, 'KPT', 'Kamphaeng Phet', NULL, NULL, NULL, NULL, NULL, 35, '2018-08-12 20:42:41', 1, 35, '2018-08-12 20:42:41');
INSERT INTO `city` VALUES (238, 237, 'KRI', 'Kanchanaburi', NULL, NULL, NULL, NULL, NULL, 35, '2018-08-12 20:42:41', 1, 35, '2018-08-12 20:42:41');
INSERT INTO `city` VALUES (239, 237, 'KKN', 'Khon Kaen', NULL, NULL, NULL, NULL, NULL, 35, '2018-08-12 20:42:41', 1, 35, '2018-08-12 20:42:41');
INSERT INTO `city` VALUES (240, 237, 'KBI', 'Krabi', NULL, NULL, NULL, NULL, NULL, 35, '2018-08-12 20:42:41', 1, 35, '2018-08-12 20:42:41');
INSERT INTO `city` VALUES (241, 237, 'LPG', 'Lampang', NULL, NULL, NULL, NULL, NULL, 35, '2018-08-12 20:42:41', 1, 35, '2018-08-12 20:42:41');
INSERT INTO `city` VALUES (242, 237, 'LPN', 'Lamphun', NULL, NULL, NULL, NULL, NULL, 35, '2018-08-12 20:42:41', 1, 35, '2018-08-12 20:42:41');
INSERT INTO `city` VALUES (243, 237, 'LEI', 'Loei', NULL, NULL, NULL, NULL, NULL, 35, '2018-08-12 20:42:41', 1, 35, '2018-08-12 20:42:41');
INSERT INTO `city` VALUES (244, 237, 'LRI', 'Lopburi', NULL, NULL, NULL, NULL, NULL, 35, '2018-08-12 20:42:41', 1, 35, '2018-08-12 20:42:41');
INSERT INTO `city` VALUES (245, 237, 'MSN', 'Mae Hong Son', NULL, NULL, NULL, NULL, NULL, 35, '2018-08-12 20:42:41', 1, 35, '2018-08-12 20:42:41');
INSERT INTO `city` VALUES (246, 237, 'MKM', 'Maha Sarakham', NULL, NULL, NULL, NULL, NULL, 35, '2018-08-12 20:42:41', 1, 35, '2018-08-12 20:42:41');
INSERT INTO `city` VALUES (247, 237, 'MDH', 'Mukdahan', NULL, NULL, NULL, NULL, NULL, 35, '2018-08-12 20:42:41', 1, 35, '2018-08-12 20:42:41');
INSERT INTO `city` VALUES (248, 237, 'NYK', 'Nakhon Nayok', NULL, NULL, NULL, NULL, NULL, 35, '2018-08-12 20:42:41', 1, 35, '2018-08-12 20:42:41');
INSERT INTO `city` VALUES (249, 237, 'NPT', 'Nakhon Pathom', NULL, NULL, NULL, NULL, NULL, 35, '2018-08-12 20:42:41', 1, 35, '2018-08-12 20:42:41');
INSERT INTO `city` VALUES (250, 237, 'NPM', 'Nakhon Phanom', NULL, NULL, NULL, NULL, NULL, 35, '2018-08-12 20:42:41', 1, 35, '2018-08-12 20:42:41');
INSERT INTO `city` VALUES (251, 237, 'NMA', 'Nakhon Ratchasima', NULL, NULL, NULL, NULL, NULL, 35, '2018-08-12 20:42:41', 1, 35, '2018-08-12 20:42:41');
INSERT INTO `city` VALUES (252, 237, 'NSN', 'Nakhon Sawan', NULL, NULL, NULL, NULL, NULL, 35, '2018-08-12 20:42:41', 1, 35, '2018-08-12 20:42:41');
INSERT INTO `city` VALUES (253, 237, 'NRT', 'Nakhon Si Thammarat', NULL, NULL, NULL, NULL, NULL, 35, '2018-08-12 20:42:41', 1, 35, '2018-08-12 20:42:41');
INSERT INTO `city` VALUES (254, 237, 'NAN', 'Nan', NULL, NULL, NULL, NULL, NULL, 35, '2018-08-12 20:42:41', 1, 35, '2018-08-12 20:42:41');
INSERT INTO `city` VALUES (255, 237, 'NWT', 'Narathiwat', NULL, NULL, NULL, NULL, NULL, 35, '2018-08-12 20:42:41', 1, 35, '2018-08-12 20:42:41');
INSERT INTO `city` VALUES (256, 237, 'NBP', 'Nong Bua Lam Phu', NULL, NULL, NULL, NULL, NULL, 35, '2018-08-12 20:42:41', 1, 35, '2018-08-12 20:42:41');
INSERT INTO `city` VALUES (257, 237, 'NKI', 'Nong Khai', NULL, NULL, NULL, NULL, NULL, 35, '2018-08-12 20:42:41', 1, 35, '2018-08-12 20:42:41');
INSERT INTO `city` VALUES (258, 237, 'NBI', 'Nonthaburi', NULL, NULL, NULL, NULL, NULL, 35, '2018-08-12 20:42:41', 1, 35, '2018-08-12 20:42:41');
INSERT INTO `city` VALUES (259, 237, 'PTE', 'Pathum Thani', NULL, NULL, NULL, NULL, NULL, 35, '2018-08-12 20:42:41', 1, 35, '2018-08-12 20:42:41');
INSERT INTO `city` VALUES (260, 237, 'PTN', 'Pattani', NULL, NULL, NULL, NULL, NULL, 35, '2018-08-12 20:42:41', 1, 35, '2018-08-12 20:42:41');
INSERT INTO `city` VALUES (261, 237, 'PNA', 'Phang Nga', NULL, NULL, NULL, NULL, NULL, 35, '2018-08-12 20:42:41', 1, 35, '2018-08-12 20:42:41');
INSERT INTO `city` VALUES (262, 237, 'PLG', 'Phatthalung', NULL, NULL, NULL, NULL, NULL, 35, '2018-08-12 20:42:41', 1, 35, '2018-08-12 20:42:41');
INSERT INTO `city` VALUES (263, 237, 'PYO', 'Phayao', NULL, NULL, NULL, NULL, NULL, 35, '2018-08-12 20:42:41', 1, 35, '2018-08-12 20:42:41');
INSERT INTO `city` VALUES (264, 237, 'PNB', 'Phetchabun', NULL, NULL, NULL, NULL, NULL, 35, '2018-08-12 20:42:41', 1, 35, '2018-08-12 20:42:41');
INSERT INTO `city` VALUES (265, 237, 'PBI', 'Phetchaburi', NULL, NULL, NULL, NULL, NULL, 35, '2018-08-12 20:42:41', 1, 35, '2018-08-12 20:42:41');
INSERT INTO `city` VALUES (266, 237, 'PCT', 'Phichit', NULL, NULL, NULL, NULL, NULL, 35, '2018-08-12 20:42:41', 1, 35, '2018-08-12 20:42:41');
INSERT INTO `city` VALUES (267, 237, 'PLK', 'Phitsanulok', NULL, NULL, NULL, NULL, NULL, 35, '2018-08-12 20:42:41', 1, 35, '2018-08-12 20:42:41');
INSERT INTO `city` VALUES (268, 237, 'AYA', 'Phra Nakhon Si Ayutthaya', NULL, NULL, NULL, NULL, NULL, 35, '2018-08-12 20:42:41', 1, 35, '2018-08-12 20:42:41');
INSERT INTO `city` VALUES (269, 237, 'PRE', 'Phrae', NULL, NULL, NULL, NULL, NULL, 35, '2018-08-12 20:42:41', 1, 35, '2018-08-12 20:42:41');
INSERT INTO `city` VALUES (270, 237, 'PKT', 'Phuket', NULL, NULL, NULL, NULL, NULL, 35, '2018-08-12 20:42:41', 1, 35, '2018-08-12 20:42:41');
INSERT INTO `city` VALUES (271, 237, 'PRI', 'Prachinburi', NULL, NULL, NULL, NULL, NULL, 35, '2018-08-12 20:42:41', 1, 35, '2018-08-12 20:42:41');
INSERT INTO `city` VALUES (272, 237, 'PKN', 'Prachuap Khiri Khan', NULL, NULL, NULL, NULL, NULL, 35, '2018-08-12 20:42:41', 1, 35, '2018-08-12 20:42:41');
INSERT INTO `city` VALUES (273, 237, 'RNG', 'Ranong', NULL, NULL, NULL, NULL, NULL, 35, '2018-08-12 20:42:41', 1, 35, '2018-08-12 20:42:41');
INSERT INTO `city` VALUES (274, 237, 'RBR', 'Ratchaburi', NULL, NULL, NULL, NULL, NULL, 35, '2018-08-12 20:42:41', 1, 35, '2018-08-12 20:42:41');
INSERT INTO `city` VALUES (275, 237, 'RYG', 'Rayong', NULL, NULL, NULL, NULL, NULL, 35, '2018-08-12 20:42:41', 1, 35, '2018-08-12 20:42:41');
INSERT INTO `city` VALUES (276, 237, 'RET', 'Roi Et', NULL, NULL, NULL, NULL, NULL, 35, '2018-08-12 20:42:41', 1, 35, '2018-08-12 20:42:41');
INSERT INTO `city` VALUES (277, 237, 'SKW', 'Sa Kaeo', NULL, NULL, NULL, NULL, NULL, 35, '2018-08-12 20:42:41', 1, 35, '2018-08-12 20:42:41');
INSERT INTO `city` VALUES (278, 237, 'SNK', 'Sakon Nakhon', NULL, NULL, NULL, NULL, NULL, 35, '2018-08-12 20:42:41', 1, 35, '2018-08-12 20:42:41');
INSERT INTO `city` VALUES (279, 237, 'SPK', 'Samut Prakan', NULL, NULL, NULL, NULL, NULL, 35, '2018-08-12 20:42:41', 1, 35, '2018-08-12 20:42:41');
INSERT INTO `city` VALUES (280, 237, 'SKN', 'Samut Sakhon', NULL, NULL, NULL, NULL, NULL, 35, '2018-08-12 20:42:41', 1, 35, '2018-08-12 20:42:41');
INSERT INTO `city` VALUES (281, 237, 'SKM', 'Samut Songkhram', NULL, NULL, NULL, NULL, NULL, 35, '2018-08-12 20:42:41', 1, 35, '2018-08-12 20:42:41');
INSERT INTO `city` VALUES (282, 237, 'SRI', 'Saraburi', NULL, NULL, NULL, NULL, NULL, 35, '2018-08-12 20:42:41', 1, 35, '2018-08-12 20:42:41');
INSERT INTO `city` VALUES (283, 237, 'STN', 'Satun', NULL, NULL, NULL, NULL, NULL, 35, '2018-08-12 20:42:41', 1, 35, '2018-08-12 20:42:41');
INSERT INTO `city` VALUES (284, 237, 'SBR', 'Sing Buri', NULL, NULL, NULL, NULL, NULL, 35, '2018-08-12 20:42:41', 1, 35, '2018-08-12 20:42:41');
INSERT INTO `city` VALUES (285, 237, 'SSK', 'Sisaket', NULL, NULL, NULL, NULL, NULL, 35, '2018-08-12 20:42:41', 1, 35, '2018-08-12 20:42:41');
INSERT INTO `city` VALUES (286, 237, 'SKA', 'Songkhla', NULL, NULL, NULL, NULL, NULL, 35, '2018-08-12 20:42:41', 1, 35, '2018-08-12 20:42:41');
INSERT INTO `city` VALUES (287, 237, 'STI', 'Sukhothai', NULL, NULL, NULL, NULL, NULL, 35, '2018-08-12 20:42:41', 1, 35, '2018-08-12 20:42:41');
INSERT INTO `city` VALUES (288, 237, 'SPB', 'Suphan Buri', NULL, NULL, NULL, NULL, NULL, 35, '2018-08-12 20:42:41', 1, 35, '2018-08-12 20:42:41');
INSERT INTO `city` VALUES (289, 237, 'SNI', 'Surat Thani', NULL, NULL, NULL, NULL, NULL, 35, '2018-08-12 20:42:41', 1, 35, '2018-08-12 20:42:41');
INSERT INTO `city` VALUES (290, 237, 'SRN', 'Surin', NULL, NULL, NULL, NULL, NULL, 35, '2018-08-12 20:42:41', 1, 35, '2018-08-12 20:42:41');
INSERT INTO `city` VALUES (291, 237, 'TAK', 'Tak', NULL, NULL, NULL, NULL, NULL, 35, '2018-08-12 20:42:41', 1, 35, '2018-08-12 20:42:41');
INSERT INTO `city` VALUES (292, 237, 'TRG', 'Trang', NULL, NULL, NULL, NULL, NULL, 35, '2018-08-12 20:42:41', 1, 35, '2018-08-12 20:42:41');
INSERT INTO `city` VALUES (293, 237, 'TRT', 'Trat', NULL, NULL, NULL, NULL, NULL, 35, '2018-08-12 20:42:41', 1, 35, '2018-08-12 20:42:41');
INSERT INTO `city` VALUES (294, 237, 'UBN', 'Ubon Ratchathani', NULL, NULL, NULL, NULL, NULL, 35, '2018-08-12 20:42:41', 1, 35, '2018-08-12 20:42:41');
INSERT INTO `city` VALUES (295, 237, 'UDN', 'Udon Thani', NULL, NULL, NULL, NULL, NULL, 35, '2018-08-12 20:42:41', 1, 35, '2018-08-12 20:42:41');
INSERT INTO `city` VALUES (296, 237, 'UTI', 'Uthai Thani', NULL, NULL, NULL, NULL, NULL, 35, '2018-08-12 20:42:41', 1, 35, '2018-08-12 20:42:41');
INSERT INTO `city` VALUES (297, 237, 'UTD', 'Uttaradit', NULL, NULL, NULL, NULL, NULL, 35, '2018-08-12 20:42:41', 1, 35, '2018-08-12 20:42:41');
INSERT INTO `city` VALUES (298, 237, 'YLA', 'Yala', NULL, NULL, NULL, NULL, NULL, 35, '2018-08-12 20:42:41', 1, 35, '2018-08-12 20:42:41');
INSERT INTO `city` VALUES (299, 237, 'YST', 'Yasothon', '', NULL, '', 0, 0, 35, '2018-08-13 16:09:26', 1, 35, '2018-08-13 16:09:26');
INSERT INTO `city` VALUES (300, 140, 'AOU', 'Attopeu', '', NULL, '', 14.8209, 106.815, 1000028, '2018-08-13 17:46:47', 1, 1000028, '2018-08-13 17:22:19');
INSERT INTO `city` VALUES (301, 140, 'HOE', 'Ban Hat Tai', '', NULL, '', 20.2578, 100.437, 1000028, '2018-08-13 17:45:55', 1, 1000028, '2018-08-13 17:24:14');
INSERT INTO `city` VALUES (302, 140, 'KOG', 'Khong Island', '', NULL, '', 14.047, 105.833, 1000028, '2018-08-13 17:44:55', 1, 1000028, '2018-08-13 17:24:46');
INSERT INTO `city` VALUES (303, 140, 'LXG', 'Luang Namtha', '', NULL, '', 20.95, 101.4, 1000028, '2018-08-13 17:43:27', 1, 1000028, '2018-08-13 17:26:28');
INSERT INTO `city` VALUES (304, 140, 'LPQ', 'Luang Prabang', '', NULL, '', 19.8833, 102.133, 1000028, '2018-08-13 17:42:52', 1, 1000028, '2018-08-13 17:27:24');
INSERT INTO `city` VALUES (305, 140, 'ODY', 'Muang Xay', '', NULL, '', 20.7, 101.817, 1000028, '2018-08-13 17:42:11', 1, 1000028, '2018-08-13 17:28:07');
INSERT INTO `city` VALUES (306, 140, 'PKZ', 'Pakse', '', NULL, '', 15.1167, 105.783, 1000028, '2018-08-13 17:41:29', 1, 1000028, '2018-08-13 17:28:53');
INSERT INTO `city` VALUES (307, 140, 'XKH', 'Phonsavan', '', NULL, '', 19.46, 103.18, 1000028, '2018-08-13 17:40:09', 1, 1000028, '2018-08-13 17:29:20');
INSERT INTO `city` VALUES (308, 140, 'VNA', 'Saravane', '', NULL, '', 15.7167, 106.417, 1000028, '2018-08-13 17:31:17', 1, 1000028, '2018-08-13 17:30:05');
INSERT INTO `city` VALUES (309, 140, 'NEU', 'Sam Neua', '', NULL, '', 20.4133, 104.048, 1000028, '2018-08-13 17:32:37', 1, 1000028, '2018-08-13 17:32:37');
INSERT INTO `city` VALUES (310, 140, 'ZVK', 'Savannakhet', '', NULL, '', 16.55, 104.75, 1000028, '2018-08-13 17:33:47', 1, 1000028, '2018-08-13 17:33:47');
INSERT INTO `city` VALUES (311, 140, 'ZBY', 'Sayaboury', '', NULL, '', 19.25, 101.75, 1000028, '2018-08-13 17:35:27', 1, 1000028, '2018-08-13 17:35:27');
INSERT INTO `city` VALUES (312, 140, 'THK', 'Thakhek', '', NULL, '', 17.4032, 104.835, 1000028, '2018-08-13 17:37:05', 1, 1000028, '2018-08-13 17:37:05');
INSERT INTO `city` VALUES (313, 140, 'VTE', 'Vientiane', '', NULL, '', 17.9667, 102.6, 1000028, '2018-08-13 17:39:00', 1, 1000028, '2018-08-13 17:39:00');
INSERT INTO `city` VALUES (314, 140, 'PKB', 'Pak Beng', '', NULL, '', 19.8955, 101.132, 1000028, '2018-08-13 17:58:43', 1, 1000028, '2018-08-13 17:58:43');
INSERT INTO `city` VALUES (315, 258, 'CDO', 'Cho Dok', '', NULL, '', 10.7, 105.117, 1000028, '2018-08-13 18:09:43', 1, 1000028, '2018-08-13 18:09:43');
INSERT INTO `city` VALUES (316, 258, 'SAP', 'SA PA', '', NULL, '', 22.3402, 103.844, 1000028, '2018-08-13 18:13:05', 1, 1000028, '2018-08-13 18:13:05');
INSERT INTO `city` VALUES (317, 171, 'MDL', 'Mandalay', '', NULL, '', 21.9574, 96.0891, 1000028, '2018-08-13 18:27:24', 1, 1000028, '2018-08-13 18:27:23');
INSERT INTO `city` VALUES (318, 171, 'RGN', 'Yangon', '', NULL, '', 16.9072, 96.1331, 1000028, '2018-08-13 18:28:26', 1, 1000028, '2018-08-13 18:28:26');
INSERT INTO `city` VALUES (319, 171, 'NYT', 'Naypyidaw', '', NULL, '', 19.6233, 96.2008, 1000028, '2018-08-13 18:30:13', 1, 1000028, '2018-08-13 18:30:13');
INSERT INTO `city` VALUES (320, 171, 'BGO', 'Bago', '', NULL, '', 17.3011, 96.4281, 1000028, '2018-08-13 18:31:30', 1, 1000028, '2018-08-13 18:31:30');
INSERT INTO `city` VALUES (321, 171, 'NYU', 'Bagan', '', NULL, '', 21.1786, 94.93, 1000028, '2018-08-13 18:32:33', 1, 1000028, '2018-08-13 18:32:33');
INSERT INTO `city` VALUES (322, 171, 'HEH', 'Heho', '', NULL, '', 20.7469, 96.7919, 1000028, '2018-08-13 18:41:16', 1, 1000028, '2018-08-13 18:41:16');
INSERT INTO `city` VALUES (323, 119, 'MAA', 'Chennai', '', NULL, '', 13.0833, 80.2667, 35, '2018-08-16 00:06:24', 1, 35, '2018-08-16 00:06:24');
INSERT INTO `city` VALUES (324, 119, 'DEL', 'New Delhi', '', NULL, '', 28.61, 77.23, 35, '2018-08-16 00:08:06', 1, 35, '2018-08-16 00:08:06');
INSERT INTO `city` VALUES (325, 119, 'BOM', 'Mumbai', '', NULL, '', 18.975, 72.8258, 35, '2018-08-16 00:09:27', 1, 35, '2018-08-16 00:09:27');
INSERT INTO `city` VALUES (326, 119, 'CCU', 'Kolkata', '', NULL, '', 22.5667, 88.3667, 35, '2018-08-16 00:11:15', 1, 35, '2018-08-16 00:11:15');
INSERT INTO `city` VALUES (327, 119, 'BLR', 'Bangalore', '', NULL, '', 12.9833, 77.5833, 35, '2018-08-16 00:17:43', 1, 35, '2018-08-16 00:17:43');
INSERT INTO `city` VALUES (328, 119, 'HYD', 'Hyderabad', '', NULL, '', 17.37, 78.48, 35, '2018-08-16 00:19:02', 1, 35, '2018-08-16 00:19:02');
INSERT INTO `city` VALUES (329, 119, 'AMD', 'Ahmedabad', '', NULL, '', 23.03, 72.58, 35, '2018-08-16 00:20:21', 1, 35, '2018-08-16 00:20:21');
INSERT INTO `city` VALUES (330, 119, 'STV', 'Surat', '', NULL, '', 21.1702, 72.8311, 35, '2018-08-16 00:22:01', 1, 35, '2018-08-16 00:22:01');
INSERT INTO `city` VALUES (331, 119, 'PNQ', 'Pune', '', NULL, '', 18.5203, 73.8567, 35, '2018-08-16 00:22:59', 1, 35, '2018-08-16 00:22:59');
INSERT INTO `city` VALUES (332, 119, 'JAI', 'Jaipur', '', NULL, '', 26.9, 75.8, 35, '2018-08-16 00:24:14', 1, 35, '2018-08-16 00:24:13');
INSERT INTO `city` VALUES (333, 119, 'LKO', 'Lucknow', '', NULL, '', 26.85, 80.95, 35, '2018-08-16 00:25:03', 1, 35, '2018-08-16 00:25:03');
INSERT INTO `city` VALUES (334, 119, 'KNU', 'Kanpur', '', NULL, '', 26.4499, 80.3319, 35, '2018-08-16 00:26:55', 1, 35, '2018-08-16 00:26:55');
INSERT INTO `city` VALUES (335, 119, 'NAG', 'Nagpur', '', NULL, '', 21.15, 79.09, 35, '2018-08-16 00:27:59', 1, 35, '2018-08-16 00:27:59');
INSERT INTO `city` VALUES (336, 119, 'VTZ', 'Visakhapatnam', '', NULL, '', 17.7042, 83.2978, 35, '2018-08-16 00:29:06', 1, 35, '2018-08-16 00:29:06');
INSERT INTO `city` VALUES (337, 119, 'IDR', 'Indore', '', NULL, '', 22.7167, 75.8472, 35, '2018-08-16 00:30:13', 1, 35, '2018-08-16 00:30:13');
INSERT INTO `city` VALUES (338, 119, 'BHO', 'Bhopal', '', NULL, '', 23.25, 77.4167, 35, '2018-08-16 00:33:17', 1, 35, '2018-08-16 00:33:17');
INSERT INTO `city` VALUES (339, 119, 'PAT', 'Patna', '', NULL, '', 25.6, 85.1, 35, '2018-08-16 00:34:12', 1, 35, '2018-08-16 00:34:12');
INSERT INTO `city` VALUES (340, 119, 'BDQ', 'Vadodara', '', NULL, '', 22.3, 73.2, 35, '2018-08-16 00:35:21', 1, 35, '2018-08-16 00:35:21');
INSERT INTO `city` VALUES (341, 119, 'LUH', 'Ludhiana', '', NULL, '', 30.91, 75.85, 35, '2018-08-16 00:37:16', 1, 35, '2018-08-16 00:37:16');
INSERT INTO `city` VALUES (342, 119, 'CJB', 'Coimbatore', '', NULL, '', 11.0183, 76.9725, 35, '2018-08-16 00:38:18', 1, 35, '2018-08-16 00:38:18');
INSERT INTO `city` VALUES (343, 119, 'AGR', 'Agra', '', NULL, '', 27.18, 78.02, 35, '2018-08-16 00:39:21', 1, 35, '2018-08-16 00:39:21');
INSERT INTO `city` VALUES (344, 119, 'IXM', 'Madurai', '', NULL, '', 9.9, 78.1, 35, '2018-08-16 00:40:32', 1, 35, '2018-08-16 00:40:32');
INSERT INTO `city` VALUES (345, 119, 'GOI', 'Goa', '', NULL, '', 15.5, 73.83, 35, '2018-08-16 00:47:39', 1, 35, '2018-08-16 00:47:39');
INSERT INTO `city` VALUES (346, 119, 'IXC', 'Chandigarh', '', NULL, '', 30.75, 76.78, 35, '2018-08-16 00:48:50', 1, 35, '2018-08-16 00:48:50');
INSERT INTO `city` VALUES (347, 119, 'GAY', 'Gaya', '', NULL, '', 24.75, 85.01, 35, '2018-08-16 00:49:53', 1, 35, '2018-08-16 00:49:53');
INSERT INTO `city` VALUES (348, 119, 'GAU', 'Guwahati', '', NULL, '', 26.1833, 91.7333, 35, '2018-08-16 00:51:16', 1, 35, '2018-08-16 00:51:16');
INSERT INTO `city` VALUES (349, 119, 'TIR', 'Tirupati', '', NULL, '', 13.65, 79.42, 35, '2018-08-16 00:52:31', 1, 35, '2018-08-16 00:52:31');
INSERT INTO `city` VALUES (350, 119, 'VGA', 'Vijayawada', '', NULL, '', 16.5193, 80.6305, 35, '2018-08-16 00:53:58', 1, 35, '2018-08-16 00:53:58');
INSERT INTO `city` VALUES (351, 119, 'KLH', 'Kolhapur', '', NULL, '', 16.6917, 74.2333, 1000029, '2018-08-17 21:05:49', 1, 1000029, '2018-08-17 21:05:49');
INSERT INTO `city` VALUES (352, 33, '+61 2', 'Sydney ', '', NULL, '', NULL, NULL, 15, '2019-01-05 14:33:52', 1, 15, '2019-01-05 14:33:52');
INSERT INTO `city` VALUES (353, 100, '+49', 'Munich (Mnchen)', '', NULL, '', NULL, NULL, 15, '2019-01-08 14:52:05', 1, 15, '2019-01-08 14:52:05');
INSERT INTO `city` VALUES (354, 215, 'SIN', 'Singapore', '', NULL, '', 0, 0, 8, '2019-01-17 16:23:58', 1, 15, '2019-01-15 16:53:51');
INSERT INTO `city` VALUES (355, 126, 'RO', 'Rovigo', '', NULL, '', 47.5172, 20.3906, 1, '2019-01-17 16:27:49', 1, 8, '2019-01-17 16:23:37');
INSERT INTO `city` VALUES (356, 126, 'VRN', 'Verona', '', NULL, '', 45.3957, 10.8885, 8, '2019-01-17 16:28:51', 1, 8, '2019-01-17 16:28:51');
INSERT INTO `city` VALUES (357, 126, 'BLQ', 'Bologna', '', NULL, '', 44.5354, 11.2887, 8, '2019-01-17 16:29:49', 1, 8, '2019-01-17 16:29:49');
INSERT INTO `city` VALUES (358, 126, 'TSF', 'Treviso', '', NULL, '', 45.6484, 12.1944, 8, '2019-01-17 16:30:52', 1, 8, '2019-01-17 16:30:52');
INSERT INTO `city` VALUES (359, 126, 'VCE', 'Venice', '', NULL, '', 45.5053, 12.3519, 8, '2019-01-17 16:32:00', 1, 8, '2019-01-17 16:32:00');
INSERT INTO `city` VALUES (360, 126, 'ROM', 'Rome', '', NULL, '', 41.9, 12.5, 8, '2019-01-17 16:34:49', 1, 8, '2019-01-17 16:34:49');
INSERT INTO `city` VALUES (361, 237, 'CNX', 'Chiang Mai', '', NULL, '', 18.7961, 98.9793, 1, '2019-01-28 15:37:39', 1, 1, '2019-01-28 15:36:49');
COMMIT;

-- ----------------------------
-- Table structure for company_profile
-- ----------------------------
DROP TABLE IF EXISTS `company_profile`;
CREATE TABLE `company_profile` (
  `id` int(11) NOT NULL AUTO_INCREMENT,
  `logo` varchar(255) DEFAULT NULL,
  `names` varchar(255) NOT NULL,
  `email` varchar(100) DEFAULT NULL,
  `tel` varchar(100) DEFAULT NULL,
  `website` varchar(100) DEFAULT NULL,
  `address` varchar(255) DEFAULT NULL,
  `description` text,
  `created_date` datetime DEFAULT NULL,
  `created_by` int(11) DEFAULT NULL,
  `updated_date` datetime DEFAULT NULL,
  `quotation_term_and_condition` text,
  `updated_by` int(11) DEFAULT NULL,
  `status` tinyint(1) DEFAULT NULL,
  `vattin` varchar(50) DEFAULT NULL,
  `bill_and_payment` text,
  `what_we_do` text,
  `mission` varchar(500) DEFAULT NULL,
  `vision` varchar(500) DEFAULT NULL,
  PRIMARY KEY (`id`,`names`)
) ENGINE=InnoDB AUTO_INCREMENT=2 DEFAULT CHARSET=utf8 ROW_FORMAT=COMPACT;

-- ----------------------------
-- Records of company_profile
-- ----------------------------
BEGIN;
INSERT INTO `company_profile` VALUES (1, '22', 'eOcambo Technology', 'info@eocambo.com', '(+855) 69 955 179', 'www.eocambo.com', 'Street 13, Treang Village, Slor Kram Commune, Krong Siem Reap, Cambodia.', 'eOcambo Technology started in 2014  with a small team partnering with accommodation providers to help  them take control of their online digital marketing and booking management using cutting edge technologies through our Hotel Link Solutions products.\r\n\r\nWe have been expanding and developing rapidly especially over the past 2 years with more solutions available to accommodation providers including offering high quality custom designed websites that become a major driver for any businesses online presence.\r\n\r\nThere is now a very large number of Online Travel Agents (OTA) and other online accommodation third parties where hotels and guesthouses can gain bookings, along with the massive use of Social Media by potential guests eOcambo Technology provides our clients with advice and the tools to navigate through often confusing technologies and increase their bookings and revenue.\r\n\r\neOcambo Technology is based in Siem Reap and is now the leading provider of online digital solutions for all Cambodian accommodation providers and most importantly we have a local Khmer Support Team who are always available to offer advice and back up for our clients.\r\n\r\nOur Mission: Always create innovative solutions that meet our clients expectations.\r\n\r\nOur Vision: Be recognised as the technology company that fulfills the clients needs.', '2019-07-23 09:18:01', 1, '2019-07-29 11:19:56', NULL, 1, 1, 'CAM-200341', 'Lorem ipsum dolor sit amet, consectetur adipiscing elit, sed do eiusmod tempor incididunt ut labore et dolore magna aliqua. Ut enim ad minim veniam, quis nostrud exercitation ullamco laboris nisi ut aliquip ex ea commodo consequat. Duis aute irure dolor in reprehenderit in voluptate velit esse cillum dolore eu fugiat nulla pariatur. Excepteur sint occaecat cupidatat non proident, sunt in culpa qui officia deserunt mollit anim id est laborum.', 'We have our own application development team who during this year have created a unique online management system for Travel agents and Tour companies to improve their operations and profitability.\r\n\r\nThis exciting new technology solution will be launched in the second half of 2018 increasing the growth and reputation of eOcambo Technology as the leader in creating innovative solutions for the Cambodian Hospitality Industry.', NULL, NULL);
COMMIT;

-- ----------------------------
-- Table structure for contract
-- ----------------------------
DROP TABLE IF EXISTS `contract`;
CREATE TABLE `contract` (
  `id` int(11) NOT NULL AUTO_INCREMENT,
  `id_customer` int(11) DEFAULT NULL,
  `id_bank` int(11) DEFAULT NULL,
  `id_item` int(11) DEFAULT NULL,
  `subject` varchar(255) DEFAULT NULL,
  `contract_value` decimal(10,2) DEFAULT NULL,
  `signature` varchar(255) DEFAULT NULL,
  `id_contract_type` int(11) DEFAULT NULL,
  `start_date` date DEFAULT NULL,
  `end_date` date DEFAULT NULL,
  `discount` decimal(10,2) DEFAULT NULL,
  `discount_type` int(11) DEFAULT NULL,
  `description` text,
  `status` tinyint(1) DEFAULT NULL,
  `updated_by` int(11) DEFAULT NULL,
  `updated_date` datetime DEFAULT NULL,
  `created_by` int(11) DEFAULT NULL,
  `created_date` datetime DEFAULT NULL,
  `credit_arrangment` text,
  `cancellation_agreement` text,
  `confidentiality` text,
  PRIMARY KEY (`id`)
) ENGINE=InnoDB AUTO_INCREMENT=3 DEFAULT CHARSET=utf8;

-- ----------------------------
-- Records of contract
-- ----------------------------
BEGIN;
INSERT INTO `contract` VALUES (2, 1, 13, 15, NULL, NULL, NULL, 2, '2019-09-06', '2019-09-30', NULL, 1, NULL, 1, NULL, NULL, 22, '2019-09-06 15:51:59', '<p><span style=\"color: rgb(122, 135, 142);\">CREDIT ARRANGEMENTS and PAYMENTsdfsdafdsafdsfsdfsd</span><br></p>', '<p><span style=\"color: rgb(122, 135, 142);\">CANCELLATION / TERMINATION CONTRACT AGREEMENTdfsdfsf</span><br></p>', '<p><span style=\"color: rgb(122, 135, 142);\">CONFIDENTIALITYsdffsafdsf</span><br></p>');
COMMIT;

-- ----------------------------
-- Table structure for contract_customer_contact
-- ----------------------------
DROP TABLE IF EXISTS `contract_customer_contact`;
CREATE TABLE `contract_customer_contact` (
  `id` int(11) NOT NULL AUTO_INCREMENT,
  `id_contract` int(11) DEFAULT NULL,
  `id_customer_contact` int(11) DEFAULT NULL,
  PRIMARY KEY (`id`)
) ENGINE=InnoDB AUTO_INCREMENT=28 DEFAULT CHARSET=utf8 ROW_FORMAT=COMPACT;

-- ----------------------------
-- Records of contract_customer_contact
-- ----------------------------
BEGIN;
INSERT INTO `contract_customer_contact` VALUES (25, 2, 1);
INSERT INTO `contract_customer_contact` VALUES (26, 2, 2);
INSERT INTO `contract_customer_contact` VALUES (27, 8, 1);
COMMIT;

-- ----------------------------
-- Table structure for contract_note
-- ----------------------------
DROP TABLE IF EXISTS `contract_note`;
CREATE TABLE `contract_note` (
  `id` int(11) NOT NULL AUTO_INCREMENT,
  `note` varchar(255) DEFAULT NULL,
  `created_date` datetime DEFAULT NULL,
  `updated_by` int(11) DEFAULT NULL,
  `created_by` int(11) DEFAULT NULL,
  `updated_date` datetime DEFAULT NULL,
  `status` tinyint(11) DEFAULT NULL,
  `id_contract` int(11) DEFAULT NULL,
  PRIMARY KEY (`id`) USING BTREE
) ENGINE=InnoDB DEFAULT CHARSET=utf8;

-- ----------------------------
-- Table structure for contract_type
-- ----------------------------
DROP TABLE IF EXISTS `contract_type`;
CREATE TABLE `contract_type` (
  `id` int(11) NOT NULL AUTO_INCREMENT,
  `name` varchar(100) DEFAULT NULL,
  `note` varchar(250) DEFAULT NULL,
  `created_by` int(11) DEFAULT NULL,
  `created_date` datetime DEFAULT NULL,
  `updated_date` datetime DEFAULT NULL,
  `updated_by` int(11) DEFAULT NULL,
  `status` int(1) DEFAULT NULL,
  `contract_description` text,
  `credit_arrangment` text,
  `cancellation_agreement` text,
  `confidentiality` text,
  PRIMARY KEY (`id`)
) ENGINE=InnoDB AUTO_INCREMENT=3 DEFAULT CHARSET=utf8 ROW_FORMAT=COMPACT;

-- ----------------------------
-- Records of contract_type
-- ----------------------------
BEGIN;
INSERT INTO `contract_type` VALUES (2, 'Monthly paid contract', '', 22, '2019-09-06 15:49:32', NULL, NULL, 1, '', '<p><span style=\"color: rgb(122, 135, 142);\">CREDIT ARRANGEMENTS and PAYMENTsdfsdafdsafdsfsdfsd</span><br></p>', '<p><span style=\"color: rgb(122, 135, 142);\">CANCELLATION / TERMINATION CONTRACT AGREEMENTdfsdfsf</span><br></p>', '<p><span style=\"color: rgb(122, 135, 142);\">CONFIDENTIALITYsdffsafdsf</span><br></p>');
COMMIT;

-- ----------------------------
-- Table structure for country
-- ----------------------------
DROP TABLE IF EXISTS `country`;
CREATE TABLE `country` (
  `id` int(11) NOT NULL AUTO_INCREMENT,
  `id_area` int(11) DEFAULT NULL,
  `names` varchar(250) NOT NULL,
  `code` varchar(100) DEFAULT NULL,
  `description` text,
  `img` varchar(250) DEFAULT NULL,
  `video_link` varchar(50) DEFAULT NULL,
  `latitude` double DEFAULT NULL,
  `longitude` double DEFAULT NULL,
  `updated_by` int(11) DEFAULT NULL,
  `updated_date` datetime DEFAULT NULL,
  `status` tinyint(1) DEFAULT NULL,
  `created_by` int(11) DEFAULT NULL,
  `created_date` datetime DEFAULT NULL,
  PRIMARY KEY (`id`) USING BTREE,
  KEY `names` (`names`) USING BTREE,
  KEY `id_area` (`id_area`) USING BTREE
) ENGINE=InnoDB AUTO_INCREMENT=267 DEFAULT CHARSET=utf8 ROW_FORMAT=COMPACT;

-- ----------------------------
-- Records of country
-- ----------------------------
BEGIN;
INSERT INTO `country` VALUES (21, 1, 'Afghanistan', 'AF', '', NULL, 'JDrScVo7aBs', 0, 0, 38, '2018-08-12 17:24:29', 1, 35, '2018-08-12 16:19:01');
INSERT INTO `country` VALUES (22, 2, 'Albania', 'AL', '', NULL, '', 0, 0, 38, '2018-08-12 17:25:50', 1, 35, '2018-08-12 16:19:01');
INSERT INTO `country` VALUES (23, 3, 'Algeria', 'DZ', '', NULL, '', 0, 0, 38, '2018-08-12 17:50:07', 1, 35, '2018-08-12 16:19:01');
INSERT INTO `country` VALUES (24, 6, 'American Samoa', 'DS', '', NULL, '', 0, 0, 38, '2018-08-12 18:31:58', 1, 35, '2018-08-12 16:19:01');
INSERT INTO `country` VALUES (25, 2, 'Andorra', 'AD', '', NULL, '', 0, 0, 38, '2018-08-12 17:26:21', 1, 35, '2018-08-12 16:19:01');
INSERT INTO `country` VALUES (26, 3, 'Angola', 'AO', '', NULL, '', 0, 0, 38, '2018-08-12 17:50:29', 1, 35, '2018-08-12 16:19:01');
INSERT INTO `country` VALUES (27, 1, 'Anguilla', 'AI', NULL, NULL, NULL, 0, 0, 35, '2018-08-12 16:19:01', 1, 35, '2018-08-12 16:19:01');
INSERT INTO `country` VALUES (28, 1, 'Antarctica', 'AQ', NULL, NULL, NULL, 0, 0, 35, '2018-08-12 16:19:01', 1, 35, '2018-08-12 16:19:01');
INSERT INTO `country` VALUES (29, 4, 'Antigua and Barbuda', 'AG', '', NULL, '', 0, 0, 38, '2018-08-12 18:15:11', 1, 35, '2018-08-12 16:19:01');
INSERT INTO `country` VALUES (30, 5, 'Argentina', 'AR', '', NULL, '', 0, 0, 38, '2018-08-12 18:24:31', 1, 35, '2018-08-12 16:19:01');
INSERT INTO `country` VALUES (31, 2, 'Armenia', 'AM', '', NULL, '', 0, 0, 38, '2018-08-12 17:26:40', 1, 35, '2018-08-12 16:19:01');
INSERT INTO `country` VALUES (32, 1, 'Aruba', 'AW', NULL, NULL, NULL, 0, 0, 35, '2018-08-12 16:19:01', 1, 35, '2018-08-12 16:19:01');
INSERT INTO `country` VALUES (33, 6, 'Australia', 'AU', '', NULL, '', 0, 0, 38, '2018-08-12 18:28:59', 1, 35, '2018-08-12 16:19:01');
INSERT INTO `country` VALUES (34, 2, 'Austria', 'AT', '', NULL, '', 0, 0, 38, '2018-08-12 17:27:02', 1, 35, '2018-08-12 16:19:01');
INSERT INTO `country` VALUES (35, 2, 'Azerbaijan', 'AZ', '', NULL, '', 0, 0, 38, '2018-08-12 17:27:31', 1, 35, '2018-08-12 16:19:01');
INSERT INTO `country` VALUES (36, 4, 'Bahamas', 'BS', '', NULL, '', 0, 0, 38, '2018-08-12 18:15:50', 1, 35, '2018-08-12 16:19:01');
INSERT INTO `country` VALUES (37, 1, 'Bahrain', 'BH', NULL, NULL, NULL, 0, 0, 35, '2018-08-12 16:19:01', 1, 35, '2018-08-12 16:19:01');
INSERT INTO `country` VALUES (38, 1, 'Bangladesh', 'BD', NULL, NULL, NULL, 0, 0, 35, '2018-08-12 16:19:01', 1, 35, '2018-08-12 16:19:01');
INSERT INTO `country` VALUES (39, 4, 'Barbados', 'BB', '', NULL, '', 0, 0, 38, '2018-08-12 18:16:08', 1, 35, '2018-08-12 16:19:01');
INSERT INTO `country` VALUES (40, 2, 'Belarus', 'BY', '', NULL, '', 0, 0, 38, '2018-08-12 17:27:57', 1, 35, '2018-08-12 16:19:01');
INSERT INTO `country` VALUES (41, 2, 'Belgium', 'BE', '', NULL, '', 0, 0, 38, '2018-08-12 17:28:16', 1, 35, '2018-08-12 16:19:01');
INSERT INTO `country` VALUES (42, 4, 'Belize', 'BZ', '', NULL, '', 0, 0, 38, '2018-08-12 18:16:28', 1, 35, '2018-08-12 16:19:01');
INSERT INTO `country` VALUES (43, 3, 'Benin', 'BJ', '', NULL, '', 0, 0, 38, '2018-08-12 17:51:11', 1, 35, '2018-08-12 16:19:01');
INSERT INTO `country` VALUES (44, 1, 'Bermuda', 'BM', NULL, NULL, NULL, 0, 0, 35, '2018-08-12 16:19:01', 1, 35, '2018-08-12 16:19:01');
INSERT INTO `country` VALUES (45, 1, 'Bhutan', 'BT', NULL, NULL, NULL, 0, 0, 35, '2018-08-12 16:19:01', 1, 35, '2018-08-12 16:19:01');
INSERT INTO `country` VALUES (46, 5, 'Bolivia', 'BO', '', NULL, '', 0, 0, 38, '2018-08-12 18:24:54', 1, 35, '2018-08-12 16:19:01');
INSERT INTO `country` VALUES (47, 2, 'Bosnia and Herzegovina', 'BA', '', NULL, '', 0, 0, 38, '2018-08-12 17:28:36', 1, 35, '2018-08-12 16:19:01');
INSERT INTO `country` VALUES (48, 3, 'Botswana', 'BW', '', NULL, '', 0, 0, 38, '2018-08-12 17:51:30', 1, 35, '2018-08-12 16:19:01');
INSERT INTO `country` VALUES (49, 1, 'Bouvet Island', 'BV', NULL, NULL, NULL, 0, 0, 35, '2018-08-12 16:19:01', 1, 35, '2018-08-12 16:19:01');
INSERT INTO `country` VALUES (50, 5, 'Brazil', 'BR', '', NULL, '', 0, 0, 38, '2018-08-12 18:25:16', 1, 35, '2018-08-12 16:19:01');
INSERT INTO `country` VALUES (51, 1, 'British Indian Ocean Territory', 'IO', NULL, NULL, NULL, 0, 0, 35, '2018-08-12 16:19:01', 1, 35, '2018-08-12 16:19:01');
INSERT INTO `country` VALUES (52, 1, 'Brunei Darussalam', 'BN', NULL, NULL, NULL, 0, 0, 35, '2018-08-12 16:19:01', 1, 35, '2018-08-12 16:19:01');
INSERT INTO `country` VALUES (53, 2, 'Bulgaria', 'BG', '', NULL, '', 0, 0, 38, '2018-08-12 17:29:23', 1, 35, '2018-08-12 16:19:01');
INSERT INTO `country` VALUES (54, 3, 'Burkina Faso', 'BF', '', NULL, '', 0, 0, 38, '2018-08-12 17:52:12', 1, 35, '2018-08-12 16:19:01');
INSERT INTO `country` VALUES (55, 3, 'Burundi', 'BI', '', NULL, '', 0, 0, 38, '2018-08-12 17:52:41', 1, 35, '2018-08-12 16:19:01');
INSERT INTO `country` VALUES (56, 1, 'Cambodia', 'KH', NULL, NULL, NULL, 0, 0, 35, '2018-08-12 16:19:01', 1, 35, '2018-08-12 16:19:01');
INSERT INTO `country` VALUES (57, 3, 'Cameroon', 'CM', '', NULL, '', 0, 0, 38, '2018-08-12 17:53:29', 1, 35, '2018-08-12 16:19:01');
INSERT INTO `country` VALUES (58, 4, 'Canada', 'CA', '', NULL, '', 0, 0, 38, '2018-08-12 18:16:47', 1, 35, '2018-08-12 16:19:01');
INSERT INTO `country` VALUES (59, 1, 'Cape Verde', 'CV', NULL, NULL, NULL, 0, 0, 35, '2018-08-12 16:19:01', 1, 35, '2018-08-12 16:19:01');
INSERT INTO `country` VALUES (60, 1, 'Cayman Islands', 'KY', NULL, NULL, NULL, 0, 0, 35, '2018-08-12 16:19:01', 1, 35, '2018-08-12 16:19:01');
INSERT INTO `country` VALUES (61, 3, 'Central African Republic', 'CF', '', NULL, '', 0, 0, 38, '2018-08-12 17:53:58', 1, 35, '2018-08-12 16:19:01');
INSERT INTO `country` VALUES (62, 3, 'Chad', 'TD', '', NULL, '', 0, 0, 38, '2018-08-12 17:54:18', 1, 35, '2018-08-12 16:19:01');
INSERT INTO `country` VALUES (63, 5, 'Chile', 'CL', '', NULL, '', 0, 0, 38, '2018-08-12 18:25:32', 1, 35, '2018-08-12 16:19:01');
INSERT INTO `country` VALUES (64, 1, 'China', 'CN', NULL, NULL, NULL, 0, 0, 35, '2018-08-12 16:19:01', 1, 35, '2018-08-12 16:19:01');
INSERT INTO `country` VALUES (65, 1, 'Christmas Island', 'CX', NULL, NULL, NULL, 0, 0, 35, '2018-08-12 16:19:01', 1, 35, '2018-08-12 16:19:01');
INSERT INTO `country` VALUES (66, 1, 'Cocos (Keeling) Islands', 'CC', NULL, NULL, NULL, 0, 0, 35, '2018-08-12 16:19:01', 1, 35, '2018-08-12 16:19:01');
INSERT INTO `country` VALUES (67, 5, 'Colombia', 'CO', '', NULL, '', 0, 0, 38, '2018-08-12 18:26:01', 1, 35, '2018-08-12 16:19:01');
INSERT INTO `country` VALUES (68, 3, 'Comoros', 'KM', '', NULL, '', 0, 0, 38, '2018-08-12 17:54:40', 1, 35, '2018-08-12 16:19:01');
INSERT INTO `country` VALUES (69, 3, 'Congo', 'CG', '', NULL, '', 0, 0, 38, '2018-08-12 17:55:49', 1, 35, '2018-08-12 16:19:01');
INSERT INTO `country` VALUES (70, 1, 'Cook Islands', 'CK', NULL, NULL, NULL, 0, 0, 35, '2018-08-12 16:19:01', 1, 35, '2018-08-12 16:19:01');
INSERT INTO `country` VALUES (71, 4, 'Costa Rica', 'CR', '', NULL, '', 0, 0, 38, '2018-08-12 18:17:05', 1, 35, '2018-08-12 16:19:01');
INSERT INTO `country` VALUES (72, 2, 'Croatia (Hrvatska)', 'HR', '', NULL, '', 0, 0, 38, '2018-08-12 17:29:47', 1, 35, '2018-08-12 16:19:01');
INSERT INTO `country` VALUES (73, 4, 'Cuba', 'CU', '', NULL, '', 0, 0, 38, '2018-08-12 18:17:23', 1, 35, '2018-08-12 16:19:01');
INSERT INTO `country` VALUES (74, 2, 'Cyprus', 'CY', '', NULL, '', 0, 0, 38, '2018-08-12 17:30:07', 1, 35, '2018-08-12 16:19:01');
INSERT INTO `country` VALUES (75, 2, 'Czech Republic', 'CZ', '', NULL, '', 0, 0, 38, '2018-08-12 17:30:29', 1, 35, '2018-08-12 16:19:01');
INSERT INTO `country` VALUES (76, 2, 'Denmark', 'DK', '', NULL, '', 0, 0, 38, '2018-08-12 17:30:49', 1, 35, '2018-08-12 16:19:01');
INSERT INTO `country` VALUES (77, 3, 'Djibouti', 'DJ', '', NULL, '', 0, 0, 38, '2018-08-12 17:56:46', 1, 35, '2018-08-12 16:19:01');
INSERT INTO `country` VALUES (78, 4, 'Dominica', 'DM', '', NULL, '', 0, 0, 38, '2018-08-12 18:17:44', 1, 35, '2018-08-12 16:19:01');
INSERT INTO `country` VALUES (79, 4, 'Dominican Republic', 'DO', '', NULL, '', 0, 0, 38, '2018-08-12 18:17:55', 1, 35, '2018-08-12 16:19:01');
INSERT INTO `country` VALUES (80, 1, 'East Timor', 'TP', NULL, NULL, NULL, 0, 0, 35, '2018-08-12 16:19:01', 1, 35, '2018-08-12 16:19:01');
INSERT INTO `country` VALUES (81, 5, 'Ecuador', 'EC', '', NULL, '', 0, 0, 38, '2018-08-12 18:26:22', 1, 35, '2018-08-12 16:19:01');
INSERT INTO `country` VALUES (82, 3, 'Egypt', 'EG', '', NULL, '', 0, 0, 38, '2018-08-12 17:57:20', 1, 35, '2018-08-12 16:19:01');
INSERT INTO `country` VALUES (83, 4, 'El Salvador', 'SV', '', NULL, '', 0, 0, 38, '2018-08-12 18:18:19', 1, 35, '2018-08-12 16:19:01');
INSERT INTO `country` VALUES (84, 3, 'Equatorial Guinea', 'GQ', '', NULL, '', 0, 0, 38, '2018-08-12 17:57:47', 1, 35, '2018-08-12 16:19:01');
INSERT INTO `country` VALUES (85, 3, 'Eritrea', 'ER', '', NULL, '', 0, 0, 38, '2018-08-12 17:58:09', 1, 35, '2018-08-12 16:19:01');
INSERT INTO `country` VALUES (86, 2, 'Estonia', 'EE', '', NULL, '', 0, 0, 38, '2018-08-12 17:31:22', 1, 35, '2018-08-12 16:19:01');
INSERT INTO `country` VALUES (87, 3, 'Ethiopia', 'ET', '', NULL, '', 0, 0, 38, '2018-08-12 17:58:53', 1, 35, '2018-08-12 16:19:01');
INSERT INTO `country` VALUES (88, 1, 'Falkland Islands (Malvinas)', 'FK', NULL, NULL, NULL, 0, 0, 35, '2018-08-12 16:19:01', 1, 35, '2018-08-12 16:19:01');
INSERT INTO `country` VALUES (89, 1, 'Faroe Islands', 'FO', NULL, NULL, NULL, 0, 0, 35, '2018-08-12 16:19:01', 1, 35, '2018-08-12 16:19:01');
INSERT INTO `country` VALUES (90, 6, 'Fiji', 'FJ', '', NULL, '', 0, 0, 38, '2018-08-12 18:29:19', 1, 35, '2018-08-12 16:19:01');
INSERT INTO `country` VALUES (91, 2, 'Finland', 'FI', '', NULL, '', 0, 0, 38, '2018-08-12 17:31:43', 1, 35, '2018-08-12 16:19:01');
INSERT INTO `country` VALUES (92, 2, 'France', 'FR', '', NULL, '', 0, 0, 38, '2018-08-12 17:32:09', 1, 35, '2018-08-12 16:19:01');
INSERT INTO `country` VALUES (93, 2, 'France, Metropolitan', 'FX', '', NULL, '', 0, 0, 38, '2018-08-12 17:32:21', 1, 35, '2018-08-12 16:19:01');
INSERT INTO `country` VALUES (94, 1, 'French Guiana', 'GF', NULL, NULL, NULL, 0, 0, 35, '2018-08-12 16:19:01', 1, 35, '2018-08-12 16:19:01');
INSERT INTO `country` VALUES (95, 1, 'French Polynesia', 'PF', NULL, NULL, NULL, 0, 0, 35, '2018-08-12 16:19:01', 1, 35, '2018-08-12 16:19:01');
INSERT INTO `country` VALUES (96, 1, 'French Southern Territories', 'TF', NULL, NULL, NULL, 0, 0, 35, '2018-08-12 16:19:01', 1, 35, '2018-08-12 16:19:01');
INSERT INTO `country` VALUES (97, 3, 'Gabon', 'GA', '', NULL, '', 0, 0, 38, '2018-08-12 17:59:35', 1, 35, '2018-08-12 16:19:01');
INSERT INTO `country` VALUES (98, 3, 'Gambia', 'GM', '', NULL, '', 0, 0, 38, '2018-08-12 17:59:52', 1, 35, '2018-08-12 16:19:01');
INSERT INTO `country` VALUES (99, 2, 'Georgia', 'GE', '', NULL, '', 0, 0, 38, '2018-08-12 17:32:51', 1, 35, '2018-08-12 16:19:01');
INSERT INTO `country` VALUES (100, 2, 'Germany', 'DE', '', NULL, '', 0, 0, 38, '2018-08-12 17:33:33', 1, 35, '2018-08-12 16:19:01');
INSERT INTO `country` VALUES (101, 3, 'Ghana', 'GH', '', NULL, '', 0, 0, 38, '2018-08-12 18:00:11', 1, 35, '2018-08-12 16:19:01');
INSERT INTO `country` VALUES (102, 1, 'Gibraltar', 'GI', NULL, NULL, NULL, 0, 0, 35, '2018-08-12 16:19:01', 1, 35, '2018-08-12 16:19:01');
INSERT INTO `country` VALUES (103, 1, 'Guernsey', 'GK', NULL, NULL, NULL, 0, 0, 35, '2018-08-12 16:19:01', 1, 35, '2018-08-12 16:19:01');
INSERT INTO `country` VALUES (104, 2, 'Greece', 'GR', '', NULL, '', 0, 0, 38, '2018-08-12 17:34:02', 1, 35, '2018-08-12 16:19:01');
INSERT INTO `country` VALUES (105, 1, 'Greenland', 'GL', NULL, NULL, NULL, 0, 0, 35, '2018-08-12 16:19:01', 1, 35, '2018-08-12 16:19:01');
INSERT INTO `country` VALUES (106, 4, 'Grenada', 'GD', '', NULL, '', 0, 0, 38, '2018-08-12 18:18:42', 1, 35, '2018-08-12 16:19:01');
INSERT INTO `country` VALUES (107, 1, 'Guadeloupe', 'GP', NULL, NULL, NULL, 0, 0, 35, '2018-08-12 16:19:01', 1, 35, '2018-08-12 16:19:01');
INSERT INTO `country` VALUES (108, 1, 'Guam', 'GU', NULL, NULL, NULL, 0, 0, 35, '2018-08-12 16:19:01', 1, 35, '2018-08-12 16:19:01');
INSERT INTO `country` VALUES (109, 4, 'Guatemala', 'GT', '', NULL, '', 0, 0, 38, '2018-08-12 18:19:05', 1, 35, '2018-08-12 16:19:01');
INSERT INTO `country` VALUES (110, 3, 'Guinea', 'GN', '', NULL, '', 0, 0, 38, '2018-08-12 18:00:42', 1, 35, '2018-08-12 16:19:01');
INSERT INTO `country` VALUES (111, 3, 'Guinea-Bissau', 'GW', '', NULL, '', 0, 0, 38, '2018-08-12 18:00:55', 1, 35, '2018-08-12 16:19:01');
INSERT INTO `country` VALUES (112, 5, 'Guyana', 'GY', '', NULL, '', 0, 0, 38, '2018-08-12 18:26:41', 1, 35, '2018-08-12 16:19:01');
INSERT INTO `country` VALUES (113, 4, 'Haiti', 'HT', '', NULL, '', 0, 0, 38, '2018-08-12 18:19:22', 1, 35, '2018-08-12 16:19:01');
INSERT INTO `country` VALUES (114, 1, 'Heard and Mc Donald Islands', 'HM', NULL, NULL, NULL, 0, 0, 35, '2018-08-12 16:19:01', 1, 35, '2018-08-12 16:19:01');
INSERT INTO `country` VALUES (115, 4, 'Honduras', 'HN', '', NULL, '', 0, 0, 38, '2018-08-12 18:19:39', 1, 35, '2018-08-12 16:19:01');
INSERT INTO `country` VALUES (116, 1, 'Hong Kong', 'HK', NULL, NULL, NULL, 0, 0, 35, '2018-08-12 16:19:01', 1, 35, '2018-08-12 16:19:01');
INSERT INTO `country` VALUES (117, 2, 'Hungary', 'HU', '', NULL, '', 0, 0, 38, '2018-08-12 17:34:27', 1, 35, '2018-08-12 16:19:01');
INSERT INTO `country` VALUES (118, 2, 'Iceland', 'IS', '', NULL, '', 0, 0, 38, '2018-08-12 17:34:46', 1, 35, '2018-08-12 16:19:01');
INSERT INTO `country` VALUES (119, 1, 'India', 'IN', NULL, NULL, NULL, 0, 0, 35, '2018-08-12 16:19:01', 1, 35, '2018-08-12 16:19:01');
INSERT INTO `country` VALUES (120, 1, 'Isle of Man', 'IM', NULL, NULL, NULL, 0, 0, 35, '2018-08-12 16:19:01', 1, 35, '2018-08-12 16:19:01');
INSERT INTO `country` VALUES (121, 1, 'Indonesia', 'ID', NULL, NULL, NULL, 0, 0, 35, '2018-08-12 16:19:01', 1, 35, '2018-08-12 16:19:01');
INSERT INTO `country` VALUES (122, 1, 'Iran (Islamic Republic of)', 'IR', NULL, NULL, NULL, 0, 0, 35, '2018-08-12 16:19:01', 1, 35, '2018-08-12 16:19:01');
INSERT INTO `country` VALUES (123, 1, 'Iraq', 'IQ', NULL, NULL, NULL, 0, 0, 35, '2018-08-12 16:19:01', 1, 35, '2018-08-12 16:19:01');
INSERT INTO `country` VALUES (124, 2, 'Ireland', 'IE', '', NULL, '', 0, 0, 38, '2018-08-12 17:35:09', 1, 35, '2018-08-12 16:19:01');
INSERT INTO `country` VALUES (125, 1, 'Israel', 'IL', NULL, NULL, NULL, 0, 0, 35, '2018-08-12 16:19:01', 1, 35, '2018-08-12 16:19:01');
INSERT INTO `country` VALUES (126, 2, 'Italy', 'IT', '', NULL, '', 0, 0, 38, '2018-08-12 17:35:37', 1, 35, '2018-08-12 16:19:01');
INSERT INTO `country` VALUES (127, 1, 'Ivory Coast', 'CI', NULL, NULL, NULL, 0, 0, 35, '2018-08-12 16:19:01', 1, 35, '2018-08-12 16:19:01');
INSERT INTO `country` VALUES (128, 1, 'Jersey', 'JE', NULL, NULL, NULL, 0, 0, 35, '2018-08-12 16:19:01', 1, 35, '2018-08-12 16:19:01');
INSERT INTO `country` VALUES (129, 4, 'Jamaica', 'JM', '', NULL, '', 0, 0, 38, '2018-08-12 18:20:09', 1, 35, '2018-08-12 16:19:01');
INSERT INTO `country` VALUES (130, 1, 'Japan', 'JP', NULL, NULL, NULL, 0, 0, 35, '2018-08-12 16:19:01', 1, 35, '2018-08-12 16:19:01');
INSERT INTO `country` VALUES (131, 1, 'Jordan', 'JO', NULL, NULL, NULL, 0, 0, 35, '2018-08-12 16:19:01', 1, 35, '2018-08-12 16:19:01');
INSERT INTO `country` VALUES (132, 2, 'Kazakhstan', 'KZ', '', NULL, '', 0, 0, 38, '2018-08-12 17:36:08', 1, 35, '2018-08-12 16:19:01');
INSERT INTO `country` VALUES (133, 3, 'Kenya', 'KE', '', NULL, '', 0, 0, 38, '2018-08-12 18:01:30', 1, 35, '2018-08-12 16:19:01');
INSERT INTO `country` VALUES (134, 6, 'Kiribati', 'KI', '', NULL, '', 0, 0, 38, '2018-08-12 18:29:36', 1, 35, '2018-08-12 16:19:01');
INSERT INTO `country` VALUES (135, 1, 'Korea, Democratic People\'s Republic of', 'KP', NULL, NULL, NULL, 0, 0, 35, '2018-08-12 16:19:01', 1, 35, '2018-08-12 16:19:01');
INSERT INTO `country` VALUES (136, 1, 'Korea, Republic of', 'KR', NULL, NULL, NULL, 0, 0, 35, '2018-08-12 16:19:01', 1, 35, '2018-08-12 16:19:01');
INSERT INTO `country` VALUES (137, 2, 'Kosovo', 'XK', '', NULL, '', 0, 0, 38, '2018-08-12 17:36:29', 1, 35, '2018-08-12 16:19:01');
INSERT INTO `country` VALUES (138, 1, 'Kuwait', 'KW', NULL, NULL, NULL, 0, 0, 35, '2018-08-12 16:19:01', 1, 35, '2018-08-12 16:19:01');
INSERT INTO `country` VALUES (139, 1, 'Kyrgyzstan', 'KG', NULL, NULL, NULL, 0, 0, 35, '2018-08-12 16:19:01', 1, 35, '2018-08-12 16:19:01');
INSERT INTO `country` VALUES (140, 1, 'Laos', 'LA', '', NULL, '', 0, 0, 1000028, '2018-08-13 17:23:16', 1, 35, '2018-08-12 16:19:01');
INSERT INTO `country` VALUES (141, 2, 'Latvia', 'LV', '', NULL, '', 0, 0, 38, '2018-08-12 17:36:53', 1, 35, '2018-08-12 16:19:01');
INSERT INTO `country` VALUES (142, 1, 'Lebanon', 'LB', NULL, NULL, NULL, 0, 0, 35, '2018-08-12 16:19:01', 1, 35, '2018-08-12 16:19:01');
INSERT INTO `country` VALUES (143, 3, 'Lesotho', 'LS', '', NULL, '', 0, 0, 38, '2018-08-12 18:01:49', 1, 35, '2018-08-12 16:19:01');
INSERT INTO `country` VALUES (144, 3, 'Liberia', 'LR', '', NULL, '', 0, 0, 38, '2018-08-12 18:02:07', 1, 35, '2018-08-12 16:19:01');
INSERT INTO `country` VALUES (145, 3, 'Libyan Arab Jamahiriya', 'LY', '', NULL, '', 0, 0, 38, '2018-08-12 18:02:25', 1, 35, '2018-08-12 16:19:01');
INSERT INTO `country` VALUES (146, 2, 'Liechtenstein', 'LI', '', NULL, '', 0, 0, 38, '2018-08-12 17:37:12', 1, 35, '2018-08-12 16:19:01');
INSERT INTO `country` VALUES (147, 2, 'Lithuania', 'LT', '', NULL, '', 0, 0, 38, '2018-08-12 17:38:01', 1, 35, '2018-08-12 16:19:01');
INSERT INTO `country` VALUES (148, 2, 'Luxembourg', 'LU', '', NULL, '', 0, 0, 38, '2018-08-12 17:38:42', 1, 35, '2018-08-12 16:19:01');
INSERT INTO `country` VALUES (149, 1, 'Macau', 'MO', NULL, NULL, NULL, 0, 0, 35, '2018-08-12 16:19:01', 1, 35, '2018-08-12 16:19:01');
INSERT INTO `country` VALUES (150, 2, 'Macedonia', 'MK', '', NULL, '', 0, 0, 38, '2018-08-12 17:39:10', 1, 35, '2018-08-12 16:19:01');
INSERT INTO `country` VALUES (151, 3, 'Madagascar', 'MG', '', NULL, '', 0, 0, 38, '2018-08-12 18:02:42', 1, 35, '2018-08-12 16:19:01');
INSERT INTO `country` VALUES (152, 3, 'Malawi', 'MW', '', NULL, '', 0, 0, 38, '2018-08-12 18:03:01', 1, 35, '2018-08-12 16:19:01');
INSERT INTO `country` VALUES (153, 1, 'Malaysia', 'MY', NULL, NULL, NULL, 0, 0, 35, '2018-08-12 16:19:01', 1, 35, '2018-08-12 16:19:01');
INSERT INTO `country` VALUES (154, 1, 'Maldives', 'MV', NULL, NULL, NULL, 0, 0, 35, '2018-08-12 16:19:01', 1, 35, '2018-08-12 16:19:01');
INSERT INTO `country` VALUES (155, 3, 'Mali', 'ML', '', NULL, '', 0, 0, 38, '2018-08-12 18:03:19', 1, 35, '2018-08-12 16:19:01');
INSERT INTO `country` VALUES (156, 2, 'Malta', 'MT', '', NULL, '', 0, 0, 38, '2018-08-12 17:39:34', 1, 35, '2018-08-12 16:19:01');
INSERT INTO `country` VALUES (157, 6, 'Marshall Islands', 'MH', '', NULL, '', 0, 0, 38, '2018-08-12 18:29:55', 1, 35, '2018-08-12 16:19:01');
INSERT INTO `country` VALUES (158, 1, 'Martinique', 'MQ', NULL, NULL, NULL, 0, 0, 35, '2018-08-12 16:19:01', 1, 35, '2018-08-12 16:19:01');
INSERT INTO `country` VALUES (159, 3, 'Mauritania', 'MR', '', NULL, '', 0, 0, 38, '2018-08-12 18:03:55', 1, 35, '2018-08-12 16:19:01');
INSERT INTO `country` VALUES (160, 3, 'Mauritius', 'MU', '', NULL, '', 0, 0, 38, '2018-08-12 18:04:17', 1, 35, '2018-08-12 16:19:01');
INSERT INTO `country` VALUES (161, 1, 'Mayotte', 'TY', NULL, NULL, NULL, 0, 0, 35, '2018-08-12 16:19:01', 1, 35, '2018-08-12 16:19:01');
INSERT INTO `country` VALUES (162, 4, 'Mexico', 'MX', '', NULL, '', 0, 0, 38, '2018-08-12 18:20:31', 1, 35, '2018-08-12 16:19:01');
INSERT INTO `country` VALUES (163, 6, 'Micronesia, Federated States of', 'FM', '', NULL, '', 0, 0, 38, '2018-08-12 18:30:13', 1, 35, '2018-08-12 16:19:01');
INSERT INTO `country` VALUES (164, 2, 'Moldova, Republic of', 'MD', '', NULL, '', 0, 0, 38, '2018-08-12 17:39:57', 1, 35, '2018-08-12 16:19:01');
INSERT INTO `country` VALUES (165, 2, 'Monaco', 'MC', '', NULL, '', 0, 0, 38, '2018-08-12 17:40:15', 1, 35, '2018-08-12 16:19:01');
INSERT INTO `country` VALUES (166, 1, 'Mongolia', 'MN', NULL, NULL, NULL, 0, 0, 35, '2018-08-12 16:19:01', 1, 35, '2018-08-12 16:19:01');
INSERT INTO `country` VALUES (167, 2, 'Montenegro', 'ME', '', NULL, '', 0, 0, 38, '2018-08-12 17:40:35', 1, 35, '2018-08-12 16:19:01');
INSERT INTO `country` VALUES (168, 1, 'Montserrat', 'MS', NULL, NULL, NULL, 0, 0, 35, '2018-08-12 16:19:01', 1, 35, '2018-08-12 16:19:01');
INSERT INTO `country` VALUES (169, 3, 'Morocco', 'MA', '', NULL, '', 0, 0, 38, '2018-08-12 18:04:37', 1, 35, '2018-08-12 16:19:01');
INSERT INTO `country` VALUES (170, 3, 'Mozambique', 'MZ', '', NULL, '', 0, 0, 38, '2018-08-12 18:04:55', 1, 35, '2018-08-12 16:19:01');
INSERT INTO `country` VALUES (171, 1, 'Myanmar', 'MM', NULL, NULL, NULL, 0, 0, 35, '2018-08-12 16:19:01', 1, 35, '2018-08-12 16:19:01');
INSERT INTO `country` VALUES (172, 3, 'Namibia', 'NA', '', NULL, '', 0, 0, 38, '2018-08-12 18:05:12', 1, 35, '2018-08-12 16:19:01');
INSERT INTO `country` VALUES (173, 6, 'Nauru', 'NR', '', NULL, '', 0, 0, 38, '2018-08-12 18:30:32', 1, 35, '2018-08-12 16:19:01');
INSERT INTO `country` VALUES (174, 1, 'Nepal', 'NP', NULL, NULL, NULL, 0, 0, 35, '2018-08-12 16:19:01', 1, 35, '2018-08-12 16:19:01');
INSERT INTO `country` VALUES (175, 2, 'Netherlands', 'NL', '', NULL, '', 0, 0, 38, '2018-08-12 17:41:05', 1, 35, '2018-08-12 16:19:01');
INSERT INTO `country` VALUES (176, 2, 'Netherlands Antilles', 'AN', '', NULL, '', 0, 0, 38, '2018-08-12 17:41:17', 1, 35, '2018-08-12 16:19:01');
INSERT INTO `country` VALUES (177, 1, 'New Caledonia', 'NC', NULL, NULL, NULL, 0, 0, 35, '2018-08-12 16:19:01', 1, 35, '2018-08-12 16:19:01');
INSERT INTO `country` VALUES (178, 6, 'New Zealand', 'NZ', '', NULL, '', 0, 0, 38, '2018-08-12 18:30:52', 1, 35, '2018-08-12 16:19:01');
INSERT INTO `country` VALUES (179, 4, 'Nicaragua', 'NI', '', NULL, '', 0, 0, 38, '2018-08-12 18:20:50', 1, 35, '2018-08-12 16:19:01');
INSERT INTO `country` VALUES (180, 3, 'Niger', 'NE', '', NULL, '', 0, 0, 38, '2018-08-12 18:05:30', 1, 35, '2018-08-12 16:19:01');
INSERT INTO `country` VALUES (181, 3, 'Nigeria', 'NG', '', NULL, '', 0, 0, 38, '2018-08-12 18:05:42', 1, 35, '2018-08-12 16:19:01');
INSERT INTO `country` VALUES (182, 1, 'Niue', 'NU', NULL, NULL, NULL, 0, 0, 35, '2018-08-12 16:19:01', 1, 35, '2018-08-12 16:19:01');
INSERT INTO `country` VALUES (183, 1, 'Norfolk Island', 'NF', NULL, NULL, NULL, 0, 0, 35, '2018-08-12 16:19:01', 1, 35, '2018-08-12 16:19:01');
INSERT INTO `country` VALUES (184, 1, 'Northern Mariana Islands', 'MP', NULL, NULL, NULL, 0, 0, 35, '2018-08-12 16:19:01', 1, 35, '2018-08-12 16:19:01');
INSERT INTO `country` VALUES (185, 2, 'Norway', 'NO', '', NULL, '', 0, 0, 38, '2018-08-12 17:41:50', 1, 35, '2018-08-12 16:19:01');
INSERT INTO `country` VALUES (186, 1, 'Oman', 'OM', NULL, NULL, NULL, 0, 0, 35, '2018-08-12 16:19:01', 1, 35, '2018-08-12 16:19:01');
INSERT INTO `country` VALUES (187, 1, 'Pakistan', 'PK', NULL, NULL, NULL, 0, 0, 35, '2018-08-12 16:19:01', 1, 35, '2018-08-12 16:19:01');
INSERT INTO `country` VALUES (188, 6, 'Palau', 'PW', '', NULL, '', 0, 0, 38, '2018-08-12 18:31:14', 1, 35, '2018-08-12 16:19:01');
INSERT INTO `country` VALUES (189, 1, 'Palestine', 'PS', NULL, NULL, NULL, 0, 0, 35, '2018-08-12 16:19:01', 1, 35, '2018-08-12 16:19:01');
INSERT INTO `country` VALUES (190, 4, 'Panama', 'PA', '', NULL, '', 0, 0, 38, '2018-08-12 18:21:18', 1, 35, '2018-08-12 16:19:01');
INSERT INTO `country` VALUES (191, 6, 'Papua New Guinea', 'PG', '', NULL, '', 0, 0, 38, '2018-08-12 18:31:39', 1, 35, '2018-08-12 16:19:01');
INSERT INTO `country` VALUES (192, 5, 'Paraguay', 'PY', '', NULL, '', 0, 0, 38, '2018-08-12 18:27:08', 1, 35, '2018-08-12 16:19:01');
INSERT INTO `country` VALUES (193, 5, 'Peru', 'PE', '', NULL, '', 0, 0, 38, '2018-08-12 18:27:27', 1, 35, '2018-08-12 16:19:01');
INSERT INTO `country` VALUES (194, 1, 'Philippines', 'PH', NULL, NULL, NULL, 0, 0, 35, '2018-08-12 16:19:01', 1, 35, '2018-08-12 16:19:01');
INSERT INTO `country` VALUES (195, 1, 'Pitcairn', 'PN', NULL, NULL, NULL, 0, 0, 35, '2018-08-12 16:19:01', 1, 35, '2018-08-12 16:19:01');
INSERT INTO `country` VALUES (196, 2, 'Poland', 'PL', '', NULL, '', 0, 0, 38, '2018-08-12 17:42:25', 1, 35, '2018-08-12 16:19:01');
INSERT INTO `country` VALUES (197, 2, 'Portugal', 'PT', '', NULL, '', 0, 0, 38, '2018-08-12 17:42:43', 1, 35, '2018-08-12 16:19:01');
INSERT INTO `country` VALUES (198, 1, 'Puerto Rico', 'PR', NULL, NULL, NULL, 0, 0, 35, '2018-08-12 16:19:01', 1, 35, '2018-08-12 16:19:01');
INSERT INTO `country` VALUES (199, 1, 'Qatar', 'QA', NULL, NULL, NULL, 0, 0, 35, '2018-08-12 16:19:01', 1, 35, '2018-08-12 16:19:01');
INSERT INTO `country` VALUES (200, 1, 'Reunion', 'RE', NULL, NULL, NULL, 0, 0, 35, '2018-08-12 16:19:01', 1, 35, '2018-08-12 16:19:01');
INSERT INTO `country` VALUES (201, 2, 'Romania', 'RO', '', NULL, '', 0, 0, 38, '2018-08-12 17:43:03', 1, 35, '2018-08-12 16:19:01');
INSERT INTO `country` VALUES (202, 2, 'Russian Federation', 'RU', '', NULL, '', 0, 0, 38, '2018-08-12 17:43:22', 1, 35, '2018-08-12 16:19:01');
INSERT INTO `country` VALUES (203, 3, 'Rwanda', 'RW', '', NULL, '', 0, 0, 38, '2018-08-12 18:06:21', 1, 35, '2018-08-12 16:19:01');
INSERT INTO `country` VALUES (204, 4, 'Saint Kitts and Nevis', 'KN', '', NULL, '', 0, 0, 38, '2018-08-12 18:21:42', 1, 35, '2018-08-12 16:19:01');
INSERT INTO `country` VALUES (205, 4, 'Saint Lucia', 'LC', '', NULL, '', 0, 0, 38, '2018-08-12 18:21:59', 1, 35, '2018-08-12 16:19:01');
INSERT INTO `country` VALUES (206, 4, 'Saint Vincent and the Grenadines', 'VC', '', NULL, '', 0, 0, 38, '2018-08-12 18:22:23', 1, 35, '2018-08-12 16:19:01');
INSERT INTO `country` VALUES (207, 6, 'Samoa', 'WS', '', NULL, '', 0, 0, 38, '2018-08-12 18:32:16', 1, 35, '2018-08-12 16:19:01');
INSERT INTO `country` VALUES (208, 2, 'San Marino', 'SM', '', NULL, '', 0, 0, 38, '2018-08-12 17:43:50', 1, 35, '2018-08-12 16:19:01');
INSERT INTO `country` VALUES (209, 3, 'Sao Tome and Principe', 'ST', '', NULL, '', 0, 0, 38, '2018-08-12 18:06:40', 1, 35, '2018-08-12 16:19:01');
INSERT INTO `country` VALUES (210, 1, 'Saudi Arabia', 'SA', NULL, NULL, NULL, 0, 0, 35, '2018-08-12 16:19:01', 1, 35, '2018-08-12 16:19:01');
INSERT INTO `country` VALUES (211, 3, 'Senegal', 'SN', '', NULL, '', 0, 0, 38, '2018-08-12 18:07:01', 1, 35, '2018-08-12 16:19:01');
INSERT INTO `country` VALUES (212, 2, 'Serbia', 'RS', '', NULL, '', 0, 0, 38, '2018-08-12 17:44:37', 1, 35, '2018-08-12 16:19:01');
INSERT INTO `country` VALUES (213, 3, 'Seychelles', 'SC', '', NULL, '', 0, 0, 38, '2018-08-12 18:07:29', 1, 35, '2018-08-12 16:19:01');
INSERT INTO `country` VALUES (214, 3, 'Sierra Leone', 'SL', '', NULL, '', 0, 0, 38, '2018-08-12 18:07:48', 1, 35, '2018-08-12 16:19:01');
INSERT INTO `country` VALUES (215, 1, 'Singapore', 'SG', NULL, NULL, NULL, 0, 0, 35, '2018-08-12 16:19:01', 1, 35, '2018-08-12 16:19:01');
INSERT INTO `country` VALUES (216, 2, 'Slovakia', 'SK', '', NULL, '', 0, 0, 38, '2018-08-12 17:45:20', 1, 35, '2018-08-12 16:19:01');
INSERT INTO `country` VALUES (217, 2, 'Slovenia', 'SI', '', NULL, '', 0, 0, 38, '2018-08-12 17:46:01', 1, 35, '2018-08-12 16:19:01');
INSERT INTO `country` VALUES (218, 6, 'Solomon Islands', 'SB', '', NULL, '', 0, 0, 38, '2018-08-12 18:32:37', 1, 35, '2018-08-12 16:19:01');
INSERT INTO `country` VALUES (219, 3, 'Somalia', 'SO', '', NULL, '', 0, 0, 38, '2018-08-12 18:03:40', 1, 35, '2018-08-12 16:19:01');
INSERT INTO `country` VALUES (220, 3, 'South Africa', 'ZA', '', NULL, '', 0, 0, 38, '2018-08-12 18:08:30', 1, 35, '2018-08-12 16:19:01');
INSERT INTO `country` VALUES (221, 2, 'South Georgia South Sandwich Islands', 'GS', '', NULL, '', 0, 0, 38, '2018-08-12 17:33:10', 1, 35, '2018-08-12 16:19:01');
INSERT INTO `country` VALUES (222, 3, 'South Sudan', 'SS', '', NULL, '', 0, 0, 38, '2018-08-12 18:11:16', 1, 35, '2018-08-12 16:19:01');
INSERT INTO `country` VALUES (223, 2, 'Spain', 'ES', '', NULL, '', 0, 0, 38, '2018-08-12 17:46:15', 1, 35, '2018-08-12 16:19:01');
INSERT INTO `country` VALUES (224, 1, 'Sri Lanka', 'LK', NULL, NULL, NULL, 0, 0, 35, '2018-08-12 16:19:01', 1, 35, '2018-08-12 16:19:01');
INSERT INTO `country` VALUES (225, 1, 'St. Helena', 'SH', NULL, NULL, NULL, 0, 0, 35, '2018-08-12 16:19:01', 1, 35, '2018-08-12 16:19:01');
INSERT INTO `country` VALUES (226, 1, 'St. Pierre and Miquelon', 'PM', NULL, NULL, NULL, 0, 0, 35, '2018-08-12 16:19:01', 1, 35, '2018-08-12 16:19:01');
INSERT INTO `country` VALUES (227, 3, 'Sudan', 'SD', '', NULL, '', 0, 0, 38, '2018-08-12 18:11:35', 1, 35, '2018-08-12 16:19:01');
INSERT INTO `country` VALUES (228, 5, 'Suriname', 'SR', '', NULL, '', 0, 0, 38, '2018-08-12 18:27:46', 1, 35, '2018-08-12 16:19:01');
INSERT INTO `country` VALUES (229, 1, 'Svalbard and Jan Mayen Islands', 'SJ', NULL, NULL, NULL, 0, 0, 35, '2018-08-12 16:19:01', 1, 35, '2018-08-12 16:19:01');
INSERT INTO `country` VALUES (230, 1, 'Swaziland', 'SZ', NULL, NULL, NULL, 0, 0, 35, '2018-08-12 16:19:01', 1, 35, '2018-08-12 16:19:01');
INSERT INTO `country` VALUES (231, 2, 'Sweden', 'SE', '', NULL, '', 0, 0, 38, '2018-08-12 17:46:34', 1, 35, '2018-08-12 16:19:01');
INSERT INTO `country` VALUES (232, 2, 'Switzerland', 'CH', '', NULL, '', 0, 0, 38, '2018-08-12 17:46:58', 1, 35, '2018-08-12 16:19:01');
INSERT INTO `country` VALUES (233, 1, 'Syrian Arab Republic', 'SY', NULL, NULL, NULL, 0, 0, 35, '2018-08-12 16:19:01', 1, 35, '2018-08-12 16:19:01');
INSERT INTO `country` VALUES (234, 1, 'Taiwan', 'TW', NULL, NULL, NULL, 0, 0, 35, '2018-08-12 16:19:01', 1, 35, '2018-08-12 16:19:01');
INSERT INTO `country` VALUES (235, 1, 'Tajikistan', 'TJ', NULL, NULL, NULL, 0, 0, 35, '2018-08-12 16:19:01', 1, 35, '2018-08-12 16:19:01');
INSERT INTO `country` VALUES (236, 3, 'Tanzania, United Republic of', 'TZ', '', NULL, '', 0, 0, 38, '2018-08-12 18:12:48', 1, 35, '2018-08-12 16:19:01');
INSERT INTO `country` VALUES (237, 1, 'Thailand', 'TH', NULL, NULL, NULL, 0, 0, 35, '2018-08-12 16:19:01', 1, 35, '2018-08-12 16:19:01');
INSERT INTO `country` VALUES (238, 3, 'Togo', 'TG', '', NULL, '', 0, 0, 38, '2018-08-12 18:13:10', 1, 35, '2018-08-12 16:19:01');
INSERT INTO `country` VALUES (239, 1, 'Tokelau', 'TK', NULL, NULL, NULL, 0, 0, 35, '2018-08-12 16:19:01', 1, 35, '2018-08-12 16:19:01');
INSERT INTO `country` VALUES (240, 6, 'Tonga', 'TO', '', NULL, '', 0, 0, 38, '2018-08-12 18:33:08', 1, 35, '2018-08-12 16:19:01');
INSERT INTO `country` VALUES (241, 4, 'Trinidad and Tobago', 'TT', '', NULL, '', 0, 0, 38, '2018-08-12 18:22:43', 1, 35, '2018-08-12 16:19:01');
INSERT INTO `country` VALUES (242, 3, 'Tunisia', 'TN', '', NULL, '', 0, 0, 38, '2018-08-12 18:13:30', 1, 35, '2018-08-12 16:19:01');
INSERT INTO `country` VALUES (243, 2, 'Turkey', 'TR', '', NULL, '', 0, 0, 38, '2018-08-12 17:47:55', 1, 35, '2018-08-12 16:19:01');
INSERT INTO `country` VALUES (244, 1, 'Turkmenistan', 'TM', NULL, NULL, NULL, 0, 0, 35, '2018-08-12 16:19:01', 1, 35, '2018-08-12 16:19:01');
INSERT INTO `country` VALUES (245, 1, 'Turks and Caicos Islands', 'TC', NULL, NULL, NULL, 0, 0, 35, '2018-08-12 16:19:01', 1, 35, '2018-08-12 16:19:01');
INSERT INTO `country` VALUES (246, 6, 'Tuvalu', 'TV', '', NULL, '', 0, 0, 38, '2018-08-12 18:33:29', 1, 35, '2018-08-12 16:19:01');
INSERT INTO `country` VALUES (247, 3, 'Uganda', 'UG', '', NULL, '', 0, 0, 38, '2018-08-12 18:13:49', 1, 35, '2018-08-12 16:19:01');
INSERT INTO `country` VALUES (248, 2, 'Ukraine', 'UA', '', NULL, '', 0, 0, 38, '2018-08-12 17:48:22', 1, 35, '2018-08-12 16:19:01');
INSERT INTO `country` VALUES (249, 1, 'United Arab Emirates', 'AE', NULL, NULL, NULL, 0, 0, 35, '2018-08-12 16:19:01', 1, 35, '2018-08-12 16:19:01');
INSERT INTO `country` VALUES (250, 2, 'United Kingdom', 'GB', '', NULL, '', 0, 0, 38, '2018-08-12 17:49:03', 1, 35, '2018-08-12 16:19:01');
INSERT INTO `country` VALUES (251, 4, 'United States', 'US', '', NULL, '', 0, 0, 38, '2018-08-12 18:23:19', 1, 35, '2018-08-12 16:19:01');
INSERT INTO `country` VALUES (252, 4, 'United States minor outlying islands', 'UM', '', NULL, '', 0, 0, 38, '2018-08-12 18:23:31', 1, 35, '2018-08-12 16:19:01');
INSERT INTO `country` VALUES (253, 5, 'Uruguay', 'UY', '', NULL, '', 0, 0, 38, '2018-08-12 18:28:08', 1, 35, '2018-08-12 16:19:01');
INSERT INTO `country` VALUES (254, 1, 'Uzbekistan', 'UZ', NULL, NULL, NULL, 0, 0, 35, '2018-08-12 16:19:01', 1, 35, '2018-08-12 16:19:01');
INSERT INTO `country` VALUES (255, 6, 'Vanuatu', 'VU', '', NULL, '', 0, 0, 38, '2018-08-12 18:33:47', 1, 35, '2018-08-12 16:19:01');
INSERT INTO `country` VALUES (256, 2, 'Vatican City State', 'VA', '', NULL, '', 0, 0, 38, '2018-08-12 17:49:24', 1, 35, '2018-08-12 16:19:01');
INSERT INTO `country` VALUES (257, 5, 'Venezuela', 'VE', '', NULL, '', 0, 0, 38, '2018-08-12 18:28:26', 1, 35, '2018-08-12 16:19:01');
INSERT INTO `country` VALUES (258, 1, 'Vietnam', 'VN', NULL, NULL, NULL, 0, 0, 35, '2018-08-12 16:19:01', 1, 35, '2018-08-12 16:19:01');
INSERT INTO `country` VALUES (259, 1, 'Virgin Islands (British)', 'VG', NULL, NULL, NULL, 0, 0, 35, '2018-08-12 16:19:01', 1, 35, '2018-08-12 16:19:01');
INSERT INTO `country` VALUES (260, 1, 'Virgin Islands (U.S.)', 'VI', NULL, NULL, NULL, 0, 0, 35, '2018-08-12 16:19:01', 1, 35, '2018-08-12 16:19:01');
INSERT INTO `country` VALUES (261, 1, 'Wallis and Futuna Islands', 'WF', NULL, NULL, NULL, 0, 0, 35, '2018-08-12 16:19:01', 1, 35, '2018-08-12 16:19:01');
INSERT INTO `country` VALUES (262, 1, 'Western Sahara', 'EH', NULL, NULL, NULL, 0, 0, 35, '2018-08-12 16:19:01', 1, 35, '2018-08-12 16:19:01');
INSERT INTO `country` VALUES (263, 1, 'Yemen', 'YE', NULL, NULL, NULL, 0, 0, 35, '2018-08-12 16:19:01', 1, 35, '2018-08-12 16:19:01');
INSERT INTO `country` VALUES (264, 1, 'Zaire', 'ZR', NULL, NULL, NULL, 0, 0, 35, '2018-08-12 16:19:01', 1, 35, '2018-08-12 16:19:01');
INSERT INTO `country` VALUES (265, 3, 'Zambia', 'ZM', '', NULL, '', 0, 0, 38, '2018-08-12 18:14:10', 1, 35, '2018-08-12 16:19:01');
INSERT INTO `country` VALUES (266, 3, 'Zimbabwe', 'ZW', '', NULL, '', 0, 0, 38, '2018-08-12 18:14:28', 1, 35, '2018-08-12 16:19:01');
COMMIT;

-- ----------------------------
-- Table structure for currency
-- ----------------------------
DROP TABLE IF EXISTS `currency`;
CREATE TABLE `currency` (
  `id` int(11) NOT NULL AUTO_INCREMENT,
  `name` varchar(255) COLLATE utf8_unicode_ci DEFAULT NULL,
  `status` int(11) DEFAULT NULL,
  PRIMARY KEY (`id`)
) ENGINE=InnoDB AUTO_INCREMENT=2 DEFAULT CHARSET=utf8 COLLATE=utf8_unicode_ci;

-- ----------------------------
-- Records of currency
-- ----------------------------
BEGIN;
INSERT INTO `currency` VALUES (1, 'USD $', 1);
COMMIT;

-- ----------------------------
-- Table structure for customer_group
-- ----------------------------
DROP TABLE IF EXISTS `customer_group`;
CREATE TABLE `customer_group` (
  `id` int(11) NOT NULL AUTO_INCREMENT,
  `name` varchar(100) DEFAULT NULL,
  `note` varchar(250) DEFAULT NULL,
  `created_by` int(11) DEFAULT NULL,
  `created_date` datetime DEFAULT NULL,
  `updated_date` datetime DEFAULT NULL,
  `updated_by` int(11) DEFAULT NULL,
  `status` int(1) DEFAULT NULL,
  PRIMARY KEY (`id`)
) ENGINE=InnoDB AUTO_INCREMENT=5 DEFAULT CHARSET=utf8 ROW_FORMAT=COMPACT;

-- ----------------------------
-- Records of customer_group
-- ----------------------------
BEGIN;
INSERT INTO `customer_group` VALUES (1, 'VIP', NULL, NULL, NULL, NULL, NULL, 1);
INSERT INTO `customer_group` VALUES (2, 'Wholesaler', NULL, NULL, NULL, NULL, NULL, 1);
INSERT INTO `customer_group` VALUES (3, 'High Budget', NULL, NULL, NULL, NULL, NULL, 1);
INSERT INTO `customer_group` VALUES (4, 'Low Budget', NULL, NULL, NULL, NULL, NULL, 1);
COMMIT;

-- ----------------------------
-- Table structure for customer_invoice
-- ----------------------------
DROP TABLE IF EXISTS `customer_invoice`;
CREATE TABLE `customer_invoice` (
  `id` int(11) NOT NULL AUTO_INCREMENT,
  `doc_id` varchar(255) DEFAULT NULL,
  `date` date DEFAULT NULL,
  `due_date` date DEFAULT NULL,
  `id_customer` int(11) DEFAULT NULL,
  `id_project` int(11) DEFAULT NULL,
  `id_payment_method` int(11) DEFAULT NULL,
  `total_tax` decimal(10,2) DEFAULT NULL,
  `id_recurring_invoice` int(11) DEFAULT NULL,
  `recurring_value` int(11) DEFAULT NULL,
  `recurring_type` int(11) DEFAULT NULL,
  `admin_note` varchar(255) DEFAULT NULL,
  `total_amount` decimal(10,2) DEFAULT NULL,
  `receive_amount` decimal(10,2) DEFAULT NULL,
  `balance_amount` decimal(10,2) DEFAULT NULL,
  `note` varchar(255) DEFAULT NULL,
  `term_condition` text,
  `status` tinyint(1) DEFAULT NULL,
  `updated_by` int(11) DEFAULT NULL,
  `updated_date` datetime DEFAULT NULL,
  `created_by` int(11) DEFAULT NULL,
  `created_date` datetime DEFAULT NULL,
  `currency` int(11) DEFAULT NULL,
  `id_sale_agent` int(11) DEFAULT NULL,
  `client_note` varchar(255) DEFAULT NULL,
  `id_discount` int(11) DEFAULT NULL,
  `discount_value` decimal(10,2) DEFAULT NULL,
  `discount_amount` decimal(10,2) DEFAULT NULL,
  `id_tax` int(11) DEFAULT NULL,
  `is_tax` tinyint(1) DEFAULT NULL,
  `tax_amount` decimal(10,2) DEFAULT NULL,
  `sub_total` decimal(10,2) DEFAULT NULL,
  `is_converted_from_proposal` int(11) DEFAULT NULL,
  PRIMARY KEY (`id`)
) ENGINE=InnoDB DEFAULT CHARSET=utf8;

-- ----------------------------
-- Table structure for customer_invoice_data
-- ----------------------------
DROP TABLE IF EXISTS `customer_invoice_data`;
CREATE TABLE `customer_invoice_data` (
  `id` int(11) NOT NULL AUTO_INCREMENT,
  `id_customer_invoice` int(11) DEFAULT NULL,
  `id_item` int(11) DEFAULT NULL,
  `item_name` varchar(255) DEFAULT NULL,
  `description` longtext,
  `qty` int(11) DEFAULT NULL,
  `rate` decimal(10,2) DEFAULT NULL,
  `discount_type` int(11) DEFAULT NULL,
  `discount_amount` decimal(10,2) DEFAULT NULL,
  `amount` decimal(10,2) DEFAULT NULL,
  PRIMARY KEY (`id`)
) ENGINE=InnoDB DEFAULT CHARSET=utf8;

-- ----------------------------
-- Table structure for customer_invoice_tag
-- ----------------------------
DROP TABLE IF EXISTS `customer_invoice_tag`;
CREATE TABLE `customer_invoice_tag` (
  `id` int(11) NOT NULL AUTO_INCREMENT,
  `id_customer_invoice` int(11) DEFAULT NULL,
  `id_tag` varchar(50) DEFAULT NULL,
  PRIMARY KEY (`id`)
) ENGINE=InnoDB DEFAULT CHARSET=utf8 ROW_FORMAT=COMPACT;

-- ----------------------------
-- Table structure for customer_payment
-- ----------------------------
DROP TABLE IF EXISTS `customer_payment`;
CREATE TABLE `customer_payment` (
  `id` int(11) NOT NULL AUTO_INCREMENT,
  `id_customer_invoice` int(11) DEFAULT NULL,
  `id_project` int(11) DEFAULT NULL,
  `doc_id` varchar(255) DEFAULT NULL,
  `date` date DEFAULT NULL,
  `receive_amount` decimal(10,2) DEFAULT NULL,
  `id_payment_method` int(11) DEFAULT NULL,
  `cheque_number` varchar(20) DEFAULT NULL,
  `clearing_date` date DEFAULT NULL,
  `chart_of_account` int(11) DEFAULT NULL,
  `note` varchar(255) DEFAULT NULL,
  `status` tinyint(1) DEFAULT NULL,
  `updated_by` int(11) DEFAULT NULL,
  `updated_date` datetime DEFAULT NULL,
  `created_by` int(11) DEFAULT NULL,
  `created_date` datetime DEFAULT NULL,
  PRIMARY KEY (`id`)
) ENGINE=InnoDB DEFAULT CHARSET=utf8;

-- ----------------------------
-- Table structure for customer_profile
-- ----------------------------
DROP TABLE IF EXISTS `customer_profile`;
CREATE TABLE `customer_profile` (
  `id` int(11) NOT NULL AUTO_INCREMENT,
  `customer_name` varchar(250) DEFAULT NULL,
  `company_name` varchar(250) DEFAULT NULL,
  `phone_number` varchar(50) DEFAULT NULL,
  `email_address` varchar(50) DEFAULT NULL,
  `latitute` decimal(16,10) DEFAULT NULL,
  `longitute` decimal(16,10) DEFAULT NULL,
  `address` varchar(250) DEFAULT NULL,
  `id_country` int(11) DEFAULT NULL,
  `id_city` int(11) DEFAULT NULL,
  `group_names` varchar(250) DEFAULT NULL,
  `billing_address` varchar(250) DEFAULT NULL,
  `id_billing_city` int(11) DEFAULT NULL,
  `id_billing_country` int(11) DEFAULT NULL,
  `shipping_address` varchar(250) DEFAULT NULL,
  `id_shipping_city` int(11) DEFAULT NULL,
  `id_shipping_country` int(11) DEFAULT NULL,
  `status` int(1) DEFAULT NULL,
  `created_by` int(11) DEFAULT NULL,
  `created_date` datetime DEFAULT NULL,
  `img_url` varchar(255) DEFAULT NULL,
  `updated_date` datetime DEFAULT NULL,
  `updated_by` int(11) DEFAULT NULL,
  `zip_code` varchar(50) DEFAULT NULL,
  `customer_status` int(1) DEFAULT NULL,
  `website_url` varchar(255) DEFAULT NULL,
  `accommodation_type` int(11) DEFAULT NULL,
  `star_rating` decimal(10,2) DEFAULT NULL,
  `number_of_rooms` int(11) DEFAULT NULL,
  `sale_date` date DEFAULT NULL,
  `accomodation_status` int(11) DEFAULT NULL COMMENT '1=lived , 2 = Inprocesing , 0 = Deactived',
  `lived_date` date DEFAULT NULL,
  `passed_by` int(11) DEFAULT NULL,
  `handle_by` int(11) DEFAULT NULL,
  `deactivated_at` varchar(20) DEFAULT NULL,
  `deactivated_reason` text,
  `deactivated_requested_by` varchar(255) DEFAULT NULL,
  `deactivated_requested_contact_detail` text,
  `deactivated_by` int(11) DEFAULT NULL,
  `id_customer_type` int(11) DEFAULT NULL,
  PRIMARY KEY (`id`)
) ENGINE=InnoDB AUTO_INCREMENT=290 DEFAULT CHARSET=utf8 ROW_FORMAT=COMPACT;

-- ----------------------------
-- Records of customer_profile
-- ----------------------------
BEGIN;
INSERT INTO `customer_profile` VALUES (1, 'Mr. Senghak KOL', '1920 Hotel ', '+855 99 915 918', 'info@1920hotel.com', NULL, NULL, 'Street #9, Old Market, Siem Reap, Cambodia', 56, 21, NULL, '', NULL, NULL, '', NULL, NULL, 1, NULL, NULL, NULL, '2019-09-03 10:41:56', 1, '1', NULL, 'http://the1920.com', 1, 4.00, 10, '2016-05-23', 2, NULL, 2, 5, '', '', '', '', 4, 1);
INSERT INTO `customer_profile` VALUES (2, 'Mr. Korn Kosal', 'Paradise Residence (Advaya Residence)', '+855 17 465 120', 'gm@advayaresidence.com', NULL, NULL, 'Vihear Chin Village, Svay Dangkum, Siem Reap', 56, 21, NULL, '', NULL, NULL, '', NULL, NULL, 1, NULL, NULL, NULL, '2019-09-06 10:48:53', 16, '17252', NULL, 'http://advayaresidence.com', 1, 5.00, 17, '2018-08-21', 2, '2019-08-19', 2, 4, '', '', '', '', 4, 1);
INSERT INTO `customer_profile` VALUES (3, 'Mr. Chhun Sochetra', 'Adventure Hostel Siem Reap', '+855 12 380 484', 'chhunsochetra@gmail.com', NULL, NULL, 'Siem Reap, Cambodia', 56, 21, NULL, NULL, NULL, NULL, NULL, NULL, NULL, 1, NULL, NULL, NULL, NULL, NULL, '17252', NULL, 'http://adventurehostelsiemreap.com', 2, 3.00, 20, '2018-08-21', 2, NULL, 2, 4, '', '', '', '', 4, 2);
INSERT INTO `customer_profile` VALUES (4, 'Mr. Christian Husel', 'Alibi Guesthouse ', '+855 88 890 1590', 'info@alibiguesthouse.com', NULL, NULL, 'Royal Palace, Sothearos Blvd', 56, 1, NULL, '', NULL, NULL, '', NULL, NULL, 0, NULL, NULL, NULL, '2019-09-06 10:58:23', 16, '17252', NULL, 'http://alibiguesthouse.com', 4, 4.00, 10, '2018-08-21', 2, NULL, 2, 4, '', '', '', '', 4, 4);
INSERT INTO `customer_profile` VALUES (5, 'Mr. Sok Chanthou', 'Alison Angkor Boutique Villa & Resort', '+855 63 968 808', 'info@alisonangkor.com, booking@alisonangkor.com', NULL, NULL, '#826, Street 22, Wat Bo Village', 56, 21, NULL, NULL, NULL, NULL, NULL, NULL, NULL, 0, NULL, NULL, NULL, NULL, NULL, '', NULL, 'http://alisonangkor.com', 7, 4.00, 12, '2015-03-25', 3, NULL, 2, 5, '2016-10-26', '', '', '', 4, 7);
INSERT INTO `customer_profile` VALUES (6, 'Mrs. Naomi Basler', 'Amatao Tropical Residence', '+855 12 590 645', 'gm@amatao.com, rsvn@amatao.com, welcome@amatao.com', NULL, NULL, 'Svay Prey Village', 56, 21, NULL, NULL, NULL, NULL, NULL, NULL, NULL, 1, NULL, NULL, NULL, NULL, NULL, '', NULL, 'http://amatao.com', 8, 4.00, 4, '2017-10-02', 2, NULL, 2, 4, '', '', '', '', 4, 8);
INSERT INTO `customer_profile` VALUES (7, 'Mr. Vutha Hour ', 'Anachak Boutique Hotel', '+855 63 769 898', 'info@anachakboutiquehotel.com', NULL, NULL, 'Steung Thmey village, Svay Dungkom commune', 56, 21, NULL, NULL, NULL, NULL, NULL, NULL, NULL, 0, NULL, NULL, NULL, NULL, NULL, '', NULL, 'http://anachakboutiquehotel.com', 1, 4.00, 19, '2015-02-07', 3, NULL, 2, 5, '', '', '', '', 4, 1);
INSERT INTO `customer_profile` VALUES (8, 'Pen Sokema', 'Angkor Boutique Villa', '+855 12 914 909', 'booking@angkorboutiquevilla.com', NULL, NULL, 'No.335, Wat Damnak, Sala Kamreuok', 56, 21, NULL, NULL, NULL, NULL, NULL, NULL, NULL, 0, NULL, NULL, NULL, NULL, NULL, '', NULL, 'http://angkorboutiquevilla.com', 7, 3.00, 8, '2014-10-25', 3, NULL, 2, 5, '2016-10-26', '', '', '', 4, 7);
INSERT INTO `customer_profile` VALUES (9, 'Mr. Eng Borey ', 'Angkor Century Resort and Spa', '+855 63 963 777', 'info@angkorcentury.com', NULL, NULL, 'Komay Road, Khum Svay Dangkom', 56, 21, NULL, NULL, NULL, NULL, NULL, NULL, NULL, 1, NULL, NULL, NULL, NULL, NULL, '17252', NULL, 'http://angkorcentury.com', 1, 5.00, 190, '2014-10-01', 2, NULL, 2, 4, '', '', '', '', 4, 1);
INSERT INTO `customer_profile` VALUES (10, 'Mr. Meas Sopheap', 'Angkor Heart Bungalow', '+855 92 508 863', 'info@angkorheartbungalow.com', NULL, NULL, 'Ring Road Krovat - krong Street,Sangkat svay dangkum,', 56, 21, NULL, NULL, NULL, NULL, NULL, NULL, NULL, 1, NULL, NULL, NULL, NULL, NULL, '', NULL, 'http://angkorheartbungalow.com', 1, 3.00, 7, '2018-02-02', 2, '1970-01-01', 2, 4, '', '', '', '', 4, 1);
INSERT INTO `customer_profile` VALUES (11, 'Cheung Sokha', 'Angkor Holiday Hotel', '+855 63 966 777', 'gm@angkorholidayhotel.com, reservation@angkorholid', NULL, NULL, 'National Road No.6,', 56, 21, NULL, NULL, NULL, NULL, NULL, NULL, NULL, 0, NULL, NULL, NULL, NULL, NULL, '1710', NULL, 'http://angkorholidayhotel.com', 1, 4.00, 162, '2014-10-25', 3, '1970-01-01', 2, 5, '', 'They want to test other company system,', 'Mr. Kakada (e-commerce)', '+855 63 966 777', 4, 1);
INSERT INTO `customer_profile` VALUES (12, 'Ms. Sorphia Nguon', 'Angkor Howard Hotel and Convention Center', '+855 63 965 000', 'info@angkorhoward.com', NULL, NULL, 'National Road No 6 | Phum Kaksekam, Khum Sror Nge, Siem Reap Province', 56, 21, NULL, NULL, NULL, NULL, NULL, NULL, NULL, 1, NULL, NULL, NULL, NULL, NULL, '', NULL, 'http://angkorhoward.com', 1, 5.00, 343, '2016-04-29', 2, NULL, 2, 4, '', '', '', '', 4, 1);
INSERT INTO `customer_profile` VALUES (13, 'Mr. Noun Leng', 'Angkor International Hotel', '+855 23 217 609', 'angkorhotel11@gmail.com', NULL, NULL, '#50, Street 148', 56, 1, NULL, NULL, NULL, NULL, NULL, NULL, NULL, 0, NULL, NULL, NULL, NULL, NULL, '122022', NULL, 'http://angkorinternationalhotel.com', 1, 3.00, 78, '2015-11-17', 3, NULL, 2, 5, '2018-11-05', 'Auto Deactivate', 'Mr. Noun Leng', '+855 17 518 827\r\n+855 23 217 609', 4, 1);
INSERT INTO `customer_profile` VALUES (14, 'Mr. Daravichhay SENG ', 'Angkor Miracle Resort & Spa', '+855 63 969 900', 'em@angkormiracle.com, ee@angkormiracle.com, reserv', NULL, NULL, 'National Road No. 6A. Khum Sra Nge (opposite of Cambodian cultural Village) Siem Reap', 56, 21, NULL, NULL, NULL, NULL, NULL, NULL, NULL, 0, NULL, NULL, NULL, NULL, NULL, '', NULL, 'http://angkormiracle.com/resort', 6, 5.00, 247, '2015-11-30', 3, NULL, 2, 5, '', '', '', '', 4, 6);
INSERT INTO `customer_profile` VALUES (15, 'Mr. Piseth', 'Angkor Mithona Guesthouse', '+855 23 990 323', 'info@angkormithonaguesthouse.com', NULL, NULL, '# 19, Street 172 L13, Sangkat Chey Chumneah, Phsar Kandal, Khan Daun Penh', 56, 1, NULL, NULL, NULL, NULL, NULL, NULL, NULL, 0, NULL, NULL, NULL, NULL, NULL, '', NULL, 'http://angkormithonaguesthouse.com', 9, 2.00, 34, '2015-08-15', 3, NULL, 2, 5, '', '', '', '', 4, 9);
INSERT INTO `customer_profile` VALUES (16, 'Mr. Peter Phoeng', 'Angkor Pearl Hotel', '+855 92 571 520', 'pphoeng@angkorpearl.com', NULL, NULL, '', 56, 21, NULL, NULL, NULL, NULL, NULL, NULL, NULL, 0, NULL, NULL, NULL, NULL, NULL, '1710', NULL, 'http://angkorpearl.com', 1, 3.00, 45, '2014-12-25', 3, NULL, 2, 5, '', '', '', '', 4, 1);
INSERT INTO `customer_profile` VALUES (17, 'Mr. Meng Dy', 'Angkor Rendezvous Villa', '+855 77 588 788', 'millmengdy@gmail.com', NULL, NULL, 'Neelka Way', 56, 21, NULL, NULL, NULL, NULL, NULL, NULL, NULL, 0, NULL, NULL, NULL, NULL, NULL, '', NULL, 'http://angkorrendezvousvillas.com', 3, 5.00, 10, '2017-02-01', 3, NULL, 2, 5, '', '', '', '', 4, 3);
INSERT INTO `customer_profile` VALUES (18, 'Ms. Chenda Lam', 'Angkor Siesta Villa', '+855 70 808 182', 'info@angkorsiestavilla.com', NULL, NULL, '#12, Phum Beung Don Pa, Sangkat Slor Kram', 56, 21, NULL, NULL, NULL, NULL, NULL, NULL, NULL, 0, NULL, NULL, NULL, NULL, NULL, '17251', NULL, 'http://angkorsiestavilla.com', 7, 4.00, 7, '2018-01-19', 3, '1970-01-01', 2, 4, '2018-11-30', 'Dear Maranet,\r\n\r\nGreetings from Angkor Siesta Villa\r\n\r\nI am writing to you to inform you that we have disconnected your Channel Manager & IBE (hotellinksolutions) from our hotel recently as we do not have any budget to continue on this.', 'Mr. Sophath ', '012 981 089 ', 5, 7);
INSERT INTO `customer_profile` VALUES (19, 'Angkor Twinkle Boutique Villa', 'Angkor Twinkle Boutique Villa', '+855 63 963 368', 'booking@angkortwinklevilla.com', NULL, NULL, 'Lok Taneuy (St.), Phum Wat Bo, Sangkat Sala Kamreuk', 56, 21, NULL, NULL, NULL, NULL, NULL, NULL, NULL, 0, NULL, NULL, NULL, NULL, NULL, '', NULL, 'http://angkortwinkleboutiquevilla.com', 7, 3.50, 22, '2016-01-12', 3, NULL, 2, 5, '', '', '', '', 4, 7);
INSERT INTO `customer_profile` VALUES (20, 'Mr. Duy Sophal', 'Anise Hotel', '+855 23 222 522', 'reservation@anisehotel.com.kh', NULL, NULL, 'N 2C, St 278 off 57, Beoung Keng Kang I, Chamkamorn', 56, 1, NULL, NULL, NULL, NULL, NULL, NULL, NULL, 1, NULL, NULL, NULL, NULL, NULL, '', NULL, 'http://anisehotel.com.kh', 1, 3.00, 18, '2015-05-11', 2, NULL, 2, 4, '', '', '', '', 4, 1);
INSERT INTO `customer_profile` VALUES (21, 'Mr. Sophal', 'Anise Villa Boutique Hotel', '+855 23 225 400', ' reservation@anisevilla.com', NULL, NULL, '18 Street 400, Beoung Keng Kang 1', 56, 1, NULL, NULL, NULL, NULL, NULL, NULL, NULL, 1, NULL, NULL, NULL, NULL, NULL, '', NULL, 'http://anisevilla.com', 1, 3.00, 21, '2015-03-13', 2, NULL, 2, 4, '', '', '', '', 4, 1);
INSERT INTO `customer_profile` VALUES (22, 'Mr. Vann Enghong', 'Apsara Centrepole Hotel', '+855 63 968 098', 'book@apsaracentrepole.com', NULL, NULL, '522 Svay Dungkum, Old Sok San Street', 56, 21, NULL, NULL, NULL, NULL, NULL, NULL, NULL, 1, NULL, NULL, NULL, NULL, NULL, '', NULL, 'http://apsaracentrepole.com', 1, 3.50, 19, '2016-10-01', 2, NULL, 2, 5, '', '', '', '', 4, 1);
INSERT INTO `customer_profile` VALUES (23, 'Mr. Suy Sophanith', 'Apsara Residence', '+855 63 968 668', 'book@apsara-residence.com', NULL, NULL, 'St. 27, Wat Bo Village, Sala Kamreuk Commune', 56, 21, NULL, NULL, NULL, NULL, NULL, NULL, NULL, 1, NULL, NULL, NULL, NULL, NULL, '', NULL, 'http://apsara-residence.com', 1, 4.00, 22, '2016-10-01', 2, NULL, 2, 5, '', '', '', '', 4, 1);
INSERT INTO `customer_profile` VALUES (24, 'Ms. Tep Sothyda', 'Aqua Boutique Guesthouse', '+855 77 528 530', 'info@aqua-boutique-guesthouse.com', NULL, NULL, 'No.126, Street 63', 56, 1, NULL, NULL, NULL, NULL, NULL, NULL, NULL, 0, NULL, NULL, NULL, NULL, NULL, '', NULL, 'http://aqua-boutique-guesthouse.com', 9, 0.00, 20, '2015-03-31', 3, NULL, 2, 5, '', '', '', '', 4, 9);
INSERT INTO `customer_profile` VALUES (25, 'Ms. Nora', 'Asarita Angkor Resort & Spa', '+855 63 768 444', 'sales@asaritaangkor.com, asaritaangkor@gmail.com', NULL, NULL, 'National Road No 6A, Khum Sra Nge', 56, 21, NULL, NULL, NULL, NULL, NULL, NULL, NULL, 0, NULL, NULL, NULL, NULL, NULL, '17260', NULL, 'http://asaritaangkor.com', 6, 4.00, 33, '2017-01-16', 3, NULL, 2, 5, '', '', '', '', 4, 6);
INSERT INTO `customer_profile` VALUES (26, 'Mr. Komsorth', 'Ashia Hotel & Lounge', '+855 63 968 960', 'info@ashiahotel.com', NULL, NULL, 'P Charles De Gaulle, Krong Siem Reap', 56, 21, NULL, NULL, NULL, NULL, NULL, NULL, NULL, 1, NULL, NULL, NULL, NULL, NULL, '', NULL, 'http://ashiahotel.com', 1, 3.00, 20, '2017-07-11', 2, NULL, 2, 4, '', '', '', '', 4, 1);
INSERT INTO `customer_profile` VALUES (27, 'Simen Julner', 'Babel Guesthouse', '+855 78 858 469', 'babelsiemreap@gmail.com', NULL, NULL, 'No.738 Wat Bo Road, Salakamroeuk', 56, 21, NULL, NULL, NULL, NULL, NULL, NULL, NULL, 1, NULL, NULL, NULL, NULL, NULL, '1710', NULL, 'http://babel-siemreap.com', 9, 2.00, 24, '2014-12-25', 2, NULL, 2, 4, '', '', '', '', 4, 9);
INSERT INTO `customer_profile` VALUES (28, 'Mr. Chon Savun ', 'Bamboo Angkor Boutique', '+855 10 394 646', 'reservation@bambooangkorboutique.com', NULL, NULL, ' Phum Salar Kanseng, Khum Svay Dangkum, Central Area', 56, 21, NULL, NULL, NULL, NULL, NULL, NULL, NULL, 0, NULL, NULL, NULL, NULL, NULL, '1710', NULL, 'http://bamboo-angkorboutique.com', 7, 4.00, 12, '2015-06-09', 3, NULL, 2, 5, '', '', '', '', 4, 7);
INSERT INTO `customer_profile` VALUES (29, 'Mr. Lao Sokun', 'Tanei Boutique Villa', '+855 12 757 867', 'lao_sukun007@yahoo.com', NULL, NULL, '#017, Steung Thmey Village, Svay Dangkom', 56, 21, NULL, NULL, NULL, NULL, NULL, NULL, NULL, 0, NULL, NULL, NULL, NULL, NULL, '17252', NULL, 'http://taneiboutiquevilla.com', 4, 3.00, 28, '2015-05-25', 3, NULL, 2, 4, '', '', '', '', 4, 4);
INSERT INTO `customer_profile` VALUES (30, 'Ms. Saradin Ly', 'La Da Kiri Boutique Hotel', '+855 12 781 675', 'info@ladakiriboutique.com', NULL, NULL, 'Soksan Street, Khum Svay Dangkom', 56, 21, NULL, NULL, NULL, NULL, NULL, NULL, NULL, 0, NULL, NULL, NULL, NULL, NULL, '17251', NULL, 'http://ladakiriboutique.com', 7, 4.00, 26, '2015-02-06', 3, '1970-01-01', 2, 4, '2019-04-24', 'They want to change solutions ', 'B. Sema', '070 811 558', 5, 7);
INSERT INTO `customer_profile` VALUES (31, 'Mr. Soeum Makara', 'Cheathata Angkor Hotel', '+855 63 968 777', 'gm@ctaangkorhotel.com, res@ctaangkorhotel.com', NULL, NULL, 'City Center, Angkor Night Market Road, Old Market Area', 56, 21, NULL, NULL, NULL, NULL, NULL, NULL, NULL, 1, NULL, NULL, NULL, NULL, NULL, '17252', NULL, 'http://angkor.ctaangkorhotel.com', 1, 3.50, 28, '8900-08-03', 2, NULL, 2, 4, '', '', '', '', 4, 1);
INSERT INTO `customer_profile` VALUES (32, 'Mr. Sokpheak', 'Base Villa Phnom Penh', '+855 10 292 229', 'reservation@basevillaphnompenh.com', NULL, NULL, 'No #29 Street 222', 56, 1, NULL, NULL, NULL, NULL, NULL, NULL, NULL, 0, NULL, NULL, NULL, NULL, NULL, '', NULL, 'http://basevillaphnompenh.com', 1, 3.00, 12, '2015-11-30', 3, NULL, 2, 5, '', '', '', '', 4, 1);
INSERT INTO `customer_profile` VALUES (33, 'Mr. Kenvin Harris', 'Bavyra  Boutique', '+855 63 963 987', 'Kevinrharris62@gmail.com ', NULL, NULL, 'Slor Kram Village, Slor kram Commune', 56, 21, NULL, NULL, NULL, NULL, NULL, NULL, NULL, 0, NULL, NULL, NULL, NULL, NULL, '1710', NULL, 'http://bavyraboutique.com', 7, 3.00, 9, '2015-01-25', 3, NULL, 2, 5, '', '', '', '', 4, 7);
INSERT INTO `customer_profile` VALUES (34, 'Mr. Tola Hak (Seyha)', 'Bayon Boutique', '+855 63 969 456', 'gm@bayonboutique.com', NULL, NULL, 'Stueng Thmey, Svay Dangkum', 56, 21, NULL, NULL, NULL, NULL, NULL, NULL, NULL, 1, NULL, NULL, NULL, NULL, NULL, '', NULL, 'http://bayonboutique.com/index.php', 7, 3.50, 18, '2016-10-10', 2, NULL, 2, 4, '', '', '', '', 4, 7);
INSERT INTO `customer_profile` VALUES (35, 'Mr. Tola Hak (Seyha)', 'Bayon Shadow Villa', '+855 63 765 443', 'gm@bayonboutique.com', NULL, NULL, 'Stueng Thmey, Svay Dangkum', 56, 21, NULL, NULL, NULL, NULL, NULL, NULL, NULL, 1, NULL, NULL, NULL, NULL, NULL, '', NULL, 'http://bayonshadow.com', 3, 2.50, 18, '2016-10-10', 2, NULL, 2, 4, '', '', '', '', 4, 3);
INSERT INTO `customer_profile` VALUES (36, 'jonathon Vallieres', 'Bella Mia Villa', '+855 63 962 111', 'gm.bellamiavilla@gmail.com, gm@bellamiaangkor.com,', NULL, NULL, 'Soksan Road, Svay Damkom Village, Svay Damkom commune', 56, 21, NULL, NULL, NULL, NULL, NULL, NULL, NULL, 0, NULL, NULL, NULL, NULL, NULL, '17259', NULL, 'http://bellamiaangkor.com', 3, 3.50, 9, '2015-10-01', 3, NULL, 2, 4, '', '', '', '', 4, 3);
INSERT INTO `customer_profile` VALUES (37, 'Sam Tina', 'Big Lyna Villa', '+855 63 964 807', 'biglyna@yahoo.com', NULL, NULL, 'Wat Bo Village, Sangkat Salakamroeuk', 56, 21, NULL, NULL, NULL, NULL, NULL, NULL, NULL, 0, NULL, NULL, NULL, NULL, NULL, '1710', NULL, 'http://biglynavilla.com', 9, 1.00, 10, '2015-02-11', 3, NULL, 2, 4, '', '', '', '', 4, 9);
INSERT INTO `customer_profile` VALUES (38, 'Sieng Saline', 'Bliss Villa ', '+855 63 630 0978', 'blissvilla@asia.com', NULL, NULL, '# 051, Sok San Street, Svay Dangkum Village', 56, 21, NULL, NULL, NULL, NULL, NULL, NULL, NULL, 0, NULL, NULL, NULL, NULL, NULL, '17252', NULL, 'http://theblissvilla.com', 1, 4.00, 21, '2014-12-27', 3, '1970-01-01', 2, 5, '2019-01-03', 'Change Company Solutions', 'Vathana', '+(855) 81 832 181(LINE / WeChat / WhatsApp / Viber / Telegram)', 4, 1);
INSERT INTO `customer_profile` VALUES (39, 'Ms. Ung Annie', 'Bokre Angkor Hostel ', '+855 85 511 118', 'Info@bokreangkorhostel.com', NULL, NULL, '363 Taphul Village, Svay Dangkum Commune', 56, 21, NULL, NULL, NULL, NULL, NULL, NULL, NULL, 1, NULL, NULL, NULL, NULL, NULL, '', NULL, 'http://eocambovilla.com', 2, 3.00, 30, '2017-10-09', 2, NULL, 2, 4, '', '', '', '', 4, 2);
INSERT INTO `customer_profile` VALUES (40, 'Vann pohin', 'Garden Village Guesthouse', '+855 17 297 777', 'gardenvillage@asia.com', NULL, NULL, '#434, Sok San Street, Steng Thmey Village, Svaydangkum Commune', 56, 21, NULL, NULL, NULL, NULL, NULL, NULL, NULL, 1, NULL, NULL, NULL, NULL, NULL, '17252', NULL, 'http://guesthouse.gardenvillageguesthouse.com', 9, 1.00, 29, '2014-12-25', 2, NULL, 2, 4, '', '', '', '', 4, 9);
INSERT INTO `customer_profile` VALUES (41, 'Mr. Sokdana Choung ', 'Botoum Hostel', '+855 16 913 999', 'info@botoumhostel.com', NULL, NULL, 'Sangkat Svay Dangkum,', 56, 21, NULL, NULL, NULL, NULL, NULL, NULL, NULL, 1, NULL, NULL, NULL, NULL, NULL, '', NULL, 'http://botoumhostel.com', 1, 3.00, 15, '2018-06-23', 2, NULL, 2, 4, '', '', '', '', 4, 1);
INSERT INTO `customer_profile` VALUES (42, 'Mr.Vann pohin', 'Garden Village Hostel', '+855 17 297 777', 'gardenvillage@asia.com', NULL, NULL, 'Steung Thmey Village, Svay Dungkom commune', 56, 21, NULL, NULL, NULL, NULL, NULL, NULL, NULL, 0, NULL, NULL, NULL, NULL, NULL, '17252', NULL, 'http://gardenvillagehostel.com', 2, 1.00, 12, '2015-07-08', 3, NULL, 2, 4, '', '', '', '', 4, 2);
INSERT INTO `customer_profile` VALUES (43, 'Vann pohin', 'Garden Village Villa', '+855 17 297 777', 'gardenvillage@asia.com', NULL, NULL, 'Garden Village Villa is located close to the Old Market in walking distance to bars, restaurants', 56, 21, NULL, NULL, NULL, NULL, NULL, NULL, NULL, 0, NULL, NULL, NULL, NULL, NULL, '17252', NULL, 'http://villa.gardenvillagevilla.com', 3, 2.00, 8, '2015-07-08', 3, '1970-01-01', 19, 4, '2019-08-01', 'Low season ', 'Mr. Pohin', '070 630 000', 5, 3);
INSERT INTO `customer_profile` VALUES (44, 'Mr. Rath', 'Mane Boutique Hotel & Spa', '+855 63 768 899', 'ecom@maneboutiquehotel.com', NULL, NULL, 'Village Salakomroeuk, Sangkat Salakomroeuk', 56, 21, NULL, NULL, NULL, NULL, NULL, NULL, NULL, 0, NULL, NULL, NULL, NULL, NULL, '17252', NULL, 'http://maneboutiquehotel.com', 1, 5.00, 18, '2015-08-26', 3, NULL, 2, 4, '', '', '', '', 4, 1);
INSERT INTO `customer_profile` VALUES (45, 'Mr.Kan Chansathya', 'Lynnaya Urban River Resort & Spa', '+855 63 967 755', 'gm@lynnaya.com', NULL, NULL, 'Street 20 Krong Siem Reap', 56, 21, NULL, NULL, NULL, NULL, NULL, NULL, NULL, 0, NULL, NULL, NULL, NULL, NULL, '17000', NULL, 'http://lynnaya-hotel-angkor.com', 1, 4.00, 46, '2015-08-27', 3, NULL, 2, 4, '', '', '', '', 4, 1);
INSERT INTO `customer_profile` VALUES (46, 'Horn Bovorn', 'Bou Savy Guesthouse (Bed & Breakfast)', '+855 12 369 600', 'bousavy7777@gmail.com', NULL, NULL, '#261, Group 07, Salakanseng Village, Svaydangkum Commune. ', 56, 21, NULL, NULL, NULL, NULL, NULL, NULL, NULL, 1, NULL, NULL, NULL, NULL, NULL, '17252', NULL, 'http://bousavyguesthouse.com', 9, 2.00, 30, '2015-09-11', 2, NULL, 2, 4, '', '', '', '', 4, 9);
INSERT INTO `customer_profile` VALUES (47, 'La Villa du Bonheur', 'La Villa du Bonheur', '+855 77 567 605', 'reservation@lavilladubonheur.com ', NULL, NULL, '#056, Viheachen, Svaydangkum', 56, 21, NULL, NULL, NULL, NULL, NULL, NULL, NULL, 0, NULL, NULL, NULL, NULL, NULL, '17252', NULL, 'http://lavilladubonheur.com', 3, 1.00, 18, '2015-02-16', 3, NULL, 2, 4, '', '', '', '', 4, 3);
INSERT INTO `customer_profile` VALUES (48, 'Mr. Oeun Seakheng', 'Sarai Resort & Spa', '+855 93 962 204', 'info@sarairesort.com, ecommerce@sarairesort.com, b', NULL, NULL, 'P.O Box 93193, Wat Damnak Village, Sangkat Sala Komreuk ', 56, 21, NULL, NULL, NULL, NULL, NULL, NULL, NULL, 0, NULL, NULL, NULL, NULL, NULL, '17251', NULL, 'http://sarairesort.com', 6, 5.00, 48, '2015-01-12', 3, NULL, 2, 4, '', '', '', '', 4, 6);
INSERT INTO `customer_profile` VALUES (49, 'MR.LING', 'Seven Happiness Holiday HOTEL', '+855 63 968 899', 'sevenhappinessholidayhotel@gmail.com', NULL, NULL, 'Road Lorkta neuy Slor Kram Commune', 56, 21, NULL, NULL, NULL, NULL, NULL, NULL, NULL, 0, NULL, NULL, NULL, NULL, NULL, '17251', NULL, 'http://siemreapevergreenhotel.com', 1, 3.00, 50, '2014-12-25', 3, NULL, 2, 4, '', '', '', '', 4, 1);
INSERT INTO `customer_profile` VALUES (50, 'Mr. Pok Dilux', 'Pacific Hotel', '+855 63 761 818', ' reservations@pacifichotel.com.kh', NULL, NULL, ' Road No. 6, Kaksekam Village, Sror Nge Commune', 56, 21, NULL, NULL, NULL, NULL, NULL, NULL, NULL, 0, NULL, NULL, NULL, NULL, NULL, '17000', NULL, 'http://pacifichotel.com.kh', 1, 4.00, 200, '2015-01-22', 3, NULL, 2, 4, '', '', '', '', 4, 1);
INSERT INTO `customer_profile` VALUES (51, 'Mr. Long Sopha', 'Heng Kim Ny Boutique', '+855 93 557 717 ', 'info@hengkimnyboutique.com', NULL, NULL, '#333, Bakheng (St), Sangkat Svay Dangkum, Siem Reap Province. ', 56, 21, NULL, NULL, NULL, NULL, NULL, NULL, NULL, 0, NULL, NULL, NULL, NULL, NULL, '17252', NULL, 'http://hengkimnyboutique.com', 1, 4.00, 21, '2015-08-01', 3, NULL, 2, 4, '', '', '', '', 4, 1);
INSERT INTO `customer_profile` VALUES (52, 'Mr. Soeum Makara', 'Cheathata Suite Hotel', '+855 63 968 777', 'res@ctaangkorhotel.com', NULL, NULL, 'City Cente, Angkor Night Market Road, Old Market Area', 56, 21, NULL, NULL, NULL, NULL, NULL, NULL, NULL, 1, NULL, NULL, NULL, NULL, NULL, '17252', NULL, 'https://suite.cheathatasuitehotel.com', 1, 4.00, 38, '2014-12-14', 2, NULL, 2, 4, '', '', '', '', 4, 1);
INSERT INTO `customer_profile` VALUES (53, 'Martin Disman', 'Hotel Be Angkor', '+855 12 755 311', 'md@theonehotelcollection.com', NULL, NULL, 'On The Passage, Old Market Area', 56, 21, NULL, NULL, NULL, NULL, NULL, NULL, NULL, 0, NULL, NULL, NULL, NULL, NULL, '17252', NULL, 'http://hotelbeangkor.com', 1, 3.00, 3, '2015-03-25', 3, NULL, 2, 4, '', '', '', '', 4, 1);
INSERT INTO `customer_profile` VALUES (54, 'Khoun Sokhemra', 'Diamond D\'Angkor Boutique', '+855 63 966 987', 'booking@diamondangkor.com', NULL, NULL, 'Road# 50 (Sok San Street) , Group 8, Stoeung Thmey, Sangkat Svay Dang Kom', 56, 21, NULL, NULL, NULL, NULL, NULL, NULL, NULL, 1, NULL, NULL, NULL, NULL, NULL, '17252', NULL, 'http://diamondangkor.com', 1, 2.00, 15, '2015-12-25', 2, NULL, 2, 4, '', '', '', '', 4, 1);
INSERT INTO `customer_profile` VALUES (55, 'Mr. Vichhay', 'Bunseda Angkor Villa', '+855 12 933 080', 'vi_chhay@yahoo.com', NULL, NULL, 'House 169, Group 4, Sivatha Road, Svay Dangkum Commune', 56, 21, NULL, NULL, NULL, NULL, NULL, NULL, NULL, 0, NULL, NULL, NULL, NULL, NULL, '17252', NULL, 'http://bunsedaangkorvilla.com', 3, 1.00, 27, '2014-12-25', 3, NULL, 2, 4, '', '', '', '', 4, 3);
INSERT INTO `customer_profile` VALUES (56, 'Mr. Sopheak', 'Relax Inn Boutique Hotel', '+855 96 556 5999', 'sopheakkhoeuth@gmail.com, om@relaxinn.asia', NULL, NULL, 'Bakheng Road, Phum Krous, Sangkat Svay Dangkom', 56, 21, NULL, NULL, NULL, NULL, NULL, NULL, NULL, 0, NULL, NULL, NULL, NULL, NULL, '17252', NULL, 'http://relaxinn.asia', 1, 3.00, 5, '2015-01-25', 3, NULL, 2, 4, '', '', '', '', 4, 1);
INSERT INTO `customer_profile` VALUES (57, 'Mr. Luon Thea', 'Golden Temple Residence', '+855 63 212 222', 'info@goldentempleresidence.com', NULL, NULL, '# 558, Steung Thmey Village, Sangkat Svaydangkum ', 56, 21, NULL, NULL, NULL, NULL, NULL, NULL, NULL, 0, NULL, NULL, NULL, NULL, NULL, '17252', NULL, 'http://goldentempleresidence.com', 1, 4.50, 28, '2014-12-25', 3, NULL, 2, 4, NULL, NULL, NULL, NULL, 0, 1);
INSERT INTO `customer_profile` VALUES (58, 'Sovann Touch', 'Gloria Angkor Hotel', '+855 63 763 163', 'info@gloriaangkorhotel.com', NULL, NULL, 'National Road N 6, Choung Kaosou Village', 56, 21, NULL, NULL, NULL, NULL, NULL, NULL, NULL, 0, NULL, NULL, NULL, NULL, NULL, '17251', NULL, 'http://gloriaangkorhotel.com', 1, 3.00, 3, '2014-12-25', 3, NULL, 2, 4, NULL, NULL, NULL, NULL, 0, 1);
INSERT INTO `customer_profile` VALUES (59, 'Mr. Sophat', 'Khemara Angkor Hotel', '+855 63 760 555', 'sales@khemaraangkor.com ', NULL, NULL, 'National Road No.6 Sala kanseng, Khum Svaydangkum', 56, 21, NULL, NULL, NULL, NULL, NULL, NULL, NULL, 0, NULL, NULL, NULL, NULL, NULL, '17252', NULL, 'http://khemaraangkor.com', 1, 4.00, 160, '2015-02-25', 3, NULL, 2, 4, '', '', '', '', 4, 1);
INSERT INTO `customer_profile` VALUES (60, 'Mr. Vanna', 'The Moon Boutique Hotel', '+855 17 359 908', 'reservation@themoonboutiquehotel.com', NULL, NULL, 'Phum Wat Bo, Sala Kamreuk Commune', 56, 21, NULL, '', NULL, NULL, '', NULL, NULL, 0, NULL, NULL, NULL, '2019-09-06 10:51:09', 16, '17000', NULL, 'http://themoonboutiquehotel.com', 1, 3.00, 17, '2015-03-17', 3, '1970-01-01', 2, 4, '2019-01-03', 'Change Company Solutions', 'Sokvanna BOU ', '017 359 908', 4, 1);
INSERT INTO `customer_profile` VALUES (61, 'Phem Chhorpoan', 'Happy Guesthouse', '+855 12 960 879', 'info@happyangkorguesthouse.com', NULL, NULL, 'No. 0134 Wat Bo Village, Salakamroeuk Commune', 56, 21, NULL, NULL, NULL, NULL, NULL, NULL, NULL, 1, NULL, NULL, NULL, NULL, NULL, '17251', NULL, 'http://happyangkorguesthouse.com', 9, 2.00, 9, '2014-12-25', 2, NULL, 2, 4, '', '', '', '', 4, 9);
INSERT INTO `customer_profile` VALUES (62, 'Mr. Tommy Baert', 'Rambutan Hotel - Siem Reap', '+855 12 654 638', 'bookings@rambutansr.com', NULL, NULL, 'Wat Damnak Village, Salakamreuk commune', 56, 21, NULL, NULL, NULL, NULL, NULL, NULL, NULL, 0, NULL, NULL, NULL, NULL, NULL, '17000', NULL, 'http://rambutanhotelsr.com', 1, 3.00, 12, '2015-03-25', 3, NULL, 2, 4, '', '', '', '', 4, 1);
INSERT INTO `customer_profile` VALUES (63, 'Mr. Tommy Baert', 'Rambutan Resort - Siem Reap ', '+855 12 654 638', 'bookings@rambutansr.com', NULL, NULL, 'Wat Damnak Village, Salakamreuk commune', 56, 21, NULL, NULL, NULL, NULL, NULL, NULL, NULL, 0, NULL, NULL, NULL, NULL, NULL, '17252', NULL, 'http://rambutanresortsr.com', 6, 3.00, 19, '2015-03-19', 3, NULL, 2, 4, '', '', '', '', 4, 6);
INSERT INTO `customer_profile` VALUES (64, 'Mr. Peter Phoeng', 'Angkor Pearl Hotel', '+855 92 571 520', 'pphoeng@angkorpearl.com', NULL, NULL, 'Taphul Village Svay Dangkum  ', 56, 21, NULL, NULL, NULL, NULL, NULL, NULL, NULL, 0, NULL, NULL, NULL, NULL, NULL, '17252', NULL, 'http://angkorpearl.com', 1, 3.00, 45, '2014-03-25', 3, NULL, 2, 4, '', '', '', '', 4, 1);
INSERT INTO `customer_profile` VALUES (65, 'Cheng Bunsan', 'The Moon Residence', '+855 69 585 566', 'reservation@themoonresidence.com', NULL, NULL, '#100, St.267, Vihear Chen Village, Svay Dangkum Commune', 56, 21, NULL, '', NULL, NULL, '', NULL, NULL, 0, NULL, NULL, NULL, '2019-09-06 10:59:24', 16, '17252', NULL, 'http://themoonresidence.com', 1, 4.00, 22, '2015-08-29', 2, NULL, 2, 4, '', '', '', '', 4, 1);
INSERT INTO `customer_profile` VALUES (66, 'Mr.Has Sophal', 'The Moon Villa ', '+855 12 629 969', 'reservation@themoonvilla.com', NULL, NULL, 'National Road 06,Phum Banteay Chas, Samaki Market zone', 56, 21, NULL, NULL, NULL, NULL, NULL, NULL, NULL, 0, NULL, NULL, NULL, NULL, NULL, '17000', NULL, 'http://themoonvilla.com', 3, 3.00, 19, '2015-08-29', 3, NULL, 2, 4, '', '', '', '', 4, 3);
INSERT INTO `customer_profile` VALUES (67, 'Mr. Mom Phirith', 'Royal Crown Hotel', '+855 92 373 114', 'gm@royalcrownhotel.com.kh', NULL, NULL, '#7 Makara Street, Wat Bo Village, Salakamreuk Commune', 56, 21, NULL, NULL, NULL, NULL, NULL, NULL, NULL, 1, NULL, NULL, NULL, NULL, NULL, '17000', NULL, 'http://royalcrownhotel.com.kh', 7, 4.00, 139, '2015-11-27', 2, NULL, 2, 4, '', '', '', '', 4, 7);
INSERT INTO `customer_profile` VALUES (68, 'Kyry Sok', 'Chronicle Residence And Spa', '+855 12 677 939', 'gm@chronicleresidenceandspa.com, operation@chronic', NULL, NULL, '# Road 30, 200m way from Borei Phreumprey.', 56, 21, NULL, NULL, NULL, NULL, NULL, NULL, NULL, 0, NULL, NULL, NULL, NULL, NULL, '17000', NULL, 'http://chronicleresidenceandspa.com', 1, 3.00, 22, '2015-11-27', 3, NULL, 2, 4, '', '', '', '', 4, 1);
INSERT INTO `customer_profile` VALUES (69, 'Mr. Chhorng Chhaiya', 'Three Room D\'Angkor', '+855 16 907 567', 'info@threeroomdangkor.com', NULL, NULL, 'Wat Leu Road, Village 3, Slor Kram', 56, 21, NULL, NULL, NULL, NULL, NULL, NULL, NULL, 0, NULL, NULL, NULL, NULL, NULL, '17000', NULL, 'http://threeroomdangkor.com ', 7, 4.00, 3, '2014-08-24', 3, NULL, 2, 4, '', '', '', '', 4, 7);
INSERT INTO `customer_profile` VALUES (70, 'Mr. Daravichhay SENG ', 'Angkor Miracle Resort & Spa', '+855 87 882 244', 'em@angkormiracle.com, ee@angkormiracle.com, reserv', NULL, NULL, 'National Road No. 6A. Khum Sra Nge (opposite of Cambodian cultural Village) Siem Reap', 56, 21, NULL, NULL, NULL, NULL, NULL, NULL, NULL, 0, NULL, NULL, NULL, NULL, NULL, '17000', NULL, 'http://angkormiracle.com/resort', 1, 5.00, 247, '2015-11-30', 3, NULL, 2, 4, '', '', '', '', 4, 1);
INSERT INTO `customer_profile` VALUES (71, 'Mr. Sophat', 'Nagara Angkor Boutique Hotel ', '+855 70 559 536', 'booking@nagaraangkor-boutique.com', NULL, NULL, 'Sok San Road, Stueng Thmei Village, Svay Dangkum Commune', 56, 21, NULL, NULL, NULL, NULL, NULL, NULL, NULL, 0, NULL, NULL, NULL, NULL, NULL, '17252', NULL, 'http://nagaraangkor-boutique.com', 7, 3.50, 36, '2015-11-21', 3, NULL, 2, 4, '', '', '', '', 4, 7);
INSERT INTO `customer_profile` VALUES (72, 'Nareth', 'Shadow of Angkor Guesthouse', '+855 12 968 881', 'shadowofangkor@gmail.com', NULL, NULL, 'No 353, Pokambor AV, on the river side, near Old Market', 56, 21, NULL, NULL, NULL, NULL, NULL, NULL, NULL, 0, NULL, NULL, NULL, NULL, NULL, '17000', NULL, 'http://shadowofangkor.com', 9, 1.00, 16, '2014-12-25', 3, NULL, 2, 4, '', '', '', '', 4, 9);
INSERT INTO `customer_profile` VALUES (73, 'Mr. Seng Sakada', 'Vilada Angkor Boutique', '+855 12 565 856', 'gm@viladaangkorboutique.com', NULL, NULL, 'Kor Kranch Village, Sangkat Siem Reap', 56, 21, NULL, NULL, NULL, NULL, NULL, NULL, NULL, 0, NULL, NULL, NULL, NULL, NULL, '17000', NULL, 'http://viladaangkorboutique.com', 7, 4.00, 7, '2015-11-03', 3, NULL, 2, 4, '', '', '', '', 4, 7);
INSERT INTO `customer_profile` VALUES (74, 'Laot Tre', 'La Residence Blanc D\'Angkor', '+855 70 261 397', 'sm@residenceblancangkor.com', NULL, NULL, ' #194 Krous Village, Svay Dangkum and 6th Street', 56, 21, NULL, NULL, NULL, NULL, NULL, NULL, NULL, 0, NULL, NULL, NULL, NULL, NULL, '17000', NULL, 'http://residenceblancangkor.com', 1, 4.00, 26, '2014-11-30', 3, NULL, 2, 4, '', '', '', '', 4, 1);
INSERT INTO `customer_profile` VALUES (75, 'Mr. Loy Salith', 'The Unique Angkor Villa', '+855 93 305 297', 'info@theuniqueangkorvilla.com', NULL, NULL, ' # 558, Steung Thmey Village, Sangkat Svaydangkum', 56, 21, NULL, NULL, NULL, NULL, NULL, NULL, NULL, 0, NULL, NULL, NULL, NULL, NULL, '17252', NULL, 'http://theuniqueangkorvilla.com', 3, 3.00, 18, '2015-02-07', 3, NULL, 2, 4, '', '', '', '', 4, 3);
INSERT INTO `customer_profile` VALUES (76, 'Mr. Martin Dishman', 'The One Villa Angkor', '+855 12 755 311', 'md@theonehotelcollection.com', NULL, NULL, 'Just off Street 52, Sambour Village.  5km from Old Market area and Hotel Be.', 56, 21, NULL, NULL, NULL, NULL, NULL, NULL, NULL, 0, NULL, NULL, NULL, NULL, NULL, '17000', NULL, 'http://theonehotelangkor.com', 1, 5.00, 20, '2014-12-25', 3, NULL, 2, 4, '', '', '', '', 4, 1);
INSERT INTO `customer_profile` VALUES (77, 'Ms. Vann Narin ', 'CHEZ MOI SUITE', '+855 12 584 897', 'reservation@chezmoi.asia', NULL, NULL, '#0378, Sombai road, Wat Damnak commune, Sangkat Salakamroeuk ', 56, 21, NULL, NULL, NULL, NULL, NULL, NULL, NULL, 0, NULL, NULL, NULL, NULL, NULL, '17000', NULL, 'http://suite.chezmoi.asia', 7, 4.00, 10, '2016-01-11', 3, '1970-01-01', 2, 4, '2019-06-13', 'They want to save budget for low season ', 'Ms. Narin', '098 958 387', 4, 7);
INSERT INTO `customer_profile` VALUES (78, 'Chuon Chantola', 'Siem Reap Vacation Hotel', '+855 95 800 881', 'sales@siemreapvacationhotel.com', NULL, NULL, 'Taneuy Street, Wat Bo Village, Salakamreuk Commune', 56, 21, NULL, NULL, NULL, NULL, NULL, NULL, NULL, 0, NULL, NULL, NULL, NULL, NULL, '17000', NULL, 'http://siemreapvacationhotel.com', 1, 3.00, 48, '2014-12-25', 3, NULL, 2, 4, '', '', '', '', 4, 1);
INSERT INTO `customer_profile` VALUES (79, 'Mr. Seang Sovann', 'Tropicana Residence & Resort', '+855 12 842 349', 'rm@tropicanaresidence.com', NULL, NULL, 'Angkor High School Road, Phum Wat Bo, Salakamreuk', 56, 21, NULL, NULL, NULL, NULL, NULL, NULL, NULL, 0, NULL, NULL, NULL, NULL, NULL, '17000', NULL, 'http://tropicanaresidence.com', 6, 4.00, 9, '2016-01-11', 3, NULL, 2, 4, '', '', '', '', 4, 6);
INSERT INTO `customer_profile` VALUES (80, 'Oul Van', 'Asia Tune Hotel', '+855 23 977 789', 'gm@asiatunehotel.com', NULL, NULL, 'No. 85, St. 19 Corner 148, Sangkat Phsar Kandal 2, Khan Daun Penh', 56, 1, NULL, NULL, NULL, NULL, NULL, NULL, NULL, 0, NULL, NULL, NULL, NULL, NULL, '', NULL, 'http://asiatunehotel.com', 1, 4.00, 83, '2014-12-01', 3, '1970-01-01', 2, 5, '2019-05-02', 'They want to prepare their property and they will back. ', 'Ms. LONG Kimly   ', 'Request by email ', 5, 1);
INSERT INTO `customer_profile` VALUES (81, 'Mr. Horn Bovuth', 'Bou Savy Villa', '+855 12 898 627', 'info@bousavyvilla.com, bousavyvilla7777@hotmail.co', NULL, NULL, 'Sok San Road, Phum Svay Dangkum, Sangkat Svay Dangkum', 56, 21, NULL, NULL, NULL, NULL, NULL, NULL, NULL, 1, NULL, NULL, NULL, NULL, NULL, '063', NULL, 'http://bousavyvilla.com', 3, 3.50, 20, '2017-08-02', 2, NULL, 2, 5, '', '', '', '', 4, 3);
INSERT INTO `customer_profile` VALUES (82, 'Mr. Nath kananda', 'Boutique Kampot Hotel', '+855 61 888 626', 'kananda.nath@gmail.com', NULL, NULL, '#10 of 68 Specialty Lodging in Kampot 1 Ousaphea Village, Kampong Kandal', 56, 8, NULL, NULL, NULL, NULL, NULL, NULL, NULL, 1, NULL, NULL, NULL, NULL, NULL, '', NULL, 'http://boutiquekampot.com', 7, 4.00, 18, '2018-01-29', 2, NULL, 2, 5, '', '', '', '', 4, 7);
INSERT INTO `customer_profile` VALUES (83, 'Mr. Chivid', 'Bunwin Boutique Hotel', '+855 63 969 158', 'reservation@bunwinboutique.com', NULL, NULL, 'National Road 06, Phum Banteay Chas, Opposite Samaki Market', 56, 21, NULL, NULL, NULL, NULL, NULL, NULL, NULL, 1, NULL, NULL, NULL, NULL, NULL, '', NULL, 'http://bunwinboutique.com', 1, 4.00, 11, '2015-08-29', 2, NULL, 2, 5, '', '', '', '', 4, 1);
INSERT INTO `customer_profile` VALUES (84, 'Mr. Has Sophal', 'Bunwin Plantation', '+855 17 310 229', 'gm@bunwinboutique.com', NULL, NULL, 'Kakranh Village', 56, 21, NULL, NULL, NULL, NULL, NULL, NULL, NULL, 0, NULL, NULL, NULL, NULL, NULL, '', NULL, 'http://plantation.bunwinplantation.com', 1, 3.00, 14, '2015-09-14', 3, NULL, 2, 5, '', '', '', '', 4, 1);
INSERT INTO `customer_profile` VALUES (85, 'Mr. Phasy Sun', 'Bunwin Residence', '+855 63 763 677', 'reservation@bunwinresidence.com', NULL, NULL, 'Kor Kranh Village ', 56, 21, NULL, NULL, NULL, NULL, NULL, NULL, NULL, 0, NULL, NULL, NULL, NULL, NULL, '', NULL, 'http://bunwinresidence.com', 3, 4.00, 10, '2015-09-14', 3, '1970-01-01', 2, 5, '2019-02-04', 'Stop selling online', 'Chivid Yem', '(855) 12346644/86 24 06 89', 4, 3);
INSERT INTO `customer_profile` VALUES (86, 'Ms. Shierlyn', 'Casa Villa Independence Boutique Hotel', '+855 23 211 729', 'reservation@casa-villa.com', NULL, NULL, '#4, Street 294, Boeung Keng Kong 1', 56, 1, NULL, NULL, NULL, NULL, NULL, NULL, NULL, 1, NULL, NULL, NULL, NULL, NULL, '', NULL, 'http://casa-villa.com', 1, 4.00, 12, '2015-01-01', 2, NULL, 2, 5, '', '', '', '', 4, 1);
INSERT INTO `customer_profile` VALUES (87, 'Mr. Thorn Ve', 'Central Boutique Angkor Hotel', '+855 63 764 030', 'info@centralboutiqueangkorhotel.com', NULL, NULL, 'In front of Sala Bai Hospitality School, Tapoul villa, Svay Dangkum commune.', 56, 21, NULL, NULL, NULL, NULL, NULL, NULL, NULL, 1, NULL, NULL, NULL, NULL, NULL, '', NULL, 'http://centralboutiqueangkorhotel.com', 1, 3.00, 54, '2016-06-23', 2, NULL, 2, 5, '', '', '', '', 4, 1);
INSERT INTO `customer_profile` VALUES (88, 'Ms. Kimly Cheak', 'Central Suite Residence', '+855 63 969 691', 'relations@centralsuiteresidence.com', NULL, NULL, 'City Center, Sok San Road, Old Market Area', 56, 21, NULL, NULL, NULL, NULL, NULL, NULL, NULL, 0, NULL, NULL, NULL, NULL, NULL, '17000', NULL, 'http://centralsuiteresidence.com', 1, 4.00, 32, '2016-03-03', 3, NULL, 2, 5, '', '', '', '', 4, 1);
INSERT INTO `customer_profile` VALUES (89, 'Mrs.  ABDOUNE', 'Chateau The Meliya Hotel & Apartment', '+855 23 987 212', 'jessica.a@chateauthemeliya.com', NULL, NULL, '10B, St. 264, Sangkat Chaktomuk,  Khan Doun Penh', 56, 1, NULL, NULL, NULL, NULL, NULL, NULL, NULL, 0, NULL, NULL, NULL, NULL, NULL, '', NULL, 'http://chateauthemeliya.com', 1, 4.00, 54, '2017-03-20', 3, '1970-01-01', 2, 5, '2019-07-01', 'They have a new property and their management team wants to change to another system.', 'Samkot LY ', 'Sent email ', 5, 1);
INSERT INTO `customer_profile` VALUES (90, 'Mr. Prosa', 'Colina Boutique Hotel', '+855 23 221 088', 'om@colinaboutiquehotel.com', NULL, NULL, 'No. 26,  At corner of street 123 and 440, Tuoltompoung I, Chamkarmorn', 56, 1, NULL, NULL, NULL, NULL, NULL, NULL, NULL, 0, NULL, NULL, NULL, NULL, NULL, '', NULL, 'http://colinaboutiquehotel.com', 7, 4.00, 44, '2015-04-03', 3, NULL, 2, 5, '', '', '', '', 4, 7);
INSERT INTO `customer_profile` VALUES (91, 'Kamala Thomas', 'Cubby House Resort', '+855016388573', 'info@cubbyhouse.asia', NULL, NULL, 'Otres River Village', 56, 16, NULL, NULL, NULL, NULL, NULL, NULL, NULL, 1, NULL, NULL, NULL, NULL, NULL, '', NULL, 'http://cubbyhouse.asia', 8, 2.50, 2, '2015-10-27', 2, NULL, 2, 5, '', '', '', '', 4, 8);
INSERT INTO `customer_profile` VALUES (92, 'Mr. Sophal Phoeun ', 'Damnak Villa Retreat ', '+855 77 979 711', 'info@damnakvillaretreat.com', NULL, NULL, ' | #92,Group#6,Trapeang Ses, Kork Chak, Siem Reap, Cambodia', 56, 21, NULL, '', NULL, NULL, '', NULL, NULL, 0, NULL, NULL, NULL, '2019-09-06 10:38:55', 16, '17252', NULL, 'http://damnakvillaretreat.com', 3, 3.00, 6, '2018-07-21', 2, NULL, 2, 5, '', '', '', '', 4, 3);
INSERT INTO `customer_profile` VALUES (93, 'Mr. Sombo', 'Damrei Angkor Hotel', '+855 63 968 717', 'info@damreiangkorhotel.com', NULL, NULL, 'Street 20, Wat Bo Village, Salakomroek Commune', 56, 21, NULL, NULL, NULL, NULL, NULL, NULL, NULL, 1, NULL, NULL, NULL, NULL, NULL, '', NULL, 'http://damreiangkorhotel.com', 1, 4.00, 50, '2017-06-12', 2, NULL, 2, 5, '', '', '', '', 4, 1);
INSERT INTO `customer_profile` VALUES (94, 'Mr. Peter', 'De I\'homme ', '+855 96 829 3544', 'reservation@hoteldelhomme.com', NULL, NULL, 'Phnom Penh', 56, 1, NULL, NULL, NULL, NULL, NULL, NULL, NULL, 0, NULL, NULL, NULL, NULL, NULL, '', NULL, 'http://deihomme.com', 1, 4.00, 15, '2018-03-29', 3, '1970-01-01', 2, 4, '', '', '', '', 4, 1);
INSERT INTO `customer_profile` VALUES (95, 'Mr. Mike Hob', 'De Sarann Suites', '+855 63 900 050', 'info@desarannvilla.com, info@desarannsuites.com', NULL, NULL, '#092, Group 6, Trapeang Ses Village | Sangkat Kork Chork, Siem Reap', 56, 21, NULL, NULL, NULL, NULL, NULL, NULL, NULL, 0, NULL, NULL, NULL, NULL, NULL, '', NULL, 'http://desarannsuites.com', 1, 4.00, 8, '2016-08-19', 3, NULL, 2, 5, '', '', '', '', 4, 1);
INSERT INTO `customer_profile` VALUES (96, 'Mr. Andrew Pan', 'De Sarann Villa', '+855 88 299 9923', 'info@desarannvilla.com', NULL, NULL, '#37 Trang Village, Sangkat Slorkram', 56, 21, NULL, NULL, NULL, NULL, NULL, NULL, NULL, 0, NULL, NULL, NULL, NULL, NULL, '', NULL, 'http://desarannvilla.com', 3, 4.00, 4, '2016-03-27', 3, NULL, 2, 5, '', '', '', '', 4, 3);
INSERT INTO `customer_profile` VALUES (97, 'Mr. Kim May', 'Dechasey Residence', '+855 63 965 945', 'operation@dechaseyresidence.com', NULL, NULL, 'Off Route Six, About 300 meters down Korean-Cambodian Friendship Rd', 56, 21, NULL, NULL, NULL, NULL, NULL, NULL, NULL, 0, NULL, NULL, NULL, NULL, NULL, '', NULL, 'http://communityresidencesiemreap.com', 1, 4.00, 10, '2017-04-28', 3, NULL, 2, 5, '', '', '', '', 4, 1);
INSERT INTO `customer_profile` VALUES (98, 'Mr. Maco', 'Demo', '+855 69 955 179', 'info@eocambo.com', NULL, NULL, 'slarkram', 56, 21, NULL, NULL, NULL, NULL, NULL, NULL, NULL, 1, NULL, NULL, NULL, NULL, NULL, '17000', NULL, 'http://eocambo.com', 6, 5.00, 20, '2018-07-02', 1, '2019-01-24', 2, 5, '', '', '', '', 4, 6);
INSERT INTO `customer_profile` VALUES (99, 'Mr. Heng Sothea', 'Dinata Angkor Boutique', '+855 63 968 836', 'gm@dinataangkor.com', NULL, NULL, 'Taphul Road, Svay Dangkum Commune', 56, 21, NULL, NULL, NULL, NULL, NULL, NULL, NULL, 0, NULL, NULL, NULL, NULL, NULL, '', NULL, 'http://dinataangkor.com', 7, 3.00, 28, '2017-09-22', 3, '1970-01-01', 2, 5, '', '', '', '', 4, 7);
INSERT INTO `customer_profile` VALUES (100, 'Mr. Paolo', 'Dom Boutique Hotel', '+855 96 330 6403', 'domsiemreap@gmail.com', NULL, NULL, 'Wat Damnak village, Sangkat Sala Kamreuk Siem Reap Cambodia', 56, 21, NULL, NULL, NULL, NULL, NULL, NULL, NULL, 0, NULL, NULL, NULL, NULL, NULL, '', NULL, 'http://domsiemreap.com/en-us', 7, 3.00, 26, '2018-04-06', 3, NULL, 2, 5, '', '', '', '', 4, 7);
INSERT INTO `customer_profile` VALUES (101, 'Mr. Phanith Lmoth', 'Double Leaf Boutique Hotel', '+855 23 226 299', 'gm@doubleleafhotel.com', NULL, NULL, '#32, Street 123, Toul Tom Pong I, Khan Chamkamon', 56, 1, NULL, NULL, NULL, NULL, NULL, NULL, NULL, 0, NULL, NULL, NULL, NULL, NULL, '', NULL, 'http://doubleleafhotel.com', 7, 4.00, 48, '2014-12-01', 3, NULL, 2, 5, '', '', '', '', 4, 7);
INSERT INTO `customer_profile` VALUES (102, 'Mr. Vorn Savoeun', 'Dyna Boutique Hotel', '+855 63 968 881', 'gm@dynaboutiquehotel.com', NULL, NULL, 'Phum Salar Kanseng, Khum Svay DangKum', 56, 21, NULL, NULL, NULL, NULL, NULL, NULL, NULL, 0, NULL, NULL, NULL, NULL, NULL, '', NULL, 'http://dynaboutiquehotel.com', 7, 3.00, 12, '2015-03-30', 3, NULL, 2, 5, '', '', '', '', 4, 7);
INSERT INTO `customer_profile` VALUES (103, 'Mr. Den', 'Eco Villa', '+855 92 307 314', 'den@ehotelbiz.com', NULL, NULL, '# Road 30, Behind Krous High School, Infront of Tropical Restaurant, Kruos, Siem Reap', 56, 21, NULL, NULL, NULL, NULL, NULL, NULL, NULL, 0, NULL, NULL, NULL, NULL, NULL, '', NULL, 'http://ecovillasiemreap.com', 3, 4.00, 10, '2017-02-09', 3, NULL, 2, 5, '', '', '', '', 4, 3);
INSERT INTO `customer_profile` VALUES (104, 'Mr. Peter Phich', 'eOcambo Residence', '+855 70 379 905', 'reservation@eocamboresidence.com', NULL, NULL, '#Street 22 (Tea Csales@eocamboresidence.comhamrat), Wat Bo Village, Siem Reap', 56, 21, NULL, NULL, NULL, NULL, NULL, NULL, NULL, 1, NULL, NULL, NULL, NULL, NULL, '', NULL, 'http://eocamboresidence.com', 1, 4.00, 22, '2017-08-09', 2, NULL, 2, 4, '', '', '', '', 4, 1);
INSERT INTO `customer_profile` VALUES (105, 'Mr. Peter Phich', 'eOcambo Resort', '+855 70 379 905', 'peter@eocambo.com', NULL, NULL, 'BBU Road, Vihear Chen Village, Sangkat Svay Dangkum, Siem Reap', 56, 21, NULL, NULL, NULL, NULL, NULL, NULL, NULL, 1, NULL, NULL, NULL, NULL, NULL, '17252', NULL, 'http://eocamboresort.com', 6, 5.00, 28, '2018-08-02', 2, NULL, 2, 4, '', '', '', '', 4, 6);
INSERT INTO `customer_profile` VALUES (106, 'Mr. Peter', 'eOCambo Villa', '+855 70 379 905', 'info@eocambovilla.com', NULL, NULL, 'BBU road, Vihear Chen Village, Svaydangkum Cummune, Siem Reap', 56, 21, NULL, NULL, NULL, NULL, NULL, NULL, NULL, 1, NULL, NULL, NULL, NULL, NULL, '', NULL, 'http://villa.eocambovilla.com', 3, 2.00, 8, '2017-05-30', 2, NULL, 2, 4, '', '', '', '', 4, 3);
INSERT INTO `customer_profile` VALUES (107, 'Mr. Peter Phich', 'eOcambo Village', '+855 70 379 905', 'reservation@eocambovillage.com', NULL, NULL, 'Street 22 (Tea Chamrat), Wat Bo Village', 56, 21, NULL, NULL, NULL, NULL, NULL, NULL, NULL, 1, NULL, NULL, NULL, NULL, NULL, '', NULL, 'http://eocambovillage.com', 1, 4.00, 28, '2017-08-19', 2, NULL, 2, 4, '', '', '', '', 4, 1);
INSERT INTO `customer_profile` VALUES (108, 'Mr. Vannak', 'F&B Hostel', '+855 89 672 722', 'phoanvannak@gmail.com', NULL, NULL, 'Sok San Road, Phum Svay Dangkum, Sangkat Svay Dangkum', 56, 21, NULL, NULL, NULL, NULL, NULL, NULL, NULL, 0, NULL, NULL, NULL, NULL, NULL, '', NULL, 'http://fbsiemreaphostel.com', 1, 3.00, 12, '2017-08-09', 3, NULL, 2, 5, '', '', '', '', 4, 1);
INSERT INTO `customer_profile` VALUES (109, 'Mr.Krishna ', 'Fancy Boutique Villa', '+855 63 965 377', 'gm@fancyboutiquevilla.com', NULL, NULL, 'Samdach Tep Vong Street, Group 2, Steung Thmey Village, Sangkat Svaydangkom', 56, 21, NULL, NULL, NULL, NULL, NULL, NULL, NULL, 0, NULL, NULL, NULL, NULL, NULL, '', NULL, 'http://fancyboutiquevilla.com', 7, 4.00, 13, '2016-01-15', 3, NULL, 2, 4, '', '', '', '', 4, 7);
INSERT INTO `customer_profile` VALUES (110, 'Mr. Phannak ', 'Fancy Guest House', '+855 23 211 829', 'fancyguesthouse@yahoo.com', NULL, NULL, 'No. 169B, Street 15, Phsar Kandal 2, Khan Daun Penh', 56, 1, NULL, NULL, NULL, NULL, NULL, NULL, NULL, 0, NULL, NULL, NULL, NULL, NULL, '', NULL, 'http://fancyguesthouse.com', 9, 0.00, 21, '2014-10-20', 3, NULL, 2, 4, '', '', '', '', 4, 9);
INSERT INTO `customer_profile` VALUES (111, 'Mr. Arun Raing', 'Feliz Hostel Cafe & Bar', '+855 23 216 596', ' bookings@felizhostel.com', NULL, NULL, 'Z6-132, St 51, Buoeng Keng Kong 1 Commune, Chamkarmon District', 56, 1, NULL, NULL, NULL, NULL, NULL, NULL, NULL, 1, NULL, NULL, NULL, NULL, NULL, '12302', NULL, 'http://felizhostel.com', 2, 3.00, 18, '2016-07-12', 2, NULL, 2, 4, '', '', '', '', 4, 2);
INSERT INTO `customer_profile` VALUES (112, 'Mr. Arun Raing', 'Feliz Urban Hotel', '+855 23 212 555', 'generalmanager.feliz@gmail.com', NULL, NULL, ' #3 Bis, Street 288, Boeung Keng Kang Commune, Chamkarmon District, PhnomPenh', 56, 1, NULL, NULL, NULL, NULL, NULL, NULL, NULL, 1, NULL, NULL, NULL, NULL, NULL, '12302', NULL, 'http://', 1, 4.00, 36, '2017-03-09', 2, NULL, 2, 4, '', '', '', '', 4, 1);
INSERT INTO `customer_profile` VALUES (113, 'Mr. CHHAI', 'Flourishing Boutique Hotel', '+855 61 222 637', 'info@flourishingboutique.com', NULL, NULL, 'Country Road Wat Chowk, Svay Dangkum, Siem Reap, Cambodja', 56, 21, NULL, NULL, NULL, NULL, NULL, NULL, NULL, 0, NULL, NULL, NULL, NULL, NULL, '', NULL, 'http://flourishingboutique.com', 1, 4.00, 6, '2016-10-31', 3, NULL, 2, 5, '', '', '', '', 4, 1);
INSERT INTO `customer_profile` VALUES (114, 'Mr. Sarat Yoeung', 'G & Z Angkor Hotel', '+855 10 339 235', 'Sarath.y@wegoalconsulting.com', NULL, NULL, 'Siem Reap', 56, 21, NULL, NULL, NULL, NULL, NULL, NULL, NULL, 0, NULL, NULL, NULL, NULL, NULL, '', NULL, 'http://gzangkorhotel.com', 1, 3.00, 21, '2018-04-30', 3, NULL, 2, 4, '', '', '', '', 4, 1);
INSERT INTO `customer_profile` VALUES (115, 'Mr. David Chhun', 'G & Z Angkor Boutique', '+855 87 757 555', 'gm@gzinvestmentgroups.com', NULL, NULL, 'Siem Reap', 56, 21, NULL, NULL, NULL, NULL, NULL, NULL, NULL, 0, NULL, NULL, NULL, NULL, NULL, '', NULL, 'http://gzangkorboutique.com', 7, 4.00, 18, '2018-04-30', 3, NULL, 2, 4, '', '', '', '', 4, 7);
INSERT INTO `customer_profile` VALUES (116, 'Mr. Oem Sopha', 'Garden Flower Resort ', '+855 96 868 6296', 'info@gardenflowerresort.com', NULL, NULL, ' Phum Khnar, Khum Chreav, Siem Reap district,Siem Reap province', 56, 21, NULL, NULL, NULL, NULL, NULL, NULL, NULL, 0, NULL, NULL, NULL, NULL, NULL, '17256', NULL, 'http://gardenflowerresort.com', 6, 4.00, 30, '2019-02-08', 3, '2019-02-12', 14, 5, '2019-03-22', 'They don\'t have any OTAs that make a reservation and they want to prepare their property.', 'General Manager (B Nisa)', '+855 78 299 995', 5, 6);
INSERT INTO `customer_profile` VALUES (117, 'Mr. Hom Sokleng', 'GBT 3 Guesthouse', '+855 16 777 818', 'gbt_beach@yahoo.com', NULL, NULL, 'Serendipity Street', 56, 16, NULL, NULL, NULL, NULL, NULL, NULL, NULL, 0, NULL, NULL, NULL, NULL, NULL, '1800', NULL, 'http://gbt3guesthouse.com', 9, 2.00, 46, '2015-05-07', 3, NULL, 2, 5, '', '', '', '', 4, 9);
INSERT INTO `customer_profile` VALUES (118, 'Mr. Bill Longo', 'Genevieve\'s Khmer Villa', '+855 63 966 566', 'billlongotemp@gmail.com', NULL, NULL, '#0141, Wat Damnak Street, Old Market', 56, 21, NULL, NULL, NULL, NULL, NULL, NULL, NULL, 0, NULL, NULL, NULL, NULL, NULL, '', NULL, 'http://genevieveskhmervilla.com', 1, 3.00, 29, '2017-09-14', 3, NULL, 2, 5, '', '', '', '', 4, 1);
INSERT INTO `customer_profile` VALUES (119, 'Chhem Samnang', 'Glory Angkor Hotel', '+855 12 366 657', 'info@gloryangkorhotel.com', NULL, NULL, 'Wat Bo Road, Wat Bo Village,  Salakormrouk Commune, ', 56, 21, NULL, NULL, NULL, NULL, NULL, NULL, NULL, 1, NULL, NULL, NULL, NULL, NULL, '', NULL, 'http://gloryangkorhotel.com', 1, 4.00, 16, '2018-02-02', 2, NULL, 2, 5, '', '', '', '', 4, 1);
INSERT INTO `customer_profile` VALUES (120, 'Mr. Laot Tre', 'Golden Banana Residence ', '+855 70 261 397', 'gm@golden-banana.com', NULL, NULL, 'Siem Reap', 56, 21, NULL, NULL, NULL, NULL, NULL, NULL, NULL, 0, NULL, NULL, NULL, NULL, NULL, '', NULL, 'http://golden-banana.com', 1, 3.00, 30, '2017-12-04', 3, NULL, 2, 5, '', '', '', '', 4, 1);
INSERT INTO `customer_profile` VALUES (121, 'Mr. Chen ', 'Golden Butterfly Villa', '+855 96 801 0338', 'info@goldenbutterflyvilla.com', NULL, NULL, 'Stung Thmey, Svay Dangkum near Pub Street, Pub Street Alley', 56, 21, NULL, NULL, NULL, NULL, NULL, NULL, NULL, 1, NULL, NULL, NULL, NULL, NULL, '1710', NULL, 'http://goldenbutterflyvilla.com', 3, 3.00, 25, '2016-08-29', 2, NULL, 2, 5, '', '', '', '', 4, 3);
INSERT INTO `customer_profile` VALUES (122, 'Mrs. Lim Siv Mey', 'Golden House International Hotel', '+855 23 222 167', 'mail@goldenhouse.asia', NULL, NULL, '#23-25 St.136, Phsar Kandal 1  Daun Penh', 56, 1, NULL, NULL, NULL, NULL, NULL, NULL, NULL, 1, NULL, NULL, NULL, NULL, NULL, '12204', NULL, 'http://goldenhouse.asia', 1, 3.00, 21, '2014-08-19', 2, NULL, 2, 5, '', '', '', '', 4, 1);
INSERT INTO `customer_profile` VALUES (123, 'Mr. Cheab Sokvann', 'Golden Mango Inn', '+855 63 761 857', 'info@goldenmangoinn.com ', NULL, NULL, 'Road 6, Chongkaosou Village, Slorkram Commune', 56, 21, NULL, NULL, NULL, NULL, NULL, NULL, NULL, 0, NULL, NULL, NULL, NULL, NULL, '', NULL, 'http://goldenmangoinn.com', 1, 3.00, 24, '2017-06-16', 3, NULL, 2, 5, '', '', '', '', 4, 1);
INSERT INTO `customer_profile` VALUES (124, 'Mr. Sok Sopheng', 'Golden Sand Hotel ', '+855 34 933 607', 'info@goldensandhotel.com.kh', NULL, NULL, 'Ochheuteal beach, St. 23 Tola, Sangkat 4', 56, 16, NULL, NULL, NULL, NULL, NULL, NULL, NULL, 0, NULL, NULL, NULL, NULL, NULL, '', NULL, 'http://goldensandhotel.com.kh', 1, 4.00, 120, '2015-03-18', 3, NULL, 2, 5, '', '', '', '', 4, 1);
INSERT INTO `customer_profile` VALUES (125, 'Mr. Chang Suk Oh', 'Golden Sea Beach Hotel & Casino', '+855 12 603 600', 'hotel@goldenseabeach.com', NULL, NULL, 'Victory Beach, Vithey Krong, Sangkat 3', 56, 16, NULL, NULL, NULL, NULL, NULL, NULL, NULL, 0, NULL, NULL, NULL, NULL, NULL, '', NULL, 'http://goldenseabeach.com', 1, 4.00, 40, '2015-01-26', 3, NULL, 2, 5, '', '', '', '', 4, 1);
INSERT INTO `customer_profile` VALUES (126, 'Mr. Charkrong Chhong', 'Golden Sea Hotel & Casino', '+855 92 230 888', 'gm@goldenseahotels.com', NULL, NULL, 'Ekareach St,Sangkat3, Sihanouk vill Preach Sihanouk Province,Kingdom of Cambodia', 56, 16, NULL, NULL, NULL, NULL, NULL, NULL, NULL, 0, NULL, NULL, NULL, NULL, NULL, '', NULL, 'http://goldenseahotels.com', 1, 4.00, 105, '2016-06-27', 3, NULL, 2, 5, '', '', '', '', 4, 1);
INSERT INTO `customer_profile` VALUES (127, 'Mr. Chot Barang', 'Golden Temple Boutique', '+855 63 212 222', 'reservations@goldentempleboutique.com', NULL, NULL, 'Steung Thmey Village, Savay Dangkum Commune, Siem Reap', 56, 21, NULL, NULL, NULL, NULL, NULL, NULL, NULL, 0, NULL, NULL, NULL, NULL, NULL, '17252', NULL, 'https://www.goldentempleboutique.com/home', 7, 4.00, 19, '2017-07-21', 3, NULL, 2, 5, '', '', '', '', 4, 7);
INSERT INTO `customer_profile` VALUES (128, 'Mr. Luon Thea', 'Golden Temple Hotel', '+855 63 967 996', 'info@goldentemplehotel.com, fom@goldentemplehotel.', NULL, NULL, '7 Makara road, or Angkor High School road', 56, 21, NULL, NULL, NULL, NULL, NULL, NULL, NULL, 0, NULL, NULL, NULL, NULL, NULL, '', NULL, 'http://goldentemplehotel.com', 7, 4.00, 29, '2015-09-28', 3, NULL, 2, 5, '', '', '', '', 4, 7);
INSERT INTO `customer_profile` VALUES (129, 'Mr. Loun Thea', 'Golden Temple Retreat', '+855 63 217 777', 'gm@goldentempleretreat.com, it@goldentempleresiden', NULL, NULL, 'Wat Damnak, Sala Kamreuk, Siem Reap', 56, 21, NULL, NULL, NULL, NULL, NULL, NULL, NULL, 0, NULL, NULL, NULL, NULL, NULL, '17252', NULL, 'http://retreat.goldentempleretreat.com', 1, 4.00, 32, '2016-12-22', 3, NULL, 2, 5, '', '', '', '', 4, 1);
INSERT INTO `customer_profile` VALUES (130, 'Mr. Luon Thea', 'Golden Temple Villa', '+855 12 794 938', 'reservations@goldentemplevilla.com, info@goldentem', NULL, NULL, 'Sok San Road, Svay Dangkum', 56, 21, NULL, NULL, NULL, NULL, NULL, NULL, NULL, 0, NULL, NULL, NULL, NULL, NULL, '17252', NULL, 'http://villa.goldentemplevilla.com', 3, 4.00, 23, '2015-10-16', 3, NULL, 2, 5, '', '', '', '', 4, 3);
INSERT INTO `customer_profile` VALUES (131, 'Ms. Nimol Tha', 'Grand Elevation Hotel ', '+855 77 556 528', 'elevation.hotel@yahoo.com', NULL, NULL, 'House G6 G7 G8, St. Sothearos, Tonle Basac Charmkarmon, Chamkar Morn, Phnom Penh, Cambodia', 56, 1, NULL, NULL, NULL, NULL, NULL, NULL, NULL, 1, NULL, NULL, NULL, NULL, NULL, '', NULL, 'https://grandelevationhotel.com', 1, 3.00, 54, '2018-08-16', 2, NULL, 2, 5, '', '', '', '', 4, 1);
INSERT INTO `customer_profile` VALUES (132, 'Mr. Phu Vireak', 'Green Amazon Residence', '+855 63 767 7000', 'book@greenamazonresidence.com', NULL, NULL, 'Phneachey Village, Svay Dangkom Commune', 56, 21, NULL, NULL, NULL, NULL, NULL, NULL, NULL, 0, NULL, NULL, NULL, NULL, NULL, '', NULL, 'http://greenamazonresidence.com', 1, 4.00, 52, '2017-12-04', 3, NULL, 2, 5, '', '', '', '', 4, 1);
INSERT INTO `customer_profile` VALUES (133, 'Ms. Sothy Samrith', 'La Parranda Residence & Hotel', '+855 23 424 106', 'info@laparrandahotels.com', NULL, NULL, 'No.207, St. Mao Tsetoung, Sangkat Toul Svay Prey 2, Khan Chomkamorn', 56, 1, NULL, NULL, NULL, NULL, NULL, NULL, NULL, 0, NULL, NULL, NULL, NULL, NULL, '', NULL, 'http://laparrandahotels.com', 1, 3.00, 56, '2015-03-05', 3, NULL, 2, 5, '', '', '', '', 4, 1);
INSERT INTO `customer_profile` VALUES (134, 'Mr. Piseth', 'KT Apartment Siem Reap', '+855 12 415 774', 'info@kt-apartments.com', NULL, NULL, 'Street 26, Siem Reap', 56, 21, NULL, NULL, NULL, NULL, NULL, NULL, NULL, 1, NULL, NULL, NULL, NULL, NULL, '', NULL, 'http://kt-apartments.com', 5, 0.00, 12, '2017-05-12', 2, NULL, 2, 5, '', '', '', '', 4, 5);
INSERT INTO `customer_profile` VALUES (135, 'Mr. Srey Meng Ly', 'Kralanh Petite Villa', '+855 17 597 513', 'gm@kralanhpetitevilla.com', NULL, NULL, 'Veal Village | Sangkat Kouk Chork', 56, 21, NULL, NULL, NULL, NULL, NULL, NULL, NULL, 0, NULL, NULL, NULL, NULL, NULL, '', NULL, 'http://kralanhpetitevilla.com', 3, 3.50, 6, '2016-04-21', 3, NULL, 2, 5, '', '', '', '', 4, 3);
INSERT INTO `customer_profile` VALUES (136, 'Mr. Korm Sopheng', 'KOUPREY HOTEL', '+855 63 765 674', 'info@hotelkoupreyangkor.org', NULL, NULL, 'Top Town Road, Krous Village, Svay Dangkum', 56, 21, NULL, NULL, NULL, NULL, NULL, NULL, NULL, 0, NULL, NULL, NULL, NULL, NULL, '', NULL, 'http://hotelkoupreyangkor.org', 1, 3.50, 57, '2015-10-01', 3, NULL, 2, 5, '', '', '', '', 4, 1);
INSERT INTO `customer_profile` VALUES (137, 'Ms. KEO SONY', 'Kolab Sor Phnom Penh Hotel', '+855 12 802 707', 'info@kolabsorhotel.com ', NULL, NULL, '#436, Street 310, Sangkat Boeung Keng Kang III, Khan Chamkarmon', 56, 1, NULL, NULL, NULL, NULL, NULL, NULL, NULL, 1, NULL, NULL, NULL, NULL, NULL, '', NULL, 'http://kolabsorhotel.com', 1, 4.00, 52, '2015-02-04', 2, NULL, 2, 5, '', '', '', '', 4, 1);
INSERT INTO `customer_profile` VALUES (138, 'Mr. Sitha Nhem ', 'Koh Rong Love Resort', '+855 16 963 198', 'gm@kohrongloveresort.com', NULL, NULL, 'Koh Rong Island , Sok San Village, Sangkat Koh Rong, Sihanouk Ville, Sihanouk province', 56, 16, NULL, '', NULL, NULL, '', NULL, NULL, 0, NULL, NULL, NULL, '2019-09-06 10:34:40', 16, '', NULL, 'http://kohrongloveresort.com', 6, 0.00, 48, '2017-10-09', 2, NULL, 2, 5, '', '', '', '', 4, 6);
INSERT INTO `customer_profile` VALUES (139, 'Mr. Long Vansak', 'Klampuu Villa Hostel', '+855 10 556 191', 'long.vansak@gmail.com', NULL, NULL, 'st 53, Stueng Thmei Village, Svay Dangkum Commune', 56, 21, NULL, NULL, NULL, NULL, NULL, NULL, NULL, 0, NULL, NULL, NULL, NULL, NULL, '', NULL, 'http://klampuuvillahostel.com', 2, 3.00, 11, '2018-01-03', 3, NULL, 2, 5, '', '', '', '', 4, 2);
INSERT INTO `customer_profile` VALUES (140, 'Mr. Long Vansak', 'Klampuu Villa', '+855 12 926 020', 'long.vansak@gmail.com', NULL, NULL, 'Street 53, Stueng Thmei Village, Svay Dangkum Commune', 56, 21, NULL, NULL, NULL, NULL, NULL, NULL, NULL, 1, NULL, NULL, NULL, NULL, NULL, '17252', NULL, 'http://klampuuvilla.com', 3, 3.00, 11, '2017-10-31', 2, NULL, 2, 5, '', '', '', '', 4, 3);
INSERT INTO `customer_profile` VALUES (141, 'Mr. Hem Sophoun', 'King Rock Boutique Hotel', '+855 63 766 141', 'om@kingrockboutique.com', NULL, NULL, 'Group #7, Wat Damnak, Sala Kamreouk', 56, 21, NULL, NULL, NULL, NULL, NULL, NULL, NULL, 0, NULL, NULL, NULL, NULL, NULL, '17254', NULL, 'http://kingrockboutique.com', 7, 4.00, 18, '2016-06-25', 3, NULL, 2, 5, '', '', '', '', 4, 7);
INSERT INTO `customer_profile` VALUES (142, 'Mr. Sam', 'King Boutique Hotel', '+855 63 760 655', 'kingboutiquehotel@gmail.com', NULL, NULL, '251 Samdach Tep Vong, Siem Reap 17252', 56, 21, NULL, NULL, NULL, NULL, NULL, NULL, NULL, 0, NULL, NULL, NULL, NULL, NULL, '', NULL, 'http://kingboutiquehotel.com', 1, 3.00, 24, '2016-10-19', 3, NULL, 2, 5, '', '', '', '', 4, 1);
INSERT INTO `customer_profile` VALUES (143, 'Jacky LONG ', 'Khmere Maison D\'Angkor', '+855 63 766 062', 'jacky@khmeremaisondangkor.com', NULL, NULL, '#482, BO POX 93090, City Center, National Road No.6, Wat Kesaram Street, Sangkat Svay Dangkum,', 56, 21, NULL, NULL, NULL, NULL, NULL, NULL, NULL, 0, NULL, NULL, NULL, NULL, NULL, '17000', NULL, 'http://khmeremaisondangkor.com', 7, 3.00, 6, '2015-11-02', 3, NULL, 2, 5, '', '', '', '', 4, 7);
INSERT INTO `customer_profile` VALUES (144, 'Ms. Vichna Run', 'Khmer Wooden Hostel', '+855 63 965 444', 'info@khmerwoodenhostel.com', NULL, NULL, '#144, Taphul Village, Svaydangkum', 56, 21, NULL, NULL, NULL, NULL, NULL, NULL, NULL, 0, NULL, NULL, NULL, NULL, NULL, '', NULL, 'http://khmerwoodenhostel.com', 2, 0.00, 4, '2016-02-23', 3, NULL, 2, 5, '', '', '', '', 4, 2);
INSERT INTO `customer_profile` VALUES (145, 'Ms. Chea Komrong', 'Khmer Mansion Residence', '+855 63 762 333', 'reservation@khmermansionresidence.com, gm@khmerman', NULL, NULL, 'Sok San Street, Stung Thmey Village, Svay Dangkum Commune', 56, 21, NULL, NULL, NULL, NULL, NULL, NULL, NULL, 1, NULL, NULL, NULL, NULL, NULL, '', NULL, 'http://khmermansionresidence.com/residence.html', 1, 3.00, 47, '2017-08-29', 2, NULL, 2, 5, '', '', '', '', 4, 1);
INSERT INTO `customer_profile` VALUES (146, 'Ms. Chea Komrong', 'Khmer Mansion Boutique Hotel', '+855 63 762 333', 'gm@khmermansion.com', NULL, NULL, 'Sok San Street, Stung Thmer Village, Svay Dangkum Commune', 56, 21, NULL, NULL, NULL, NULL, NULL, NULL, NULL, 1, NULL, NULL, NULL, NULL, NULL, '', NULL, 'http://khmermansion.com', 1, 4.00, 22, '2017-06-01', 2, NULL, 2, 5, '', '', '', '', 4, 1);
INSERT INTO `customer_profile` VALUES (147, 'Mr. Khavi Sang', 'Khavi Villa', '+855 12 766 624', 'khavicambodia@yahoo.com', NULL, NULL, '#12 st 258', 56, 1, NULL, NULL, NULL, NULL, NULL, NULL, NULL, 0, NULL, NULL, NULL, NULL, NULL, '', NULL, 'http://khavivilla.com', 3, 4.00, 23, '2015-02-24', 3, NULL, 2, 5, '', '', '', '', 4, 3);
INSERT INTO `customer_profile` VALUES (148, 'Mr. Khavi Sang', 'Khavi Guesthouse', '+855 23 632 4466', 'khavicambodia@yahoo.com', NULL, NULL, '#7DD, Street 258 , S/K Chaktomuk, Khan Daun Penh', 56, 1, NULL, NULL, NULL, NULL, NULL, NULL, NULL, 0, NULL, NULL, NULL, NULL, NULL, '', NULL, 'http://khavi-guesthouse.com', 9, 3.00, 23, '2015-02-23', 3, NULL, 2, 5, '', '', '', '', 4, 9);
INSERT INTO `customer_profile` VALUES (149, 'Ms. Vann Narin', 'Kafu Resort and Spa', '+855 63 964 242', 'info@kafu-resort.com', NULL, NULL, 'River Road, Slarkram Commune', 56, 21, NULL, NULL, NULL, NULL, NULL, NULL, NULL, 0, NULL, NULL, NULL, NULL, NULL, '', NULL, 'http://kafu-resort.com', 1, 3.00, 28, '2017-11-10', 3, '1970-01-01', 2, 5, '2019-06-14', 'They want to save budget for low season', 'Mr. Pisith Roeum', 'By Email ', 5, 1);
INSERT INTO `customer_profile` VALUES (150, 'Mr. Sok Chan', 'Jasmin Monument Hotel', '+855 23 221 322', 'gm@j-monumenthotel.com', NULL, NULL, ' #22s, Street 29, BKK1, Tonlebassac, Chamkarmon', 56, 1, NULL, NULL, NULL, NULL, NULL, NULL, NULL, 0, NULL, NULL, NULL, NULL, NULL, '', NULL, 'http://j-monumenthotel.com', 1, 4.00, 23, '2017-04-20', 3, '1970-01-01', 2, 5, '', '', '', '', 4, 1);
INSERT INTO `customer_profile` VALUES (151, 'Mr. Sothea Seng', 'Isann Villa', '+855 12 926 562', 'sothea@mahobkhmer.com', NULL, NULL, 'Svay Dongkom,', 56, 21, NULL, NULL, NULL, NULL, NULL, NULL, NULL, 0, NULL, NULL, NULL, NULL, NULL, '', NULL, 'http://isannvilla.com', 3, 3.00, 15, '2018-02-01', 3, NULL, 2, 5, '', '', '', '', 4, 3);
INSERT INTO `customer_profile` VALUES (152, 'Mr. Sothea Seng ', 'Isann Lodge', '+855 63 966 986', 'info@isannlodge.com', NULL, NULL, 'Chong Kao Su Village, Sangkat Slor Kram', 56, 21, NULL, NULL, NULL, NULL, NULL, NULL, NULL, 0, NULL, NULL, NULL, NULL, NULL, '', NULL, 'http://isannlodge.com', 6, 3.50, 12, '2017-06-21', 3, NULL, 2, 5, '', '', '', '', 4, 6);
INSERT INTO `customer_profile` VALUES (153, 'Mr. Chhuney', 'Indradevi Boutique Hotel', '+855 63 766 398', 'info@indradeviboutiquehotel.com, Keochhunyu@gmail.', NULL, NULL, 'Krous Village, Svay Dankum, Sieam Reap', 56, 21, NULL, NULL, NULL, NULL, NULL, NULL, NULL, 0, NULL, NULL, NULL, NULL, NULL, '', NULL, 'http://indradeviboutiquehotel.com', 7, 3.50, 20, '2016-12-12', 3, NULL, 2, 5, '', '', '', '', 4, 7);
INSERT INTO `customer_profile` VALUES (154, 'Mr. Lim Rithy', 'Indra Porak Residence', '+855 93 859 007', 'sales@indraporak.com', NULL, NULL, 'Betong Street, Village Vihear Chen, Sangkat Svay Dangkom,near by Pub Street', 56, 21, NULL, NULL, NULL, NULL, NULL, NULL, NULL, 0, NULL, NULL, NULL, NULL, NULL, '17252', NULL, 'http://indraporak.com', 7, 4.00, 16, '2015-09-15', 3, NULL, 2, 5, '', '', '', '', 4, 7);
INSERT INTO `customer_profile` VALUES (155, 'Ms. Sivly Lim', 'Indochine 2 Hotel', '+855 23 211 525', 'lim.sivly@indochine2hotel.com', NULL, NULL, 'No. 28-30, Street 130, Phsar Kandal I, Daun Penh, Phnom Penh, Cambodia.', 56, 1, NULL, NULL, NULL, NULL, NULL, NULL, NULL, 0, NULL, NULL, NULL, NULL, NULL, '12000', NULL, 'http://indochine2hotel.com', 1, 2.00, 30, '2014-12-01', 3, NULL, 2, 5, '', '', '', '', 4, 1);
INSERT INTO `customer_profile` VALUES (156, 'Mr. Pheakdey', 'In Miles Boutique Hotel', '+855 17 995 567', 'info@inmilesboutique.com', NULL, NULL, 'No. 042, Charle De Gaulle Blvd (Main Road to Angkor Wat), Mondul 3 village, Sangkat Slor Kram', 56, 21, NULL, NULL, NULL, NULL, NULL, NULL, NULL, 0, NULL, NULL, NULL, NULL, NULL, '', NULL, 'http://inmilesboutique.com', 1, 2.00, 10, '2017-02-10', 3, NULL, 2, 5, '', '', '', '', 4, 1);
INSERT INTO `customer_profile` VALUES (157, 'Mr. Kaizo', 'Hotel Tokyo Service Apartment and Spa', '+855 23 901 358', 'contact@kihoteltokyo.com', NULL, NULL, 'Phnom Penh', 56, 1, NULL, NULL, NULL, NULL, NULL, NULL, NULL, 0, NULL, NULL, NULL, NULL, NULL, '', NULL, 'http://hoteltokyoserviceapartmentandspa.com', 1, 2.00, 100, '2018-02-26', 3, '1970-01-01', 2, 4, '', '', '', '', 4, 1);
INSERT INTO `customer_profile` VALUES (158, 'Mr. Ea Tola', 'Hotel Records', '+855 23 981 818', 'records@journeyside.com', NULL, NULL, 'Phnom Penh', 56, 1, NULL, NULL, NULL, NULL, NULL, NULL, NULL, 0, NULL, NULL, NULL, NULL, NULL, '', NULL, 'http://hotelrecords.com', 1, 3.00, 15, '2018-06-29', 3, '1970-01-01', 2, 5, '', '', '', '', 4, 1);
INSERT INTO `customer_profile` VALUES (159, 'Mr. Jimmy', 'Hotel Five.S ', '+855 81 375 375', 'info@hotelfives.com', NULL, NULL, 'Krang Vilage, KrangAmpil Commune,', 56, 8, NULL, NULL, NULL, NULL, NULL, NULL, NULL, 1, NULL, NULL, NULL, NULL, NULL, '07452', NULL, 'http://hotelfives.com', 1, 3.00, 15, '2016-09-20', 2, NULL, 2, 4, '', '', '', '', 4, 1);
INSERT INTO `customer_profile` VALUES (160, 'Mr. Ear Tola', 'Hotel Corduroy', '+855 12 850 488', 'tola@journeyside.com', NULL, NULL, 'Phnom Penh', 56, 1, NULL, NULL, NULL, NULL, NULL, NULL, NULL, 0, NULL, NULL, NULL, NULL, NULL, '', NULL, 'http://hotelcorduroy.com', 1, 4.00, 23, '2018-07-10', 3, '1970-01-01', 2, 5, '', '', '', '', 4, 1);
INSERT INTO `customer_profile` VALUES (161, 'Mr. Chris', 'Hostel 543', '+855 68 386 903', 'thehostel543@gmail.com', NULL, NULL, 'Wat Bo road', 56, 21, NULL, NULL, NULL, NULL, NULL, NULL, NULL, 0, NULL, NULL, NULL, NULL, NULL, '', NULL, 'http://hostel543.com', 2, 0.00, 4, '2015-12-03', 3, NULL, 2, 5, '', '', '', '', 4, 2);
INSERT INTO `customer_profile` VALUES (162, 'Mr. Chanthou Choun', 'Horizons Cambodia', '+855 92 730 031', 'info@horizonscambodia.com', NULL, NULL, 'Street #23, Wat Bo Village, Siem Reap Cambodia', 56, 21, NULL, NULL, NULL, NULL, NULL, NULL, NULL, 0, NULL, NULL, NULL, NULL, NULL, '', NULL, 'http://horizonscambodia.com', 7, 3.00, 12, '2018-02-28', 3, NULL, 2, 5, '', '', '', '', 4, 7);
INSERT INTO `customer_profile` VALUES (163, 'Ms. Tha Nimol', 'Home Chic Hotel', '+855 11 846 484', 'homechichotel@yahoo.com', NULL, NULL, 'NO. 17, ST. 282, Boeung Keng Kang I | Sangkat BKKI, Khan Chamkarmon', 56, 1, NULL, NULL, NULL, NULL, NULL, NULL, NULL, 1, NULL, NULL, NULL, NULL, NULL, '', NULL, 'http://homechichotel.com/index.php', 1, 3.00, 50, '2018-04-11', 2, NULL, 2, 4, '', '', '', '', 4, 1);
INSERT INTO `customer_profile` VALUES (164, 'Narin Hem', 'Hillocks Hotel & Spa', '+855 63 966 699', 'info@hillockshotel.com', NULL, NULL, 'Sala Kamreuk Villiage, Sala Kamreuk Commune', 56, 21, NULL, NULL, NULL, NULL, NULL, NULL, NULL, 0, NULL, NULL, NULL, NULL, NULL, '1710', NULL, 'http://hillockshotel.com', 1, 5.00, 38, '2016-09-26', 3, NULL, 2, 5, '', '', '', '', 4, 1);
INSERT INTO `customer_profile` VALUES (165, 'Mr. Sum Chhey', 'Hilary\'s Boutique Hotel', '+855 12 884 467', 'info@hilarysboutiquehotel.com ', NULL, NULL, '#16 Bis, Street 302, Sangkat Boeng Keng Kang I,  Khan Chamkamorn', 56, 1, NULL, NULL, NULL, NULL, NULL, NULL, NULL, 0, NULL, NULL, NULL, NULL, NULL, '', NULL, 'http://hilarysboutiquehotel.com', 7, 3.00, 13, '2014-12-01', 3, NULL, 2, 5, '', '', '', '', 4, 7);
INSERT INTO `customer_profile` VALUES (166, 'Mr. Rossi', 'Hideaway Boutique Resort', '+855 12 264 700', 'reservation@hideawayboutiqueresort.com', NULL, NULL, 'Siem Reap', 56, 21, NULL, NULL, NULL, NULL, NULL, NULL, NULL, 0, NULL, NULL, NULL, NULL, NULL, '', NULL, 'http://hideawayboutiqueresort.com', 6, 0.00, 30, '2017-01-19', 3, NULL, 2, 5, '', '', '', '', 4, 6);
INSERT INTO `customer_profile` VALUES (167, 'Ms. Oma Ho', 'Heritage Suites Hotel', '+855 63 969 100', 'oma@heritagesuiteshotel.com', NULL, NULL, 'Near Wat Polanka, Slokram Village, Khum Slok Kram, Siem Reap', 56, 21, NULL, NULL, NULL, NULL, NULL, NULL, NULL, 0, NULL, NULL, NULL, NULL, NULL, '93101', NULL, 'https://www.heritagesuiteshotel.com', 7, 5.00, 26, '2016-11-19', 3, NULL, 2, 5, '', '', '', '', 4, 7);
INSERT INTO `customer_profile` VALUES (168, 'Mr. Sin Senghong', 'Hello Cambodia Boutique', '+855 77 519 967', 'gm@hellocambodiaboutique.com', NULL, NULL, 'Bakheng Road, Siem Reap Central Area,', 56, 21, NULL, NULL, NULL, NULL, NULL, NULL, NULL, 0, NULL, NULL, NULL, NULL, NULL, '', NULL, 'http://hellocambodiaboutique.com', 7, 4.00, 23, '2018-03-17', 3, '1970-01-01', 2, 4, '', '', '', '', 4, 7);
INSERT INTO `customer_profile` VALUES (169, 'Mr. Majid Wazir', 'Skor Boutique', '+855 63 966 737', 'info@heavenangkorresidence.com', NULL, NULL, '#0517, Street 7 Makara, Wat Bo Village, Sangkat Salakamroeuk, Siem Reap', 56, 21, NULL, NULL, NULL, NULL, NULL, NULL, NULL, 1, NULL, NULL, NULL, NULL, NULL, '', NULL, 'http://heavenangkorresidence.com', 7, 4.00, 15, '2017-02-20', 2, '1970-01-01', 2, 4, '', '', '', '', 4, 7);
INSERT INTO `customer_profile` VALUES (170, 'Mr. Vong Senvichet', 'Harmony River Hotel', '+855 89 232 678', 'harmonyriverhotel@yahoo.com', NULL, NULL, '#337, Preah Sisowath Blvd, Sangkat Chey', 56, 1, NULL, NULL, NULL, NULL, NULL, NULL, NULL, 0, NULL, NULL, NULL, NULL, NULL, '', NULL, 'http://harmonyriverhotel.com', 1, 2.00, 17, '2015-12-08', 3, NULL, 2, 5, '', '', '', '', 4, 1);
INSERT INTO `customer_profile` VALUES (171, 'Mr. Boren Chhay', 'HanumanAlaya Colonial House', '+855 63 760 581', 'boren@hanumanalaya.com', NULL, NULL, 'Treang Village, Slar Kram Commune', 56, 21, NULL, NULL, NULL, NULL, NULL, NULL, NULL, 0, NULL, NULL, NULL, NULL, NULL, '17254', NULL, 'http://colonialhouse.hanumanalaya.com', 6, 4.00, 11, '2016-12-30', 3, NULL, 2, 5, '', '', '', '', 4, 6);
INSERT INTO `customer_profile` VALUES (172, 'Mr. Kosal Sou', 'Green Palace Hotel Phnom Penh', '+855 16 570 057', 'kosal.sou@greenpalacehotel.com', NULL, NULL, '7 No 61, St. 111 Corner 232 Boeung Pralit | Makara District', 56, 1, NULL, NULL, NULL, NULL, NULL, NULL, NULL, 0, NULL, NULL, NULL, NULL, NULL, '', NULL, 'http://greenpalacehotel.com', 1, 4.00, 144, '2018-02-20', 3, '1970-01-01', 2, 5, '2019-07-01', 'Use solutions from another company ', 'Mr. Kosa', '016 570 057', 5, 1);
INSERT INTO `customer_profile` VALUES (173, 'Mr. Seng Saymeng ', 'Champey Sor Angkor Boutique', '+855 96 444 1411', 'info@champeysorangkorboutique.com', NULL, NULL, 'Phum Svay Dangkum, Svay Dangkum ', 56, 21, NULL, NULL, NULL, NULL, NULL, NULL, NULL, 1, NULL, NULL, NULL, NULL, NULL, '17252', NULL, 'http://champeysorangkorboutique.com', 7, 3.50, 20, '2018-09-04', 2, NULL, 2, 4, '', '', '', '', 4, 7);
INSERT INTO `customer_profile` VALUES (174, 'Mr. Ruzaini Rulloda Bin Abdullah ', 'Pearl Resort Cambodia', '+855 12 201 285', 'rrarico@gmail.com', NULL, NULL, 'Koh Rong ', 56, 16, NULL, NULL, NULL, NULL, NULL, NULL, NULL, 1, NULL, NULL, NULL, NULL, NULL, '', NULL, 'http://pearlresortcambodia.com', 1, 5.00, 30, '2018-09-03', 2, NULL, 2, 4, '', '', '', '', 4, 1);
INSERT INTO `customer_profile` VALUES (175, 'Mr. Sophy', 'Mango Rain Boutique Hotel', '+855 69 755 554', 'gm@mangorainboutique.com', NULL, NULL, 'No. 108 Wat Svay Village, Near Phsar Krom Market, Siem Reap River Side ', 56, 21, NULL, NULL, NULL, NULL, NULL, NULL, NULL, 0, NULL, NULL, NULL, NULL, NULL, '17000', NULL, 'http://mangorainboutique.com', 7, 3.00, 17, '2015-09-11', 3, NULL, 2, 4, '', '', '', '', 4, 7);
INSERT INTO `customer_profile` VALUES (176, 'Mr. Lim Rithy', 'Indra Porak Residence', '+855 93 859 007', 'sales@indraporak.com', NULL, NULL, 'Betong Street, Village Vihear Chen, Sangkat Svay Dangkom,near by Pub Street', 56, 21, NULL, NULL, NULL, NULL, NULL, NULL, NULL, 0, NULL, NULL, NULL, NULL, NULL, '17000', NULL, 'http://indraporak.com', 7, 3.00, 16, '2015-09-15', 3, NULL, 2, 4, '', '', '', '', 4, 7);
INSERT INTO `customer_profile` VALUES (177, 'Mr. Bonn', 'Popular Residence Hotel ', '+855 81 566 377', 'gm@popularresidence.com', NULL, NULL, 'Sala Kamroeuk Village, Sala Kamroeuk Commune ', 56, 21, NULL, '', NULL, NULL, '', NULL, NULL, 0, NULL, NULL, NULL, '2019-09-06 10:56:02', 16, '17000', NULL, '+855 16 783 425', 1, 4.00, 26, '2015-09-19', 2, NULL, 2, 4, '', '', '', '', 4, 1);
INSERT INTO `customer_profile` VALUES (178, 'Ran Sophea', 'Ladear Angkor Boutique Hotel', '+855 12 849 190', 'gm@ladearangkorhotel.com', NULL, NULL, 'Street 27, Wat Bo Road, Phum Wat Bo, Khum Salakamroeuk', 56, 21, NULL, NULL, NULL, NULL, NULL, NULL, NULL, 1, NULL, NULL, NULL, NULL, NULL, '17000', NULL, 'http://ladearangkorhotel.com', 7, 3.00, 12, '2015-09-21', 2, NULL, 2, 4, '', '', '', '', 4, 7);
INSERT INTO `customer_profile` VALUES (179, 'Mr. Mom Chomroeun', 'Var Sunny Angkor Suite Hotel', '+855 17 673 609', 'gm@varsunnyangkorsuite.com', NULL, NULL, 'National Road 6, Chong Kaosur Village', 56, 21, NULL, NULL, NULL, NULL, NULL, NULL, NULL, 0, NULL, NULL, NULL, NULL, NULL, '17000', NULL, 'http://varsunnyangkorsuite.com', 1, 3.00, 28, '2015-09-25', 3, NULL, 2, 4, '', '', '', '', 4, 1);
INSERT INTO `customer_profile` VALUES (180, 'Ms.Hok Rachana', 'Villa Medamrei Boutique Hotel', '+855 12 782 316', 'info@villamedamrei.com', NULL, NULL, 'Vihear Chin Village, Svay Dangkum Commnuce', 56, 21, NULL, NULL, NULL, NULL, NULL, NULL, NULL, 0, NULL, NULL, NULL, NULL, NULL, '17000', NULL, 'http://villamedamrei.com', 1, 3.00, 19, '2015-10-28', 3, NULL, 2, 4, '', '', '', '', 4, 1);
INSERT INTO `customer_profile` VALUES (181, 'Seng Parob', 'Panary Angkor Boutique ', '+855 12 920 737', 'info@panaryangkorboutique.com ', NULL, NULL, 'Behind New Apsara Supermarket 200 meters on the right hand side, # 20 Road, Wat Bo Street', 56, 21, NULL, NULL, NULL, NULL, NULL, NULL, NULL, 0, NULL, NULL, NULL, NULL, NULL, '17000', NULL, 'http://panaryangkorboutique.com', 7, 3.50, 14, '2015-11-02', 3, NULL, 2, 4, '', '', '', '', 4, 7);
INSERT INTO `customer_profile` VALUES (182, 'Mr. Chris', 'Hostel 543', '+855 93 215 253', 'thehostel543@gmail.com', NULL, NULL, 'Wat Bo road', 56, 21, NULL, NULL, NULL, NULL, NULL, NULL, NULL, 0, NULL, NULL, NULL, NULL, NULL, '17000', NULL, 'http://hostel543.com', 2, 2.00, 4, '2015-12-03', 3, NULL, 2, 4, '', '', '', '', 4, 2);
INSERT INTO `customer_profile` VALUES (183, 'Ms. Vann Narin', 'Chez Moi Residence and Spa', '+855 12 584 897', 'residence@chezmoi.asia', NULL, NULL, '#Street 22, Wat Bo, Sangkat Salar Komreuk', 56, 21, NULL, NULL, NULL, NULL, NULL, NULL, NULL, 0, NULL, NULL, NULL, NULL, NULL, '17000', NULL, 'http://residence.chezmoi.asia', 1, 4.00, 16, '2016-01-08', 3, NULL, 2, 4, '', '', '', '', 4, 1);
INSERT INTO `customer_profile` VALUES (184, 'Mr. Seang Sovann', 'Tropicana Residence & Resort', '+855 12 842 349', 'rm@tropicanaresidence.com', NULL, NULL, 'Angkor High School Road, Phum Wat Bo, Salakamreuk', 56, 21, NULL, NULL, NULL, NULL, NULL, NULL, NULL, 0, NULL, NULL, NULL, NULL, NULL, '17000', NULL, 'http://tropicanaresidence.com ', 1, 4.00, 16, '2016-01-11', 3, NULL, 2, 4, '', '', '', '', 4, 1);
INSERT INTO `customer_profile` VALUES (185, 'Mr. Daravichhay SENG ', 'Angkor Miracle Resort & Spa', '+855 87 882 244', 'em@angkormiracle.com, ee@angkormiracle.com, reserv', NULL, NULL, 'National Road No. 6A. Khum Sra Nge (opposite of Cambodian cultural Village) Siem Reap', 56, 21, NULL, NULL, NULL, NULL, NULL, NULL, NULL, 0, NULL, NULL, NULL, NULL, NULL, '17000', NULL, 'http://angkormiracle.com/resort', 1, 5.00, 247, '2015-11-30', 3, NULL, 2, 4, '', '', '', '', 4, 1);
INSERT INTO `customer_profile` VALUES (186, 'Kyry Sok', 'Chronicle Residence And Spa', '+855 12 677 939', 'gm@chronicleresidenceandspa.com, operation@chronic', NULL, NULL, '# Road 30, 200m way from Borei Phreumprey.', 56, 21, NULL, NULL, NULL, NULL, NULL, NULL, NULL, 0, NULL, NULL, NULL, NULL, NULL, '17000', NULL, 'http://chronicleresidenceandspa.com', 1, 3.00, 22, '2015-11-27', 3, NULL, 2, 4, '', '', '', '', 4, 1);
INSERT INTO `customer_profile` VALUES (187, 'Mr. Seng Sakada', 'Vilada Angkor Boutique', '+855 12 565 856', 'gm@viladaangkorboutique.com', NULL, NULL, 'Kor Kranch Village, Sangkat Siem Reap', 56, 21, NULL, NULL, NULL, NULL, NULL, NULL, NULL, 0, NULL, NULL, NULL, NULL, NULL, '17000', NULL, 'http://viladaangkorboutique.com', 1, 4.00, 7, '2015-11-03', 3, NULL, 2, 4, '', '', '', '', 4, 1);
INSERT INTO `customer_profile` VALUES (188, 'Jacky LONG ', 'Khmere Maison d\'Angkor', '+855 12 660 160', 'jacky@khmeremaisondangkor.com', NULL, NULL, '#482, BO POX 93090, City Center, National Road No.6, Wat Kesaram Street, Sangkat Svay Dangkum,', 56, 21, NULL, NULL, NULL, NULL, NULL, NULL, NULL, 0, NULL, NULL, NULL, NULL, NULL, '17000', NULL, 'http://khmeremaisondangkor.com', 7, 3.00, 6, '2016-11-02', 3, NULL, 2, 4, '', '', '', '', 4, 7);
INSERT INTO `customer_profile` VALUES (189, 'Mr.Pahrida Mary', 'Bopha Pollen Hotel', '+855 10 965 899', 'reservation@bophapollenhotel.com, md@bophapollenho', NULL, NULL, ' #202, Taphul village , Svay Dangkum Commune', 56, 21, NULL, NULL, NULL, NULL, NULL, NULL, NULL, 1, NULL, NULL, NULL, NULL, NULL, '17000', NULL, 'http://bophapollenhotel.com', 1, 4.00, 29, '2019-01-17', 2, '2019-01-17', 13, 5, '', '', '', '', 4, 1);
INSERT INTO `customer_profile` VALUES (190, 'Mr. Sophat', 'Nagara Angkor Boutique Hotel', '+855 70 559 536', 'booking@nagaraangkor-boutique.com', NULL, NULL, 'Sok San Road, Stueng Thmei Village, Svay Dangkum Commune', 56, 21, NULL, NULL, NULL, NULL, NULL, NULL, NULL, 0, NULL, NULL, NULL, NULL, NULL, '17000', NULL, 'http://nagaraangkor-boutique.com', 7, 3.50, 36, '2015-11-21', 3, NULL, 2, 4, '', '', '', '', 4, 7);
INSERT INTO `customer_profile` VALUES (191, 'Mr. Has Sophal', 'Bunwin Plantation', '+855 17 310 229', 'gm@bunwinboutique.com', NULL, NULL, 'Kakranh Village', 56, 21, NULL, NULL, NULL, NULL, NULL, NULL, NULL, 0, NULL, NULL, NULL, NULL, NULL, '17000', NULL, 'http://plantation.bunwinplantation.com', 1, 3.00, 14, '2015-09-14', 3, NULL, 2, 4, '', '', '', '', 4, 1);
INSERT INTO `customer_profile` VALUES (192, 'Mrs. CHUM Thida', 'Popular Boutique Hotel', '+855 63 963 578', 'gm@popularboutiquehotel.com', NULL, NULL, 'Address: #033, Vihear Chin Village, Sangkat Svay Daungkum, Siem Reap City', 56, 21, NULL, NULL, NULL, NULL, NULL, NULL, NULL, 0, NULL, NULL, NULL, NULL, NULL, '17000', NULL, 'http://popularboutiquehotel.com', 1, 3.00, 36, '2015-09-26', 3, NULL, 2, 4, '', '', '', '', 4, 1);
INSERT INTO `customer_profile` VALUES (193, 'Mr.Has Sophal', 'The Moon Villa ', '+855 12 629 969', 'reservation@themoonvilla.com', NULL, NULL, 'National Road 06,Phum Banteay Chas, Samaki Market zone', 56, 21, NULL, NULL, NULL, NULL, NULL, NULL, NULL, 0, NULL, NULL, NULL, NULL, NULL, '17000', NULL, 'http://themoonvilla.com', 3, 3.00, 19, '2015-08-29', 3, NULL, 2, 4, '', '', '', '', 4, 3);
INSERT INTO `customer_profile` VALUES (194, 'Mr.Xing', 'New Riverside Hotel', '+855 12 550 055', 'reservation@newriversidehotel.com, booking@newrive', NULL, NULL, 'Chunlung Village, Sala Komrak Commune ', 56, 21, NULL, NULL, NULL, NULL, NULL, NULL, NULL, 0, NULL, NULL, NULL, NULL, NULL, '17000', NULL, 'http://newriversidehotel.com', 1, 3.00, 40, '2015-08-10', 3, NULL, 2, 4, '', '', '', '', 4, 1);
INSERT INTO `customer_profile` VALUES (195, 'Mr.Kan Chansathya', 'Lynnaya Urban River Resort & Spa', '+855 63 967 755', 'gm@lynnaya.com', NULL, NULL, 'Street 20 Krong', 56, 21, NULL, NULL, NULL, NULL, NULL, NULL, NULL, 0, NULL, NULL, NULL, NULL, NULL, '17000', NULL, 'http://lynnaya-hotel-angkor.com', 1, 4.00, 46, '2018-08-27', 3, NULL, 2, 4, '', '', '', '', 4, 1);
INSERT INTO `customer_profile` VALUES (196, 'Mr. Rath', 'Mane Boutique Hotel & Spa', '+855 97 552 2222', 'ecom@maneboutiquehotel.com', NULL, NULL, 'Village Salakomroeuk, Sangkat Salakomroeuk', 56, 21, NULL, NULL, NULL, NULL, NULL, NULL, NULL, 0, NULL, NULL, NULL, NULL, NULL, '17000', NULL, 'http://maneboutiquehotel.com', 7, 5.00, 18, '2015-08-16', 3, NULL, 2, 4, '', '', '', '', 4, 7);
INSERT INTO `customer_profile` VALUES (197, 'Mr.Kham Serey Chantha', 'The Clay D\' Angkor', '+855 12 388 797', 'info@theclaydangkor.com', NULL, NULL, 'Sala Kanseng Village, Svay Dangkum Commune', 56, 21, NULL, NULL, NULL, NULL, NULL, NULL, NULL, 0, NULL, NULL, NULL, NULL, NULL, '17000', NULL, 'http://theclaydangkor.com', 7, 4.00, 6, '2015-09-14', 3, NULL, 2, 4, '', '', '', '', 4, 7);
INSERT INTO `customer_profile` VALUES (198, 'Mr. Bo Channa', 'The Palm Boutique Hotel & Residence', '+855 11 855 901', 'gm@thepalmboutique.com', NULL, NULL, 'No. 270,Street 63, Sangkat Tonle Bassac (Boung Keng Kong II), Khan Chamkarmorn', 56, 1, NULL, NULL, NULL, NULL, NULL, NULL, NULL, 0, NULL, NULL, NULL, NULL, NULL, '13000', NULL, 'http://thepalmboutique.com', 1, 4.00, 35, '2015-08-25', 3, NULL, 2, 4, '', '', '', '', 4, 1);
INSERT INTO `customer_profile` VALUES (199, 'Mr. Hong', 'Le Grand Mekong Hotel ', '+855 78 591 768', 'gm@legrandmekong.com', NULL, NULL, '253-255, Sisowath Quay, Psar Kandal I District, DaunPenh Commune', 56, 1, NULL, NULL, NULL, NULL, NULL, NULL, NULL, 1, NULL, NULL, NULL, NULL, NULL, '17000', NULL, 'http://legrandmekong.com', 1, 3.50, 44, '2015-07-09', 2, NULL, 2, 4, '', '', '', '', 4, 1);
INSERT INTO `customer_profile` VALUES (200, 'Mr. Vong Senvichet', 'Harmony River Hotel', '+855 89 232 678', 'harmonyriverhotel@yahoo.com', NULL, NULL, '#337, Preah Sisowath Blvd, Sangkat Chey', 56, 1, NULL, NULL, NULL, NULL, NULL, NULL, NULL, 0, NULL, NULL, NULL, NULL, NULL, '13000', NULL, 'http://harmonyriverhotel.com', 1, 2.00, 17, '2015-12-02', 3, NULL, 2, 4, '', '', '', '', 4, 1);
INSERT INTO `customer_profile` VALUES (201, 'Mr. Chea Saichhour', 'Waterview Guesthouse', '+855 12 717 378', 'waterview.gh@gmail.com', NULL, NULL, 'No. 151 Eo, River front Street', 56, 1, NULL, NULL, NULL, NULL, NULL, NULL, NULL, 0, NULL, NULL, NULL, NULL, NULL, '13000', NULL, 'http://waterviewguesthouse.com', 9, 2.00, 16, '2015-06-02', 3, NULL, 2, 4, '', '', '', '', 4, 9);
INSERT INTO `customer_profile` VALUES (202, 'Sambath Morodok', 'The 1959 Boutique Villa', '+855 16 511 522', 'gm@the1959.com', NULL, NULL, '#24-25, Soramrit Blvd', 56, 1, NULL, NULL, NULL, NULL, NULL, NULL, NULL, 0, NULL, NULL, NULL, NULL, NULL, '13000', NULL, 'http://the1959.com', 7, 3.50, 6, '2016-03-24', 3, NULL, 2, 4, '2018-11-05', 'Auto Deactivate', 'Sambath Morodok', '+855 11 887 789\r\n+855 16 511 522', 4, 7);
INSERT INTO `customer_profile` VALUES (203, 'Mr. Khemanora', 'Sokea Suites Extends Stay', '+855 12 517 590', 'enquiry@sokeainternational.com.kh', NULL, NULL, 'No. 168, Monireth Boulevard, Sangkat Tomnob Tek, Khan Chamkar Mon', 56, 1, NULL, NULL, NULL, NULL, NULL, NULL, NULL, 0, NULL, NULL, NULL, NULL, NULL, '13000', NULL, 'http://sokeasuites.com', 1, 3.00, 30, '2015-07-20', 3, NULL, 2, 4, '', '', '', '', 4, 1);
INSERT INTO `customer_profile` VALUES (204, 'Ms.Sak Sothavy ', 'The Blue Corner Boutique Hotel', '+855 12 927 092', 'reservation@thebluecorner.asia', NULL, NULL, 'No.37,Corner St. 63 and St.180, Sangkat Beung Rang,Khan Daun Penh, Phnom Penh', 56, 1, NULL, NULL, NULL, NULL, NULL, NULL, NULL, 1, NULL, NULL, NULL, NULL, NULL, '13000', NULL, 'http://thebluecorner.asia', 7, 4.00, 23, '2016-03-28', 2, NULL, 2, 4, '', '', '', '', 4, 7);
INSERT INTO `customer_profile` VALUES (205, 'Mrs. Sokha Pech', 'Royal Mekong Boutique Hotel', '+855 92 835 003', 'info@royalmekongboutiquehotel.com', NULL, NULL, '#17, Street 208, Sankat Beoung Reang, Khan Daun Penh', 56, 1, NULL, NULL, NULL, NULL, NULL, NULL, NULL, 0, NULL, NULL, NULL, NULL, NULL, '13000', NULL, 'http://royalmekongboutiquehotel.com', 1, 3.00, 24, '2014-07-24', 3, NULL, 2, 4, '', '', '', '', 4, 1);
INSERT INTO `customer_profile` VALUES (206, 'Ms. Kim', 'Teav Boutique Hotel', '+855 77 679 999', 'sm@teavgroup.com', NULL, NULL, '# 14, Street 310, Boeung Keng Kang I, Khan Chamkar Mon', 56, 1, NULL, NULL, NULL, NULL, NULL, NULL, NULL, 0, NULL, NULL, NULL, NULL, NULL, '13000', NULL, 'http://bkk1.teavboutiquehotel.com', 7, 4.00, 12, '2014-11-01', 3, NULL, 2, 4, '', '', '', '', 4, 7);
INSERT INTO `customer_profile` VALUES (207, 'Mr. Kimly Hong', 'You Eng Hotel', '+855 78 525 268', 'youenghotel@yahoo.com', NULL, NULL, 'Russian Federation Blvd, S/K Chorm Chao, Khan Po  Senchey', 56, 1, NULL, NULL, NULL, NULL, NULL, NULL, NULL, 1, NULL, NULL, NULL, NULL, NULL, '13000', NULL, 'https://youenghotel.com', 1, 4.00, 168, '2014-11-20', 2, NULL, 2, 4, '', '', '', '', 4, 1);
INSERT INTO `customer_profile` VALUES (208, 'Mr. TOEM PUNLORK', 'Omana Boutique Hotel', '+855 70 904 482', 'hello@hotel-omana.com', NULL, NULL, 'Street 9, Phnom Penh 4139', 56, 1, NULL, NULL, NULL, NULL, NULL, NULL, NULL, 0, NULL, NULL, NULL, NULL, NULL, '13000', NULL, 'http://hotel-omana.com', 1, 4.00, 13, '2018-06-15', 3, '1970-01-01', 2, 4, '2019-02-04', 'They have to renovate the whole building as our electricity and water supply issue', 'Omana Hotel Owner', 'Phone:   +855 12 430 833/ 23 676 3001\r\nEmail:      hello@hotel-omana.com', 4, 1);
INSERT INTO `customer_profile` VALUES (209, 'Mr. Peou Sari', 'The Little Garden Villa', '+855 23 217 871', 'info@littlegarden.asia ', NULL, NULL, '#8A, Street 398, Boeung Keng Kong I', 56, 1, NULL, NULL, NULL, NULL, NULL, NULL, NULL, 0, NULL, NULL, NULL, NULL, NULL, '13000', NULL, 'http://thelittlegarden.asia', 3, 3.00, 10, '2014-12-01', 3, NULL, 2, 4, '', '', '', '', 4, 3);
INSERT INTO `customer_profile` VALUES (210, 'Mr. Vothyrith Om', 'La Rose Boutique Hotel and Spa', '+855 23 211 130', 'relax@larose.com.kh', NULL, NULL, '#164B, Norodom Blvd', 56, 1, NULL, NULL, NULL, NULL, NULL, NULL, NULL, 1, NULL, NULL, NULL, NULL, NULL, '13000', NULL, 'http://larose.com.kh/home.php', 7, 4.00, 10, '2014-11-03', 2, NULL, 2, 4, '', '', '', '', 4, 7);
INSERT INTO `customer_profile` VALUES (211, 'Ms. Chea Dimong', 'Samnang Laor Hotel', '+855 87 838 326', 'gm@samnanglaorhotel.com', NULL, NULL, 'No 130, Street 304 & Conner 163, Sangkat Olympic, Khan Chamkamon, Phnom Penh Cambodia. ', 56, 1, NULL, NULL, NULL, NULL, NULL, NULL, NULL, 0, NULL, NULL, NULL, NULL, NULL, '13000', NULL, 'http://samnanglaorhotel.com', 1, 3.50, 81, '2018-05-08', 3, '1970-01-01', 2, 4, '', '', '', '', 4, 1);
INSERT INTO `customer_profile` VALUES (212, 'Ms. Sivly Lim', 'Indochine 2 Hotel', '+855 23 211 787', 'lim.sivly@indochine2hotel.com', NULL, NULL, 'No. 28-30, Street 130, Phsar Kandal I, Daun Penh, Phnom Penh, Cambodia.', 56, 21, NULL, NULL, NULL, NULL, NULL, NULL, NULL, 0, NULL, NULL, NULL, NULL, NULL, '13000', NULL, 'http://indochine2hotel.com', 1, 2.00, 30, '2014-12-01', 3, NULL, 2, 4, '', '', '', '', 4, 1);
INSERT INTO `customer_profile` VALUES (213, 'Ms. Seng Sinn', 'Starry Angkor Hotel', '+855 63 968 123', 'asst.sales@starryangkorhotel.com', NULL, NULL, 'No. G4, National Road 6, Banteay Chas Village, Sangkat Slorkram', 56, 21, NULL, NULL, NULL, NULL, NULL, NULL, NULL, 0, NULL, NULL, NULL, NULL, NULL, '17000', NULL, 'http://starryangkorhotel.com', 1, 4.00, 127, '2016-02-16', 3, NULL, 2, 4, '', '', '', '', 4, 1);
INSERT INTO `customer_profile` VALUES (214, 'Mr. Veasoth', 'Steung Siemreap Thmey Hotel', '+855 12 249 249', 'sales@steungsiemreapthmeyhotel.com', NULL, NULL, 'Street 9, Khum Svaydangkum, Old Market Area', 56, 21, NULL, NULL, NULL, NULL, NULL, NULL, NULL, 0, NULL, NULL, NULL, NULL, NULL, '17000', NULL, 'http://steungsiemreapthmeyhotel.com', 1, 4.00, 76, '2015-10-20', 3, NULL, 2, 4, '', '', '', '', 4, 1);
INSERT INTO `customer_profile` VALUES (215, 'Mr. KEO PHAL', 'Suon Angkor Boutique', '+855 10 277 389', 'Phalkeo783@gmail.com', NULL, NULL, '#211 Phum Watbo ,Sala Kamreuork, Siem Reap', 56, 21, NULL, NULL, NULL, NULL, NULL, NULL, NULL, 1, NULL, NULL, NULL, NULL, NULL, '', NULL, 'http://suonangkorboutique.com', 4, 4.00, 27, '2019-03-18', 2, '2019-03-20', 13, 5, '', '', '', '', 4, 4);
INSERT INTO `customer_profile` VALUES (216, 'Mr. Piseth Dath', 'Ta Tai Hotel Resort & Marina', '+855 92 885 115', 'piseth.dath@tatairesort.com, info@tatairesort.com', NULL, NULL, 'Dong village, Ta tai commune, Unlongback District', 56, 8, NULL, NULL, NULL, NULL, NULL, NULL, NULL, 0, NULL, NULL, NULL, NULL, NULL, '13000', NULL, 'http://tatai-hotel.com', 1, 4.00, 53, '2017-04-19', 3, NULL, 2, 4, '', '', '', '', 4, 1);
INSERT INTO `customer_profile` VALUES (217, 'Mr Thim Sin', 'Taingleap Angkor Villa', '+855 78 731 861', 'info@taingleapangkorvilla.com', NULL, NULL, 'Centrally located area. Taphul Street,Siem Reap City', 56, 21, NULL, NULL, NULL, NULL, NULL, NULL, NULL, 0, NULL, NULL, NULL, NULL, NULL, '17000', NULL, 'http://taingleapangkorvilla.com', 1, 3.00, 24, '2014-03-14', 3, NULL, 2, 4, '', '', '', '', 4, 1);
INSERT INTO `customer_profile` VALUES (218, 'Mr. Lao Sokun', 'Tanei Boutique Villa', '+855 12 757 867', 'lao_sukun007@yahoo.com', NULL, NULL, '#017, Steung Thmey Village, Svay Dangkom', 56, 21, NULL, NULL, NULL, NULL, NULL, NULL, NULL, 0, NULL, NULL, NULL, NULL, NULL, '17000', NULL, 'http://taneiboutiquevilla.com', 1, 3.00, 28, '2015-03-25', 3, NULL, 2, 4, '', '', '', '', 4, 1);
INSERT INTO `customer_profile` VALUES (219, 'Sony Lam', 'Tareach Angkor Villa', '+855 12 771 726', 'sony@tareachangkorvilla.com', NULL, NULL, 'Group 14, #781, Vihear Chin Village,  Svaydongkum Commune', 56, 21, NULL, NULL, NULL, NULL, NULL, NULL, NULL, 0, NULL, NULL, NULL, NULL, NULL, '17000', NULL, 'http://tareachangkorvilla.com', 3, 1.00, 14, '2015-02-05', 3, '1970-01-01', 2, 4, '', '', '', '', 4, 3);
INSERT INTO `customer_profile` VALUES (220, 'Ms. Kim Lang', 'Teav Bassac Boutique Hotel', '+855 23 982 828', 'sm@teavgroup.com', NULL, NULL, '#30, Street 09, Tonel Bassac, Khan Chamkamon', 56, 1, NULL, NULL, NULL, NULL, NULL, NULL, NULL, 0, NULL, NULL, NULL, NULL, NULL, '13000', NULL, 'http://teavbassachotel.com', 7, 4.00, 25, '2016-10-26', 3, NULL, 2, 4, '', '', '', '', 4, 7);
INSERT INTO `customer_profile` VALUES (221, 'Ly  Kim Hua', 'Tep Sodachan Villa Boutique', '+855 77 466 082', 'angkorkimhua@yahoo.com', NULL, NULL, '# 456, Group 7, Khnar Village  Chreave Commune', 56, 21, NULL, NULL, NULL, NULL, NULL, NULL, NULL, 0, NULL, NULL, NULL, NULL, NULL, '17000', NULL, 'http://tepsodachan.com', 1, 3.00, 28, '2015-02-19', 3, NULL, 2, 4, '', '', '', '', 4, 1);
INSERT INTO `customer_profile` VALUES (222, 'Mr. Van narin', 'TravellerHome Angkor', '+855 11 684 262', 'gm@travellerhomeangkor.com', NULL, NULL, 'Steng Thmei, Svaydongkum', 56, 21, NULL, NULL, NULL, NULL, NULL, NULL, NULL, 0, NULL, NULL, NULL, NULL, NULL, '17252', NULL, 'http://travellerhomeangkor.com', 1, 4.00, 34, '2016-09-23', 3, '1970-01-01', 2, 5, '2019-05-31', 'They want to save budget for low season', 'Mr. Sopheann', '098 93 2 662 ', 5, 1);
INSERT INTO `customer_profile` VALUES (223, 'Ms. Jennifer', 'Le Mont Hotel', '+855 16 834 207', 'gm@lemonthotel.com', NULL, NULL, 'No. 196 St. 143 corner 304, Sangkat Boeng Keng Kang 2, Chamkarmon', 56, 1, NULL, NULL, NULL, NULL, NULL, NULL, NULL, 1, NULL, NULL, NULL, NULL, NULL, '', NULL, 'http://lemonthotel.com', 1, 4.00, 98, '2017-12-21', 2, NULL, 2, 5, '', '', '', '', 4, 1);
INSERT INTO `customer_profile` VALUES (224, 'Front Office', 'Our Joint Hotel & Guesthouse', '+855 96 557 4054', 'booking@ourjointhotel.com', NULL, NULL, ' #142, Psar Krom Street', 56, 21, NULL, '', NULL, NULL, '', NULL, NULL, 0, NULL, NULL, NULL, '2019-09-06 10:38:24', 16, '', NULL, 'http://ourjointhotel.com', 1, 3.00, 26, '2017-11-14', 2, NULL, 2, 5, '', '', '', '', 4, 1);
INSERT INTO `customer_profile` VALUES (225, 'Mr. Oem Komsorth', 'Reaksmey Chanreas Hotel ', '+855 12 849 967', 'info@reaksmeychanreashotel.com', NULL, NULL, '#330 Sivutha Blvd', 56, 21, NULL, NULL, NULL, NULL, NULL, NULL, NULL, 1, NULL, NULL, NULL, NULL, NULL, '', NULL, 'http://reaksmeychanreashotel.com', 1, 3.00, 44, '2015-10-23', 2, NULL, 2, 4, '', '', '', '', 4, 1);
INSERT INTO `customer_profile` VALUES (226, 'Mr.  Sous Phearith', 'Le Chanthou Boutique', '+855 63 766 417', 'info@lechanthou.com', NULL, NULL, 'Bakheng Road, Svay Dangkum, Siem Reap', 56, 21, NULL, NULL, NULL, NULL, NULL, NULL, NULL, 1, NULL, NULL, NULL, NULL, NULL, '17254', NULL, 'http://lechanthouboutique.com', 7, 4.00, 15, '2016-11-28', 2, NULL, 2, 5, '', '', '', '', 4, 7);
INSERT INTO `customer_profile` VALUES (227, 'Mr. Sem Sen Visit Veasna', 'Oops Hostel', '+855 63 640 3809', 'info@oopshostel.com, reservation@oopshostel.com, f', NULL, NULL, 'No. B01 Sivutha Blvd, Modul I Village, Siem Reap, Cambodia.', 56, 21, NULL, NULL, NULL, NULL, NULL, NULL, NULL, 1, NULL, NULL, NULL, NULL, NULL, '17252', NULL, 'http://oopshostel.com', 2, 2.00, 70, '2017-09-05', 2, NULL, 2, 5, '', '', '', '', 4, 2);
INSERT INTO `customer_profile` VALUES (228, 'Mr. Rady Chum', 'The Villa by Metta', '+855 92 508 545', 'info@mettavilla.com', NULL, NULL, 'Salakamreuk, Siem Reap', 56, 21, NULL, NULL, NULL, NULL, NULL, NULL, NULL, 1, NULL, NULL, NULL, NULL, NULL, '17253', NULL, 'http://mettavilla.com/html', 3, 5.00, 4, '2017-10-26', 2, '1970-01-01', 19, 4, '', '', '', '', 4, 3);
INSERT INTO `customer_profile` VALUES (229, 'So Visal', 'Shadow Angkor Villa', '+855 63 760 363', 'info@shadowangkorvilla.com', NULL, NULL, 'Wat Bo Street , Opposite Wat Preah Prom Rath Pagoda', 56, 21, NULL, '', NULL, NULL, '', NULL, NULL, 0, NULL, NULL, NULL, '2019-09-06 11:01:14', 16, '1710', NULL, 'https://shadowangkorvilla.com', 3, 3.00, 20, '2017-01-10', 2, '1970-01-01', 2, 5, '', '', '', '', 4, 3);
INSERT INTO `customer_profile` VALUES (230, 'Mr. Kong Sophea', 'Orussey One Hotel & Apartment', '+855 70 200 519', 'booking@orussey1.com, gm@orussey1.com', NULL, NULL, 'No 14, St 111, Corner 198, Sangkat Boeung Prolit, Khan 7Makara', 56, 1, NULL, NULL, NULL, NULL, NULL, NULL, NULL, 1, NULL, NULL, NULL, NULL, NULL, '', NULL, 'http://orussey1.com', 1, 4.00, 63, '2018-01-17', 2, NULL, 2, 4, '', '', '', '', 4, 1);
INSERT INTO `customer_profile` VALUES (231, 'Mr. Song Vichay', 'The Third Fold Hotel ', '+855 12 278 273', 'vichaysong@gmail.com', NULL, NULL, 'Krom 6, Phoum Sala Kanseng, Sangkat Svay Dangkum, Siem Reap, Cambodia', 56, 21, NULL, NULL, NULL, NULL, NULL, NULL, NULL, 1, NULL, NULL, NULL, NULL, NULL, '', NULL, 'http://thethirdfold.com', 1, 3.50, 24, '2018-10-22', 2, NULL, 14, 5, '', '', '', '', 4, 1);
INSERT INTO `customer_profile` VALUES (232, 'Suprabha', 'SNOOZE Capsule', '+855 78 937 329', 'info@snoozepodhostel.com ', NULL, NULL, 'No. 025, Sivutha Blvd, Mondul I Village, Svaydangkum Cummune (In front of Vattanac Bank)', 56, 21, NULL, NULL, NULL, NULL, NULL, NULL, NULL, 1, NULL, NULL, NULL, NULL, NULL, '', NULL, 'http://oasiscapsules.com', 2, 2.00, 14, '2016-06-15', 2, NULL, 2, 4, '', '', '', '', 4, 2);
INSERT INTO `customer_profile` VALUES (233, 'Mr. Sok Piseth', 'Damnak Villa Boutique', '+855 92 686 961', 'info@moonflowersiemreaps.com', NULL, NULL, 'Old Market Area, Wat Damnak Village, Salakomreuk Commune', 56, 21, NULL, '', NULL, NULL, '', NULL, NULL, 0, NULL, NULL, NULL, '2019-09-06 11:28:48', 16, '', NULL, 'https://damnakvillaboutique.com', 1, 3.00, 8, '2018-07-09', 2, NULL, 2, 4, '', '', '', '', 4, 1);
INSERT INTO `customer_profile` VALUES (234, 'Mr. Son kompheak', 'Udaya Residence', '+855 78 764 111', 'ecom@udayaresidence.com', NULL, NULL, '#125, Sala Komroeuk Village, Sala Komroeuk Commune,', 56, 21, NULL, NULL, NULL, NULL, NULL, NULL, NULL, 1, NULL, NULL, NULL, NULL, NULL, '', NULL, 'http://udayaresidence.com', 7, 4.00, 22, '2016-09-13', 2, NULL, 2, 5, '', '', '', '', 4, 7);
INSERT INTO `customer_profile` VALUES (235, 'Mrs. Sreynet Muong ', 'Boreirum Terkchou', '+855 15 360 540', 'boreirumthmordaresortkampot168@gmail.com', NULL, NULL, 'Teuk Chhou Road, Krong Kampot, Kampot Province, Cambodia', 56, 8, NULL, NULL, NULL, NULL, NULL, NULL, NULL, 1, NULL, NULL, NULL, NULL, NULL, '', NULL, 'http://boreirum.com', 1, 3.50, 23, '2018-10-15', 2, '1970-01-01', 19, 4, '', '', '', '', 4, 1);
INSERT INTO `customer_profile` VALUES (236, 'Mr. Boyd', 'Sovan Mealea Hotel', '+855 15 596 468', 'sales@sovanmealeahotel.com', NULL, NULL, 'Loktaneuy St, Watbo Village, Salakamreuk', 56, 21, NULL, NULL, NULL, NULL, NULL, NULL, NULL, 1, NULL, NULL, NULL, NULL, NULL, '17252', NULL, 'http://sovanmealeahotel.com', 1, 4.00, 42, '2015-12-12', 2, NULL, 2, 4, '', '', '', '', 4, 1);
INSERT INTO `customer_profile` VALUES (237, 'Mr. Jimmy', 'Makk Hotel', '+855 86 375 375', 'info@makkhotel.com', NULL, NULL, 'Sovansakor District, Kampot City, Kampot', 56, 8, NULL, NULL, NULL, NULL, NULL, NULL, NULL, 1, NULL, NULL, NULL, NULL, NULL, '', NULL, 'http://makkhotel.com', 1, 3.00, 6, '2016-03-16', 2, NULL, 2, 4, '', '', '', '', 4, 1);
INSERT INTO `customer_profile` VALUES (238, 'Try Palace Resort & Spa', 'Try Palace Resort', '+855 36 210 317', 'it@trypalaceresort.com', NULL, NULL, 'Phum Thmey, Sangkat Prey Thom', 56, 8, NULL, NULL, NULL, NULL, NULL, NULL, NULL, 1, NULL, NULL, NULL, NULL, NULL, '', NULL, 'http://trypalaceresort.com', 6, 5.00, 12, '2016-05-16', 2, NULL, 2, 4, '', '', '', '', 4, 6);
INSERT INTO `customer_profile` VALUES (239, 'Mr. Rin Sophearith', 'Long Beach Resort Koh Rong', '+855 78 810 009', 'info@longbeachresortkohrong.com', NULL, NULL, 'Sok San Village, Koh Rong (Island), Krong Phres SihanoukVille', 56, 16, NULL, '', NULL, NULL, '', NULL, NULL, 0, NULL, NULL, NULL, '2019-09-06 11:27:42', 16, '', NULL, 'http://longbeachresortkohrong.com', 6, 5.00, 6, '2018-08-07', 2, NULL, 2, 4, '', '', '', '', 4, 6);
INSERT INTO `customer_profile` VALUES (240, 'Mr.Sivantha', 'The Pipes Resort', '+855 12 896 111', 'md@thepipesresort.com', NULL, NULL, 'Koh Rong Sanleom', 56, 16, NULL, NULL, NULL, NULL, NULL, NULL, NULL, 1, NULL, NULL, NULL, NULL, NULL, '', NULL, 'http://thepipesresort.com', 6, 4.00, 12, '2016-12-16', 2, NULL, 2, 4, '', '', '', '', 4, 6);
INSERT INTO `customer_profile` VALUES (241, 'CHEN Samphea (Mr.)', 'vKirirom Pine Resort', '+855 78 777 284', 'info@vkirirom.com', NULL, NULL, 'Preah Soramarith-Kosamak National Park', 56, 1, NULL, NULL, NULL, NULL, NULL, NULL, NULL, 1, NULL, NULL, NULL, NULL, NULL, 'Kam Pong Speu', NULL, 'http://vkirirom.com', 1, 4.00, 29, '2015-01-23', 2, NULL, 2, 4, '', '', '', '', 4, 1);
INSERT INTO `customer_profile` VALUES (242, 'Ms. Nhek Srey Mom', 'Lux Riverside Hotel & Apartment', '+855 88 888 0968', ' sales@luxriversidehotels.com', NULL, NULL, 'No.2,4,6, Street 136, Sangkat Phsar kandal Khan Daun Penh', 56, 1, NULL, NULL, NULL, NULL, NULL, NULL, NULL, 1, NULL, NULL, NULL, NULL, NULL, '', NULL, 'http://luxriversidehotels.com', 1, 4.00, 102, '2015-03-20', 2, NULL, 2, 4, '', '', '', '', 4, 1);
INSERT INTO `customer_profile` VALUES (243, 'Mr. Kara', 'Manor House Boutique Hotel', '+855 17 802 922', 'info@manorhousecambodia.com', NULL, NULL, '#21, St. 262, Daun Penh ', 56, 1, NULL, NULL, NULL, NULL, NULL, NULL, NULL, 1, NULL, NULL, NULL, NULL, NULL, '', NULL, 'http://manorhousecambodia.com', 1, 3.50, 13, '2018-03-28', 2, '1970-01-01', 2, 4, '', '', '', '', 4, 1);
INSERT INTO `customer_profile` VALUES (244, 'Mr. Lak sokchan', 'Le Cocon Boutique Hotel', ' +855 17 565 959', 'sales@lecoconboutiquehotel.com', NULL, NULL, '#29, Street. 334, BKK I, Chamkamon, Phnom Penh', 56, 1, NULL, NULL, NULL, NULL, NULL, NULL, NULL, 1, NULL, NULL, NULL, NULL, NULL, '', NULL, 'http://lecoconboutiquehotel.com', 1, 4.00, 21, '2017-08-03', 2, NULL, 2, 4, '', '', '', '', 4, 1);
INSERT INTO `customer_profile` VALUES (245, 'Mr. Sok Chesda', 'Sokkhak Boutique Resort', '+855 77 765 697', 'contact@sokkhak-boutiqueresort.com', NULL, NULL, 'Kok Chork Village, Trorpeang Ses Commune, Wat Thmey', 56, 21, NULL, '', NULL, NULL, '', NULL, NULL, 0, NULL, NULL, NULL, '2019-09-06 10:41:42', 16, '', NULL, 'http://sokkhak-boutiqueresort.com', 1, 5.00, 12, '2014-12-25', 2, NULL, 2, 4, '', '', '', '', 4, 1);
INSERT INTO `customer_profile` VALUES (246, 'Mr. Nareth', 'Shadow Angkor Residence', '+855 92 334 384', 'info@shadowangkorresidence.com', NULL, NULL, 'No 353, Pokambor AVE, on the river side, near Old Market', 56, 21, NULL, NULL, NULL, NULL, NULL, NULL, NULL, 0, NULL, NULL, NULL, NULL, NULL, '', NULL, 'http://shadowangkorresidence.com', 1, 4.00, 9, '2016-04-07', 3, NULL, 2, 4, '2018-11-02', 'Owner wants Stop using our solutions', 'Nareth', '063 964 774 \r\n066 456 355', 4, 1);
INSERT INTO `customer_profile` VALUES (247, 'Keith Berry', 'The Golden Gecko Villa', '+855 69 641 082', 'info@thegoldengeckovilla.com', NULL, NULL, '20th Street off Wat Bo Road', 56, 21, NULL, NULL, NULL, NULL, NULL, NULL, NULL, 1, NULL, NULL, NULL, NULL, NULL, '', NULL, 'https://thegoldengeckovilla.com', 3, 3.00, 13, '2016-06-06', 2, NULL, 2, 4, '', '', '', '', 4, 3);
INSERT INTO `customer_profile` VALUES (248, 'Mr. Ran Samrah', 'La Rose Blanche Boutique', '+855 93 800 499', 'reservation@laroseblancheboutique.com', NULL, NULL, 'Wat Bo Road, Banteay Chas, Slorkram Commune', 56, 21, NULL, NULL, NULL, NULL, NULL, NULL, NULL, 1, NULL, NULL, NULL, NULL, NULL, '', NULL, 'http://laroseblancheboutique.com', 1, 4.00, 12, '2016-06-24', 2, NULL, 2, 4, '', '', '', '', 4, 1);
INSERT INTO `customer_profile` VALUES (249, 'Mr. Lay Sok Meng', 'Metta Residence & Spa', '+855 63 766 388', 'info@mettaresidence.com', NULL, NULL, 'Phum Salakamreuk, Sangkat Salakamreuk', 56, 21, NULL, NULL, NULL, NULL, NULL, NULL, NULL, 1, NULL, NULL, NULL, NULL, NULL, '', NULL, 'http://mettaresidence.com', 1, 5.00, 34, '2016-12-13', 2, NULL, 2, 4, '', '', '', '', 4, 1);
INSERT INTO `customer_profile` VALUES (250, 'Mr. Bunpheng', 'Monthara Angkor Residence', '+855 15 877 766', 'info@montharaangkor.com', NULL, NULL, '# 208, Taphoul Road, Taphoul Village', 56, 21, NULL, NULL, NULL, NULL, NULL, NULL, NULL, 0, NULL, NULL, NULL, NULL, NULL, '', NULL, 'http://montharaangkor.com', 1, 4.00, 11, '2017-01-17', 3, '1970-01-01', 2, 4, '', '', '', '', 4, 1);
INSERT INTO `customer_profile` VALUES (251, 'Mr. Sam Sopheap', 'The Seda Villa', '+855 89 816 888', 'info@sedavilla.com', NULL, NULL, 'Vat Damnak Village, Sala Kamroeuk Commune', 56, 21, NULL, NULL, NULL, NULL, NULL, NULL, NULL, 0, NULL, NULL, NULL, NULL, NULL, '', NULL, 'http://sedavilla.com', 3, 3.00, 11, '2017-05-09', 3, NULL, 2, 4, '2018-11-27', 'They Sell Property', 'Mr. Sam Sopheap', '+855 89 816 888', 4, 3);
INSERT INTO `customer_profile` VALUES (252, 'Mr. Seab Sonan', 'Rithy Rine Angkor Residence', '+855 12 302 655', 'info@rithyrineangkorresidence.com', NULL, NULL, 'City Center, Sok San Road, Old French Quarter, Siem Reap', 56, 21, NULL, NULL, NULL, NULL, NULL, NULL, NULL, 1, NULL, NULL, NULL, NULL, NULL, '', NULL, 'http://rithyrineangkorresidence.com', 1, 3.00, 28, '2017-09-05', 2, NULL, 2, 4, '', '', '', '', 4, 1);
INSERT INTO `customer_profile` VALUES (253, 'Mr. Samoeun', 'Vihara Residence', '+855 98 777 771', 'gm@vihararesidence.com', NULL, NULL, 'Aleah Road, Phum Wat Bo, Khum Salakamroeuk', 56, 21, NULL, NULL, NULL, NULL, NULL, NULL, NULL, 1, NULL, NULL, NULL, NULL, NULL, '', NULL, 'http://vihararesidence.com', 1, 4.00, 15, '2017-10-19', 2, NULL, 2, 4, '', '', '', '', 4, 1);
INSERT INTO `customer_profile` VALUES (254, 'Mr. Long Vansak', 'The Night Hotel', '+855 63 762 762', 'thenightboutique@gmail.com', NULL, NULL, 'Sok San Road, Stueng Thmei Village, Svay Dangkum Commune', 56, 21, NULL, NULL, NULL, NULL, NULL, NULL, NULL, 1, NULL, NULL, NULL, NULL, NULL, '', NULL, 'http://thenight-hotel.com', 1, 4.00, 25, '2017-11-10', 2, NULL, 2, 4, '', '', '', '', 4, 1);
INSERT INTO `customer_profile` VALUES (255, 'Ms. Vann Narin', 'SiZen Retreat & Spa', '', 'info@sizen-retreat.com', NULL, NULL, 'Wat Bo road, Slorkarm Commune', 56, 21, NULL, NULL, NULL, NULL, NULL, NULL, NULL, 0, NULL, NULL, NULL, NULL, NULL, '', NULL, '', 1, 3.50, 20, '2017-11-10', 3, '1970-01-01', 2, 4, '2019-06-13', 'They want to save budget for low season ', 'Ms. Narin', '098 958 387', 4, 1);
INSERT INTO `customer_profile` VALUES (256, 'Mr. Sous Phearith', 'The Villa Sok San Square', '+855 77 777 356', 'info@thevillasoksansquare.com', NULL, NULL, '456, Sok San Road, Khum Svay Dangkum', 56, 21, NULL, NULL, NULL, NULL, NULL, NULL, NULL, 0, NULL, NULL, NULL, NULL, NULL, '', NULL, 'http://thevillasoksansquare.com', 1, 3.00, 27, '2018-02-01', 3, '1970-01-01', 2, 4, '', '', '', '', 4, 1);
INSERT INTO `customer_profile` VALUES (257, 'Mr. Sin Senghong', 'Okay1 Villa', '+855 77 519 967', 'senghongsinn@gmail.com', NULL, NULL, 'No. 0325 Tapul, Sangkat Svay Dangkum', 56, 21, NULL, NULL, NULL, NULL, NULL, NULL, NULL, 0, NULL, NULL, NULL, NULL, NULL, '', NULL, 'http://okay1villa.com/home.aspx', 3, 3.50, 50, '2018-03-02', 3, '1970-01-01', 2, 4, '', '', '', '', 4, 3);
INSERT INTO `customer_profile` VALUES (258, 'Mrs.Kong Sophea ', 'Maison Model D\'Angkor', '+855 70 715 712', ' res@maisonmodeldangkor.com', NULL, NULL, 'No. 482, City center, National Road No.6, Wat Kesararam Street, Group 17, Phum Taphul, Sangkat Svay Dangkum, Siem Reap City, Cambodia.', 56, 21, NULL, NULL, NULL, NULL, NULL, NULL, NULL, 0, NULL, NULL, NULL, NULL, NULL, '', NULL, 'http://maisonmodeldangkor.com', 1, 2.00, 4, '2018-08-22', 3, '1970-01-01', 2, 4, '', '', '', '', 4, 1);
INSERT INTO `customer_profile` VALUES (259, 'Mr. Sengtry NOL', 'Smiling Deluxe Hotel', '+855 17 295 283', 'info@smilingdeluxehotel.com', NULL, NULL, 'No. 6, Chong Kaosou Village, Sangkat Slor Kram', 56, 21, NULL, NULL, NULL, NULL, NULL, NULL, NULL, 0, NULL, NULL, NULL, NULL, NULL, '', NULL, 'http://smiling-hotel.com', 1, 4.00, 36, '2018-09-07', 3, '1970-01-01', 14, 4, '2019-02-04', 'Smiling Deluxe Hotel is going to close expense budget soon', 'SENGTRY', '0964817070', 4, 1);
INSERT INTO `customer_profile` VALUES (260, 'Ms. Nataliia Shuba', 'Sea Breeze Resort', '+855 15 899 796', 'reservation@seabreeze-sihanoukville.com', NULL, NULL, 'St. Otres Beach, Village 6, Commune 4', 56, 16, NULL, NULL, NULL, NULL, NULL, NULL, NULL, 1, NULL, NULL, NULL, NULL, NULL, '', NULL, 'https://seabreeze-sihanoukville.com', 1, 3.00, 18, '2015-02-07', 2, NULL, 2, 4, '', '', '', '', 4, 1);
INSERT INTO `customer_profile` VALUES (261, 'Mr. chamnan En', 'Sabara Angkor Resort & Spa', '+855 11 588 830', 'gm@sabaraangkorresort.com, fo@sabaraangkorresort.c', NULL, NULL, 'Sfpda Rd, Krong Siem Reap', 56, 21, NULL, NULL, NULL, NULL, NULL, NULL, NULL, 1, NULL, NULL, NULL, NULL, NULL, '', NULL, 'http://sabaraangkorresortandspa.com', 1, 5.00, 35, '2018-10-30', 2, NULL, 15, 4, '', '', '', '', 4, 1);
INSERT INTO `customer_profile` VALUES (262, 'Mr. Nit Nimol', ' Image d\' Angkor Boutique Villa', '+855 12 466 881', 'info@imagedangkor.com', NULL, NULL, 'Airport Road, Kruos Village, Svay Dangkum Siem Reap Cambodia', 56, 21, NULL, NULL, NULL, NULL, NULL, NULL, NULL, 1, NULL, NULL, NULL, NULL, NULL, '', NULL, 'http://imagedangkor.com', 3, 3.00, 3, '2018-11-10', 2, NULL, 15, 5, '', '', '', '', 4, 3);
INSERT INTO `customer_profile` VALUES (263, 'Ms. Yin Sokhunthea', 'Angkor Retreat Villa Boutique & Spa', '+855 76 789 6565', 'info@angkorretreat.com', NULL, NULL, '0126, Wat Bo Rd., Slorkrame Village | Siem Reap, Siem Reap 063, Cambodia', 56, 21, NULL, NULL, NULL, NULL, NULL, NULL, NULL, 0, NULL, NULL, NULL, NULL, NULL, '', NULL, 'http://angkorretreat.com', 1, 3.00, 13, '2018-11-16', 3, '1970-01-01', 14, 4, '2019-04-01', 'Prepare their property ', 'Ms. Len ', '096 431 8059', 5, 1);
INSERT INTO `customer_profile` VALUES (264, 'Mr. Narong Piseth', 'David Boutique & Spa ', '+855 70 358 788', 'mr.piseth121887@gmail.com', NULL, NULL, 'Krous Village Road, Siem Reap, Cambodia', 56, 21, NULL, NULL, NULL, NULL, NULL, NULL, NULL, 0, NULL, NULL, NULL, NULL, NULL, '', NULL, 'http://davidboutiqueandspa.com', 4, 3.00, 10, '2018-11-15', 3, '1970-01-01', 14, 4, '', '', '', '', 4, 4);
INSERT INTO `customer_profile` VALUES (265, 'Mr. Orm Piseth', 'Norak Soeng Angkor Hotel', '+855 12 229 947', 'md@noraksoengangkorhotel.com', NULL, NULL, '7 Makara Road, | Phum Wat Bo, Sangkat Salakamroeuk, Siem Reap 17254, Cambodia', 56, 21, NULL, NULL, NULL, NULL, NULL, NULL, NULL, 1, NULL, NULL, NULL, NULL, NULL, '', NULL, 'http://www.noraksoengangkorhotel.com/', 1, 3.00, 25, '2018-11-14', 2, '1970-01-01', 14, 4, '', '', '', '', 4, 1);
INSERT INTO `customer_profile` VALUES (266, 'Mr. Chin Vichea ', 'Grand Champei Residence ', '+855 78 777 246', 'Chin.vichea@grandchampei.com', NULL, NULL, 'Busters Way, Svay Dangkum, Siem Reap, Kingdom of Cambodia.', 56, 21, NULL, NULL, NULL, NULL, NULL, NULL, NULL, 0, NULL, NULL, NULL, NULL, NULL, '', NULL, 'http://grandchampei.com', 1, 3.50, 35, '2018-12-08', 3, '1970-01-01', 13, 5, '', '', '', '', 4, 1);
INSERT INTO `customer_profile` VALUES (267, 'Mrs. Sebla Kaplan Ure ', 'Champey Villa', '+855 15 765 138', 'kalplansebla@gmail.com', NULL, NULL, '#166, Street#22 Wat Bo, Sala Kamreouk | (Near Wat Bo primary school), Siem Reap kh, Cambodia', 56, 21, NULL, NULL, NULL, NULL, NULL, NULL, NULL, 0, NULL, NULL, NULL, NULL, NULL, '17252', NULL, 'http://champeyvilla.com', 3, 3.50, 10, '2018-12-07', 3, '1970-01-01', 14, 4, '', '', '', '', 4, 3);
INSERT INTO `customer_profile` VALUES (268, 'Mr. RaBy RY', 'Crystal Blue Boutique Hotel', '+855 96 510 1168', 'rithraby168@gmail.com', NULL, NULL, 'No. 169 Sisowath  Daun Penh, Phnom Penh  Cambodia', 56, 1, NULL, NULL, NULL, NULL, NULL, NULL, NULL, 1, NULL, NULL, NULL, NULL, NULL, '', NULL, 'https://www.crystalblueboutiquehotel.com/', 7, 3.50, 12, '2018-12-24', 2, NULL, 13, 5, '', '', '', '', 4, 7);
INSERT INTO `customer_profile` VALUES (269, 'Ith Sakpitou', 'Damnak Villa Retreat 1 ', '', 'sakpitouith168@gmail.com', NULL, NULL, ' | #92,Group#6,Trapeang Ses, Kork Chak, Siem Reap, Cambodia', 56, 21, NULL, '', NULL, NULL, '', NULL, NULL, 0, NULL, NULL, NULL, '2019-09-06 11:29:41', 16, '', NULL, 'http://damnakvillaretreat.com', 3, 3.00, 15, '2019-01-05', 2, '2019-01-15', 14, 4, '2019-01-15', '', '', '', 4, 3);
INSERT INTO `customer_profile` VALUES (270, 'Mr. Meng Morn ', 'Natura Resort', '+855 17 707 526', 'operations@naturahotelresort.com', NULL, NULL, 'Wat Enkosey, Phum Traing, Siem Reap, Cambodia ', 56, 21, NULL, NULL, NULL, NULL, NULL, NULL, NULL, 0, NULL, NULL, NULL, NULL, NULL, '', NULL, 'http://naturahotelresort.com', 1, 4.00, 23, '2019-01-19', 3, '2019-02-12', 13, 4, '2019-07-01', 'Save budget for low season ', 'Mr. Meng Morn ', '017 707 526', 5, 1);
INSERT INTO `customer_profile` VALUES (271, 'Mr. Zhang Liang', 'Golden Nice Siem Reap Hotel', '+855 81 216 836', 'gm@goldennicesiemreaphotel.com', NULL, NULL, 'Banteay, Chas village, Slor Kram commune Siem Reap, CAMBODIA', 56, 21, NULL, '', NULL, NULL, '', NULL, NULL, 1, NULL, NULL, NULL, '2019-09-06 10:47:56', 16, '', NULL, 'https://theonegardeningboutiquehotel.com', 1, 5.00, 29, '2019-01-30', 2, '2019-02-04', 19, 4, '2019-07-12', 'Due to their budget because they have to work on their new property first.', 'Ms. Keo ', '017 881 224', 5, 1);
INSERT INTO `customer_profile` VALUES (272, 'Mrs. Douk Angkea Socheata', 'Neth Socheata Hotel ', '+855 63 963 294', 'booking@nethsocheatahotel.com', NULL, NULL, '(Pub street area)# 284, 2Thnou Street, directly opposite the Old Market, Siem Reap City, Siem Reap Province, Cambodia', 56, 21, NULL, NULL, NULL, NULL, NULL, NULL, NULL, 1, NULL, NULL, NULL, NULL, NULL, '', NULL, 'http://nethsocheatahotel.com', 1, 2.00, 22, '2019-02-08', 2, '2019-02-20', 13, 5, '2019-02-11', '', '', '', 4, 1);
INSERT INTO `customer_profile` VALUES (273, 'Mr. Mam Soksann', 'Pool Party Hostel', '+855 10 303 313', 'poolpartyhostel@gmail.com', NULL, NULL, 'Phsar Krom Road , Vihear Chin Village , Svay Dangkum Commune', 56, 21, NULL, NULL, NULL, NULL, NULL, NULL, NULL, 1, NULL, NULL, NULL, NULL, NULL, '', NULL, 'http://poolpartyhostel.com', 1, 2.00, 20, '2019-02-11', 2, '2019-02-21', 14, 4, '2019-02-21', '', '', '', 4, 1);
INSERT INTO `customer_profile` VALUES (274, 'Mrs. Tha Nimol', 'Best Central Point Hotel ', '+855 77 556 528', 'hometown.hotel@gmail.com', NULL, NULL, 'Phnom Penh ', 56, 1, NULL, NULL, NULL, NULL, NULL, NULL, NULL, 1, NULL, NULL, NULL, NULL, NULL, '', NULL, 'http://bestcentralpointhotel.com', 1, 3.00, 42, '2019-06-25', 2, '2019-07-01', 19, 5, '2019-06-28', '', '', '', 4, 1);
INSERT INTO `customer_profile` VALUES (275, 'Mrs. Danh Sokhern', 'Nita Dream Villa', '+855 17 410 768', 'reservation@nitadreamvilla.com', NULL, NULL, 'Near Siem Reap Court, Chreav Village, Chreav Commune, Siem Reap City', 56, 21, NULL, NULL, NULL, NULL, NULL, NULL, NULL, 0, NULL, NULL, NULL, NULL, NULL, '17254', NULL, 'http://nitadreamvilla.com', 1, 3.00, 4, '2019-03-04', 3, '2019-07-01', 2, 4, '2019-07-01', 'Save budget for low season ', 'Ms. Danh Dane ', '015 737 927', 5, 1);
INSERT INTO `customer_profile` VALUES (276, 'Mr. So', 'Wheel Garden Residence ', '+855 12 458 184', 'sales@wheelgarden.com', NULL, NULL, 'Psa Krolanh Street Trapeang Ses Village, Sangkat Kouk Chak, Siem Reap ', 56, 21, NULL, NULL, NULL, NULL, NULL, NULL, NULL, 1, NULL, NULL, NULL, NULL, NULL, '17259', NULL, 'http://wheelgarden.com', 1, 4.00, 30, '2019-06-28', 2, '2019-07-08', 19, 4, '2019-07-08', '', '', '', 2, 1);
INSERT INTO `customer_profile` VALUES (277, 'Mr. Komsort', 'Romantic Angkor Residence ', '+855 70 770 002', 'romanticangkors@gmail.com', NULL, NULL, 'Wat Bo Village, Sala Kamreuk Commune, Siem Reap Cambodia', 56, 21, NULL, NULL, NULL, NULL, NULL, NULL, NULL, 1, NULL, NULL, NULL, NULL, NULL, '', NULL, 'http://romanticangkor.com', 7, 4.00, 15, '2019-07-08', 1, '2019-07-08', 19, 5, '2019-07-08', '', '', '', 2, 7);
INSERT INTO `customer_profile` VALUES (278, 'Mr.Sok Piseth', 'Moon Flower Residence', '+855 69 700 304', 'info@moonflowersiemreap.com', NULL, NULL, 'Old Market Area, Wat Damnak Village, Salakomreuk Commune', 56, 21, NULL, NULL, NULL, NULL, NULL, NULL, NULL, 1, NULL, NULL, NULL, NULL, NULL, '', NULL, 'https://damnakvillaboutique.com', 1, 3.00, 8, '2018-07-09', 2, '2019-08-07', 19, 4, '2019-08-07', '', '', '', 2, 1);
INSERT INTO `customer_profile` VALUES (279, 'Mr. Borei', 'Siem Reap Palace Residence', '+855 98 675 556', 'book@siemreappalace-residence.com', NULL, NULL, 'Siem Reap', 56, 21, NULL, NULL, NULL, NULL, NULL, NULL, NULL, 1, NULL, NULL, NULL, NULL, NULL, '', NULL, 'http://siemreappalace-residence.com', 7, 4.00, 26, '2019-08-06', 1, '2019-08-07', 19, 4, '2019-08-07', '', '', '', 2, 7);
INSERT INTO `customer_profile` VALUES (287, 'Mr.Pen Rithy', 'Rithyma', '092 229 88', 'info@rithyma.com', NULL, NULL, 'Soem Reap', 56, 21, NULL, '', NULL, NULL, '', NULL, NULL, 0, 23, '2019-09-04 10:08:17', NULL, '2019-09-06 10:56:59', 16, '', NULL, NULL, NULL, NULL, NULL, NULL, NULL, NULL, NULL, NULL, NULL, NULL, NULL, NULL, NULL, NULL);
INSERT INTO `customer_profile` VALUES (288, 'EOT', 'eOcambo Technology', '010448054', 'theombuntheoun@gmail.com', NULL, NULL, 'Siem reap', 56, 21, NULL, '', 21, 56, '', 21, 56, 0, 1, '2019-09-04 10:37:02', NULL, '2019-09-06 10:57:28', 16, '17252', NULL, NULL, NULL, NULL, NULL, NULL, NULL, NULL, NULL, NULL, NULL, NULL, NULL, NULL, NULL, NULL);
COMMIT;

-- ----------------------------
-- Table structure for customer_profile_contact
-- ----------------------------
DROP TABLE IF EXISTS `customer_profile_contact`;
CREATE TABLE `customer_profile_contact` (
  `id` int(11) NOT NULL AUTO_INCREMENT,
  `id_customer` int(11) NOT NULL,
  `contact_name` varchar(255) NOT NULL,
  `position` varchar(255) DEFAULT NULL,
  `email_address` varchar(255) DEFAULT NULL,
  `phone` varchar(255) DEFAULT NULL,
  `status` int(1) DEFAULT NULL,
  `created_by` int(11) DEFAULT NULL,
  `created_date` datetime DEFAULT NULL ON UPDATE CURRENT_TIMESTAMP,
  `updated_date` datetime DEFAULT NULL,
  `updated_by` int(11) DEFAULT NULL,
  `note` varchar(500) DEFAULT NULL,
  `department` varchar(255) DEFAULT NULL,
  `tel` varchar(255) DEFAULT NULL,
  PRIMARY KEY (`id`)
) ENGINE=InnoDB AUTO_INCREMENT=2 DEFAULT CHARSET=utf8 ROW_FORMAT=COMPACT;

-- ----------------------------
-- Table structure for customer_profile_group
-- ----------------------------
DROP TABLE IF EXISTS `customer_profile_group`;
CREATE TABLE `customer_profile_group` (
  `id` int(11) NOT NULL AUTO_INCREMENT,
  `id_customer_profile` int(11) DEFAULT NULL,
  `id_customer_group` int(11) DEFAULT NULL,
  PRIMARY KEY (`id`)
) ENGINE=InnoDB DEFAULT CHARSET=utf8 ROW_FORMAT=COMPACT;

-- ----------------------------
-- Table structure for customer_profile_note
-- ----------------------------
DROP TABLE IF EXISTS `customer_profile_note`;
CREATE TABLE `customer_profile_note` (
  `id` int(11) NOT NULL AUTO_INCREMENT,
  `note` varchar(255) DEFAULT NULL,
  `created_date` datetime DEFAULT NULL,
  `updated_by` int(11) DEFAULT NULL,
  `created_by` int(11) DEFAULT NULL,
  `updated_date` datetime DEFAULT NULL,
  `status` tinyint(11) DEFAULT NULL,
  `id_customer` int(11) DEFAULT NULL,
  PRIMARY KEY (`id`) USING BTREE
) ENGINE=InnoDB DEFAULT CHARSET=utf8;

-- ----------------------------
-- Table structure for customer_profile_solution
-- ----------------------------
DROP TABLE IF EXISTS `customer_profile_solution`;
CREATE TABLE `customer_profile_solution` (
  `id` int(11) NOT NULL AUTO_INCREMENT,
  `id_customer` int(11) DEFAULT NULL,
  `id_solution` int(11) DEFAULT NULL,
  PRIMARY KEY (`id`)
) ENGINE=InnoDB AUTO_INCREMENT=761 DEFAULT CHARSET=latin1;

-- ----------------------------
-- Records of customer_profile_solution
-- ----------------------------
BEGIN;
INSERT INTO `customer_profile_solution` VALUES (5, 4, 1);
INSERT INTO `customer_profile_solution` VALUES (6, 4, 3);
INSERT INTO `customer_profile_solution` VALUES (7, 4, 6);
INSERT INTO `customer_profile_solution` VALUES (8, 4, 7);
INSERT INTO `customer_profile_solution` VALUES (9, 5, 1);
INSERT INTO `customer_profile_solution` VALUES (10, 5, 2);
INSERT INTO `customer_profile_solution` VALUES (11, 5, 6);
INSERT INTO `customer_profile_solution` VALUES (12, 5, 7);
INSERT INTO `customer_profile_solution` VALUES (13, 6, 1);
INSERT INTO `customer_profile_solution` VALUES (14, 6, 4);
INSERT INTO `customer_profile_solution` VALUES (15, 6, 6);
INSERT INTO `customer_profile_solution` VALUES (16, 7, 1);
INSERT INTO `customer_profile_solution` VALUES (17, 7, 4);
INSERT INTO `customer_profile_solution` VALUES (18, 7, 5);
INSERT INTO `customer_profile_solution` VALUES (19, 7, 6);
INSERT INTO `customer_profile_solution` VALUES (20, 8, 1);
INSERT INTO `customer_profile_solution` VALUES (21, 8, 3);
INSERT INTO `customer_profile_solution` VALUES (22, 8, 4);
INSERT INTO `customer_profile_solution` VALUES (23, 8, 6);
INSERT INTO `customer_profile_solution` VALUES (24, 8, 7);
INSERT INTO `customer_profile_solution` VALUES (25, 9, 1);
INSERT INTO `customer_profile_solution` VALUES (26, 9, 4);
INSERT INTO `customer_profile_solution` VALUES (27, 9, 6);
INSERT INTO `customer_profile_solution` VALUES (28, 9, 7);
INSERT INTO `customer_profile_solution` VALUES (29, 11, 3);
INSERT INTO `customer_profile_solution` VALUES (30, 11, 6);
INSERT INTO `customer_profile_solution` VALUES (31, 13, 1);
INSERT INTO `customer_profile_solution` VALUES (32, 13, 3);
INSERT INTO `customer_profile_solution` VALUES (33, 13, 6);
INSERT INTO `customer_profile_solution` VALUES (34, 13, 7);
INSERT INTO `customer_profile_solution` VALUES (35, 14, 1);
INSERT INTO `customer_profile_solution` VALUES (36, 14, 4);
INSERT INTO `customer_profile_solution` VALUES (37, 14, 6);
INSERT INTO `customer_profile_solution` VALUES (38, 15, 1);
INSERT INTO `customer_profile_solution` VALUES (39, 15, 4);
INSERT INTO `customer_profile_solution` VALUES (40, 15, 6);
INSERT INTO `customer_profile_solution` VALUES (41, 16, 1);
INSERT INTO `customer_profile_solution` VALUES (42, 16, 4);
INSERT INTO `customer_profile_solution` VALUES (43, 16, 6);
INSERT INTO `customer_profile_solution` VALUES (44, 16, 7);
INSERT INTO `customer_profile_solution` VALUES (45, 17, 1);
INSERT INTO `customer_profile_solution` VALUES (46, 17, 4);
INSERT INTO `customer_profile_solution` VALUES (47, 17, 6);
INSERT INTO `customer_profile_solution` VALUES (48, 18, 1);
INSERT INTO `customer_profile_solution` VALUES (49, 18, 4);
INSERT INTO `customer_profile_solution` VALUES (50, 18, 6);
INSERT INTO `customer_profile_solution` VALUES (51, 18, 7);
INSERT INTO `customer_profile_solution` VALUES (52, 19, 1);
INSERT INTO `customer_profile_solution` VALUES (53, 19, 4);
INSERT INTO `customer_profile_solution` VALUES (54, 19, 6);
INSERT INTO `customer_profile_solution` VALUES (55, 20, 1);
INSERT INTO `customer_profile_solution` VALUES (56, 20, 4);
INSERT INTO `customer_profile_solution` VALUES (57, 20, 6);
INSERT INTO `customer_profile_solution` VALUES (58, 20, 7);
INSERT INTO `customer_profile_solution` VALUES (59, 22, 1);
INSERT INTO `customer_profile_solution` VALUES (60, 22, 6);
INSERT INTO `customer_profile_solution` VALUES (61, 22, 7);
INSERT INTO `customer_profile_solution` VALUES (62, 23, 1);
INSERT INTO `customer_profile_solution` VALUES (63, 23, 4);
INSERT INTO `customer_profile_solution` VALUES (64, 23, 6);
INSERT INTO `customer_profile_solution` VALUES (65, 23, 7);
INSERT INTO `customer_profile_solution` VALUES (66, 25, 1);
INSERT INTO `customer_profile_solution` VALUES (67, 25, 3);
INSERT INTO `customer_profile_solution` VALUES (68, 25, 6);
INSERT INTO `customer_profile_solution` VALUES (69, 25, 7);
INSERT INTO `customer_profile_solution` VALUES (70, 26, 1);
INSERT INTO `customer_profile_solution` VALUES (71, 26, 4);
INSERT INTO `customer_profile_solution` VALUES (72, 26, 5);
INSERT INTO `customer_profile_solution` VALUES (73, 26, 6);
INSERT INTO `customer_profile_solution` VALUES (74, 26, 7);
INSERT INTO `customer_profile_solution` VALUES (75, 27, 1);
INSERT INTO `customer_profile_solution` VALUES (76, 27, 3);
INSERT INTO `customer_profile_solution` VALUES (77, 27, 6);
INSERT INTO `customer_profile_solution` VALUES (78, 28, 1);
INSERT INTO `customer_profile_solution` VALUES (79, 28, 3);
INSERT INTO `customer_profile_solution` VALUES (80, 28, 6);
INSERT INTO `customer_profile_solution` VALUES (81, 29, 1);
INSERT INTO `customer_profile_solution` VALUES (82, 29, 4);
INSERT INTO `customer_profile_solution` VALUES (83, 29, 6);
INSERT INTO `customer_profile_solution` VALUES (84, 30, 1);
INSERT INTO `customer_profile_solution` VALUES (85, 30, 2);
INSERT INTO `customer_profile_solution` VALUES (86, 30, 4);
INSERT INTO `customer_profile_solution` VALUES (87, 30, 6);
INSERT INTO `customer_profile_solution` VALUES (88, 30, 7);
INSERT INTO `customer_profile_solution` VALUES (89, 31, 1);
INSERT INTO `customer_profile_solution` VALUES (90, 31, 3);
INSERT INTO `customer_profile_solution` VALUES (91, 31, 6);
INSERT INTO `customer_profile_solution` VALUES (92, 31, 7);
INSERT INTO `customer_profile_solution` VALUES (93, 32, 1);
INSERT INTO `customer_profile_solution` VALUES (94, 32, 4);
INSERT INTO `customer_profile_solution` VALUES (95, 32, 5);
INSERT INTO `customer_profile_solution` VALUES (96, 32, 6);
INSERT INTO `customer_profile_solution` VALUES (97, 32, 7);
INSERT INTO `customer_profile_solution` VALUES (98, 33, 1);
INSERT INTO `customer_profile_solution` VALUES (99, 33, 6);
INSERT INTO `customer_profile_solution` VALUES (100, 33, 7);
INSERT INTO `customer_profile_solution` VALUES (101, 34, 1);
INSERT INTO `customer_profile_solution` VALUES (102, 34, 4);
INSERT INTO `customer_profile_solution` VALUES (103, 34, 5);
INSERT INTO `customer_profile_solution` VALUES (104, 34, 6);
INSERT INTO `customer_profile_solution` VALUES (105, 34, 7);
INSERT INTO `customer_profile_solution` VALUES (106, 36, 1);
INSERT INTO `customer_profile_solution` VALUES (107, 36, 4);
INSERT INTO `customer_profile_solution` VALUES (108, 36, 6);
INSERT INTO `customer_profile_solution` VALUES (109, 36, 7);
INSERT INTO `customer_profile_solution` VALUES (110, 37, 1);
INSERT INTO `customer_profile_solution` VALUES (111, 37, 3);
INSERT INTO `customer_profile_solution` VALUES (112, 37, 6);
INSERT INTO `customer_profile_solution` VALUES (113, 37, 7);
INSERT INTO `customer_profile_solution` VALUES (114, 38, 1);
INSERT INTO `customer_profile_solution` VALUES (115, 38, 3);
INSERT INTO `customer_profile_solution` VALUES (116, 38, 6);
INSERT INTO `customer_profile_solution` VALUES (117, 39, 1);
INSERT INTO `customer_profile_solution` VALUES (118, 39, 3);
INSERT INTO `customer_profile_solution` VALUES (119, 39, 6);
INSERT INTO `customer_profile_solution` VALUES (120, 40, 1);
INSERT INTO `customer_profile_solution` VALUES (121, 40, 4);
INSERT INTO `customer_profile_solution` VALUES (122, 40, 6);
INSERT INTO `customer_profile_solution` VALUES (123, 40, 7);
INSERT INTO `customer_profile_solution` VALUES (124, 41, 1);
INSERT INTO `customer_profile_solution` VALUES (125, 41, 3);
INSERT INTO `customer_profile_solution` VALUES (126, 41, 6);
INSERT INTO `customer_profile_solution` VALUES (127, 41, 7);
INSERT INTO `customer_profile_solution` VALUES (128, 42, 1);
INSERT INTO `customer_profile_solution` VALUES (129, 42, 3);
INSERT INTO `customer_profile_solution` VALUES (130, 42, 6);
INSERT INTO `customer_profile_solution` VALUES (131, 43, 1);
INSERT INTO `customer_profile_solution` VALUES (132, 43, 3);
INSERT INTO `customer_profile_solution` VALUES (133, 43, 6);
INSERT INTO `customer_profile_solution` VALUES (134, 43, 7);
INSERT INTO `customer_profile_solution` VALUES (135, 44, 1);
INSERT INTO `customer_profile_solution` VALUES (136, 44, 3);
INSERT INTO `customer_profile_solution` VALUES (137, 44, 6);
INSERT INTO `customer_profile_solution` VALUES (138, 45, 1);
INSERT INTO `customer_profile_solution` VALUES (139, 45, 2);
INSERT INTO `customer_profile_solution` VALUES (140, 45, 4);
INSERT INTO `customer_profile_solution` VALUES (141, 45, 6);
INSERT INTO `customer_profile_solution` VALUES (142, 45, 7);
INSERT INTO `customer_profile_solution` VALUES (143, 46, 1);
INSERT INTO `customer_profile_solution` VALUES (144, 46, 3);
INSERT INTO `customer_profile_solution` VALUES (145, 46, 6);
INSERT INTO `customer_profile_solution` VALUES (146, 47, 1);
INSERT INTO `customer_profile_solution` VALUES (147, 47, 3);
INSERT INTO `customer_profile_solution` VALUES (148, 47, 6);
INSERT INTO `customer_profile_solution` VALUES (149, 48, 1);
INSERT INTO `customer_profile_solution` VALUES (150, 48, 4);
INSERT INTO `customer_profile_solution` VALUES (151, 48, 6);
INSERT INTO `customer_profile_solution` VALUES (152, 48, 7);
INSERT INTO `customer_profile_solution` VALUES (153, 49, 1);
INSERT INTO `customer_profile_solution` VALUES (154, 49, 4);
INSERT INTO `customer_profile_solution` VALUES (155, 49, 6);
INSERT INTO `customer_profile_solution` VALUES (156, 50, 1);
INSERT INTO `customer_profile_solution` VALUES (157, 50, 4);
INSERT INTO `customer_profile_solution` VALUES (158, 50, 6);
INSERT INTO `customer_profile_solution` VALUES (159, 51, 1);
INSERT INTO `customer_profile_solution` VALUES (160, 51, 4);
INSERT INTO `customer_profile_solution` VALUES (161, 51, 6);
INSERT INTO `customer_profile_solution` VALUES (162, 51, 7);
INSERT INTO `customer_profile_solution` VALUES (163, 54, 1);
INSERT INTO `customer_profile_solution` VALUES (164, 54, 4);
INSERT INTO `customer_profile_solution` VALUES (165, 54, 6);
INSERT INTO `customer_profile_solution` VALUES (166, 54, 7);
INSERT INTO `customer_profile_solution` VALUES (167, 55, 1);
INSERT INTO `customer_profile_solution` VALUES (168, 55, 3);
INSERT INTO `customer_profile_solution` VALUES (169, 55, 6);
INSERT INTO `customer_profile_solution` VALUES (170, 56, 1);
INSERT INTO `customer_profile_solution` VALUES (171, 56, 4);
INSERT INTO `customer_profile_solution` VALUES (172, 56, 6);
INSERT INTO `customer_profile_solution` VALUES (173, 57, 1);
INSERT INTO `customer_profile_solution` VALUES (174, 57, 3);
INSERT INTO `customer_profile_solution` VALUES (175, 57, 6);
INSERT INTO `customer_profile_solution` VALUES (176, 57, 7);
INSERT INTO `customer_profile_solution` VALUES (177, 58, 1);
INSERT INTO `customer_profile_solution` VALUES (178, 58, 3);
INSERT INTO `customer_profile_solution` VALUES (179, 58, 6);
INSERT INTO `customer_profile_solution` VALUES (180, 59, 1);
INSERT INTO `customer_profile_solution` VALUES (181, 59, 5);
INSERT INTO `customer_profile_solution` VALUES (182, 59, 6);
INSERT INTO `customer_profile_solution` VALUES (183, 60, 1);
INSERT INTO `customer_profile_solution` VALUES (184, 60, 4);
INSERT INTO `customer_profile_solution` VALUES (185, 60, 6);
INSERT INTO `customer_profile_solution` VALUES (186, 60, 7);
INSERT INTO `customer_profile_solution` VALUES (187, 61, 1);
INSERT INTO `customer_profile_solution` VALUES (188, 61, 3);
INSERT INTO `customer_profile_solution` VALUES (189, 61, 6);
INSERT INTO `customer_profile_solution` VALUES (190, 61, 7);
INSERT INTO `customer_profile_solution` VALUES (191, 62, 1);
INSERT INTO `customer_profile_solution` VALUES (192, 62, 4);
INSERT INTO `customer_profile_solution` VALUES (193, 62, 5);
INSERT INTO `customer_profile_solution` VALUES (194, 62, 6);
INSERT INTO `customer_profile_solution` VALUES (195, 63, 1);
INSERT INTO `customer_profile_solution` VALUES (196, 63, 4);
INSERT INTO `customer_profile_solution` VALUES (197, 63, 6);
INSERT INTO `customer_profile_solution` VALUES (198, 63, 7);
INSERT INTO `customer_profile_solution` VALUES (199, 64, 1);
INSERT INTO `customer_profile_solution` VALUES (200, 64, 3);
INSERT INTO `customer_profile_solution` VALUES (201, 64, 6);
INSERT INTO `customer_profile_solution` VALUES (202, 66, 1);
INSERT INTO `customer_profile_solution` VALUES (203, 66, 3);
INSERT INTO `customer_profile_solution` VALUES (204, 66, 6);
INSERT INTO `customer_profile_solution` VALUES (205, 66, 7);
INSERT INTO `customer_profile_solution` VALUES (206, 72, 1);
INSERT INTO `customer_profile_solution` VALUES (207, 72, 4);
INSERT INTO `customer_profile_solution` VALUES (208, 72, 5);
INSERT INTO `customer_profile_solution` VALUES (209, 72, 6);
INSERT INTO `customer_profile_solution` VALUES (210, 74, 1);
INSERT INTO `customer_profile_solution` VALUES (211, 74, 3);
INSERT INTO `customer_profile_solution` VALUES (212, 74, 6);
INSERT INTO `customer_profile_solution` VALUES (213, 74, 7);
INSERT INTO `customer_profile_solution` VALUES (214, 81, 1);
INSERT INTO `customer_profile_solution` VALUES (215, 81, 4);
INSERT INTO `customer_profile_solution` VALUES (216, 81, 6);
INSERT INTO `customer_profile_solution` VALUES (217, 83, 1);
INSERT INTO `customer_profile_solution` VALUES (218, 83, 3);
INSERT INTO `customer_profile_solution` VALUES (219, 83, 6);
INSERT INTO `customer_profile_solution` VALUES (220, 96, 1);
INSERT INTO `customer_profile_solution` VALUES (221, 96, 4);
INSERT INTO `customer_profile_solution` VALUES (222, 96, 6);
INSERT INTO `customer_profile_solution` VALUES (223, 96, 7);
INSERT INTO `customer_profile_solution` VALUES (224, 100, 1);
INSERT INTO `customer_profile_solution` VALUES (225, 100, 6);
INSERT INTO `customer_profile_solution` VALUES (226, 100, 7);
INSERT INTO `customer_profile_solution` VALUES (227, 101, 1);
INSERT INTO `customer_profile_solution` VALUES (228, 101, 4);
INSERT INTO `customer_profile_solution` VALUES (229, 101, 6);
INSERT INTO `customer_profile_solution` VALUES (230, 102, 1);
INSERT INTO `customer_profile_solution` VALUES (231, 102, 2);
INSERT INTO `customer_profile_solution` VALUES (232, 102, 3);
INSERT INTO `customer_profile_solution` VALUES (233, 102, 6);
INSERT INTO `customer_profile_solution` VALUES (234, 102, 7);
INSERT INTO `customer_profile_solution` VALUES (235, 103, 1);
INSERT INTO `customer_profile_solution` VALUES (236, 103, 4);
INSERT INTO `customer_profile_solution` VALUES (237, 103, 5);
INSERT INTO `customer_profile_solution` VALUES (238, 103, 6);
INSERT INTO `customer_profile_solution` VALUES (239, 105, 1);
INSERT INTO `customer_profile_solution` VALUES (240, 105, 4);
INSERT INTO `customer_profile_solution` VALUES (241, 105, 6);
INSERT INTO `customer_profile_solution` VALUES (242, 106, 1);
INSERT INTO `customer_profile_solution` VALUES (243, 106, 4);
INSERT INTO `customer_profile_solution` VALUES (244, 106, 6);
INSERT INTO `customer_profile_solution` VALUES (245, 106, 7);
INSERT INTO `customer_profile_solution` VALUES (246, 107, 1);
INSERT INTO `customer_profile_solution` VALUES (247, 107, 4);
INSERT INTO `customer_profile_solution` VALUES (248, 107, 6);
INSERT INTO `customer_profile_solution` VALUES (249, 107, 7);
INSERT INTO `customer_profile_solution` VALUES (250, 109, 1);
INSERT INTO `customer_profile_solution` VALUES (251, 109, 4);
INSERT INTO `customer_profile_solution` VALUES (252, 109, 6);
INSERT INTO `customer_profile_solution` VALUES (253, 109, 7);
INSERT INTO `customer_profile_solution` VALUES (254, 111, 1);
INSERT INTO `customer_profile_solution` VALUES (255, 111, 2);
INSERT INTO `customer_profile_solution` VALUES (256, 111, 4);
INSERT INTO `customer_profile_solution` VALUES (257, 111, 6);
INSERT INTO `customer_profile_solution` VALUES (258, 111, 7);
INSERT INTO `customer_profile_solution` VALUES (259, 112, 1);
INSERT INTO `customer_profile_solution` VALUES (260, 112, 2);
INSERT INTO `customer_profile_solution` VALUES (261, 112, 4);
INSERT INTO `customer_profile_solution` VALUES (262, 112, 6);
INSERT INTO `customer_profile_solution` VALUES (263, 112, 7);
INSERT INTO `customer_profile_solution` VALUES (264, 113, 1);
INSERT INTO `customer_profile_solution` VALUES (265, 113, 4);
INSERT INTO `customer_profile_solution` VALUES (266, 113, 6);
INSERT INTO `customer_profile_solution` VALUES (267, 113, 7);
INSERT INTO `customer_profile_solution` VALUES (268, 114, 1);
INSERT INTO `customer_profile_solution` VALUES (269, 114, 4);
INSERT INTO `customer_profile_solution` VALUES (270, 114, 6);
INSERT INTO `customer_profile_solution` VALUES (271, 114, 7);
INSERT INTO `customer_profile_solution` VALUES (272, 124, 1);
INSERT INTO `customer_profile_solution` VALUES (273, 124, 4);
INSERT INTO `customer_profile_solution` VALUES (274, 124, 6);
INSERT INTO `customer_profile_solution` VALUES (275, 124, 7);
INSERT INTO `customer_profile_solution` VALUES (276, 125, 1);
INSERT INTO `customer_profile_solution` VALUES (277, 125, 4);
INSERT INTO `customer_profile_solution` VALUES (278, 125, 6);
INSERT INTO `customer_profile_solution` VALUES (279, 125, 7);
INSERT INTO `customer_profile_solution` VALUES (280, 126, 1);
INSERT INTO `customer_profile_solution` VALUES (281, 126, 2);
INSERT INTO `customer_profile_solution` VALUES (282, 126, 4);
INSERT INTO `customer_profile_solution` VALUES (283, 126, 6);
INSERT INTO `customer_profile_solution` VALUES (284, 126, 7);
INSERT INTO `customer_profile_solution` VALUES (285, 127, 1);
INSERT INTO `customer_profile_solution` VALUES (286, 127, 4);
INSERT INTO `customer_profile_solution` VALUES (287, 127, 6);
INSERT INTO `customer_profile_solution` VALUES (288, 127, 7);
INSERT INTO `customer_profile_solution` VALUES (289, 131, 1);
INSERT INTO `customer_profile_solution` VALUES (290, 131, 2);
INSERT INTO `customer_profile_solution` VALUES (291, 131, 3);
INSERT INTO `customer_profile_solution` VALUES (292, 131, 6);
INSERT INTO `customer_profile_solution` VALUES (293, 131, 7);
INSERT INTO `customer_profile_solution` VALUES (294, 132, 1);
INSERT INTO `customer_profile_solution` VALUES (295, 132, 2);
INSERT INTO `customer_profile_solution` VALUES (296, 132, 4);
INSERT INTO `customer_profile_solution` VALUES (297, 132, 6);
INSERT INTO `customer_profile_solution` VALUES (298, 132, 7);
INSERT INTO `customer_profile_solution` VALUES (299, 136, 1);
INSERT INTO `customer_profile_solution` VALUES (300, 136, 2);
INSERT INTO `customer_profile_solution` VALUES (301, 136, 4);
INSERT INTO `customer_profile_solution` VALUES (302, 136, 6);
INSERT INTO `customer_profile_solution` VALUES (303, 136, 7);
INSERT INTO `customer_profile_solution` VALUES (304, 139, 1);
INSERT INTO `customer_profile_solution` VALUES (305, 139, 6);
INSERT INTO `customer_profile_solution` VALUES (306, 139, 7);
INSERT INTO `customer_profile_solution` VALUES (307, 141, 1);
INSERT INTO `customer_profile_solution` VALUES (308, 141, 4);
INSERT INTO `customer_profile_solution` VALUES (309, 141, 6);
INSERT INTO `customer_profile_solution` VALUES (310, 141, 7);
INSERT INTO `customer_profile_solution` VALUES (311, 142, 1);
INSERT INTO `customer_profile_solution` VALUES (312, 142, 3);
INSERT INTO `customer_profile_solution` VALUES (313, 142, 6);
INSERT INTO `customer_profile_solution` VALUES (314, 142, 7);
INSERT INTO `customer_profile_solution` VALUES (315, 151, 1);
INSERT INTO `customer_profile_solution` VALUES (316, 151, 3);
INSERT INTO `customer_profile_solution` VALUES (317, 151, 6);
INSERT INTO `customer_profile_solution` VALUES (318, 151, 7);
INSERT INTO `customer_profile_solution` VALUES (319, 154, 1);
INSERT INTO `customer_profile_solution` VALUES (320, 154, 2);
INSERT INTO `customer_profile_solution` VALUES (321, 154, 4);
INSERT INTO `customer_profile_solution` VALUES (322, 154, 6);
INSERT INTO `customer_profile_solution` VALUES (323, 154, 7);
INSERT INTO `customer_profile_solution` VALUES (324, 157, 1);
INSERT INTO `customer_profile_solution` VALUES (325, 157, 3);
INSERT INTO `customer_profile_solution` VALUES (326, 157, 6);
INSERT INTO `customer_profile_solution` VALUES (327, 157, 7);
INSERT INTO `customer_profile_solution` VALUES (328, 158, 1);
INSERT INTO `customer_profile_solution` VALUES (329, 158, 4);
INSERT INTO `customer_profile_solution` VALUES (330, 158, 6);
INSERT INTO `customer_profile_solution` VALUES (331, 158, 7);
INSERT INTO `customer_profile_solution` VALUES (332, 160, 1);
INSERT INTO `customer_profile_solution` VALUES (333, 160, 2);
INSERT INTO `customer_profile_solution` VALUES (334, 160, 6);
INSERT INTO `customer_profile_solution` VALUES (335, 160, 7);
INSERT INTO `customer_profile_solution` VALUES (336, 165, 1);
INSERT INTO `customer_profile_solution` VALUES (337, 165, 4);
INSERT INTO `customer_profile_solution` VALUES (338, 165, 6);
INSERT INTO `customer_profile_solution` VALUES (339, 166, 1);
INSERT INTO `customer_profile_solution` VALUES (340, 166, 4);
INSERT INTO `customer_profile_solution` VALUES (341, 166, 6);
INSERT INTO `customer_profile_solution` VALUES (342, 169, 1);
INSERT INTO `customer_profile_solution` VALUES (343, 169, 6);
INSERT INTO `customer_profile_solution` VALUES (344, 169, 7);
INSERT INTO `customer_profile_solution` VALUES (345, 170, 1);
INSERT INTO `customer_profile_solution` VALUES (346, 170, 2);
INSERT INTO `customer_profile_solution` VALUES (347, 170, 4);
INSERT INTO `customer_profile_solution` VALUES (348, 170, 6);
INSERT INTO `customer_profile_solution` VALUES (349, 170, 7);
INSERT INTO `customer_profile_solution` VALUES (350, 177, 1);
INSERT INTO `customer_profile_solution` VALUES (351, 177, 4);
INSERT INTO `customer_profile_solution` VALUES (352, 177, 6);
INSERT INTO `customer_profile_solution` VALUES (353, 177, 7);
INSERT INTO `customer_profile_solution` VALUES (354, 178, 1);
INSERT INTO `customer_profile_solution` VALUES (355, 178, 2);
INSERT INTO `customer_profile_solution` VALUES (356, 178, 6);
INSERT INTO `customer_profile_solution` VALUES (357, 179, 1);
INSERT INTO `customer_profile_solution` VALUES (358, 179, 2);
INSERT INTO `customer_profile_solution` VALUES (359, 179, 3);
INSERT INTO `customer_profile_solution` VALUES (360, 179, 6);
INSERT INTO `customer_profile_solution` VALUES (361, 179, 7);
INSERT INTO `customer_profile_solution` VALUES (362, 180, 1);
INSERT INTO `customer_profile_solution` VALUES (363, 180, 2);
INSERT INTO `customer_profile_solution` VALUES (364, 180, 6);
INSERT INTO `customer_profile_solution` VALUES (365, 183, 1);
INSERT INTO `customer_profile_solution` VALUES (366, 183, 4);
INSERT INTO `customer_profile_solution` VALUES (367, 183, 6);
INSERT INTO `customer_profile_solution` VALUES (368, 183, 7);
INSERT INTO `customer_profile_solution` VALUES (369, 188, 1);
INSERT INTO `customer_profile_solution` VALUES (370, 188, 4);
INSERT INTO `customer_profile_solution` VALUES (371, 188, 6);
INSERT INTO `customer_profile_solution` VALUES (372, 188, 7);
INSERT INTO `customer_profile_solution` VALUES (373, 189, 1);
INSERT INTO `customer_profile_solution` VALUES (374, 189, 4);
INSERT INTO `customer_profile_solution` VALUES (375, 189, 6);
INSERT INTO `customer_profile_solution` VALUES (376, 189, 7);
INSERT INTO `customer_profile_solution` VALUES (377, 192, 1);
INSERT INTO `customer_profile_solution` VALUES (378, 192, 4);
INSERT INTO `customer_profile_solution` VALUES (379, 192, 6);
INSERT INTO `customer_profile_solution` VALUES (380, 193, 1);
INSERT INTO `customer_profile_solution` VALUES (381, 193, 4);
INSERT INTO `customer_profile_solution` VALUES (382, 193, 6);
INSERT INTO `customer_profile_solution` VALUES (383, 193, 7);
INSERT INTO `customer_profile_solution` VALUES (384, 194, 1);
INSERT INTO `customer_profile_solution` VALUES (385, 194, 2);
INSERT INTO `customer_profile_solution` VALUES (386, 194, 4);
INSERT INTO `customer_profile_solution` VALUES (387, 194, 6);
INSERT INTO `customer_profile_solution` VALUES (388, 194, 7);
INSERT INTO `customer_profile_solution` VALUES (389, 197, 1);
INSERT INTO `customer_profile_solution` VALUES (390, 197, 4);
INSERT INTO `customer_profile_solution` VALUES (391, 197, 6);
INSERT INTO `customer_profile_solution` VALUES (392, 198, 1);
INSERT INTO `customer_profile_solution` VALUES (393, 198, 3);
INSERT INTO `customer_profile_solution` VALUES (394, 198, 6);
INSERT INTO `customer_profile_solution` VALUES (395, 198, 7);
INSERT INTO `customer_profile_solution` VALUES (396, 199, 1);
INSERT INTO `customer_profile_solution` VALUES (397, 199, 4);
INSERT INTO `customer_profile_solution` VALUES (398, 199, 6);
INSERT INTO `customer_profile_solution` VALUES (399, 206, 1);
INSERT INTO `customer_profile_solution` VALUES (400, 206, 4);
INSERT INTO `customer_profile_solution` VALUES (401, 206, 6);
INSERT INTO `customer_profile_solution` VALUES (402, 206, 7);
INSERT INTO `customer_profile_solution` VALUES (403, 212, 1);
INSERT INTO `customer_profile_solution` VALUES (404, 212, 2);
INSERT INTO `customer_profile_solution` VALUES (405, 212, 3);
INSERT INTO `customer_profile_solution` VALUES (406, 212, 6);
INSERT INTO `customer_profile_solution` VALUES (407, 214, 1);
INSERT INTO `customer_profile_solution` VALUES (408, 214, 3);
INSERT INTO `customer_profile_solution` VALUES (409, 214, 6);
INSERT INTO `customer_profile_solution` VALUES (410, 217, 1);
INSERT INTO `customer_profile_solution` VALUES (411, 217, 4);
INSERT INTO `customer_profile_solution` VALUES (412, 217, 6);
INSERT INTO `customer_profile_solution` VALUES (413, 217, 7);
INSERT INTO `customer_profile_solution` VALUES (414, 218, 1);
INSERT INTO `customer_profile_solution` VALUES (415, 218, 3);
INSERT INTO `customer_profile_solution` VALUES (416, 218, 6);
INSERT INTO `customer_profile_solution` VALUES (417, 218, 7);
INSERT INTO `customer_profile_solution` VALUES (418, 219, 1);
INSERT INTO `customer_profile_solution` VALUES (419, 219, 4);
INSERT INTO `customer_profile_solution` VALUES (420, 219, 6);
INSERT INTO `customer_profile_solution` VALUES (421, 223, 1);
INSERT INTO `customer_profile_solution` VALUES (422, 223, 4);
INSERT INTO `customer_profile_solution` VALUES (423, 223, 5);
INSERT INTO `customer_profile_solution` VALUES (424, 223, 6);
INSERT INTO `customer_profile_solution` VALUES (425, 226, 1);
INSERT INTO `customer_profile_solution` VALUES (426, 226, 3);
INSERT INTO `customer_profile_solution` VALUES (427, 226, 6);
INSERT INTO `customer_profile_solution` VALUES (428, 226, 7);
INSERT INTO `customer_profile_solution` VALUES (429, 227, 1);
INSERT INTO `customer_profile_solution` VALUES (430, 227, 4);
INSERT INTO `customer_profile_solution` VALUES (431, 227, 6);
INSERT INTO `customer_profile_solution` VALUES (432, 229, 1);
INSERT INTO `customer_profile_solution` VALUES (433, 229, 3);
INSERT INTO `customer_profile_solution` VALUES (434, 229, 6);
INSERT INTO `customer_profile_solution` VALUES (435, 229, 7);
INSERT INTO `customer_profile_solution` VALUES (436, 230, 1);
INSERT INTO `customer_profile_solution` VALUES (437, 230, 4);
INSERT INTO `customer_profile_solution` VALUES (438, 230, 6);
INSERT INTO `customer_profile_solution` VALUES (439, 230, 7);
INSERT INTO `customer_profile_solution` VALUES (440, 231, 1);
INSERT INTO `customer_profile_solution` VALUES (441, 231, 3);
INSERT INTO `customer_profile_solution` VALUES (442, 231, 6);
INSERT INTO `customer_profile_solution` VALUES (443, 231, 7);
INSERT INTO `customer_profile_solution` VALUES (444, 234, 1);
INSERT INTO `customer_profile_solution` VALUES (445, 234, 6);
INSERT INTO `customer_profile_solution` VALUES (446, 234, 7);
INSERT INTO `customer_profile_solution` VALUES (447, 236, 1);
INSERT INTO `customer_profile_solution` VALUES (448, 236, 3);
INSERT INTO `customer_profile_solution` VALUES (449, 236, 6);
INSERT INTO `customer_profile_solution` VALUES (450, 236, 7);
INSERT INTO `customer_profile_solution` VALUES (451, 237, 1);
INSERT INTO `customer_profile_solution` VALUES (452, 237, 6);
INSERT INTO `customer_profile_solution` VALUES (453, 237, 7);
INSERT INTO `customer_profile_solution` VALUES (454, 241, 1);
INSERT INTO `customer_profile_solution` VALUES (455, 241, 3);
INSERT INTO `customer_profile_solution` VALUES (456, 241, 6);
INSERT INTO `customer_profile_solution` VALUES (457, 241, 7);
INSERT INTO `customer_profile_solution` VALUES (458, 242, 1);
INSERT INTO `customer_profile_solution` VALUES (459, 242, 2);
INSERT INTO `customer_profile_solution` VALUES (460, 242, 4);
INSERT INTO `customer_profile_solution` VALUES (461, 242, 6);
INSERT INTO `customer_profile_solution` VALUES (462, 242, 7);
INSERT INTO `customer_profile_solution` VALUES (463, 245, 1);
INSERT INTO `customer_profile_solution` VALUES (464, 245, 4);
INSERT INTO `customer_profile_solution` VALUES (465, 245, 6);
INSERT INTO `customer_profile_solution` VALUES (466, 246, 1);
INSERT INTO `customer_profile_solution` VALUES (467, 246, 6);
INSERT INTO `customer_profile_solution` VALUES (468, 246, 7);
INSERT INTO `customer_profile_solution` VALUES (469, 248, 1);
INSERT INTO `customer_profile_solution` VALUES (470, 248, 3);
INSERT INTO `customer_profile_solution` VALUES (471, 248, 6);
INSERT INTO `customer_profile_solution` VALUES (472, 248, 7);
INSERT INTO `customer_profile_solution` VALUES (473, 250, 1);
INSERT INTO `customer_profile_solution` VALUES (474, 250, 4);
INSERT INTO `customer_profile_solution` VALUES (475, 250, 6);
INSERT INTO `customer_profile_solution` VALUES (476, 250, 7);
INSERT INTO `customer_profile_solution` VALUES (477, 251, 7);
INSERT INTO `customer_profile_solution` VALUES (478, 252, 1);
INSERT INTO `customer_profile_solution` VALUES (479, 252, 2);
INSERT INTO `customer_profile_solution` VALUES (480, 252, 4);
INSERT INTO `customer_profile_solution` VALUES (481, 252, 6);
INSERT INTO `customer_profile_solution` VALUES (482, 252, 7);
INSERT INTO `customer_profile_solution` VALUES (483, 255, 1);
INSERT INTO `customer_profile_solution` VALUES (484, 255, 4);
INSERT INTO `customer_profile_solution` VALUES (485, 255, 6);
INSERT INTO `customer_profile_solution` VALUES (486, 256, 1);
INSERT INTO `customer_profile_solution` VALUES (487, 256, 4);
INSERT INTO `customer_profile_solution` VALUES (488, 256, 6);
INSERT INTO `customer_profile_solution` VALUES (489, 256, 7);
INSERT INTO `customer_profile_solution` VALUES (490, 257, 1);
INSERT INTO `customer_profile_solution` VALUES (491, 257, 4);
INSERT INTO `customer_profile_solution` VALUES (492, 257, 6);
INSERT INTO `customer_profile_solution` VALUES (493, 259, 1);
INSERT INTO `customer_profile_solution` VALUES (494, 259, 4);
INSERT INTO `customer_profile_solution` VALUES (495, 259, 6);
INSERT INTO `customer_profile_solution` VALUES (496, 259, 7);
INSERT INTO `customer_profile_solution` VALUES (497, 260, 1);
INSERT INTO `customer_profile_solution` VALUES (498, 260, 4);
INSERT INTO `customer_profile_solution` VALUES (499, 260, 6);
INSERT INTO `customer_profile_solution` VALUES (500, 260, 7);
INSERT INTO `customer_profile_solution` VALUES (501, 261, 1);
INSERT INTO `customer_profile_solution` VALUES (502, 261, 2);
INSERT INTO `customer_profile_solution` VALUES (503, 261, 6);
INSERT INTO `customer_profile_solution` VALUES (504, 261, 7);
INSERT INTO `customer_profile_solution` VALUES (505, 262, 1);
INSERT INTO `customer_profile_solution` VALUES (506, 262, 3);
INSERT INTO `customer_profile_solution` VALUES (507, 262, 6);
INSERT INTO `customer_profile_solution` VALUES (508, 262, 7);
INSERT INTO `customer_profile_solution` VALUES (509, 263, 1);
INSERT INTO `customer_profile_solution` VALUES (510, 263, 2);
INSERT INTO `customer_profile_solution` VALUES (511, 263, 4);
INSERT INTO `customer_profile_solution` VALUES (512, 263, 6);
INSERT INTO `customer_profile_solution` VALUES (513, 263, 7);
INSERT INTO `customer_profile_solution` VALUES (514, 264, 1);
INSERT INTO `customer_profile_solution` VALUES (515, 264, 2);
INSERT INTO `customer_profile_solution` VALUES (516, 264, 3);
INSERT INTO `customer_profile_solution` VALUES (517, 264, 6);
INSERT INTO `customer_profile_solution` VALUES (518, 264, 7);
INSERT INTO `customer_profile_solution` VALUES (519, 265, 1);
INSERT INTO `customer_profile_solution` VALUES (520, 265, 4);
INSERT INTO `customer_profile_solution` VALUES (521, 265, 6);
INSERT INTO `customer_profile_solution` VALUES (522, 265, 7);
INSERT INTO `customer_profile_solution` VALUES (523, 266, 1);
INSERT INTO `customer_profile_solution` VALUES (524, 266, 2);
INSERT INTO `customer_profile_solution` VALUES (525, 266, 3);
INSERT INTO `customer_profile_solution` VALUES (526, 266, 6);
INSERT INTO `customer_profile_solution` VALUES (527, 266, 7);
INSERT INTO `customer_profile_solution` VALUES (528, 267, 1);
INSERT INTO `customer_profile_solution` VALUES (529, 267, 6);
INSERT INTO `customer_profile_solution` VALUES (530, 267, 7);
INSERT INTO `customer_profile_solution` VALUES (531, 268, 1);
INSERT INTO `customer_profile_solution` VALUES (532, 268, 4);
INSERT INTO `customer_profile_solution` VALUES (533, 268, 6);
INSERT INTO `customer_profile_solution` VALUES (534, 269, 1);
INSERT INTO `customer_profile_solution` VALUES (535, 269, 2);
INSERT INTO `customer_profile_solution` VALUES (536, 269, 4);
INSERT INTO `customer_profile_solution` VALUES (537, 269, 6);
INSERT INTO `customer_profile_solution` VALUES (538, 269, 7);
INSERT INTO `customer_profile_solution` VALUES (539, 270, 1);
INSERT INTO `customer_profile_solution` VALUES (540, 270, 2);
INSERT INTO `customer_profile_solution` VALUES (541, 270, 3);
INSERT INTO `customer_profile_solution` VALUES (542, 270, 6);
INSERT INTO `customer_profile_solution` VALUES (543, 270, 7);
INSERT INTO `customer_profile_solution` VALUES (544, 271, 1);
INSERT INTO `customer_profile_solution` VALUES (545, 271, 4);
INSERT INTO `customer_profile_solution` VALUES (546, 271, 6);
INSERT INTO `customer_profile_solution` VALUES (547, 271, 7);
INSERT INTO `customer_profile_solution` VALUES (548, 274, 1);
INSERT INTO `customer_profile_solution` VALUES (549, 274, 2);
INSERT INTO `customer_profile_solution` VALUES (550, 274, 4);
INSERT INTO `customer_profile_solution` VALUES (551, 274, 7);
INSERT INTO `customer_profile_solution` VALUES (552, 275, 1);
INSERT INTO `customer_profile_solution` VALUES (553, 275, 3);
INSERT INTO `customer_profile_solution` VALUES (554, 275, 6);
INSERT INTO `customer_profile_solution` VALUES (555, 275, 7);
INSERT INTO `customer_profile_solution` VALUES (556, 277, 1);
INSERT INTO `customer_profile_solution` VALUES (557, 277, 2);
INSERT INTO `customer_profile_solution` VALUES (558, 277, 4);
INSERT INTO `customer_profile_solution` VALUES (559, 277, 6);
INSERT INTO `customer_profile_solution` VALUES (560, 277, 7);
INSERT INTO `customer_profile_solution` VALUES (561, 278, 1);
INSERT INTO `customer_profile_solution` VALUES (562, 278, 4);
INSERT INTO `customer_profile_solution` VALUES (563, 278, 6);
INSERT INTO `customer_profile_solution` VALUES (564, 278, 7);
INSERT INTO `customer_profile_solution` VALUES (565, 279, 1);
INSERT INTO `customer_profile_solution` VALUES (566, 279, 2);
INSERT INTO `customer_profile_solution` VALUES (567, 279, 4);
INSERT INTO `customer_profile_solution` VALUES (568, 279, 6);
INSERT INTO `customer_profile_solution` VALUES (569, 279, 7);
INSERT INTO `customer_profile_solution` VALUES (733, 1, 1);
INSERT INTO `customer_profile_solution` VALUES (734, 1, 2);
INSERT INTO `customer_profile_solution` VALUES (735, 1, 3);
INSERT INTO `customer_profile_solution` VALUES (736, 1, 4);
INSERT INTO `customer_profile_solution` VALUES (737, 1, 6);
INSERT INTO `customer_profile_solution` VALUES (738, 1, 7);
INSERT INTO `customer_profile_solution` VALUES (742, 2, 1);
INSERT INTO `customer_profile_solution` VALUES (743, 2, 2);
INSERT INTO `customer_profile_solution` VALUES (744, 2, 8);
COMMIT;

-- ----------------------------
-- Table structure for customer_profile_status
-- ----------------------------
DROP TABLE IF EXISTS `customer_profile_status`;
CREATE TABLE `customer_profile_status` (
  `id` int(11) NOT NULL AUTO_INCREMENT,
  `name` varchar(255) DEFAULT NULL,
  `created_date` datetime DEFAULT NULL,
  `updated_by` int(11) DEFAULT NULL,
  `created_by` int(11) DEFAULT NULL,
  `updated_date` datetime DEFAULT NULL,
  `status` int(1) DEFAULT NULL,
  PRIMARY KEY (`id`) USING BTREE
) ENGINE=InnoDB AUTO_INCREMENT=7 DEFAULT CHARSET=utf8;

-- ----------------------------
-- Records of customer_profile_status
-- ----------------------------
BEGIN;
INSERT INTO `customer_profile_status` VALUES (1, 'New', NULL, NULL, NULL, NULL, 1);
INSERT INTO `customer_profile_status` VALUES (2, 'Contacted', NULL, NULL, NULL, NULL, 1);
INSERT INTO `customer_profile_status` VALUES (3, 'Qualified', NULL, NULL, NULL, NULL, 1);
INSERT INTO `customer_profile_status` VALUES (4, 'Working', NULL, NULL, NULL, NULL, 1);
INSERT INTO `customer_profile_status` VALUES (5, 'Proposal Sent', NULL, NULL, NULL, NULL, 1);
INSERT INTO `customer_profile_status` VALUES (6, 'Customer', NULL, NULL, NULL, NULL, 1);
COMMIT;

-- ----------------------------
-- Table structure for customer_solution_status
-- ----------------------------
DROP TABLE IF EXISTS `customer_solution_status`;
CREATE TABLE `customer_solution_status` (
  `id` int(11) NOT NULL AUTO_INCREMENT,
  `name` varchar(255) DEFAULT NULL,
  `order_by` int(2) DEFAULT NULL,
  PRIMARY KEY (`id`)
) ENGINE=InnoDB AUTO_INCREMENT=5 DEFAULT CHARSET=utf8;

-- ----------------------------
-- Records of customer_solution_status
-- ----------------------------
BEGIN;
INSERT INTO `customer_solution_status` VALUES (1, 'Inprocessing', 2);
INSERT INTO `customer_solution_status` VALUES (2, 'Lived', 3);
INSERT INTO `customer_solution_status` VALUES (3, 'Terminated', 4);
INSERT INTO `customer_solution_status` VALUES (4, 'New Sale', 1);
COMMIT;

-- ----------------------------
-- Table structure for customer_type
-- ----------------------------
DROP TABLE IF EXISTS `customer_type`;
CREATE TABLE `customer_type` (
  `id` int(11) NOT NULL AUTO_INCREMENT,
  `name` varchar(255) COLLATE utf8_unicode_ci DEFAULT NULL,
  `note` text COLLATE utf8_unicode_ci,
  `status` int(1) DEFAULT NULL,
  `created_date` datetime DEFAULT NULL,
  `created_by` int(11) DEFAULT NULL,
  `updated_date` datetime DEFAULT NULL,
  `updated_by` int(11) DEFAULT NULL,
  PRIMARY KEY (`id`)
) ENGINE=InnoDB AUTO_INCREMENT=10 DEFAULT CHARSET=utf8 COLLATE=utf8_unicode_ci;

-- ----------------------------
-- Records of customer_type
-- ----------------------------
BEGIN;
INSERT INTO `customer_type` VALUES (1, 'Hotel', '', 1, '2019-09-01 22:38:59', 1, '2019-09-01 22:41:32', 1);
INSERT INTO `customer_type` VALUES (2, 'Hostel', '', 1, '2019-09-01 22:39:08', 1, NULL, NULL);
INSERT INTO `customer_type` VALUES (3, 'Villa', NULL, 1, NULL, NULL, NULL, NULL);
INSERT INTO `customer_type` VALUES (4, 'Boutique', NULL, 1, NULL, NULL, NULL, NULL);
INSERT INTO `customer_type` VALUES (5, 'Apartment', NULL, 1, NULL, NULL, NULL, NULL);
INSERT INTO `customer_type` VALUES (6, 'Resort', NULL, 1, NULL, NULL, NULL, NULL);
INSERT INTO `customer_type` VALUES (7, 'Boutique Hotel', NULL, 1, NULL, NULL, NULL, NULL);
INSERT INTO `customer_type` VALUES (8, 'Holiday House', NULL, 1, NULL, NULL, NULL, NULL);
INSERT INTO `customer_type` VALUES (9, 'Guesthouse', NULL, 1, NULL, NULL, NULL, NULL);
COMMIT;

-- ----------------------------
-- Table structure for data_option_phone_number_country_code
-- ----------------------------
DROP TABLE IF EXISTS `data_option_phone_number_country_code`;
CREATE TABLE `data_option_phone_number_country_code` (
  `id` int(11) NOT NULL AUTO_INCREMENT,
  `short_name` varchar(10) DEFAULT NULL,
  `names` varchar(50) DEFAULT NULL,
  `code` varchar(50) DEFAULT NULL,
  `status` int(1) DEFAULT NULL,
  `created_by` int(11) NOT NULL,
  `created_date` datetime DEFAULT NULL,
  `updated_by` int(11) DEFAULT NULL,
  `updated_date` datetime DEFAULT NULL,
  PRIMARY KEY (`id`) USING BTREE
) ENGINE=InnoDB AUTO_INCREMENT=231 DEFAULT CHARSET=utf8 ROW_FORMAT=COMPACT;

-- ----------------------------
-- Records of data_option_phone_number_country_code
-- ----------------------------
BEGIN;
INSERT INTO `data_option_phone_number_country_code` VALUES (1, 'AD', 'ANDORRA', '376', 1, 1, '2019-01-09 09:58:14', 1, '2019-04-24 16:52:44');
INSERT INTO `data_option_phone_number_country_code` VALUES (2, 'AE', 'UNITED ARAB EMIRATES', '971', 1, 1, '2019-01-09 09:58:14', NULL, NULL);
INSERT INTO `data_option_phone_number_country_code` VALUES (3, 'AF', 'AFGHANISTAN', '93', 1, 1, '2019-01-09 09:58:14', NULL, NULL);
INSERT INTO `data_option_phone_number_country_code` VALUES (4, 'AG', 'ANTIGUA AND BARBUDA', '1268', 1, 1, '2019-01-09 09:58:14', NULL, NULL);
INSERT INTO `data_option_phone_number_country_code` VALUES (5, 'AI', 'ANGUILLA', '1264', 1, 1, '2019-01-09 09:58:14', NULL, NULL);
INSERT INTO `data_option_phone_number_country_code` VALUES (6, 'AL', 'ALBANIA', '355', 1, 1, '2019-01-09 09:58:14', NULL, NULL);
INSERT INTO `data_option_phone_number_country_code` VALUES (7, 'AM', 'ARMENIA', '374', 1, 1, '2019-01-09 09:58:14', NULL, NULL);
INSERT INTO `data_option_phone_number_country_code` VALUES (8, 'AN', 'NETHERLANDS ANTILLES', '599', 1, 1, '2019-01-09 09:58:14', NULL, NULL);
INSERT INTO `data_option_phone_number_country_code` VALUES (9, 'AO', 'ANGOLA', '244', 1, 1, '2019-01-09 09:58:14', NULL, NULL);
INSERT INTO `data_option_phone_number_country_code` VALUES (10, 'AQ', 'ANTARCTICA', '672', 1, 1, '2019-01-09 09:58:14', NULL, NULL);
INSERT INTO `data_option_phone_number_country_code` VALUES (11, 'AR', 'ARGENTINA', '54', 1, 1, '2019-01-09 09:58:14', NULL, NULL);
INSERT INTO `data_option_phone_number_country_code` VALUES (12, 'AS', 'AMERICAN SAMOA', '1684', 1, 1, '2019-01-09 09:58:14', NULL, NULL);
INSERT INTO `data_option_phone_number_country_code` VALUES (13, 'AT', 'AUSTRIA', '43', 1, 1, '2019-01-09 09:58:14', NULL, NULL);
INSERT INTO `data_option_phone_number_country_code` VALUES (14, 'AU', 'AUSTRALIA', '61', 1, 1, '2019-01-09 09:58:14', NULL, NULL);
INSERT INTO `data_option_phone_number_country_code` VALUES (15, 'AW', 'ARUBA', '297', 1, 1, '2019-01-09 09:58:14', NULL, NULL);
INSERT INTO `data_option_phone_number_country_code` VALUES (16, 'AZ', 'AZERBAIJAN', '994', 1, 1, '2019-01-09 09:58:14', NULL, NULL);
INSERT INTO `data_option_phone_number_country_code` VALUES (17, 'BA', 'BOSNIA AND HERZEGOVINA', '387', 1, 1, '2019-01-09 09:58:14', NULL, NULL);
INSERT INTO `data_option_phone_number_country_code` VALUES (18, 'BB', 'BARBADOS', '1246', 1, 1, '2019-01-09 09:58:14', NULL, NULL);
INSERT INTO `data_option_phone_number_country_code` VALUES (19, 'BD', 'BANGLADESH', '880', 1, 1, '2019-01-09 09:58:14', NULL, NULL);
INSERT INTO `data_option_phone_number_country_code` VALUES (20, 'BE', 'BELGIUM', '32', 1, 1, '2019-01-09 09:58:14', NULL, NULL);
INSERT INTO `data_option_phone_number_country_code` VALUES (21, 'BF', 'BURKINA FASO', '226', 1, 1, '2019-01-09 09:58:14', NULL, NULL);
INSERT INTO `data_option_phone_number_country_code` VALUES (22, 'BG', 'BULGARIA', '359', 1, 1, '2019-01-09 09:58:14', NULL, NULL);
INSERT INTO `data_option_phone_number_country_code` VALUES (23, 'BH', 'BAHRAIN', '973', 1, 1, '2019-01-09 09:58:14', NULL, NULL);
INSERT INTO `data_option_phone_number_country_code` VALUES (24, 'BI', 'BURUNDI', '257', 1, 1, '2019-01-09 09:58:14', NULL, NULL);
INSERT INTO `data_option_phone_number_country_code` VALUES (25, 'BJ', 'BENIN', '229', 1, 1, '2019-01-09 09:58:14', NULL, NULL);
INSERT INTO `data_option_phone_number_country_code` VALUES (26, 'BL', 'SAINT BARTHELEMY', '590', 1, 1, '2019-01-09 09:58:14', NULL, NULL);
INSERT INTO `data_option_phone_number_country_code` VALUES (27, 'BM', 'BERMUDA', '1441', 1, 1, '2019-01-09 09:58:14', NULL, NULL);
INSERT INTO `data_option_phone_number_country_code` VALUES (28, 'BN', 'BRUNEI DARUSSALAM', '673', 1, 1, '2019-01-09 09:58:14', NULL, NULL);
INSERT INTO `data_option_phone_number_country_code` VALUES (29, 'BO', 'BOLIVIA', '591', 1, 1, '2019-01-09 09:58:14', NULL, NULL);
INSERT INTO `data_option_phone_number_country_code` VALUES (30, 'BR', 'BRAZIL', '55', 1, 1, '2019-01-09 09:58:14', NULL, NULL);
INSERT INTO `data_option_phone_number_country_code` VALUES (31, 'BS', 'BAHAMAS', '1242', 1, 1, '2019-01-09 09:58:14', NULL, NULL);
INSERT INTO `data_option_phone_number_country_code` VALUES (32, 'BT', 'BHUTAN', '975', 1, 1, '2019-01-09 09:58:14', NULL, NULL);
INSERT INTO `data_option_phone_number_country_code` VALUES (33, 'BW', 'BOTSWANA', '267', 1, 1, '2019-01-09 09:58:14', NULL, NULL);
INSERT INTO `data_option_phone_number_country_code` VALUES (34, 'BY', 'BELARUS', '375', 1, 1, '2019-01-09 09:58:14', NULL, NULL);
INSERT INTO `data_option_phone_number_country_code` VALUES (35, 'BZ', 'BELIZE', '501', 1, 1, '2019-01-09 09:58:14', NULL, NULL);
INSERT INTO `data_option_phone_number_country_code` VALUES (36, 'CA', 'CANADA', '1', 1, 1, '2019-01-09 09:58:14', NULL, NULL);
INSERT INTO `data_option_phone_number_country_code` VALUES (37, 'CC', 'COCOS (KEELING) ISLANDS', '61', 1, 1, '2019-01-09 09:58:14', NULL, NULL);
INSERT INTO `data_option_phone_number_country_code` VALUES (38, 'CD', 'CONGO, THE DEMOCRATIC REPUBLIC OF THE', '243', 1, 1, '2019-01-09 09:58:14', NULL, NULL);
INSERT INTO `data_option_phone_number_country_code` VALUES (39, 'CF', 'CENTRAL AFRICAN REPUBLIC', '236', 1, 1, '2019-01-09 09:58:14', NULL, NULL);
INSERT INTO `data_option_phone_number_country_code` VALUES (40, 'CG', 'CONGO', '242', 1, 1, '2019-01-09 09:58:14', NULL, NULL);
INSERT INTO `data_option_phone_number_country_code` VALUES (41, 'CH', 'SWITZERLAND', '41', 1, 1, '2019-01-09 09:58:14', NULL, NULL);
INSERT INTO `data_option_phone_number_country_code` VALUES (42, 'CI', 'COTE D IVOIRE', '225', 1, 1, '2019-01-09 09:58:14', NULL, NULL);
INSERT INTO `data_option_phone_number_country_code` VALUES (43, 'CK', 'COOK ISLANDS', '682', 1, 1, '2019-01-09 09:58:14', NULL, NULL);
INSERT INTO `data_option_phone_number_country_code` VALUES (44, 'CL', 'CHILE', '56', 1, 1, '2019-01-09 09:58:14', NULL, NULL);
INSERT INTO `data_option_phone_number_country_code` VALUES (45, 'CM', 'CAMEROON', '237', 1, 1, '2019-01-09 09:58:14', NULL, NULL);
INSERT INTO `data_option_phone_number_country_code` VALUES (46, 'CN', 'CHINA', '86', 1, 1, '2019-01-09 09:58:14', NULL, NULL);
INSERT INTO `data_option_phone_number_country_code` VALUES (47, 'CO', 'COLOMBIA', '57', 1, 1, '2019-01-09 09:58:14', NULL, NULL);
INSERT INTO `data_option_phone_number_country_code` VALUES (48, 'CR', 'COSTA RICA', '506', 1, 1, '2019-01-09 09:58:14', NULL, NULL);
INSERT INTO `data_option_phone_number_country_code` VALUES (49, 'CU', 'CUBA', '53', 1, 1, '2019-01-09 09:58:14', NULL, NULL);
INSERT INTO `data_option_phone_number_country_code` VALUES (50, 'CV', 'CAPE VERDE', '238', 1, 1, '2019-01-09 09:58:14', NULL, NULL);
INSERT INTO `data_option_phone_number_country_code` VALUES (51, 'CX', 'CHRISTMAS ISLAND', '61', 1, 1, '2019-01-09 09:58:14', NULL, NULL);
INSERT INTO `data_option_phone_number_country_code` VALUES (52, 'CY', 'CYPRUS', '357', 1, 1, '2019-01-09 09:58:14', NULL, NULL);
INSERT INTO `data_option_phone_number_country_code` VALUES (53, 'CZ', 'CZECH REPUBLIC', '420', 1, 1, '2019-01-09 09:58:14', NULL, NULL);
INSERT INTO `data_option_phone_number_country_code` VALUES (54, 'DE', 'GERMANY', '49', 1, 1, '2019-01-09 09:58:14', NULL, NULL);
INSERT INTO `data_option_phone_number_country_code` VALUES (55, 'DJ', 'DJIBOUTI', '253', 1, 1, '2019-01-09 09:58:14', NULL, NULL);
INSERT INTO `data_option_phone_number_country_code` VALUES (56, 'DK', 'DENMARK', '45', 1, 1, '2019-01-09 09:58:14', NULL, NULL);
INSERT INTO `data_option_phone_number_country_code` VALUES (57, 'DM', 'DOMINICA', '1767', 1, 1, '2019-01-09 09:58:14', NULL, NULL);
INSERT INTO `data_option_phone_number_country_code` VALUES (58, 'DO', 'DOMINICAN REPUBLIC', '1809', 1, 1, '2019-01-09 09:58:14', NULL, NULL);
INSERT INTO `data_option_phone_number_country_code` VALUES (59, 'DZ', 'ALGERIA', '213', 1, 1, '2019-01-09 09:58:14', NULL, NULL);
INSERT INTO `data_option_phone_number_country_code` VALUES (60, 'EC', 'ECUADOR', '593', 1, 1, '2019-01-09 09:58:14', NULL, NULL);
INSERT INTO `data_option_phone_number_country_code` VALUES (61, 'EE', 'ESTONIA', '372', 1, 1, '2019-01-09 09:58:14', NULL, NULL);
INSERT INTO `data_option_phone_number_country_code` VALUES (62, 'EG', 'EGYPT', '20', 1, 1, '2019-01-09 09:58:14', NULL, NULL);
INSERT INTO `data_option_phone_number_country_code` VALUES (63, 'ER', 'ERITREA', '291', 1, 1, '2019-01-09 09:58:14', NULL, NULL);
INSERT INTO `data_option_phone_number_country_code` VALUES (64, 'ES', 'SPAIN', '34', 1, 1, '2019-01-09 09:58:14', NULL, NULL);
INSERT INTO `data_option_phone_number_country_code` VALUES (65, 'ET', 'ETHIOPIA', '251', 1, 1, '2019-01-09 09:58:14', NULL, NULL);
INSERT INTO `data_option_phone_number_country_code` VALUES (66, 'FI', 'FINLAND', '358', 1, 1, '2019-01-09 09:58:14', NULL, NULL);
INSERT INTO `data_option_phone_number_country_code` VALUES (67, 'FJ', 'FIJI', '679', 1, 1, '2019-01-09 09:58:14', NULL, NULL);
INSERT INTO `data_option_phone_number_country_code` VALUES (68, 'FK', 'FALKLAND ISLANDS (MALVINAS)', '500', 1, 1, '2019-01-09 09:58:14', NULL, NULL);
INSERT INTO `data_option_phone_number_country_code` VALUES (69, 'FM', 'MICRONESIA, FEDERATED STATES OF', '691', 1, 1, '2019-01-09 09:58:14', NULL, NULL);
INSERT INTO `data_option_phone_number_country_code` VALUES (70, 'FO', 'FAROE ISLANDS', '298', 1, 1, '2019-01-09 09:58:14', NULL, NULL);
INSERT INTO `data_option_phone_number_country_code` VALUES (71, 'FR', 'FRANCE', '33', 1, 1, '2019-01-09 09:58:14', NULL, NULL);
INSERT INTO `data_option_phone_number_country_code` VALUES (72, 'GA', 'GABON', '241', 1, 1, '2019-01-09 09:58:14', NULL, NULL);
INSERT INTO `data_option_phone_number_country_code` VALUES (73, 'GB', 'UNITED KINGDOM', '44', 1, 1, '2019-01-09 09:58:14', NULL, NULL);
INSERT INTO `data_option_phone_number_country_code` VALUES (74, 'GD', 'GRENADA', '1473', 1, 1, '2019-01-09 09:58:14', NULL, NULL);
INSERT INTO `data_option_phone_number_country_code` VALUES (75, 'GE', 'GEORGIA', '995', 1, 1, '2019-01-09 09:58:14', NULL, NULL);
INSERT INTO `data_option_phone_number_country_code` VALUES (76, 'GH', 'GHANA', '233', 1, 1, '2019-01-09 09:58:14', NULL, NULL);
INSERT INTO `data_option_phone_number_country_code` VALUES (77, 'GI', 'GIBRALTAR', '350', 1, 1, '2019-01-09 09:58:14', NULL, NULL);
INSERT INTO `data_option_phone_number_country_code` VALUES (78, 'GL', 'GREENLAND', '299', 1, 1, '2019-01-09 09:58:14', NULL, NULL);
INSERT INTO `data_option_phone_number_country_code` VALUES (79, 'GM', 'GAMBIA', '220', 1, 1, '2019-01-09 09:58:14', NULL, NULL);
INSERT INTO `data_option_phone_number_country_code` VALUES (80, 'GN', 'GUINEA', '224', 1, 1, '2019-01-09 09:58:14', NULL, NULL);
INSERT INTO `data_option_phone_number_country_code` VALUES (81, 'GQ', 'EQUATORIAL GUINEA', '240', 1, 1, '2019-01-09 09:58:14', NULL, NULL);
INSERT INTO `data_option_phone_number_country_code` VALUES (82, 'GR', 'GREECE', '30', 1, 1, '2019-01-09 09:58:14', NULL, NULL);
INSERT INTO `data_option_phone_number_country_code` VALUES (83, 'GT', 'GUATEMALA', '502', 1, 1, '2019-01-09 09:58:14', NULL, NULL);
INSERT INTO `data_option_phone_number_country_code` VALUES (84, 'GU', 'GUAM', '1671', 1, 1, '2019-01-09 09:58:14', NULL, NULL);
INSERT INTO `data_option_phone_number_country_code` VALUES (85, 'GW', 'GUINEA-BISSAU', '245', 1, 1, '2019-01-09 09:58:14', NULL, NULL);
INSERT INTO `data_option_phone_number_country_code` VALUES (86, 'GY', 'GUYANA', '592', 1, 1, '2019-01-09 09:58:14', NULL, NULL);
INSERT INTO `data_option_phone_number_country_code` VALUES (87, 'HK', 'HONG KONG', '852', 1, 1, '2019-01-09 09:58:14', NULL, NULL);
INSERT INTO `data_option_phone_number_country_code` VALUES (88, 'HN', 'HONDURAS', '504', 1, 1, '2019-01-09 09:58:14', NULL, NULL);
INSERT INTO `data_option_phone_number_country_code` VALUES (89, 'HR', 'CROATIA', '385', 1, 1, '2019-01-09 09:58:14', NULL, NULL);
INSERT INTO `data_option_phone_number_country_code` VALUES (90, 'HT', 'HAITI', '509', 1, 1, '2019-01-09 09:58:14', NULL, NULL);
INSERT INTO `data_option_phone_number_country_code` VALUES (91, 'HU', 'HUNGARY', '36', 1, 1, '2019-01-09 09:58:14', NULL, NULL);
INSERT INTO `data_option_phone_number_country_code` VALUES (92, 'ID', 'INDONESIA', '62', 1, 1, '2019-01-09 09:58:14', NULL, NULL);
INSERT INTO `data_option_phone_number_country_code` VALUES (93, 'IE', 'IRELAND', '353', 1, 1, '2019-01-09 09:58:14', NULL, NULL);
INSERT INTO `data_option_phone_number_country_code` VALUES (94, 'IL', 'ISRAEL', '972', 1, 1, '2019-01-09 09:58:14', NULL, NULL);
INSERT INTO `data_option_phone_number_country_code` VALUES (95, 'IM', 'ISLE OF MAN', '44', 1, 1, '2019-01-09 09:58:14', NULL, NULL);
INSERT INTO `data_option_phone_number_country_code` VALUES (96, 'IN', 'INDIA', '91', 1, 1, '2019-01-09 09:58:14', NULL, NULL);
INSERT INTO `data_option_phone_number_country_code` VALUES (97, 'IQ', 'IRAQ', '964', 1, 1, '2019-01-09 09:58:14', NULL, NULL);
INSERT INTO `data_option_phone_number_country_code` VALUES (98, 'IR', 'IRAN, ISLAMIC REPUBLIC OF', '98', 1, 1, '2019-01-09 09:58:14', NULL, NULL);
INSERT INTO `data_option_phone_number_country_code` VALUES (99, 'IS', 'ICELAND', '354', 1, 1, '2019-01-09 09:58:14', NULL, NULL);
INSERT INTO `data_option_phone_number_country_code` VALUES (100, 'IT', 'ITALY', '39', 1, 1, '2019-01-09 09:58:14', NULL, NULL);
INSERT INTO `data_option_phone_number_country_code` VALUES (101, 'JM', 'JAMAICA', '1876', 1, 1, '2019-01-09 09:58:14', NULL, NULL);
INSERT INTO `data_option_phone_number_country_code` VALUES (102, 'JO', 'JORDAN', '962', 1, 1, '2019-01-09 09:58:14', NULL, NULL);
INSERT INTO `data_option_phone_number_country_code` VALUES (103, 'JP', 'JAPAN', '81', 1, 1, '2019-01-09 09:58:14', NULL, NULL);
INSERT INTO `data_option_phone_number_country_code` VALUES (104, 'KE', 'KENYA', '254', 1, 1, '2019-01-09 09:58:14', NULL, NULL);
INSERT INTO `data_option_phone_number_country_code` VALUES (105, 'KG', 'KYRGYZSTAN', '996', 1, 1, '2019-01-09 09:58:14', NULL, NULL);
INSERT INTO `data_option_phone_number_country_code` VALUES (106, 'KH', 'CAMBODIA', '855', 1, 1, '2019-01-09 09:58:14', NULL, NULL);
INSERT INTO `data_option_phone_number_country_code` VALUES (107, 'KI', 'KIRIBATI', '686', 1, 1, '2019-01-09 09:58:14', NULL, NULL);
INSERT INTO `data_option_phone_number_country_code` VALUES (108, 'KM', 'COMOROS', '269', 1, 1, '2019-01-09 09:58:14', NULL, NULL);
INSERT INTO `data_option_phone_number_country_code` VALUES (109, 'KN', 'SAINT KITTS AND NEVIS', '1869', 1, 1, '2019-01-09 09:58:14', NULL, NULL);
INSERT INTO `data_option_phone_number_country_code` VALUES (110, 'KP', 'KOREA DEMOCRATIC PEOPLES REPUBLIC OF', '850', 1, 1, '2019-01-09 09:58:14', NULL, NULL);
INSERT INTO `data_option_phone_number_country_code` VALUES (111, 'KR', 'KOREA REPUBLIC OF', '82', 1, 1, '2019-01-09 09:58:14', NULL, NULL);
INSERT INTO `data_option_phone_number_country_code` VALUES (112, 'KW', 'KUWAIT', '965', 1, 1, '2019-01-09 09:58:14', NULL, NULL);
INSERT INTO `data_option_phone_number_country_code` VALUES (113, 'KY', 'CAYMAN ISLANDS', '1345', 1, 1, '2019-01-09 09:58:14', NULL, NULL);
INSERT INTO `data_option_phone_number_country_code` VALUES (114, 'KZ', 'KAZAKSTAN', '7', 1, 1, '2019-01-09 09:58:14', NULL, NULL);
INSERT INTO `data_option_phone_number_country_code` VALUES (115, 'LA', 'LAO PEOPLES DEMOCRATIC REPUBLIC', '856', 1, 1, '2019-01-09 09:58:14', NULL, NULL);
INSERT INTO `data_option_phone_number_country_code` VALUES (116, 'LB', 'LEBANON', '961', 1, 1, '2019-01-09 09:58:14', NULL, NULL);
INSERT INTO `data_option_phone_number_country_code` VALUES (117, 'LC', 'SAINT LUCIA', '1758', 1, 1, '2019-01-09 09:58:14', NULL, NULL);
INSERT INTO `data_option_phone_number_country_code` VALUES (118, 'LI', 'LIECHTENSTEIN', '423', 1, 1, '2019-01-09 09:58:14', NULL, NULL);
INSERT INTO `data_option_phone_number_country_code` VALUES (119, 'LK', 'SRI LANKA', '94', 1, 1, '2019-01-09 09:58:14', NULL, NULL);
INSERT INTO `data_option_phone_number_country_code` VALUES (120, 'LR', 'LIBERIA', '231', 1, 1, '2019-01-09 09:58:14', NULL, NULL);
INSERT INTO `data_option_phone_number_country_code` VALUES (121, 'LS', 'LESOTHO', '266', 1, 1, '2019-01-09 09:58:14', NULL, NULL);
INSERT INTO `data_option_phone_number_country_code` VALUES (122, 'LT', 'LITHUANIA', '370', 1, 1, '2019-01-09 09:58:14', NULL, NULL);
INSERT INTO `data_option_phone_number_country_code` VALUES (123, 'LU', 'LUXEMBOURG', '352', 1, 1, '2019-01-09 09:58:14', NULL, NULL);
INSERT INTO `data_option_phone_number_country_code` VALUES (124, 'LV', 'LATVIA', '371', 1, 1, '2019-01-09 09:58:14', NULL, NULL);
INSERT INTO `data_option_phone_number_country_code` VALUES (125, 'LY', 'LIBYAN ARAB JAMAHIRIYA', '218', 1, 1, '2019-01-09 09:58:14', NULL, NULL);
INSERT INTO `data_option_phone_number_country_code` VALUES (126, 'MA', 'MOROCCO', '212', 1, 1, '2019-01-09 09:58:14', NULL, NULL);
INSERT INTO `data_option_phone_number_country_code` VALUES (127, 'MC', 'MONACO', '377', 1, 1, '2019-01-09 09:58:14', NULL, NULL);
INSERT INTO `data_option_phone_number_country_code` VALUES (128, 'MD', 'MOLDOVA, REPUBLIC OF', '373', 1, 1, '2019-01-09 09:58:14', NULL, NULL);
INSERT INTO `data_option_phone_number_country_code` VALUES (129, 'ME', 'MONTENEGRO', '382', 1, 1, '2019-01-09 09:58:14', NULL, NULL);
INSERT INTO `data_option_phone_number_country_code` VALUES (130, 'MF', 'SAINT MARTIN', '1599', 1, 1, '2019-01-09 09:58:14', NULL, NULL);
INSERT INTO `data_option_phone_number_country_code` VALUES (131, 'MG', 'MADAGASCAR', '261', 1, 1, '2019-01-09 09:58:14', NULL, NULL);
INSERT INTO `data_option_phone_number_country_code` VALUES (132, 'MH', 'MARSHALL ISLANDS', '692', 1, 1, '2019-01-09 09:58:14', NULL, NULL);
INSERT INTO `data_option_phone_number_country_code` VALUES (133, 'MK', 'MACEDONIA, THE FORMER YUGOSLAV REPUBLIC OF', '389', 1, 1, '2019-01-09 09:58:14', NULL, NULL);
INSERT INTO `data_option_phone_number_country_code` VALUES (134, 'ML', 'MALI', '223', 1, 1, '2019-01-09 09:58:14', NULL, NULL);
INSERT INTO `data_option_phone_number_country_code` VALUES (135, 'MM', 'MYANMAR', '95', 1, 1, '2019-01-09 09:58:14', NULL, NULL);
INSERT INTO `data_option_phone_number_country_code` VALUES (136, 'MN', 'MONGOLIA', '976', 1, 1, '2019-01-09 09:58:14', NULL, NULL);
INSERT INTO `data_option_phone_number_country_code` VALUES (137, 'MO', 'MACAU', '853', 1, 1, '2019-01-09 09:58:14', NULL, NULL);
INSERT INTO `data_option_phone_number_country_code` VALUES (138, 'MP', 'NORTHERN MARIANA ISLANDS', '1670', 1, 1, '2019-01-09 09:58:14', NULL, NULL);
INSERT INTO `data_option_phone_number_country_code` VALUES (139, 'MR', 'MAURITANIA', '222', 1, 1, '2019-01-09 09:58:14', NULL, NULL);
INSERT INTO `data_option_phone_number_country_code` VALUES (140, 'MS', 'MONTSERRAT', '1664', 1, 1, '2019-01-09 09:58:14', NULL, NULL);
INSERT INTO `data_option_phone_number_country_code` VALUES (141, 'MT', 'MALTA', '356', 1, 1, '2019-01-09 09:58:14', NULL, NULL);
INSERT INTO `data_option_phone_number_country_code` VALUES (142, 'MU', 'MAURITIUS', '230', 1, 1, '2019-01-09 09:58:14', NULL, NULL);
INSERT INTO `data_option_phone_number_country_code` VALUES (143, 'MV', 'MALDIVES', '960', 1, 1, '2019-01-09 09:58:14', NULL, NULL);
INSERT INTO `data_option_phone_number_country_code` VALUES (144, 'MW', 'MALAWI', '265', 1, 1, '2019-01-09 09:58:14', NULL, NULL);
INSERT INTO `data_option_phone_number_country_code` VALUES (145, 'MX', 'MEXICO', '52', 1, 1, '2019-01-09 09:58:14', NULL, NULL);
INSERT INTO `data_option_phone_number_country_code` VALUES (146, 'MY', 'MALAYSIA', '60', 1, 1, '2019-01-09 09:58:14', NULL, NULL);
INSERT INTO `data_option_phone_number_country_code` VALUES (147, 'MZ', 'MOZAMBIQUE', '258', 1, 1, '2019-01-09 09:58:14', NULL, NULL);
INSERT INTO `data_option_phone_number_country_code` VALUES (148, 'NA', 'NAMIBIA', '264', 1, 1, '2019-01-09 09:58:14', NULL, NULL);
INSERT INTO `data_option_phone_number_country_code` VALUES (149, 'NC', 'NEW CALEDONIA', '687', 1, 1, '2019-01-09 09:58:14', NULL, NULL);
INSERT INTO `data_option_phone_number_country_code` VALUES (150, 'NE', 'NIGER', '227', 1, 1, '2019-01-09 09:58:14', NULL, NULL);
INSERT INTO `data_option_phone_number_country_code` VALUES (151, 'NG', 'NIGERIA', '234', 1, 1, '2019-01-09 09:58:14', NULL, NULL);
INSERT INTO `data_option_phone_number_country_code` VALUES (152, 'NI', 'NICARAGUA', '505', 1, 1, '2019-01-09 09:58:14', NULL, NULL);
INSERT INTO `data_option_phone_number_country_code` VALUES (153, 'NL', 'NETHERLANDS', '31', 1, 1, '2019-01-09 09:58:14', NULL, NULL);
INSERT INTO `data_option_phone_number_country_code` VALUES (154, 'NO', 'NORWAY', '47', 1, 1, '2019-01-09 09:58:14', NULL, NULL);
INSERT INTO `data_option_phone_number_country_code` VALUES (155, 'NP', 'NEPAL', '977', 1, 1, '2019-01-09 09:58:14', NULL, NULL);
INSERT INTO `data_option_phone_number_country_code` VALUES (156, 'NR', 'NAURU', '674', 1, 1, '2019-01-09 09:58:14', NULL, NULL);
INSERT INTO `data_option_phone_number_country_code` VALUES (157, 'NU', 'NIUE', '683', 1, 1, '2019-01-09 09:58:14', NULL, NULL);
INSERT INTO `data_option_phone_number_country_code` VALUES (158, 'NZ', 'NEW ZEALAND', '64', 1, 1, '2019-01-09 09:58:14', NULL, NULL);
INSERT INTO `data_option_phone_number_country_code` VALUES (159, 'OM', 'OMAN', '968', 1, 1, '2019-01-09 09:58:14', NULL, NULL);
INSERT INTO `data_option_phone_number_country_code` VALUES (160, 'PA', 'PANAMA', '507', 1, 1, '2019-01-09 09:58:14', NULL, NULL);
INSERT INTO `data_option_phone_number_country_code` VALUES (161, 'PE', 'PERU', '51', 1, 1, '2019-01-09 09:58:14', NULL, NULL);
INSERT INTO `data_option_phone_number_country_code` VALUES (162, 'PF', 'FRENCH POLYNESIA', '689', 1, 1, '2019-01-09 09:58:14', NULL, NULL);
INSERT INTO `data_option_phone_number_country_code` VALUES (163, 'PG', 'PAPUA NEW GUINEA', '675', 1, 1, '2019-01-09 09:58:14', NULL, NULL);
INSERT INTO `data_option_phone_number_country_code` VALUES (164, 'PH', 'PHILIPPINES', '63', 1, 1, '2019-01-09 09:58:14', NULL, NULL);
INSERT INTO `data_option_phone_number_country_code` VALUES (165, 'PK', 'PAKISTAN', '92', 1, 1, '2019-01-09 09:58:14', NULL, NULL);
INSERT INTO `data_option_phone_number_country_code` VALUES (166, 'PL', 'POLAND', '48', 1, 1, '2019-01-09 09:58:14', NULL, NULL);
INSERT INTO `data_option_phone_number_country_code` VALUES (167, 'PM', 'SAINT PIERRE AND MIQUELON', '508', 1, 1, '2019-01-09 09:58:14', NULL, NULL);
INSERT INTO `data_option_phone_number_country_code` VALUES (168, 'PN', 'PITCAIRN', '870', 1, 1, '2019-01-09 09:58:14', NULL, NULL);
INSERT INTO `data_option_phone_number_country_code` VALUES (169, 'PR', 'PUERTO RICO', '1', 1, 1, '2019-01-09 09:58:14', NULL, NULL);
INSERT INTO `data_option_phone_number_country_code` VALUES (170, 'PT', 'PORTUGAL', '351', 1, 1, '2019-01-09 09:58:14', NULL, NULL);
INSERT INTO `data_option_phone_number_country_code` VALUES (171, 'PW', 'PALAU', '680', 1, 1, '2019-01-09 09:58:14', NULL, NULL);
INSERT INTO `data_option_phone_number_country_code` VALUES (172, 'PY', 'PARAGUAY', '595', 1, 1, '2019-01-09 09:58:14', NULL, NULL);
INSERT INTO `data_option_phone_number_country_code` VALUES (173, 'QA', 'QATAR', '974', 1, 1, '2019-01-09 09:58:14', NULL, NULL);
INSERT INTO `data_option_phone_number_country_code` VALUES (174, 'RO', 'ROMANIA', '40', 1, 1, '2019-01-09 09:58:14', NULL, NULL);
INSERT INTO `data_option_phone_number_country_code` VALUES (175, 'RS', 'SERBIA', '381', 1, 1, '2019-01-09 09:58:14', NULL, NULL);
INSERT INTO `data_option_phone_number_country_code` VALUES (176, 'RU', 'RUSSIAN FEDERATION', '7', 1, 1, '2019-01-09 09:58:14', NULL, NULL);
INSERT INTO `data_option_phone_number_country_code` VALUES (177, 'RW', 'RWANDA', '250', 1, 1, '2019-01-09 09:58:14', NULL, NULL);
INSERT INTO `data_option_phone_number_country_code` VALUES (178, 'SA', 'SAUDI ARABIA', '966', 1, 1, '2019-01-09 09:58:14', NULL, NULL);
INSERT INTO `data_option_phone_number_country_code` VALUES (179, 'SB', 'SOLOMON ISLANDS', '677', 1, 1, '2019-01-09 09:58:14', NULL, NULL);
INSERT INTO `data_option_phone_number_country_code` VALUES (180, 'SC', 'SEYCHELLES', '248', 1, 1, '2019-01-09 09:58:14', NULL, NULL);
INSERT INTO `data_option_phone_number_country_code` VALUES (181, 'SD', 'SUDAN', '249', 1, 1, '2019-01-09 09:58:14', NULL, NULL);
INSERT INTO `data_option_phone_number_country_code` VALUES (182, 'SE', 'SWEDEN', '46', 1, 1, '2019-01-09 09:58:14', NULL, NULL);
INSERT INTO `data_option_phone_number_country_code` VALUES (183, 'SG', 'SINGAPORE', '65', 1, 1, '2019-01-09 09:58:14', NULL, NULL);
INSERT INTO `data_option_phone_number_country_code` VALUES (184, 'SH', 'SAINT HELENA', '290', 1, 1, '2019-01-09 09:58:14', NULL, NULL);
INSERT INTO `data_option_phone_number_country_code` VALUES (185, 'SI', 'SLOVENIA', '386', 1, 1, '2019-01-09 09:58:14', NULL, NULL);
INSERT INTO `data_option_phone_number_country_code` VALUES (186, 'SK', 'SLOVAKIA', '421', 1, 1, '2019-01-09 09:58:14', NULL, NULL);
INSERT INTO `data_option_phone_number_country_code` VALUES (187, 'SL', 'SIERRA LEONE', '232', 1, 1, '2019-01-09 09:58:14', NULL, NULL);
INSERT INTO `data_option_phone_number_country_code` VALUES (188, 'SM', 'SAN MARINO', '378', 1, 1, '2019-01-09 09:58:14', NULL, NULL);
INSERT INTO `data_option_phone_number_country_code` VALUES (189, 'SN', 'SENEGAL', '221', 1, 1, '2019-01-09 09:58:14', NULL, NULL);
INSERT INTO `data_option_phone_number_country_code` VALUES (190, 'SO', 'SOMALIA', '252', 1, 1, '2019-01-09 09:58:14', NULL, NULL);
INSERT INTO `data_option_phone_number_country_code` VALUES (191, 'SR', 'SURINAME', '597', 1, 1, '2019-01-09 09:58:14', NULL, NULL);
INSERT INTO `data_option_phone_number_country_code` VALUES (192, 'ST', 'SAO TOME AND PRINCIPE', '239', 1, 1, '2019-01-09 09:58:14', NULL, NULL);
INSERT INTO `data_option_phone_number_country_code` VALUES (193, 'SV', 'EL SALVADOR', '503', 1, 1, '2019-01-09 09:58:14', NULL, NULL);
INSERT INTO `data_option_phone_number_country_code` VALUES (194, 'SY', 'SYRIAN ARAB REPUBLIC', '963', 1, 1, '2019-01-09 09:58:14', NULL, NULL);
INSERT INTO `data_option_phone_number_country_code` VALUES (195, 'SZ', 'SWAZILAND', '268', 1, 1, '2019-01-09 09:58:14', NULL, NULL);
INSERT INTO `data_option_phone_number_country_code` VALUES (196, 'TC', 'TURKS AND CAICOS ISLANDS', '1649', 1, 1, '2019-01-09 09:58:14', NULL, NULL);
INSERT INTO `data_option_phone_number_country_code` VALUES (197, 'TD', 'CHAD', '235', 1, 1, '2019-01-09 09:58:14', NULL, NULL);
INSERT INTO `data_option_phone_number_country_code` VALUES (198, 'TG', 'TOGO', '228', 1, 1, '2019-01-09 09:58:14', NULL, NULL);
INSERT INTO `data_option_phone_number_country_code` VALUES (199, 'TH', 'THAILAND', '66', 1, 1, '2019-01-09 09:58:14', NULL, NULL);
INSERT INTO `data_option_phone_number_country_code` VALUES (200, 'TJ', 'TAJIKISTAN', '992', 1, 1, '2019-01-09 09:58:14', NULL, NULL);
INSERT INTO `data_option_phone_number_country_code` VALUES (201, 'TK', 'TOKELAU', '690', 1, 1, '2019-01-09 09:58:14', NULL, NULL);
INSERT INTO `data_option_phone_number_country_code` VALUES (202, 'TL', 'TIMOR-LESTE', '670', 1, 1, '2019-01-09 09:58:14', NULL, NULL);
INSERT INTO `data_option_phone_number_country_code` VALUES (203, 'TM', 'TURKMENISTAN', '993', 1, 1, '2019-01-09 09:58:14', NULL, NULL);
INSERT INTO `data_option_phone_number_country_code` VALUES (204, 'TN', 'TUNISIA', '216', 1, 1, '2019-01-09 09:58:14', NULL, NULL);
INSERT INTO `data_option_phone_number_country_code` VALUES (205, 'TO', 'TONGA', '676', 1, 1, '2019-01-09 09:58:14', NULL, NULL);
INSERT INTO `data_option_phone_number_country_code` VALUES (206, 'TR', 'TURKEY', '90', 1, 1, '2019-01-09 09:58:14', NULL, NULL);
INSERT INTO `data_option_phone_number_country_code` VALUES (207, 'TT', 'TRINIDAD AND TOBAGO', '1868', 1, 1, '2019-01-09 09:58:14', NULL, NULL);
INSERT INTO `data_option_phone_number_country_code` VALUES (208, 'TV', 'TUVALU', '688', 1, 1, '2019-01-09 09:58:14', NULL, NULL);
INSERT INTO `data_option_phone_number_country_code` VALUES (209, 'TW', 'TAIWAN, PROVINCE OF CHINA', '886', 1, 1, '2019-01-09 09:58:14', NULL, NULL);
INSERT INTO `data_option_phone_number_country_code` VALUES (210, 'TZ', 'TANZANIA, UNITED REPUBLIC OF', '255', 1, 1, '2019-01-09 09:58:14', NULL, NULL);
INSERT INTO `data_option_phone_number_country_code` VALUES (211, 'UA', 'UKRAINE', '380', 1, 1, '2019-01-09 09:58:14', NULL, NULL);
INSERT INTO `data_option_phone_number_country_code` VALUES (212, 'UG', 'UGANDA', '256', 1, 1, '2019-01-09 09:58:14', NULL, NULL);
INSERT INTO `data_option_phone_number_country_code` VALUES (213, 'US', 'UNITED STATES', '1', 1, 1, '2019-01-09 09:58:14', NULL, NULL);
INSERT INTO `data_option_phone_number_country_code` VALUES (214, 'UY', 'URUGUAY', '598', 1, 1, '2019-01-09 09:58:14', NULL, NULL);
INSERT INTO `data_option_phone_number_country_code` VALUES (215, 'UZ', 'UZBEKISTAN', '998', 1, 1, '2019-01-09 09:58:14', NULL, NULL);
INSERT INTO `data_option_phone_number_country_code` VALUES (216, 'VA', 'HOLY SEE (VATICAN CITY STATE)', '39', 1, 1, '2019-01-09 09:58:14', NULL, NULL);
INSERT INTO `data_option_phone_number_country_code` VALUES (217, 'VC', 'SAINT VINCENT AND THE GRENADINES', '1784', 1, 1, '2019-01-09 09:58:14', NULL, NULL);
INSERT INTO `data_option_phone_number_country_code` VALUES (218, 'VE', 'VENEZUELA', '58', 1, 1, '2019-01-09 09:58:14', NULL, NULL);
INSERT INTO `data_option_phone_number_country_code` VALUES (219, 'VG', 'VIRGIN ISLANDS, BRITISH', '1284', 1, 1, '2019-01-09 09:58:14', NULL, NULL);
INSERT INTO `data_option_phone_number_country_code` VALUES (220, 'VI', 'VIRGIN ISLANDS, U.S.', '1340', 1, 1, '2019-01-09 09:58:14', NULL, NULL);
INSERT INTO `data_option_phone_number_country_code` VALUES (221, 'VN', 'VIET NAM', '84', 1, 1, '2019-01-09 09:58:14', NULL, NULL);
INSERT INTO `data_option_phone_number_country_code` VALUES (222, 'VU', 'VANUATU', '678', 1, 1, '2019-01-09 09:58:14', NULL, NULL);
INSERT INTO `data_option_phone_number_country_code` VALUES (223, 'WF', 'WALLIS AND FUTUNA', '681', 1, 1, '2019-01-09 09:58:14', NULL, NULL);
INSERT INTO `data_option_phone_number_country_code` VALUES (224, 'WS', 'SAMOA', '685', 1, 1, '2019-01-09 09:58:14', NULL, NULL);
INSERT INTO `data_option_phone_number_country_code` VALUES (225, 'XK', 'KOSOVO', '381', 1, 1, '2019-01-09 09:58:14', NULL, NULL);
INSERT INTO `data_option_phone_number_country_code` VALUES (226, 'YE', 'YEMEN', '967', 1, 1, '2019-01-09 09:58:14', NULL, NULL);
INSERT INTO `data_option_phone_number_country_code` VALUES (227, 'YT', 'MAYOTTE', '262', 1, 1, '2019-01-09 09:58:14', NULL, NULL);
INSERT INTO `data_option_phone_number_country_code` VALUES (228, 'ZA', 'SOUTH AFRICA', '27', 1, 1, '2019-01-09 09:58:14', NULL, NULL);
INSERT INTO `data_option_phone_number_country_code` VALUES (229, 'ZM', 'ZAMBIA', '260', 1, 1, '2019-01-09 09:58:14', NULL, NULL);
INSERT INTO `data_option_phone_number_country_code` VALUES (230, 'ZW', 'ZIMBABWE', '263', 1, 1, '2019-01-09 09:58:14', NULL, NULL);
COMMIT;

-- ----------------------------
-- Table structure for data_option_prefix
-- ----------------------------
DROP TABLE IF EXISTS `data_option_prefix`;
CREATE TABLE `data_option_prefix` (
  `id` int(11) NOT NULL AUTO_INCREMENT,
  `names` varchar(250) NOT NULL,
  `updated_by` int(11) DEFAULT NULL,
  `updated_date` datetime DEFAULT NULL,
  `status` int(1) DEFAULT NULL,
  `created_by` int(11) DEFAULT NULL,
  `created_date` datetime DEFAULT NULL,
  PRIMARY KEY (`id`) USING BTREE
) ENGINE=InnoDB AUTO_INCREMENT=6 DEFAULT CHARSET=utf8 ROW_FORMAT=COMPACT;

-- ----------------------------
-- Records of data_option_prefix
-- ----------------------------
BEGIN;
INSERT INTO `data_option_prefix` VALUES (1, 'Mr.', 1, '2017-12-11 15:34:00', 1, 1, '2017-12-13 17:15:11');
INSERT INTO `data_option_prefix` VALUES (2, 'Ms.', 1, '2017-12-11 15:34:08', 1, 1, '2017-12-13 17:15:11');
INSERT INTO `data_option_prefix` VALUES (3, 'Mrs.', 1, '2017-12-11 15:34:05', 1, 1, '2017-12-13 17:15:11');
INSERT INTO `data_option_prefix` VALUES (4, 'Dr.', 1, '2017-12-11 15:34:03', 1, 1, '2017-12-13 17:15:11');
INSERT INTO `data_option_prefix` VALUES (5, 'Prof.', 1, '2017-12-13 17:14:59', 1, 1, '2017-12-13 17:15:11');
COMMIT;

-- ----------------------------
-- Table structure for department
-- ----------------------------
DROP TABLE IF EXISTS `department`;
CREATE TABLE `department` (
  `id` int(11) NOT NULL AUTO_INCREMENT,
  `name` varchar(255) COLLATE utf8_unicode_ci DEFAULT NULL,
  `phone_number` varchar(255) COLLATE utf8_unicode_ci DEFAULT NULL,
  `email` varchar(255) COLLATE utf8_unicode_ci DEFAULT NULL,
  `description` text COLLATE utf8_unicode_ci,
  `created_date` datetime DEFAULT NULL,
  `created_by` int(11) DEFAULT NULL,
  `updated_date` datetime DEFAULT NULL,
  `updated_by` int(11) DEFAULT NULL,
  `status` tinyint(1) DEFAULT NULL,
  PRIMARY KEY (`id`)
) ENGINE=InnoDB AUTO_INCREMENT=6 DEFAULT CHARSET=utf8 COLLATE=utf8_unicode_ci;

-- ----------------------------
-- Records of department
-- ----------------------------
BEGIN;
INSERT INTO `department` VALUES (1, 'Sales Consultant', '(+855) 15 710 698 | 85 700 976', 'sales@eocambo.com', '', '2019-07-31 08:45:59', 1, '2019-09-02 08:19:10', 1, 1);
INSERT INTO `department` VALUES (2, 'HLS Support', '(+855) 69 955 179 | 77 466 082', 'support@eocambo.com', '', '2019-07-31 08:52:28', 1, '2019-09-02 08:19:33', 1, 1);
INSERT INTO `department` VALUES (3, 'Web Development', NULL, NULL, '', '2019-07-31 08:53:35', 1, '2019-07-31 08:54:39', 1, 1);
INSERT INTO `department` VALUES (4, 'Web Application Development', NULL, NULL, '', '2019-07-31 08:54:29', 1, '2019-07-31 08:55:16', 1, 1);
INSERT INTO `department` VALUES (5, 'Finance & Accountant', '(+855) 15 710 697 | 78 386 916', 'accountants@eocambo.com', '', '2019-09-02 08:20:14', 1, NULL, NULL, 1);
COMMIT;

-- ----------------------------
-- Table structure for document
-- ----------------------------
DROP TABLE IF EXISTS `document`;
CREATE TABLE `document` (
  `id` int(11) NOT NULL AUTO_INCREMENT,
  `file_name` varchar(255) COLLATE utf8_unicode_ci NOT NULL,
  `file_size` float DEFAULT '0',
  `id_folder` int(11) DEFAULT '0',
  `id_membership_profile` int(11) DEFAULT NULL,
  `file_path` varchar(255) COLLATE utf8_unicode_ci NOT NULL,
  `thumbnail` varchar(255) COLLATE utf8_unicode_ci DEFAULT NULL,
  `description` varchar(255) COLLATE utf8_unicode_ci DEFAULT NULL,
  `created_by` int(11) NOT NULL,
  `created_date` datetime NOT NULL,
  `updated_date` datetime DEFAULT NULL,
  `updated_by` int(11) DEFAULT NULL,
  `status` int(1) DEFAULT '1',
  `document_permission` int(1) DEFAULT NULL,
  `id_event_list` int(11) DEFAULT NULL,
  `id_employee_profile` int(11) DEFAULT NULL,
  `id_customer_profile` int(11) DEFAULT NULL,
  `id_project` int(11) DEFAULT NULL,
  `id_contract` int(11) DEFAULT NULL,
  `id_lead_profile` int(11) DEFAULT NULL,
  `id_standard_operation_procedure_set_up` int(11) DEFAULT NULL,
  `file_extention` int(11) DEFAULT NULL,
  PRIMARY KEY (`id`)
) ENGINE=InnoDB AUTO_INCREMENT=2 DEFAULT CHARSET=utf8 COLLATE=utf8_unicode_ci;

-- ----------------------------
-- Table structure for document_format
-- ----------------------------
DROP TABLE IF EXISTS `document_format`;
CREATE TABLE `document_format` (
  `id` int(11) NOT NULL AUTO_INCREMENT,
  `id_type` int(11) DEFAULT NULL,
  `name` varchar(20) DEFAULT NULL,
  PRIMARY KEY (`id`)
) ENGINE=InnoDB AUTO_INCREMENT=9 DEFAULT CHARSET=utf8;

-- ----------------------------
-- Records of document_format
-- ----------------------------
BEGIN;
INSERT INTO `document_format` VALUES (1, 1, 'INV');
INSERT INTO `document_format` VALUES (2, 2, 'REC');
INSERT INTO `document_format` VALUES (3, 3, 'EXP');
INSERT INTO `document_format` VALUES (4, 4, 'PRO');
INSERT INTO `document_format` VALUES (5, 5, 'QUT');
INSERT INTO `document_format` VALUES (6, 6, 'ADV');
INSERT INTO `document_format` VALUES (7, 7, 'PRE');
INSERT INTO `document_format` VALUES (8, 8, 'ERO');
COMMIT;

-- ----------------------------
-- Table structure for employee_position
-- ----------------------------
DROP TABLE IF EXISTS `employee_position`;
CREATE TABLE `employee_position` (
  `id` int(11) NOT NULL AUTO_INCREMENT,
  `position_type` varchar(255) COLLATE utf8_unicode_ci DEFAULT NULL,
  `description` text COLLATE utf8_unicode_ci,
  `created_date` datetime DEFAULT NULL,
  `created_by` int(11) DEFAULT NULL,
  `updated_date` datetime DEFAULT NULL,
  `updated_by` int(11) DEFAULT NULL,
  `status` int(1) DEFAULT NULL,
  `id_department` int(11) DEFAULT NULL,
  PRIMARY KEY (`id`)
) ENGINE=InnoDB AUTO_INCREMENT=8 DEFAULT CHARSET=utf8 COLLATE=utf8_unicode_ci;

-- ----------------------------
-- Records of employee_position
-- ----------------------------
BEGIN;
INSERT INTO `employee_position` VALUES (1, 'Office Manager', '<p style=\"padding: 0px 10px 0px 0px; font-variant-numeric: normal; font-variant-east-asian: normal; font-stretch: normal; font-size: 16px; line-height: 24px; font-family: Roboto, sans-serif; color: rgba(0, 0, 0, 0.87);\"><em>This&nbsp;office manager&nbsp;sample job description can assist in your creating a job application that will attract job candidates who are qualified for the job. Feel free to revise this job description to meet your specific job duties and job requirements.</em></p><h2 style=\"font-variant-numeric: normal; font-variant-east-asian: normal; font-weight: 400; font-stretch: normal; font-size: 18px; line-height: 25px; font-family: Roboto, sans-serif; color: rgba(0, 0, 0, 0.87); margin-top: 30px; margin-right: 0px; margin-left: 0px; padding: 0px;\">Office Manager Job Responsibilities:</h2><p style=\"padding: 0px 10px 0px 0px; font-variant-numeric: normal; font-variant-east-asian: normal; font-stretch: normal; font-size: 16px; line-height: 24px; font-family: Roboto, sans-serif; color: rgba(0, 0, 0, 0.87);\">Supports company operations by maintaining office systems and supervising staff.</p><h2 style=\"font-variant-numeric: normal; font-variant-east-asian: normal; font-weight: 400; font-stretch: normal; font-size: 18px; line-height: 25px; font-family: Roboto, sans-serif; color: rgba(0, 0, 0, 0.87); margin-top: 30px; margin-right: 0px; margin-left: 0px; padding: 0px;\">Office Manager Job Duties:</h2><ul style=\"color: rgba(0, 0, 0, 0.87); font-family: Roboto, sans-serif; font-size: 16px;\"><li>Maintains office services by organizing office operations and procedures; preparing payroll; controlling correspondence; designing filing systems; reviewing and approving supply requisitions; assigning and monitoring clerical functions.</li><li>Provides historical reference by defining procedures for retention, protection, retrieval, transfer, and disposal of records.</li><li>Maintains office efficiency by planning and implementing office systems, layouts, and equipment procurement.</li><li>Designs and implements office policies by establishing standards and procedures; measuring results against standards; making necessary adjustments.</li><li>Completes operational requirements by scheduling and assigning employees; following up on work results.</li><li>Keeps management informed by reviewing and analyzing special reports; summarizing information; identifying trends.</li><li>Maintains office staff by recruiting, selecting, orienting, and training employees.</li><li>Maintains office staff job results by coaching, counseling, and disciplining employees; planning, monitoring, and appraising job results.</li><li>Maintains professional and technical knowledge by attending educational workshops; reviewing professional publications; establishing personal networks; participating in professional societies.</li><li>Achieves financial objectives by preparing an annual budget; scheduling expenditures; analyzing variances; initiating corrective actions.</li><li>Contributes to team effort by accomplishing related results as needed.</li></ul><h2 style=\"font-variant-numeric: normal; font-variant-east-asian: normal; font-weight: 400; font-stretch: normal; font-size: 18px; line-height: 25px; font-family: Roboto, sans-serif; color: rgba(0, 0, 0, 0.87); margin-top: 30px; margin-right: 0px; margin-left: 0px; padding: 0px;\">Office Manager Skills and Qualifications:</h2><p style=\"padding: 0px 10px 0px 0px; font-variant-numeric: normal; font-variant-east-asian: normal; font-stretch: normal; font-size: 16px; line-height: 24px; font-family: Roboto, sans-serif; color: rgba(0, 0, 0, 0.87);\">Supply Management, Informing Others, Tracking Budget Expenses, Delegation, Staffing, Managing Processes, Supervision, Developing Standards, Promoting Process Improvement, Inventory Control, Reporting Skills</p>', '2019-04-18 15:55:50', 1, '2019-07-31 10:46:26', 1, 1, 2);
INSERT INTO `employee_position` VALUES (2, 'Web Application Developer', '', '2019-07-19 10:51:14', 1, '2019-08-05 14:13:06', 15, 1, 4);
INSERT INTO `employee_position` VALUES (3, 'Senior - Web Application Developer', '', '2019-07-19 10:51:24', 1, '2019-08-05 14:13:26', 15, 1, 4);
INSERT INTO `employee_position` VALUES (4, 'Senior - Sales Consultant', '', '2019-07-19 10:51:32', 1, '2019-08-30 15:14:29', 1, 1, 1);
INSERT INTO `employee_position` VALUES (5, 'HLS Support', '', '2019-08-03 09:01:54', 13, NULL, NULL, 1, 2);
INSERT INTO `employee_position` VALUES (6, 'Web Developer', '', '2019-08-05 14:14:08', 15, NULL, NULL, 1, 3);
INSERT INTO `employee_position` VALUES (7, 'Sale Consultant', '', '2019-08-05 14:28:08', 15, NULL, NULL, 1, 1);
COMMIT;

-- ----------------------------
-- Table structure for employee_profile
-- ----------------------------
DROP TABLE IF EXISTS `employee_profile`;
CREATE TABLE `employee_profile` (
  `id` int(11) NOT NULL AUTO_INCREMENT,
  `id_prefix` varchar(50) COLLATE utf8_unicode_ci NOT NULL,
  `first_name` varchar(255) COLLATE utf8_unicode_ci NOT NULL,
  `last_name` varchar(255) COLLATE utf8_unicode_ci NOT NULL,
  `join_date` date DEFAULT NULL,
  `date_of_birth` date DEFAULT NULL,
  `place_of_birth` varchar(255) COLLATE utf8_unicode_ci DEFAULT NULL,
  `sex` varchar(8) COLLATE utf8_unicode_ci DEFAULT NULL,
  `nationality` int(11) NOT NULL,
  `address` varchar(255) COLLATE utf8_unicode_ci NOT NULL,
  `id_country` int(11) DEFAULT NULL,
  `id_city` int(11) DEFAULT NULL,
  `marital_status` varchar(20) COLLATE utf8_unicode_ci DEFAULT NULL,
  `phone_number` varchar(255) COLLATE utf8_unicode_ci DEFAULT NULL,
  `id_department` int(11) DEFAULT NULL,
  `email` varchar(255) COLLATE utf8_unicode_ci DEFAULT NULL,
  `id_position` int(11) DEFAULT NULL,
  `username` varchar(255) COLLATE utf8_unicode_ci NOT NULL,
  `password` varchar(255) COLLATE utf8_unicode_ci NOT NULL,
  `confirm_password` varchar(255) COLLATE utf8_unicode_ci NOT NULL,
  `description` text COLLATE utf8_unicode_ci,
  `created_date` datetime DEFAULT NULL,
  `created_by` int(11) DEFAULT NULL,
  `updated_date` datetime DEFAULT NULL,
  `updated_by` int(11) DEFAULT NULL,
  `status` int(1) DEFAULT NULL,
  `img_url` varchar(255) COLLATE utf8_unicode_ci DEFAULT NULL,
  `id_user_type` int(11) DEFAULT NULL,
  `job_description` text COLLATE utf8_unicode_ci,
  `employee_code` varchar(255) COLLATE utf8_unicode_ci DEFAULT NULL,
  `employee_joint_date` date DEFAULT NULL,
  `basic_salary` decimal(10,2) DEFAULT NULL,
  PRIMARY KEY (`id`)
) ENGINE=InnoDB AUTO_INCREMENT=17 DEFAULT CHARSET=utf8 COLLATE=utf8_unicode_ci;

-- ----------------------------
-- Records of employee_profile
-- ----------------------------
BEGIN;
INSERT INTO `employee_profile` VALUES (1, 'Mr.', 'Men', 'Robaer', NULL, NULL, '', NULL, 56, 'Kok Chork, Siem Reap', 56, 21, 'Single', '069 544 447', 3, 'pov@eocambo.com', 2, 'pov', '', '', '', '2019-08-03 08:46:40', 1, '2019-09-01 22:11:32', 1, 1, '28', 1, '', '', NULL, 200.00);
INSERT INTO `employee_profile` VALUES (2, 'Mr.', 'THEOM', 'Buntheoun (Maco)', '2015-05-25', '1992-12-02', 'Siem Reap', '0', 56, 'Siem reap', 56, 21, '', '010 448 054', 2, 'theombuntheoun@gmail.com', 1, 'maco', '', '', '', '2019-08-03 08:49:44', 1, '2019-09-03 16:05:46', 13, 1, '43', 1, '<p style=\"padding: 0px 10px 0px 0px; font-variant-numeric: normal; font-variant-east-asian: normal; font-stretch: normal; font-size: 16px; line-height: 24px; font-family: Roboto, sans-serif; color: rgba(0, 0, 0, 0.87);\"><em>This&nbsp;office manager&nbsp;sample job description can assist in your creating a job application that will attract job candidates who are qualified for the job. Feel free to revise this job description to meet your specific job duties and job requirements.</em></p><h2 style=\"font-variant-numeric: normal; font-variant-east-asian: normal; font-weight: 400; font-stretch: normal; font-size: 18px; line-height: 25px; font-family: Roboto, sans-serif; color: rgba(0, 0, 0, 0.87); margin-top: 30px; margin-right: 0px; margin-left: 0px; padding: 0px;\">Office Manager Job Responsibilities:</h2><p style=\"padding: 0px 10px 0px 0px; font-variant-numeric: normal; font-variant-east-asian: normal; font-stretch: normal; font-size: 16px; line-height: 24px; font-family: Roboto, sans-serif; color: rgba(0, 0, 0, 0.87);\">Supports company operations by maintaining office systems and supervising staff.</p><h2 style=\"font-variant-numeric: normal; font-variant-east-asian: normal; font-weight: 400; font-stretch: normal; font-size: 18px; line-height: 25px; font-family: Roboto, sans-serif; color: rgba(0, 0, 0, 0.87); margin-top: 30px; margin-right: 0px; margin-left: 0px; padding: 0px;\">Office Manager Job Duties:</h2><ul style=\"color: rgba(0, 0, 0, 0.87); font-family: Roboto, sans-serif; font-size: 16px;\"><li>Maintains office services by organizing office operations and procedures; preparing payroll; controlling correspondence; designing filing systems; reviewing and approving supply requisitions; assigning and monitoring clerical functions.</li><li>Provides historical reference by defining procedures for retention, protection, retrieval, transfer, and disposal of records.</li><li>Maintains office efficiency by planning and implementing office systems, layouts, and equipment procurement.</li><li>Designs and implements office policies by establishing standards and procedures; measuring results against standards; making necessary adjustments.</li><li>Completes operational requirements by scheduling and assigning employees; following up on work results.</li><li>Keeps management informed by reviewing and analyzing special reports; summarizing information; identifying trends.</li><li>Maintains office staff by recruiting, selecting, orienting, and training employees.</li><li>Maintains office staff job results by coaching, counseling, and disciplining employees; planning, monitoring, and appraising job results.</li><li>Maintains professional and technical knowledge by attending educational workshops; reviewing professional publications; establishing personal networks; participating in professional societies.</li><li>Achieves financial objectives by preparing an annual budget; scheduling expenditures; analyzing variances; initiating corrective actions.</li><li>Contributes to team effort by accomplishing related results as needed.</li></ul><h2 style=\"font-variant-numeric: normal; font-variant-east-asian: normal; font-weight: 400; font-stretch: normal; font-size: 18px; line-height: 25px; font-family: Roboto, sans-serif; color: rgba(0, 0, 0, 0.87); margin-top: 30px; margin-right: 0px; margin-left: 0px; padding: 0px;\">Office Manager Skills and Qualifications:</h2><p style=\"padding: 0px 10px 0px 0px; font-variant-numeric: normal; font-variant-east-asian: normal; font-stretch: normal; font-size: 16px; line-height: 24px; font-family: Roboto, sans-serif; color: rgba(0, 0, 0, 0.87);\">Supply Management, Informing Others, Tracking Budget Expenses, Delegation, Staffing, Managing Processes, Supervision, Developing Standards, Promoting Process Improvement, Inventory Control, Reporting Skills</p>', '', NULL, 100.00);
INSERT INTO `employee_profile` VALUES (3, 'Mr.', 'Saody', 'Phal', '2017-12-01', NULL, '', '0', 56, 'Kok Chork, Siem Reap', 56, 21, 'Single', '087 691 777', 3, 'saody@eocambo.com', 2, 'saody', '123', '123', '', '2019-08-03 08:52:43', 12, '2019-09-06 09:35:48', 1, 1, '55', 1, '', '', NULL, 150.00);
INSERT INTO `employee_profile` VALUES (4, 'Ms.', 'Maranet', 'Mey', '2018-02-07', '1996-06-24', 'Phnom Penh', '0', 56, 'Siem reap', 56, 21, 'Single', '086 907 907', 3, 'maranet@eocambo.com', 6, 'maranet', '', '', '', '2019-08-03 08:58:51', 13, '2019-09-04 09:18:46', 15, 1, '45', 3, '', '', NULL, 300.00);
INSERT INTO `employee_profile` VALUES (5, 'Mr.', 'Bunchhay', 'Yoeurn ', '2017-12-11', '1996-07-09', 'Siem Reap', '1', 56, 'Siem Reap', 56, 21, 'Single', '096 596 33 22', 2, 'bunchhay@eocambo.com', 5, 'chhay', '', '', '', '2019-08-05 13:40:28', NULL, '2019-09-06 13:09:50', 16, 1, '61', 5, '', '', NULL, NULL);
INSERT INTO `employee_profile` VALUES (6, 'Mr.', 'Kreom', 'Dararith', '2018-01-16', NULL, '', '1', 56, 'Siem reap', 56, 21, 'Single', '096 858 57 89', 3, 'dararith365@gmail.com', 2, 'rith', '', '', '', '2019-08-05 13:53:44', NULL, '2019-09-06 11:52:54', 17, 1, '8', 3, '', '', NULL, NULL);
INSERT INTO `employee_profile` VALUES (7, 'Mr.', 'Rachhen', 'Chhun ', '2018-01-03', NULL, '', '0', 56, 'Siem reap', 56, 21, 'Single', '096 967 4239', 3, 'chhunrachhen961@gmail.com', 2, 'chhen', '123456', '123456', '', '2019-08-05 14:05:36', NULL, '2019-09-05 16:30:20', 1, 1, '9', 5, '', '', NULL, NULL);
INSERT INTO `employee_profile` VALUES (8, 'Mr.', 'Peng Ai', 'Ear ', '2018-06-12', NULL, '', '1', 56, 'Siem reap', 56, NULL, 'Single', '070 914 156', 3, 'pengai.ear@gmail.com', 2, 'ai', '', '', '', '2019-08-05 14:08:38', NULL, '2019-09-06 11:04:20', 19, 1, '10', 1, '', '', NULL, NULL);
INSERT INTO `employee_profile` VALUES (9, 'Mr.', 'Rithyraeck', 'SOEUNG', '2018-05-02', NULL, '', '0', 56, 'Siem reap', 56, 21, 'Married', '095/010 80 85 90', 1, 'rithyraeck@eocambo.com', 4, 'raeck', '', '', '', '2019-08-05 14:18:58', 15, '2019-09-04 09:18:42', 20, 1, '44', 1, '', '', NULL, 150.00);
INSERT INTO `employee_profile` VALUES (10, 'Mr.', 'Mengtry', 'Meas ', '2018-09-13', NULL, '', NULL, 56, 'Siem reap', 56, 21, 'Single', '092 30 50 85', 4, 'measmengtry@eocambo.com', 2, 'try', '123', '123', '', '2019-08-05 14:22:11', 15, '2019-08-05 14:43:49', 15, 1, '12', 1, '', NULL, NULL, NULL);
INSERT INTO `employee_profile` VALUES (11, 'Mrs.', 'Theany', 'Uan ', '2019-05-16', NULL, '', '0', 56, 'Siem Reap', 56, 21, 'Married', '070 307 888', 1, 'uan.theany@gmail.com', 4, 'theany', '', '', '', '2019-08-05 14:24:41', 15, '2019-09-03 11:09:32', 1, 1, NULL, 2, '', '', NULL, NULL);
INSERT INTO `employee_profile` VALUES (12, 'Mr.', 'Pholly', 'Chinh ', '2019-06-01', '2000-01-01', 'Siem Reap', '0', 56, 'Siem Reap', 56, 21, 'Single', '010 328 929', 3, 'pholly@eocambo.com', 6, 'pholly', '', '', '', '2019-08-05 14:26:48', 15, '2019-09-06 20:21:16', 23, 1, '49', 4, '', '169', NULL, NULL);
INSERT INTO `employee_profile` VALUES (13, 'Ms.', 'Mollika ', 'Ou ', '2019-07-01', NULL, '', NULL, 56, 'Siem reap', 56, 21, 'Single', '070 609 640', 1, 'mollikaou070@gmail.com', 7, 'mollika', '123', '123', '', '2019-08-05 14:30:07', 15, NULL, NULL, 1, NULL, 1, '', NULL, NULL, NULL);
INSERT INTO `employee_profile` VALUES (14, 'Ms.', 'Soranick', 'Sen ', '2019-07-10', NULL, '', NULL, 56, 'Siem Reap', 56, 21, 'Single', '095 623 523', 1, 'ranick252001@gmail.com', 7, 'ranick', '123', '123', '', '2019-08-05 14:31:59', 15, NULL, NULL, 1, NULL, 1, '', NULL, NULL, NULL);
INSERT INTO `employee_profile` VALUES (15, 'Ms.', 'Hong', 'Ho ', '2019-07-15', NULL, '', NULL, 56, 'Siem reap', 56, 21, 'Single', '098 440 005', 1, 'hohong0005@gmail.com', 7, 'hong', '123', '123', '', '2019-08-05 14:33:38', 15, NULL, NULL, 1, NULL, 1, '', NULL, NULL, NULL);
INSERT INTO `employee_profile` VALUES (16, 'Mr.', 'Sao ', 'Nang', '2019-09-01', '1996-12-09', 'Romdeng, Spean Tnoat, Chikraeng, Siem Reap.', '1', 56, 'Thlok Andoung Village, Slor Kram Commune, Siem Reap District, Siem Reap Province.', 56, 21, 'Single', '090493990', 3, 'sainangreall99@gmail.com', 6, 'saonang', '@sai&nang', '@sai&nang', '', '2019-09-04 09:05:45', 1, '2019-09-04 09:50:31', 27, 1, '48', 3, '', '', NULL, NULL);
COMMIT;

-- ----------------------------
-- Table structure for eot_customer
-- ----------------------------
DROP TABLE IF EXISTS `eot_customer`;
CREATE TABLE `eot_customer` (
  `id` int(11) NOT NULL,
  `name` varchar(255) DEFAULT NULL,
  `address` text,
  `country` int(11) DEFAULT NULL,
  `city` int(11) DEFAULT NULL,
  `postal_code` varchar(255) DEFAULT NULL,
  `contact_person` varchar(255) DEFAULT NULL,
  `general_email` varchar(255) DEFAULT NULL,
  `reservation_email` varchar(255) DEFAULT NULL,
  `invoice_email` varchar(255) DEFAULT NULL,
  `mobile_number_invoice` varchar(255) DEFAULT NULL,
  `main_phone_1` varchar(255) DEFAULT NULL,
  `main_phone_2` varchar(255) DEFAULT NULL,
  `website_url` varchar(255) DEFAULT NULL,
  `accommodation_type` int(11) DEFAULT NULL,
  `star_rating` decimal(10,1) DEFAULT NULL,
  `number_of_rooms` int(11) DEFAULT NULL,
  `sale_date` date DEFAULT NULL,
  `service_agreement` varchar(255) DEFAULT NULL,
  `fee` varchar(255) DEFAULT NULL,
  `status` int(1) DEFAULT NULL,
  `accomodation_stats` int(11) DEFAULT NULL COMMENT '1=lived , 2 = Inprocesing , 0 = Deactived',
  `created_by` int(11) DEFAULT NULL,
  `created_at` datetime DEFAULT NULL,
  `updated_at` datetime DEFAULT NULL,
  `updated_by` int(11) DEFAULT NULL,
  `passed_by` int(11) DEFAULT NULL,
  `handle_by` int(11) DEFAULT NULL,
  `deactivated_at` date DEFAULT NULL,
  `deactivated_reason` text,
  `deactivated_requested_by` varchar(255) DEFAULT NULL,
  `deactivated_requested_contact_detail` text,
  `deactivated_by` int(11) NOT NULL,
  `lived_date` datetime DEFAULT NULL
) ENGINE=InnoDB DEFAULT CHARSET=latin1;

-- ----------------------------
-- Records of eot_customer
-- ----------------------------
BEGIN;
INSERT INTO `eot_customer` VALUES (1, '1920 Hotel ', 'Street #9, Old Market, Siem Reap, Cambodia', 1, 1, '1', 'Mr. Senghak KOL', 'info@1920hotel.com', 'info@1920hotel.com', 'info@1920hotel.com', '+855 63 969 920', '+855 99 915 918', '+855 99 915 918', 'http://the1920.com', 1, 4.0, 10, '2016-05-23', '13', '', NULL, 2, 12, '2018-09-02 12:59:03', '2018-09-02 12:59:03', 12, 2, 5, '1970-01-01', '', '', '', 4, NULL);
INSERT INTO `eot_customer` VALUES (4, 'Advaya Residence', 'Vihear Chin Village, Svay Dangkum, Siem Reap', 1, 1, '17252', 'Mr. Korn Kosal', 'gm@advayaresidence.com', 'reservations@advayaresidence.com, gm@advayaresidence.com', 'gm@advayaresidence.com', '+855 17 465 120', '+855 17 465 120', '+855 63 766 365', 'http://advayaresidence.com', 1, 5.0, 17, '2018-08-21', NULL, '1', NULL, 2, 12, '2018-11-01 14:01:09', '2018-11-01 14:01:09', 12, 2, 4, '1970-01-01', '', '', '', 4, NULL);
INSERT INTO `eot_customer` VALUES (5, 'Adventure Hostel Siem Reap', 'Siem Reap, Cambodia', 1, 1, '17252', 'Mr. Chhun Sochetra', 'chhunsochetra@gmail.com', 'thekingteam999@gmail.com', 'thekingteam999@gmail.com', '+855 77 460 077', '+855 12 380 484', '+855 77 460 077', 'http://adventurehostelsiemreap.com', 2, 3.0, 20, '2018-08-21', NULL, '', NULL, 2, 12, '2018-11-01 14:02:34', '2018-11-01 14:02:34', 12, 2, 4, '1970-01-01', '', '', '', 4, NULL);
INSERT INTO `eot_customer` VALUES (6, 'Alibi Guesthouse ', 'Royal Palace, Sothearos Blvd', 1, 2, '17252', 'Mr. Christian Husel', 'info@alibiguesthouse.com', 'info@alibiguesthouse.com', 'info@alibiguesthouse.com', '+855 16 901 590', '+855 88 890 1590', '+855 16 901 590', 'http://alibiguesthouse.com', 4, 4.0, 10, '2018-08-21', NULL, '', NULL, 2, 12, '2018-11-01 14:03:57', '2018-11-01 14:03:57', 12, 2, 4, '1970-01-01', '', '', '', 4, NULL);
INSERT INTO `eot_customer` VALUES (7, 'Alison Angkor Boutique Villa & Resort', '#826, Street 22, Wat Bo Village', 1, 1, '', 'Mr. Sok Chanthou', 'info@alisonangkor.com, booking@alisonangkor.com', 'info@alisonangkor.com, booking@alisonangkor.com', 'info@alisonangkor.com, booking@alisonangkor.com', '', '+855 63 968 808', '+855 86 691 589', 'http://alisonangkor.com', 7, 4.0, 12, '2015-03-25', NULL, '50', NULL, 3, 2, '2018-10-31 16:14:43', '2018-10-31 16:14:43', 2, 2, 5, '2016-10-26', '', '', '', 4, NULL);
INSERT INTO `eot_customer` VALUES (8, 'Amatao Tropical Residence', 'Svay Prey Village', 1, 1, '', 'Mrs. Naomi Basler', 'gm@amatao.com, rsvn@amatao.com, welcome@amatao.com', 'rsvn@amatao.com', 'rsvn@amatao.com', '', '+855 12 590 645', '+855 12 590 645', 'http://amatao.com', 8, 4.0, 4, '2017-10-02', NULL, '100', NULL, 2, 2, '2018-08-27 23:03:49', '2018-08-27 23:03:49', 2, 2, 4, '1970-01-01', '', '', '', 4, NULL);
INSERT INTO `eot_customer` VALUES (9, 'Anachak Boutique Hotel', 'Steung Thmey village, Svay Dungkom commune', 1, 1, '', 'Mr. Vutha Hour ', 'info@anachakboutiquehotel.com', 'reservation@anachakboutiquehotel.com', 'ac@anachakboutiquehotel.com', '', '+855 63 769 898', '+855 70 966 637', 'http://anachakboutiquehotel.com', 1, 4.0, 19, '2015-02-07', NULL, '100', NULL, 3, 12, '2018-10-31 10:28:32', '2018-10-31 10:28:32', 12, 2, 5, '1970-01-01', '', '', '', 4, NULL);
INSERT INTO `eot_customer` VALUES (11, 'Angkor Boutique Villa', 'No.335, Wat Damnak, Sala Kamreuok', 1, 1, '', 'Pen Sokema', 'booking@angkorboutiquevilla.com', 'booking@angkorboutiquevilla.com', 'booking@angkorboutiquevilla.com', '', '+855 12 914 909', '+855 63 765 558', 'http://angkorboutiquevilla.com', 7, 3.0, 8, '2014-10-25', NULL, '35', NULL, 3, 2, '2018-10-31 16:16:13', '2018-10-31 16:16:13', 2, 2, 5, '2016-10-26', '', '', '', 4, NULL);
INSERT INTO `eot_customer` VALUES (13, 'Angkor Century Resort and Spa', 'Komay Road, Khum Svay Dangkom', 1, 1, '17252', 'Mr. Eng Borey ', 'info@angkorcentury.com', 'resa@angkorcentury.com, e-commerce@angkorcentury.com', 'ap@angkorcentury.com, e-commerce@angkorcentury.com', '', '+855 63 963 777', '+855 63 963 789', 'http://angkorcentury.com', 1, 5.0, 190, '2014-10-01', NULL, '185', NULL, 2, 12, '2018-11-01 14:11:50', '2018-11-01 14:11:50', 12, 2, 4, '1970-01-01', '', '', '', 4, NULL);
INSERT INTO `eot_customer` VALUES (14, 'Angkor Heart Bungalow', 'Ring Road Krovat - krong Street,Sangkat svay dangkum,', 1, 1, '', 'Mr. Meas Sopheap', 'info@angkorheartbungalow.com', 'info@angkorheartbungalow.com', 'info@angkorheartbungalow.com', '', '+855 92 508 863', '+855 95 732 009', 'http://angkorheartbungalow.com', 1, 3.0, 7, '2018-02-02', NULL, '50', NULL, 2, 12, '2019-05-31 16:00:14', '2019-05-31 16:00:14', 12, 2, 4, '1970-01-01', '', '', '', 4, '1970-01-01 00:00:00');
INSERT INTO `eot_customer` VALUES (15, 'Angkor Holiday Hotel', 'National Road No.6,', 1, 1, '1710', 'Cheung Sokha', 'gm@angkorholidayhotel.com, reservation@angkorholidayhotel.com, sales@angkorholidayhotel.com', 'reservation@angkorholidayhotel.com, gm@angkorholidayhotel.com, e-commerce@angkorholidayhotel.com', 'gm@angkorholidayhotel.com', '', '+855 63 966 777', '', 'http://angkorholidayhotel.com', 1, 4.0, 162, '2014-10-25', NULL, '80', NULL, 3, 13, '2019-02-21 10:15:34', '2019-02-21 10:15:34', 13, 2, 5, '1970-01-01', 'They want to test other company system,', 'Mr. Kakada (e-commerce)', '+855 63 966 777', 4, '1970-01-01 00:00:00');
INSERT INTO `eot_customer` VALUES (16, 'Angkor Howard Hotel and Convention Center', 'National Road No 6 | Phum Kaksekam, Khum Sror Nge, Siem Reap Province', 1, 1, '', 'Ms. Sorphia Nguon', 'info@angkorhoward.com', 'reservation@angkorhoward.com', 'gcashier@angkorhoward.com', '', '+855 63 965 000', '+855077510429', 'http://angkorhoward.com', 1, 5.0, 343, '2016-04-29', NULL, '215', NULL, 2, 12, '2018-11-01 14:19:22', '2018-11-01 14:19:22', 12, 2, 4, '1970-01-01', '', '', '', 4, NULL);
INSERT INTO `eot_customer` VALUES (17, 'Angkor International Hotel', '#50, Street 148', 1, 2, '122022', 'Mr. Noun Leng', 'angkorhotel11@gmail.com', 'angkorhotel11@gmail.com', 'angkorhotel11@gmail.com', '', '+855 23 217 609', '+855 17 518 827', 'http://angkorinternationalhotel.com', 1, 3.0, 78, '2015-11-17', NULL, '75', NULL, 3, 13, '2018-11-08 08:24:58', '2018-11-08 08:24:58', 13, 2, 5, '2018-11-05', 'Auto Deactivate', 'Mr. Noun Leng', '+855 17 518 827\r\n+855 23 217 609', 4, NULL);
INSERT INTO `eot_customer` VALUES (18, 'Angkor Miracle Resort & Spa', 'National Road No. 6A. Khum Sra Nge (opposite of Cambodian cultural Village) Siem Reap', 1, 1, '', 'Mr. Daravichhay SENG ', 'em@angkormiracle.com, ee@angkormiracle.com, reservations@angkormiracle.com', 'reservations@angkormiracle.com, ee@angkormiracle.com, em@angkormiracle.com', 'acc@angkormiracle.com', '', '+855 63 969 900', '+855 87 882 244', 'http://angkormiracle.com/resort', 6, 5.0, 247, '2015-11-30', NULL, '150', NULL, 3, 12, '2018-10-31 10:31:23', '2018-10-31 10:31:23', 12, 2, 5, '1970-01-01', '', '', '', 4, NULL);
INSERT INTO `eot_customer` VALUES (19, 'Angkor Mithona Guesthouse', '# 19, Street 172 L13, Sangkat Chey Chumneah, Phsar Kandal, Khan Daun Penh', 1, 2, '', 'Mr. Piseth', 'info@angkormithonaguesthouse.com', 'reservation@angkormithonaguesthouse.com', 'info@angkormithonaguesthouse.com', '', '+855 23 990 323', '+855 12 760 673', 'http://angkormithonaguesthouse.com', 9, 2.0, 34, '2015-08-15', NULL, '50', NULL, 3, 12, '2018-10-31 10:32:04', '2018-10-31 10:32:04', 12, 2, 5, '1970-01-01', '', '', '', 4, NULL);
INSERT INTO `eot_customer` VALUES (20, 'Angkor Pearl Hotel', '', 1, 1, '1710', 'Mr. Peter Phoeng', 'pphoeng@angkorpearl.com', 'pphoeng@angkorpearl.com, info@angkorpearl.com', 'pphoeng@angkorpearl.com', '', '+855 92 571 520', '+855 63 966 202', 'http://angkorpearl.com', 1, 3.0, 45, '2014-12-25', NULL, '100', NULL, 3, 12, '2018-10-31 10:33:47', '2018-10-31 10:33:47', 12, 2, 5, '1970-01-01', '', '', '', 4, NULL);
INSERT INTO `eot_customer` VALUES (22, 'Angkor Rendezvous Villa', 'Neelka Way', 1, 1, '', 'Mr. Meng Dy', 'millmengdy@gmail.com', 'arvhotelink@gmail.com, millmengdy@gmail.com', 'millmengdy@gmail.com', '', '+855 77 588 788', '', 'http://angkorrendezvousvillas.com', 3, 5.0, 10, '2017-02-01', NULL, '60', NULL, 3, 12, '2018-10-31 10:51:17', '2018-10-31 10:51:17', 12, 2, 5, '1970-01-01', '', '', '', 4, NULL);
INSERT INTO `eot_customer` VALUES (23, 'Angkor Siesta Villa', '#12, Phum Beung Don Pa, Sangkat Slor Kram', 1, 1, '17251', 'Ms. Chenda Lam', 'info@angkorsiestavilla.com', 'info@angkorsiestavilla.com', 'info@angkorsiestavilla.com', '', '+855 70 808 182', '+855 70 808 182', 'http://angkorsiestavilla.com', 7, 4.0, 7, '2018-01-19', NULL, '60', NULL, 3, 12, '2019-01-11 10:59:34', '2019-01-11 10:59:34', 12, 2, 4, '2018-11-30', 'Dear Maranet,\r\n\r\nGreetings from Angkor Siesta Villa\r\n\r\nI am writing to you to inform you that we have disconnected your Channel Manager & IBE (hotellinksolutions) from our hotel recently as we do not have any budget to continue on this.', 'Mr. Sophath ', '012 981 089 ', 5, '1970-01-01 00:00:00');
INSERT INTO `eot_customer` VALUES (24, 'Angkor Twinkle Boutique Villa', 'Lok Taneuy (St.), Phum Wat Bo, Sangkat Sala Kamreuk', 1, 1, '', 'Angkor Twinkle Boutique Villa', 'booking@angkortwinklevilla.com', 'booking@angkortwinklevilla.com', 'booking@angkortwinklevilla.com ', '', '+855 63 963 368', '+855 17 666 609', 'http://angkortwinkleboutiquevilla.com', 7, 3.5, 22, '2016-01-12', NULL, '130', NULL, 3, 13, '2018-10-31 14:00:01', '2018-10-31 14:00:01', 13, 2, 5, '1970-01-01', '', '', '', 4, NULL);
INSERT INTO `eot_customer` VALUES (25, 'Anise Hotel', 'N 2C, St 278 off 57, Beoung Keng Kang I, Chamkamorn', 1, 2, '', 'Mr. Duy Sophal', 'reservation@anisehotel.com.kh', 'reservation@anisehotel.com.kh', 'manager@anisehotel.com.kh', '', '+855 23 222 522', '+855 12 730 099', 'http://anisehotel.com.kh', 1, 3.0, 18, '2015-05-11', NULL, '155', NULL, 2, 12, '2018-11-01 14:35:20', '2018-11-01 14:35:20', 12, 2, 4, '1970-01-01', '', '', '', 4, NULL);
INSERT INTO `eot_customer` VALUES (26, 'Anise Villa Boutique Hotel', '18 Street 400, Beoung Keng Kang 1', 1, 2, '', 'Mr. Sophal', ' reservation@anisevilla.com', ' reservation@anisevilla.com', ' reservation@anisevilla.com', '', '+855 23 225 400', '+855 12 985 400', 'http://anisevilla.com', 1, 3.0, 21, '2015-03-13', NULL, '155', NULL, 2, 12, '2018-11-01 14:41:27', '2018-11-01 14:41:27', 12, 2, 4, '1970-01-01', '', '', '', 4, NULL);
INSERT INTO `eot_customer` VALUES (27, 'Apsara Centrepole Hotel', '522 Svay Dungkum, Old Sok San Street', 1, 1, '', 'Mr. Vann Enghong', 'book@apsaracentrepole.com', 'book@apsaracentrepole.com', 'book@apsaracentrepole.com, account@apsaracentrepole.com', '', '+855 63 968 098', '+855 95 214 209', 'http://apsaracentrepole.com', 1, 3.5, 19, '2016-10-01', NULL, '80', NULL, 2, 12, '2018-11-01 14:43:04', '2018-11-01 14:43:04', 12, 2, 5, '1970-01-01', '', '', '', 4, NULL);
INSERT INTO `eot_customer` VALUES (28, 'Apsara Residence', 'St. 27, Wat Bo Village, Sala Kamreuk Commune', 1, 1, '', 'Mr. Suy Sophanith', 'book@apsara-residence.com', 'book@apsara-residence.com', 'book@apsara-residence.com, account@apsara-residence.com', '', '+855 63 968 668', '+855 17 353 980', 'http://apsara-residence.com', 1, 4.0, 22, '2016-10-01', NULL, '80', NULL, 2, 12, '2018-11-01 14:46:17', '2018-11-01 14:46:17', 12, 2, 5, '1970-01-01', '', '', '', 4, NULL);
INSERT INTO `eot_customer` VALUES (29, 'Aqua Boutique Guesthouse', 'No.126, Street 63', 1, 2, '', 'Ms. Tep Sothyda', 'info@aqua-boutique-guesthouse.com', 'reservation@aqua-boutique-guesthouse.com', 'info@aqua-boutique-guesthouse.com', '', '+855 77 528 530', '', 'http://aqua-boutique-guesthouse.com', 9, 0.0, 20, '2015-03-31', NULL, '28', NULL, 3, 12, '2018-10-31 10:56:26', '2018-10-31 10:56:26', 12, 2, 5, '1970-01-01', '', '', '', 4, NULL);
INSERT INTO `eot_customer` VALUES (30, 'Asarita Angkor Resort & Spa', 'National Road No 6A, Khum Sra Nge', 1, 1, '17260', 'Ms. Nora', 'sales@asaritaangkor.com, asaritaangkor@gmail.com', 'reservations@asaritaangkor.com, asaritaangkor@gmail.com', 'info@asaritaangkor.com', '', '+855 63 768 444', '+855 93 965 189', 'http://asaritaangkor.com', 6, 4.0, 33, '2017-01-16', NULL, '150', NULL, 3, 12, '2018-10-31 10:57:23', '2018-10-31 10:57:23', 12, 2, 5, '1970-01-01', '', '', '', 4, NULL);
INSERT INTO `eot_customer` VALUES (31, 'Ashia Hotel & Lounge', 'P Charles De Gaulle, Krong Siem Reap', 1, 1, '', 'Mr. Komsorth', 'info@ashiahotel.com', 'reservation@ashiahotel.com', 'info@ashiahotel.com', '', '+855 63 968 960', '+855 70 770 002', 'http://ashiahotel.com', 1, 3.0, 20, '2017-07-11', NULL, '100', NULL, 2, 12, '2018-11-01 14:48:58', '2018-11-01 14:48:58', 12, 2, 4, '1970-01-01', '', '', '', 4, NULL);
INSERT INTO `eot_customer` VALUES (32, 'Babel Guesthouse', 'No.738 Wat Bo Road, Salakamroeuk', 1, 1, '1710', 'Simen Julner', 'babelsiemreap@gmail.com', 'babelsiemreap@gmail.com', 'babelsiemreap@gmail.com', '', '+855 78 858 469', '+855 78 332 301', 'http://babel-siemreap.com', 9, 2.0, 24, '2014-12-25', NULL, '70', NULL, 2, 12, '2018-11-02 11:11:33', '2018-11-02 11:11:33', 12, 2, 4, '1970-01-01', '', '', '', 4, NULL);
INSERT INTO `eot_customer` VALUES (33, 'Bamboo Angkor Boutique', ' Phum Salar Kanseng, Khum Svay Dangkum, Central Area', 1, 1, '1710', 'Mr. Chon Savun ', 'reservation@bambooangkorboutique.com', 'info@bambooangkorboutique.com', 'reservation@bambooangkorboutique.com', '', '+855 10 394 646', '+855 10 394 646', 'http://bamboo-angkorboutique.com', 7, 4.0, 12, '2015-06-09', NULL, '50', NULL, 3, 12, '2018-10-31 10:59:09', '2018-10-31 10:59:09', 12, 2, 5, '1970-01-01', '', '', '', 4, NULL);
INSERT INTO `eot_customer` VALUES (34, 'Tanei Boutique Villa', '#017, Steung Thmey Village, Svay Dangkom', 1, 1, '17252', 'Mr. Lao Sokun', 'lao_sukun007@yahoo.com', 'lao_sukun007@yahoo.com, info@taneiboutiquevilla.com', 'lao_sukun007@yahoo.com', '+855 12 757 867', '+855 12 757 867', '+855 97 746 8787', 'http://taneiboutiquevilla.com', 4, 3.0, 28, '2015-05-25', NULL, '65', NULL, 3, 12, '2018-10-31 11:00:15', '2018-10-31 11:00:15', 12, 2, 4, '1970-01-01', '', '', '', 4, NULL);
INSERT INTO `eot_customer` VALUES (36, 'La Da Kiri Boutique Hotel', 'Soksan Street, Khum Svay Dangkom', 1, 1, '17251', 'Ms. Saradin Ly', 'info@ladakiriboutique.com', 'reservation@ladakiriboutique.com', 'reservation@ladakiriboutique.com', '+855 12 781 675', '+855 12 781 675', '+855 12 781 675', 'http://ladakiriboutique.com', 7, 4.0, 26, '2015-02-06', NULL, '50', NULL, 3, 12, '2019-04-24 09:27:02', '2019-04-24 09:27:02', 12, 2, 4, '2019-04-24', 'They want to change solutions ', 'B. Sema', '070 811 558', 5, '1970-01-01 00:00:00');
INSERT INTO `eot_customer` VALUES (37, 'Cheathata Angkor Hotel', 'City Center, Angkor Night Market Road, Old Market Area', 1, 1, '17252', 'Mr. Soeum Makara', 'gm@ctaangkorhotel.com, res@ctaangkorhotel.com', 'cheathatahotel@gmail.com, res@ctaangkorhotel.com', 'chiv.kouy@ctaangkorhotel.com, res@ctaangkorhotel.com', '+855 63 968 777', '+855 63 968 777', '+855 63 968 777', 'http://angkor.ctaangkorhotel.com', 1, 3.5, 28, '8900-08-03', NULL, '70', NULL, 2, 12, '2018-11-01 14:56:48', '2018-11-01 14:56:48', 12, 2, 4, '1970-01-01', '', '', '', 4, NULL);
INSERT INTO `eot_customer` VALUES (38, 'Base Villa Phnom Penh', 'No #29 Street 222', 1, 2, '', 'Mr. Sokpheak', 'reservation@basevillaphnompenh.com', 'reservation@basevillaphnompenh.com', 'reservation@basevillaphnompenh.com', '', '+855 10 292 229', '+855 96 888 9197', 'http://basevillaphnompenh.com', 1, 3.0, 12, '2015-11-30', NULL, '100', NULL, 3, 12, '2018-10-31 11:03:19', '2018-10-31 11:03:19', 12, 2, 5, '1970-01-01', '', '', '', 4, NULL);
INSERT INTO `eot_customer` VALUES (39, 'Bavyra  Boutique', 'Slor Kram Village, Slor kram Commune', 1, 1, '1710', 'Mr. Kenvin Harris', 'Kevinrharris62@gmail.com ', 'Kevinrharris62@gmail.com', 'Kevinrharris62@gmail.com ', '', '+855 63 963 987', '+855 15 820 227', 'http://bavyraboutique.com', 7, 3.0, 9, '2015-01-25', NULL, '50', NULL, 3, 12, '2018-10-31 11:14:58', '2018-10-31 11:14:58', 12, 2, 5, '1970-01-01', '', '', '', 4, NULL);
INSERT INTO `eot_customer` VALUES (40, 'Bayon Boutique', 'Stueng Thmey, Svay Dangkum', 1, 1, '', 'Mr. Tola Hak (Seyha)', 'gm@bayonboutique.com', 'rsvn@bayonboutique.com, gm@bayonboutique.com, fm@bayonboutique.com', 'fm@bayonboutique.com', '', '+855 63 969 456', '+855 96 678 7208', 'http://bayonboutique.com/index.php', 7, 3.5, 18, '2016-10-10', NULL, '100', NULL, 2, 12, '2018-11-01 15:07:36', '2018-11-01 15:07:36', 12, 2, 4, '1970-01-01', '', '', '', 4, NULL);
INSERT INTO `eot_customer` VALUES (41, 'Bayon Shadow Villa', 'Stueng Thmey, Svay Dangkum', 1, 1, '', 'Mr. Tola Hak (Seyha)', 'gm@bayonboutique.com', 'rsvn@bayonshadow.com, gm@bayonboutique.com, fm@bayonboutique.com', 'rsvn@bayonshadow.com, fm@bayonboutique.com', '', '+855 63 765 443', '+855 96 678 7208', 'http://bayonshadow.com', 3, 2.5, 18, '2016-10-10', NULL, '100', NULL, 2, 12, '2018-11-01 15:08:40', '2018-11-01 15:08:40', 12, 2, 4, '1970-01-01', '', '', '', 4, NULL);
INSERT INTO `eot_customer` VALUES (42, 'Bella Mia Villa', 'Soksan Road, Svay Damkom Village, Svay Damkom commune', 1, 1, '17259', 'jonathon Vallieres', 'gm.bellamiavilla@gmail.com, gm@bellamiaangkor.com, gm@bellamiaangkor.com', 'reservation@bellamiaangkor.com, gm.bellamiavilla@gmail.com', 'gm.bellamiavilla@gmail.com, gm@bellamiaangkor.com', '', '+855 63 962 111', '+855 17 940 344', 'http://bellamiaangkor.com', 3, 3.5, 9, '2015-10-01', NULL, '75', NULL, 3, 12, '2018-10-31 11:15:31', '2018-10-31 11:15:31', 12, 2, 4, '1970-01-01', '', '', '', 4, NULL);
INSERT INTO `eot_customer` VALUES (43, 'Big Lyna Villa', 'Wat Bo Village, Sangkat Salakamroeuk', 1, 1, '1710', 'Sam Tina', 'biglyna@yahoo.com', 'biglyna@yahoo.com', 'biglyna@yahoo.com', '', '+855 63 964 807', '+855 92 630 597', 'http://biglynavilla.com', 9, 1.0, 10, '2015-02-11', NULL, '50', NULL, 3, 12, '2018-10-31 11:16:45', '2018-10-31 11:16:45', 12, 2, 4, '1970-01-01', '', '', '', 4, NULL);
INSERT INTO `eot_customer` VALUES (44, 'Bliss Villa ', '# 051, Sok San Street, Svay Dangkum Village', 1, 1, '17252', 'Sieng Saline', 'blissvilla@asia.com', 'blissvilla@asia.com', 'blissvilla@asia.com', '', '+855 63 630 0978', '', 'http://theblissvilla.com', 1, 4.0, 21, '2014-12-27', NULL, '80', NULL, 3, 13, '2019-01-03 08:34:09', '2019-01-03 08:34:09', 13, 2, 5, '2019-01-03', 'Change Company Solutions', 'Vathana', '+(855) 81 832 181(LINE / WeChat / WhatsApp / Viber / Telegram)', 4, '1970-01-01 00:00:00');
INSERT INTO `eot_customer` VALUES (45, 'Bokre Angkor Hostel ', '363 Taphul Village, Svay Dangkum Commune', 1, 1, '', 'Ms. Ung Annie', 'Info@bokreangkorhostel.com', 'reservation@bokreangkorhostel.com', 'Info@bokreangkorhostel.com', '', '+855 85 511 118', '+855 10 698 777', 'http://eocambovilla.com', 2, 3.0, 30, '2017-10-09', NULL, '100', NULL, 2, 12, '2018-11-01 15:12:19', '2018-11-01 15:12:19', 12, 2, 4, '1970-01-01', '', '', '', 4, NULL);
INSERT INTO `eot_customer` VALUES (46, 'Garden Village Guesthouse', '#434, Sok San Street, Steng Thmey Village, Svaydangkum Commune', 1, 1, '17252', 'Vann pohin', 'gardenvillage@asia.com', 'gardenvillage@asia.com', 'gardenvillage@asia.com', '+855 17 297 777', '+855 17 297 777', '+855 17 297 777', 'http://guesthouse.gardenvillageguesthouse.com', 9, 1.0, 29, '2014-12-25', NULL, '40', NULL, 2, 12, '2018-11-01 15:12:55', '2018-11-01 15:12:55', 12, 2, 4, '1970-01-01', '', '', '', 4, NULL);
INSERT INTO `eot_customer` VALUES (48, 'Botoum Hostel', 'Sangkat Svay Dangkum,', 1, 1, '', 'Mr. Sokdana Choung ', 'info@botoumhostel.com', 'info@botoumhostel.com', 'info@botoumhostel.com', '', '+855 16 913 999', '+855 16 913 999', 'http://botoumhostel.com', 1, 3.0, 15, '2018-06-23', NULL, '40', NULL, 2, 12, '2018-11-01 15:13:29', '2018-11-01 15:13:29', 12, 2, 4, '1970-01-01', '', '', '', 4, NULL);
INSERT INTO `eot_customer` VALUES (49, 'Garden Village Hostel', 'Steung Thmey Village, Svay Dungkom commune', 1, 1, '17252', 'Mr.Vann pohin', 'gardenvillage@asia.com', 'gardenvillage@asia.com', 'gardenvillage@asia.com', '+855 17 297 777', '+855 17 297 777', '+855 17 297 777http://gardenvillagehostel.com', 'http://gardenvillagehostel.com', 2, 1.0, 12, '2015-07-08', NULL, '30', NULL, 3, 12, '2018-10-31 11:24:38', '2018-10-31 11:24:38', 12, 2, 4, '1970-01-01', '', '', '', 4, NULL);
INSERT INTO `eot_customer` VALUES (50, 'Garden Village Villa', 'Garden Village Villa is located close to the Old Market in walking distance to bars, restaurants', 1, 1, '17252', 'Vann pohin', 'gardenvillage@asia.com', 'gardenvillage@asia.com', 'gardenvillage@asia.com', '+855 17 297 777', '+855 17 297 777', '+855 17 297 777', 'http://villa.gardenvillagevilla.com', 3, 2.0, 8, '2015-07-08', NULL, '30', NULL, 3, 12, '2019-08-01 10:30:39', '2019-08-01 10:30:39', 12, 19, 4, '2019-08-01', 'Low season ', 'Mr. Pohin', '070 630 000', 5, '1970-01-01 00:00:00');
INSERT INTO `eot_customer` VALUES (51, 'Mane Boutique Hotel & Spa', 'Village Salakomroeuk, Sangkat Salakomroeuk', 1, 1, '17252', 'Mr. Rath', 'ecom@maneboutiquehotel.com', 'reservations@maneboutiquehotel.com, ecom@maneboutiquehotel.com', 'gm@maneboutiquehotel.com, md@maneboutiquehotel.com, phann.vanrath@gmail.com', '+855 97 552 2222', '+855 63 768 899', '+855 97 552 2222', 'http://maneboutiquehotel.com', 1, 5.0, 18, '2015-08-26', NULL, '120', NULL, 3, 12, '2018-10-31 11:29:08', '2018-10-31 11:29:08', 12, 2, 4, '1970-01-01', '', '', '', 4, NULL);
INSERT INTO `eot_customer` VALUES (52, 'Lynnaya Urban River Resort & Spa', 'Street 20 Krong Siem Reap', 1, 1, '17000', 'Mr.Kan Chansathya', 'gm@lynnaya.com', 'reservation@lynnaya.com', 'reservation@lynnaya.com ', '+855 63 967 755', '+855 63 967 755', '+855 63 967 755', 'http://lynnaya-hotel-angkor.com', 1, 4.0, 46, '2015-08-27', NULL, '130', NULL, 3, 13, '2018-10-31 13:50:25', '2018-10-31 13:50:25', 13, 2, 4, '1970-01-01', '', '', '', 4, NULL);
INSERT INTO `eot_customer` VALUES (54, 'Bou Savy Guesthouse (Bed & Breakfast)', '#261, Group 07, Salakanseng Village, Svaydangkum Commune. ', 1, 1, '17252', 'Horn Bovorn', 'bousavy7777@gmail.com', 'bousavy7777@gmail.com, savy7777@hotmail.com', 'savy7777@hotmail.com', '+855 12 369 600', '+855 12 369 600', '+855 77 752 075', 'http://bousavyguesthouse.com', 9, 2.0, 30, '2015-09-11', NULL, '100', NULL, 2, 12, '2018-11-01 15:15:02', '2018-11-01 15:15:02', 12, 2, 4, '1970-01-01', '', '', '', 4, NULL);
INSERT INTO `eot_customer` VALUES (55, 'La Villa du Bonheur', '#056, Viheachen, Svaydangkum', 1, 1, '17252', 'La Villa du Bonheur', 'reservation@lavilladubonheur.com ', 'reservation@lavilladubonheur.com ', 'reservation@lavilladubonheur.com ', '+855 77 567 605', '+855 77 567 605', '+855 63 765 761', 'http://lavilladubonheur.com', 3, 1.0, 18, '2015-02-16', NULL, '40', NULL, 3, 12, '2018-10-31 11:46:55', '2018-10-31 11:46:55', 12, 2, 4, '1970-01-01', '', '', '', 4, NULL);
INSERT INTO `eot_customer` VALUES (56, 'Sarai Resort & Spa', 'P.O Box 93193, Wat Damnak Village, Sangkat Sala Komreuk ', 1, 1, '17251', 'Mr. Oeun Seakheng', 'info@sarairesort.com, ecommerce@sarairesort.com, book@sarairesort.com', 'book@sarairesort.com, ecommerce@sarairesort.com', 'account@sarairesort.com', '+855 93 962 204', '+855 93 962 204', '+855 63 962 200', 'http://sarairesort.com', 6, 5.0, 48, '2015-01-12', NULL, '65', NULL, 3, 12, '2018-10-31 11:48:34', '2018-10-31 11:48:34', 12, 2, 4, '1970-01-01', '', '', '', 4, NULL);
INSERT INTO `eot_customer` VALUES (57, 'Seven Happiness Holiday HOTEL', 'Road Lorkta neuy Slor Kram Commune', 1, 1, '17251', 'MR.LING', 'sevenhappinessholidayhotel@gmail.com', 'reservations7happinesshotel@gmail.com', 'accsevenhappinessholidayhotel@gmail.com', '+855 63 968 899', '+855 63 968 899', '+855 63 968 899', 'http://siemreapevergreenhotel.com', 1, 3.0, 50, '2014-12-25', NULL, '120', NULL, 3, 12, '2018-10-31 11:49:25', '2018-10-31 11:49:25', 12, 2, 4, '1970-01-01', '', '', '', 4, NULL);
INSERT INTO `eot_customer` VALUES (59, 'Pacific Hotel', ' Road No. 6, Kaksekam Village, Sror Nge Commune', 1, 1, '17000', 'Mr. Pok Dilux', ' reservations@pacifichotel.com.kh', ' reservations@pacifichotel.com.kh', ' reservations@pacifichotel.com.kh', '+855 63 761 818', '+855 63 761 818', '+855 63 761 020', 'http://pacifichotel.com.kh', 1, 4.0, 200, '2015-01-22', NULL, '15', NULL, 3, 12, '2018-10-31 11:52:05', '2018-10-31 11:52:05', 12, 2, 4, '1970-01-01', '', '', '', 4, NULL);
INSERT INTO `eot_customer` VALUES (60, 'Heng Kim Ny Boutique', '#333, Bakheng (St), Sangkat Svay Dangkum, Siem Reap Province. ', 1, 1, '17252', 'Mr. Long Sopha', 'info@hengkimnyboutique.com', 'reservation@hengkimnyboutique.com', 'info@hengkimnyboutique.com', '+855 93 557 717', '+855 93 557 717 ', '+855 63 965 959', 'http://hengkimnyboutique.com', 1, 4.0, 21, '2015-08-01', NULL, '70', NULL, 3, 12, '2018-10-31 11:52:45', '2018-10-31 11:52:45', 12, 2, 4, '1970-01-01', '', '', '', 4, NULL);
INSERT INTO `eot_customer` VALUES (61, 'Cheathata Suite Hotel', 'City Cente, Angkor Night Market Road, Old Market Area', 1, 1, '17252', 'Mr. Soeum Makara', 'res@ctaangkorhotel.com', 'cheathatahotel@gmail.com, res@ctaangkorhotel.com', 'chiv.kouy@ctaangkorhotel.com', '+855 69 966 777', '+855 63 968 777', '+855 69 966 777', 'https://suite.cheathatasuitehotel.com', 1, 4.0, 38, '2014-12-14', NULL, '70', NULL, 2, 12, '2018-11-01 15:15:33', '2018-11-01 15:15:33', 12, 2, 4, '1970-01-01', '', '', '', 4, NULL);
INSERT INTO `eot_customer` VALUES (62, 'Hotel Be Angkor', 'On The Passage, Old Market Area', 1, 1, '17252', 'Martin Disman', 'md@theonehotelcollection.com', 'md@theonehotelcollection.com', 'md@theonehotelcollection.com', '+855 12 755 311', '+855 12 755 311', '+855 63 965 321', 'http://hotelbeangkor.com', 1, 3.0, 3, '2015-03-25', NULL, '50', NULL, 3, 12, '2018-10-31 11:54:09', '2018-10-31 11:54:09', 12, 2, 4, '1970-01-01', '', '', '', 4, NULL);
INSERT INTO `eot_customer` VALUES (63, 'Diamond D\'Angkor Boutique', 'Road# 50 (Sok San Street) , Group 8, Stoeung Thmey, Sangkat Svay Dang Kom', 1, 1, '17252', 'Khoun Sokhemra', 'booking@diamondangkor.com', 'booking@diamondangkor.com', 'booking@diamondangkor.com', '+855 63 966 987', '+855 63 966 987', '+855 63 966 987', 'http://diamondangkor.com', 1, 2.0, 15, '2015-12-25', NULL, '40', NULL, 2, 12, '2018-11-01 15:16:06', '2018-11-01 15:16:06', 12, 2, 4, '1970-01-01', '', '', '', 4, NULL);
INSERT INTO `eot_customer` VALUES (64, 'Bunseda Angkor Villa', 'House 169, Group 4, Sivatha Road, Svay Dangkum Commune', 1, 1, '17252', 'Mr. Vichhay', 'vi_chhay@yahoo.com', 'vi_chhay@yahoo.com', 'vi_chhay@yahoo.com', '+855 12 933 080', '+855 12 933 080', '+855 12 933 080', 'http://bunsedaangkorvilla.com', 3, 1.0, 27, '2014-12-25', NULL, '70', NULL, 3, 12, '2018-10-31 11:55:18', '2018-10-31 11:55:18', 12, 2, 4, '1970-01-01', '', '', '', 4, NULL);
INSERT INTO `eot_customer` VALUES (66, 'Relax Inn Boutique Hotel', 'Bakheng Road, Phum Krous, Sangkat Svay Dangkom', 1, 1, '17252', 'Mr. Sopheak', 'sopheakkhoeuth@gmail.com, om@relaxinn.asia', 'reservation@relaxinn.asia ', 'reservation@relaxinn.asia ', '+855 96 556 5999', '+855 96 556 5999', '  +855 63 502 3999', 'http://relaxinn.asia', 1, 3.0, 5, '2015-01-25', NULL, '100', NULL, 3, 12, '2018-10-31 11:57:13', '2018-10-31 11:57:13', 12, 2, 4, '1970-01-01', '', '', '', 4, NULL);
INSERT INTO `eot_customer` VALUES (68, 'Golden Temple Residence', '# 558, Steung Thmey Village, Sangkat Svaydangkum ', 1, 1, '17252', 'Mr. Luon Thea', 'info@goldentempleresidence.com', 'reservations@goldentempleresidence.com', 'fc@goldentempleresidence.com, reservations@goldentempleresidence.com', '+855 63 210 522', '+855 63 212 222', '+855 63 210 522', 'http://goldentempleresidence.com', 1, 4.5, 28, '2014-12-25', NULL, '85', NULL, 3, 13, '2018-08-27 10:26:35', '2018-08-27 10:26:35', 13, 2, 4, NULL, NULL, NULL, NULL, 0, NULL);
INSERT INTO `eot_customer` VALUES (69, 'Gloria Angkor Hotel', 'National Road N 6, Choung Kaosou Village', 1, 1, '17251', 'Sovann Touch', 'info@gloriaangkorhotel.com', 'reservation@gloriaangkorhotel.com', 'acc@gloriaangkorhotel.com', '+855 63 763 163', '+855 63 763 163', '+855 63 763 163', 'http://gloriaangkorhotel.com', 1, 3.0, 3, '2014-12-25', NULL, '70', NULL, 3, 13, '2018-08-27 10:31:53', '2018-08-27 10:31:53', 13, 2, 4, NULL, NULL, NULL, NULL, 0, NULL);
INSERT INTO `eot_customer` VALUES (71, 'Khemara Angkor Hotel', 'National Road No.6 Sala kanseng, Khum Svaydangkum', 1, 1, '17252', 'Mr. Sophat', 'sales@khemaraangkor.com ', ' info@khemaraangkor.com', 'info@khemaraangkor.com, account@khemaraangkor.com', '+855 63 760 555', '+855 63 760 555', '+855 63 760 777', 'http://khemaraangkor.com', 1, 4.0, 160, '2015-02-25', '14', '50', NULL, 3, 13, '2018-08-27 14:34:28', '2018-08-27 14:34:28', 13, 2, 4, '1970-01-01', '', '', '', 4, NULL);
INSERT INTO `eot_customer` VALUES (72, 'The Moon Boutique Hotel', 'Phum Wat Bo, Sala Kamreuk Commune', 1, 1, '17000', 'Mr. Vanna', 'reservation@themoonboutiquehotel.com', 'reservation@themoonboutiquehotel.com', 'fc@themoonboutiquehotel.com', '+855 17 359 908', '+855 17 359 908', '+855 63 964 577', 'http://themoonboutiquehotel.com', 1, 3.0, 17, '2015-03-17', NULL, '55', NULL, 3, 13, '2019-01-03 08:36:05', '2019-01-03 08:36:05', 13, 2, 4, '2019-01-03', 'Change Company Solutions', 'Sokvanna BOU ', '017 359 908', 4, '1970-01-01 00:00:00');
INSERT INTO `eot_customer` VALUES (74, 'Happy Guesthouse', 'No. 0134 Wat Bo Village, Salakamroeuk Commune', 1, 1, '17251', 'Phem Chhorpoan', 'info@happyangkorguesthouse.com', 'info@happyangkorguesthouse.com, happy_ghouse@yahoo.com', 'info@happyangkorguesthouse.com', '+855 12 960 879', '+855 12 960 879', '+855 63 963 815', 'http://happyangkorguesthouse.com', 9, 2.0, 9, '2014-12-25', NULL, '60', NULL, 2, 12, '2018-11-01 15:18:32', '2018-11-01 15:18:32', 12, 2, 4, '1970-01-01', '', '', '', 4, NULL);
INSERT INTO `eot_customer` VALUES (77, 'Rambutan Hotel - Siem Reap', 'Wat Damnak Village, Salakamreuk commune', 1, 1, '17000', 'Mr. Tommy Baert', 'bookings@rambutansr.com', 'bookings@rambutansr.com', 'bookings@rambutansr.com', '+855 12 654 638', '+855 12 654 638', '+855 63 766 655', 'http://rambutanhotelsr.com', 1, 3.0, 12, '2015-03-25', NULL, '45', NULL, 3, 13, '2018-08-29 20:59:04', '2018-08-29 20:59:04', 13, 2, 4, '1970-01-01', '', '', '', 4, NULL);
INSERT INTO `eot_customer` VALUES (78, 'Rambutan Resort - Siem Reap ', 'Wat Damnak Village, Salakamreuk commune', 1, 1, '17252', 'Mr. Tommy Baert', 'bookings@rambutansr.com', 'bookings@rambutansr.com', 'bookings@rambutansr.com', '+855 12 654 638', '+855 12 654 638', '+855 63 766 655', 'http://rambutanresortsr.com', 6, 3.0, 19, '2015-03-19', NULL, '45', NULL, 3, 13, '2018-08-29 20:58:42', '2018-08-29 20:58:42', 13, 2, 4, '0000-00-00', '', '', '', 4, NULL);
INSERT INTO `eot_customer` VALUES (80, 'Angkor Pearl Hotel', 'Taphul Village Svay Dangkum  ', 1, 1, '17252', 'Mr. Peter Phoeng', 'pphoeng@angkorpearl.com', 'pphoeng@angkorpearl.com', 'pphoeng@angkorpearl.com', '+855 92 571 520', '+855 92 571 520', '+855 63 966 202', 'http://angkorpearl.com', 1, 3.0, 45, '2014-03-25', NULL, '100', NULL, 3, 13, '2018-08-29 21:04:10', '2018-08-29 21:04:10', 13, 2, 4, '0000-00-00', '', '', '', 4, NULL);
INSERT INTO `eot_customer` VALUES (81, 'The Moon Residence', '#100, St.267, Vihear Chen Village, Svay Dangkum Commune', 1, 1, '17252', 'Cheng Bunsan', 'reservation@themoonresidence.com', 'reservation@themoonresidence.com', 'reservation@themoonresidence.com', '+855 69 585 566', '+855 69 585 566', '+855 63 900 085', 'http://themoonresidence.com', 1, 4.0, 22, '2015-08-29', NULL, '55', NULL, 2, 12, '2018-11-02 11:43:22', '2018-11-02 11:43:22', 12, 2, 4, '1970-01-01', '', '', '', 4, NULL);
INSERT INTO `eot_customer` VALUES (82, 'The Moon Villa ', 'National Road 06,Phum Banteay Chas, Samaki Market zone', 1, 1, '17000', 'Mr.Has Sophal', 'reservation@themoonvilla.com', 'reservation@themoonvilla.com', 'reservation@themoonvilla.com', '+855 12 629 969', '+855 12 629 969', '+855 12 629 969', 'http://themoonvilla.com', 3, 3.0, 19, '2015-08-29', NULL, '55', NULL, 3, 13, '2018-08-29 21:18:54', '2018-08-29 21:18:54', 13, 2, 4, '0000-00-00', '', '', '', 4, NULL);
INSERT INTO `eot_customer` VALUES (83, 'Royal Crown Hotel', '#7 Makara Street, Wat Bo Village, Salakamreuk Commune', 1, 1, '17000', 'Mr. Mom Phirith', 'gm@royalcrownhotel.com.kh', 'reservations@royalcrownhotel.com.kh', 'gm@royalcrownhotel.com.kh', '+855 92 373 114', '+855 92 373 114', '+855 63 760 212', 'http://royalcrownhotel.com.kh', 7, 4.0, 139, '2015-11-27', NULL, '110', NULL, 2, 12, '2018-11-01 15:19:10', '2018-11-01 15:19:10', 12, 2, 4, '1970-01-01', '', '', '', 4, NULL);
INSERT INTO `eot_customer` VALUES (84, 'Chronicle Residence And Spa', '# Road 30, 200m way from Borei Phreumprey.', 1, 1, '17000', 'Kyry Sok', 'gm@chronicleresidenceandspa.com, operation@chronicleresidenceandspa.com, info@chronicleresidenceandspa.com', 'reservation@chronicleresidenceandspa.com, operation@chronicleresidenceandspa.com, info@chronicleresidenceandspa.com', 'account@chronicleresidenceandspa.com', '+855 12 677 939', '+855 12 677 939', '+855 63 963 693', 'http://chronicleresidenceandspa.com', 1, 3.0, 22, '2015-11-27', NULL, '100', NULL, 3, 13, '2018-08-29 21:27:24', '2018-08-29 21:27:24', 13, 2, 4, '0000-00-00', '', '', '', 4, NULL);
INSERT INTO `eot_customer` VALUES (85, 'Three Room D\'Angkor', 'Wat Leu Road, Village 3, Slor Kram', 1, 1, '17000', 'Mr. Chhorng Chhaiya', 'info@threeroomdangkor.com', 'info@threeroomdangkor.com', 'info@threeroomdangkor.com', '+855 16 907 567', '+855 16 907 567', '+855 87 727 273', 'http://threeroomdangkor.com ', 7, 4.0, 3, '2014-08-24', NULL, '60', NULL, 3, 13, '2018-08-29 21:30:07', '2018-08-29 21:30:07', 13, 2, 4, '0000-00-00', '', '', '', 4, NULL);
INSERT INTO `eot_customer` VALUES (86, 'Angkor Miracle Resort & Spa', 'National Road No. 6A. Khum Sra Nge (opposite of Cambodian cultural Village) Siem Reap', 1, 1, '17000', 'Mr. Daravichhay SENG ', 'em@angkormiracle.com, ee@angkormiracle.com, reservations@angkormiracle.com', 'reservations@angkormiracle.com, ee@angkormiracle.com, em@angkormiracle.com', 'acc@angkormiracle.com', '+855 87 882 244', '+855 87 882 244', '+855 63 969 900', 'http://angkormiracle.com/resort', 1, 5.0, 247, '2015-11-30', NULL, '150', NULL, 3, 13, '2018-08-29 21:32:57', '2018-08-29 21:32:57', 13, 2, 4, '0000-00-00', '', '', '', 4, NULL);
INSERT INTO `eot_customer` VALUES (87, 'Nagara Angkor Boutique Hotel ', 'Sok San Road, Stueng Thmei Village, Svay Dangkum Commune', 1, 1, '17252', 'Mr. Sophat', 'booking@nagaraangkor-boutique.com', 'booking@nagaraangkor-boutique.com', 'account@nagaraangkor-boutique.com', '+855 70 559 536', '+855 70 559 536', '+855 63 766 082', 'http://nagaraangkor-boutique.com', 7, 3.5, 36, '2015-11-21', NULL, '150', NULL, 3, 13, '2018-08-29 21:35:10', '2018-08-29 21:35:10', 13, 2, 4, '0000-00-00', '', '', '', 4, NULL);
INSERT INTO `eot_customer` VALUES (88, 'Shadow of Angkor Guesthouse', 'No 353, Pokambor AV, on the river side, near Old Market', 1, 1, '17000', 'Nareth', 'shadowofangkor@gmail.com', 'bookings@shadowofangkor.com', 'shadowofangkor@gmail.com', '+855 12 968 881', '+855 12 968 881', '+855 63 964 774', 'http://shadowofangkor.com', 9, 1.0, 16, '2014-12-25', NULL, '70', NULL, 3, 13, '2018-08-29 21:37:22', '2018-08-29 21:37:22', 13, 2, 4, '0000-00-00', '', '', '', 4, NULL);
INSERT INTO `eot_customer` VALUES (89, 'Vilada Angkor Boutique', 'Kor Kranch Village, Sangkat Siem Reap', 1, 1, '17000', 'Mr. Seng Sakada', 'gm@viladaangkorboutique.com', 'gm@viladaangkorboutique.com', 'gm@viladaangkorboutique.com', '+855 12 565 856', '+855 12 565 856', '+855 17 688 568', 'http://viladaangkorboutique.com', 7, 4.0, 7, '2015-11-03', NULL, '70', NULL, 3, 13, '2018-08-29 21:40:23', '2018-08-29 21:40:23', 13, 2, 4, '0000-00-00', '', '', '', 4, NULL);
INSERT INTO `eot_customer` VALUES (92, 'La Residence Blanc D\'Angkor', ' #194 Krous Village, Svay Dangkum and 6th Street', 1, 1, '17000', 'Laot Tre', 'sm@residenceblancangkor.com', 'reservation@residenceblancangkor.com', 'accountant@residenceblancangkor.com, sm@residenceblancangkor.com', '+855 70 261 397', '+855 70 261 397', '+855 63 963 332', 'http://residenceblancangkor.com', 1, 4.0, 26, '2014-11-30', NULL, '90', NULL, 3, 12, '2018-11-01 15:22:30', '2018-11-01 15:22:30', 12, 2, 4, '1970-01-01', '', '', '', 4, NULL);
INSERT INTO `eot_customer` VALUES (93, 'The Unique Angkor Villa', ' # 558, Steung Thmey Village, Sangkat Svaydangkum', 1, 1, '17252', 'Mr. Loy Salith', 'info@theuniqueangkorvilla.com', 'info@theuniqueangkorvilla.com, reservation@theuniqueangkorvilla.com', 'info@theuniqueangkorvilla.com', '+855 93 305 297', '+855 93 305 297', '+855 12 927 731', 'http://theuniqueangkorvilla.com', 3, 3.0, 18, '2015-02-07', NULL, '70', NULL, 3, 13, '2018-08-29 22:01:41', '2018-08-29 22:01:41', 13, 2, 4, '0000-00-00', '', '', '', 4, NULL);
INSERT INTO `eot_customer` VALUES (94, 'The One Villa Angkor', 'Just off Street 52, Sambour Village.  5km from Old Market area and Hotel Be.', 1, 1, '17000', 'Mr. Martin Dishman', 'md@theonehotelcollection.com', 'md@theonehotelcollection.com', 'md@theonehotelcollection.com', '+855 12 755 311', '+855 12 755 311', '+855 63 965 321', 'http://theonehotelangkor.com', 1, 5.0, 20, '2014-12-25', NULL, '45', NULL, 3, 13, '2018-08-29 22:04:16', '2018-08-29 22:04:16', 13, 2, 4, '0000-00-00', '', '', '', 4, NULL);
INSERT INTO `eot_customer` VALUES (96, 'CHEZ MOI SUITE', '#0378, Sombai road, Wat Damnak commune, Sangkat Salakamroeuk ', 1, 1, '17000', 'Ms. Vann Narin ', 'reservation@chezmoi.asia', 'reservation@chezmoi.asia', 'reservation@chezmoi.asia', '+855 12 584 897', '+855 12 584 897', '+855 63 765 995', 'http://suite.chezmoi.asia', 7, 4.0, 10, '2016-01-11', NULL, '60', NULL, 3, 12, '2019-06-14 09:08:29', '2019-06-14 09:08:29', 12, 2, 4, '2019-06-13', 'They want to save budget for low season ', 'Ms. Narin', '098 958 387', 4, '1970-01-01 00:00:00');
INSERT INTO `eot_customer` VALUES (97, 'Siem Reap Vacation Hotel', 'Taneuy Street, Wat Bo Village, Salakamreuk Commune', 1, 1, '17000', 'Chuon Chantola', 'sales@siemreapvacationhotel.com', 'sales@siemreapvacationhotel.com', 'sales@siemreapvacationhotel.com', '+855 95 800 881', '+855 95 800 881', '+855 95 800 881', 'http://siemreapvacationhotel.com', 1, 3.0, 48, '2014-12-25', NULL, '50', NULL, 3, 13, '2018-08-29 22:12:47', '2018-08-29 22:12:47', 13, 2, 4, '0000-00-00', '', '', '', 4, NULL);
INSERT INTO `eot_customer` VALUES (98, 'Tropicana Residence & Resort', 'Angkor High School Road, Phum Wat Bo, Salakamreuk', 1, 1, '17000', 'Mr. Seang Sovann', 'rm@tropicanaresidence.com', 'reservation@tropicanaresidence.com', 'rm@tropicanaresidence.com, acc@tropicanaresidence.com', '+855 12 842 349', '+855 12 842 349', '+855 63 210 600', 'http://tropicanaresidence.com', 6, 4.0, 9, '2016-01-11', NULL, '75', NULL, 3, 13, '2018-08-29 22:16:28', '2018-08-29 22:16:28', 13, 2, 4, '0000-00-00', '', '', '', 4, NULL);
INSERT INTO `eot_customer` VALUES (100, 'Asia Tune Hotel', 'No. 85, St. 19 Corner 148, Sangkat Phsar Kandal 2, Khan Daun Penh', 1, 2, '', 'Oul Van', 'gm@asiatunehotel.com', 'asia-tune-hotel@googlegroups.com, hls.booking.system.pp@gmail.com', 'reservation@asiatunehotel.com, ap@asiatunehotel.com, om@asiatunehotel.com', '', '+855 23 977 789', '+855 85 266 668', 'http://asiatunehotel.com', 1, 4.0, 83, '2014-12-01', NULL, '125', NULL, 3, 12, '2019-05-02 10:46:47', '2019-05-02 10:46:47', 12, 2, 5, '2019-05-02', 'They want to prepare their property and they will back. ', 'Ms. LONG Kimly   ', 'Request by email ', 5, '1970-01-01 00:00:00');
INSERT INTO `eot_customer` VALUES (101, 'Bou Savy Villa', 'Sok San Road, Phum Svay Dangkum, Sangkat Svay Dangkum', 1, 1, '063', 'Mr. Horn Bovuth', 'info@bousavyvilla.com, bousavyvilla7777@hotmail.com', 'info@bousavyvilla.com, bousavyvilla7777@hotmail.com', 'info@bousavyvilla.com', '', '+855 12 898 627', '+855 12 898 627', 'http://bousavyvilla.com', 3, 3.5, 20, '2017-08-02', NULL, '40', NULL, 2, 12, '2018-11-01 15:26:24', '2018-11-01 15:26:24', 12, 2, 5, '1970-01-01', '', '', '', 4, NULL);
INSERT INTO `eot_customer` VALUES (102, 'Boutique Kampot Hotel', '#10 of 68 Specialty Lodging in Kampot 1 Ousaphea Village, Kampong Kandal', 1, 7, '', 'Mr. Nath kananda', 'kananda.nath@gmail.com', 'kananda.nath@gmail.com, duyen@whl.travel', 'kananda.nath@gmail.com', '', '+855 61 888 626', '+855 61 888 626', 'http://boutiquekampot.com', 7, 4.0, 18, '2018-01-29', NULL, '150', NULL, 2, 12, '2018-11-01 15:27:14', '2018-11-01 15:27:14', 12, 2, 5, '1970-01-01', '', '', '', 4, NULL);
INSERT INTO `eot_customer` VALUES (103, 'Bunwin Boutique Hotel', 'National Road 06, Phum Banteay Chas, Opposite Samaki Market', 1, 1, '', 'Mr. Chivid', 'reservation@bunwinboutique.com', 'reservation@bunwinboutique.com', 'account@bunwinboutique.com, reservation@bunwinboutique.com', '', '+855 63 969 158', '+855 12 346 644', 'http://bunwinboutique.com', 1, 4.0, 11, '2015-08-29', NULL, '80', NULL, 2, 12, '2018-11-01 15:27:49', '2018-11-01 15:27:49', 12, 2, 5, '1970-01-01', '', '', '', 4, NULL);
INSERT INTO `eot_customer` VALUES (104, 'Bunwin Plantation', 'Kakranh Village', 1, 1, '', 'Mr. Has Sophal', 'gm@bunwinboutique.com', 'reservation@bunwinplantation.com', 'reservation@bunwinplantation.com', '', '+855 17 310 229', '+855 17 310 229', 'http://plantation.bunwinplantation.com', 1, 3.0, 14, '2015-09-14', NULL, '55', NULL, 3, 12, '2018-09-02 14:02:00', '2018-09-02 14:02:00', 12, 2, 5, '0000-00-00', '', '', '', 4, NULL);
INSERT INTO `eot_customer` VALUES (105, 'Bunwin Residence', 'Kor Kranh Village ', 1, 1, '', 'Mr. Phasy Sun', 'reservation@bunwinresidence.com', 'reservation@bunwinresidence.com', 'reservation@bunwinresidence.com', '', '+855 63 763 677', '+855 71 368 2967', 'http://bunwinresidence.com', 3, 4.0, 10, '2015-09-14', NULL, '80', NULL, 3, 13, '2019-02-05 08:54:10', '2019-02-05 08:54:10', 13, 2, 5, '2019-02-04', 'Stop selling online', 'Chivid Yem', '(855) 12346644/86 24 06 89', 4, '1970-01-01 00:00:00');
INSERT INTO `eot_customer` VALUES (106, 'Casa Villa Independence Boutique Hotel', '#4, Street 294, Boeung Keng Kong 1', 1, 2, '', 'Ms. Shierlyn', 'reservation@casa-villa.com', 'reservation@casa-villa.com, casavillareservation@gmail.com', 'reservation@casa-villa.com', '', '+855 23 211 729', '+855 96 856 2622', 'http://casa-villa.com', 1, 4.0, 12, '2015-01-01', NULL, '130', NULL, 2, 12, '2018-11-01 15:29:23', '2018-11-01 15:29:23', 12, 2, 5, '1970-01-01', '', '', '', 4, NULL);
INSERT INTO `eot_customer` VALUES (107, 'Central Boutique Angkor Hotel', 'In front of Sala Bai Hospitality School, Tapoul villa, Svay Dangkum commune.', 1, 1, '', 'Mr. Thorn Ve', 'info@centralboutiqueangkorhotel.com', 'info@centralboutiqueangkorhotel.com, dm@centralboutiqueangkor.com', 'info@centralboutiqueangkorhotel.com', '', '+855 63 764 030', '', 'http://centralboutiqueangkorhotel.com', 1, 3.0, 54, '2016-06-23', NULL, '150', NULL, 2, 12, '2018-11-01 15:30:17', '2018-11-01 15:30:17', 12, 2, 5, '1970-01-01', '', '', '', 4, NULL);
INSERT INTO `eot_customer` VALUES (108, 'Central Suite Residence', 'City Center, Sok San Road, Old Market Area', 1, 1, '17000', 'Ms. Kimly Cheak', 'relations@centralsuiteresidence.com', 'relations@centralsuiteresidence.com, om@centralsuiteresidence.com, gm@centralsuiteresidence.com', 'chief-ac@centralsuiteresidence.com, gm@centralsuiteresidence.com', '', '+855 63 969 691', '+855 95 907 676', 'http://centralsuiteresidence.com', 1, 4.0, 32, '2016-03-03', NULL, '60', NULL, 3, 12, '2018-09-02 14:14:07', '2018-09-02 14:14:07', 12, 2, 5, '0000-00-00', '', '', '', 4, NULL);
INSERT INTO `eot_customer` VALUES (109, 'Chateau The Meliya Hotel & Apartment', '10B, St. 264, Sangkat Chaktomuk,  Khan Doun Penh', 1, 2, '', 'Mrs.  ABDOUNE', 'jessica.a@chateauthemeliya.com', 'jessica.a@chateauthemeliya.com, reservation@chateauthemeliya.com', 'jessica.a@chateauthemeliya.com, sreypich.1992@gmail.com', '', '+855 23 987 212', '+855 16 747 524', 'http://chateauthemeliya.com', 1, 4.0, 54, '2017-03-20', NULL, '120', NULL, 3, 12, '2019-07-01 11:24:50', '2019-07-01 11:24:50', 12, 2, 5, '2019-07-01', 'They have a new property and their management team wants to change to another system.', 'Samkot LY ', 'Sent email ', 5, '1970-01-01 00:00:00');
INSERT INTO `eot_customer` VALUES (110, 'Colina Boutique Hotel', 'No. 26,  At corner of street 123 and 440, Tuoltompoung I, Chamkarmorn', 1, 2, '', 'Mr. Prosa', 'om@colinaboutiquehotel.com', 'fo@colinaboutiquehotel.com', 'account@colinaboutiquehotel.com', '', '+855 23 221 088', '', 'http://colinaboutiquehotel.com', 7, 4.0, 44, '2015-04-03', NULL, '60', NULL, 3, 12, '2018-09-02 14:40:53', '2018-09-02 14:40:53', 12, 2, 5, '0000-00-00', '', '', '', 4, NULL);
INSERT INTO `eot_customer` VALUES (111, 'Cubby House Resort', 'Otres River Village', 1, 6, '', 'Kamala Thomas', 'info@cubbyhouse.asia', 'info@cubbyhouse.asia', 'info@cubbyhouse.asia', '', '+855016388573', '+855016388573', 'http://cubbyhouse.asia', 8, 2.5, 2, '2015-10-27', NULL, '100', NULL, 2, 12, '2018-11-01 15:32:27', '2018-11-01 15:32:27', 12, 2, 5, '1970-01-01', '', '', '', 4, NULL);
INSERT INTO `eot_customer` VALUES (112, 'Damnak Villa Retreat ', ' | #92,Group#6,Trapeang Ses, Kork Chak, Siem Reap, Cambodia', 1, 1, '17252', 'Mr. Sophal Phoeun ', 'info@damnakvillaretreat.com', 'info@damnakvillaretreat.com', 'info@damnakvillaretreat.com', '+855 77 979 711', '+855 77 979 711', '+855 77 979 711', 'http://damnakvillaretreat.com', 3, 3.0, 6, '2018-07-21', NULL, '85', NULL, 2, 12, '2018-11-01 15:37:08', '2018-11-01 15:37:08', 12, 2, 5, '1970-01-01', '', '', '', 4, NULL);
INSERT INTO `eot_customer` VALUES (113, 'Damrei Angkor Hotel', 'Street 20, Wat Bo Village, Salakomroek Commune', 1, 1, '', 'Mr. Sombo', 'info@damreiangkorhotel.com', 'reservations@damreiangkorhotel.com ', 'info@damreiangkorhotel.com', '', '+855 63 968 717', '+855 16 885 378', 'http://damreiangkorhotel.com', 1, 4.0, 50, '2017-06-12', NULL, '100', NULL, 2, 12, '2018-11-01 15:39:22', '2018-11-01 15:39:22', 12, 2, 5, '1970-01-01', '', '', '', 4, NULL);
INSERT INTO `eot_customer` VALUES (114, 'De I\'homme ', 'Phnom Penh', 1, 2, '', 'Mr. Peter', 'reservation@hoteldelhomme.com', 'reservation@hoteldelhomme.com', 'reservation@hoteldelhomme.com', '', '+855 96 829 3544', '+855 23 211 498', 'http://deihomme.com', 1, 4.0, 15, '2018-03-29', NULL, '100', NULL, 3, 13, '2019-05-29 09:38:58', '2019-05-29 09:38:58', 13, 2, 4, '1970-01-01', '', '', '', 4, '1970-01-01 00:00:00');
INSERT INTO `eot_customer` VALUES (115, 'De Sarann Suites', '#092, Group 6, Trapeang Ses Village | Sangkat Kork Chork, Siem Reap', 1, 1, '', 'Mr. Mike Hob', 'info@desarannvilla.com, info@desarannsuites.com', 'info@desarannvilla.com, info@desarannsuites.com, duyen@whl.travel', 'info@desarannvilla.com, info@desarannsuites.com', '', '+855 63 900 050', '+855 88 299 9923', 'http://desarannsuites.com', 1, 4.0, 8, '2016-08-19', NULL, '80', NULL, 3, 12, '2018-09-02 14:58:51', '2018-09-02 14:58:51', 12, 2, 5, '0000-00-00', '', '', '', 4, NULL);
INSERT INTO `eot_customer` VALUES (116, 'De Sarann Villa', '#37 Trang Village, Sangkat Slorkram', 1, 1, '', 'Mr. Andrew Pan', 'info@desarannvilla.com', 'info@desarannvilla.com', 'info@desarannvilla.com', '', '+855 88 299 9923', '+855 97 750 8545', 'http://desarannvilla.com', 3, 4.0, 4, '2016-03-27', NULL, '80', NULL, 3, 12, '2018-09-02 15:01:36', '2018-09-02 15:01:36', 12, 2, 5, '0000-00-00', '', '', '', 4, NULL);
INSERT INTO `eot_customer` VALUES (117, 'Dechasey Residence', 'Off Route Six, About 300 meters down Korean-Cambodian Friendship Rd', 1, 1, '', 'Mr. Kim May', 'operation@dechaseyresidence.com', 'operation@dechaseyresidence.com', 'operation@dechaseyresidence.com', '', '+855 63 965 945', '+855 15 374 477', 'http://communityresidencesiemreap.com', 1, 4.0, 10, '2017-04-28', NULL, '40', NULL, 3, 13, '2018-10-31 13:56:45', '2018-10-31 13:56:45', 13, 2, 5, '1970-01-01', '', '', '', 4, NULL);
INSERT INTO `eot_customer` VALUES (118, 'Demo', 'slarkram', 1, 1, '17000', 'Mr. Maco', 'info@eocambo.com', 'info@eocambo.com', 'info@eocambo.com', '+855 69 955 179', '+855 69 955 179', '+855 77 466 082', 'http://eocambo.com', 6, 5.0, 20, '2018-07-02', NULL, '1', NULL, 1, 2, '2019-01-02 16:05:01', '2019-01-02 16:05:01', 2, 2, 5, '1970-01-01', '', '', '', 4, '2019-01-24 00:00:00');
INSERT INTO `eot_customer` VALUES (119, 'Dinata Angkor Boutique', 'Taphul Road, Svay Dangkum Commune', 1, 1, '', 'Mr. Heng Sothea', 'gm@dinataangkor.com', 'gm@dinataangkor.com', 'gm@dinataangkor.com', '', '+855 63 968 836', '+855 77 447 900', 'http://dinataangkor.com', 7, 3.0, 28, '2017-09-22', NULL, '100', NULL, 3, 13, '2019-02-05 08:51:10', '2019-02-05 08:51:10', 13, 2, 5, '1970-01-01', '', '', '', 4, '1970-01-01 00:00:00');
INSERT INTO `eot_customer` VALUES (120, 'Dom Boutique Hotel', 'Wat Damnak village, Sangkat Sala Kamreuk Siem Reap Cambodia', 1, 1, '', 'Mr. Paolo', 'domsiemreap@gmail.com', 'domsiemreap@gmail.com', 'domsiemreap@gmail.com', '', '+855 96 330 6403', '+855 68 639 123', 'http://domsiemreap.com/en-us', 7, 3.0, 26, '2018-04-06', NULL, '30', NULL, 3, 12, '2018-09-02 15:28:07', '2018-09-02 15:28:07', 12, 2, 5, '0000-00-00', '', '', '', 4, NULL);
INSERT INTO `eot_customer` VALUES (121, 'Double Leaf Boutique Hotel', '#32, Street 123, Toul Tom Pong I, Khan Chamkamon', 1, 2, '', 'Mr. Phanith Lmoth', 'gm@doubleleafhotel.com', 'info@doubleleafhotel.com, hls.booking.system.pp@gmail.com', 'gm@doubleleafhotel.com', '', '+855 23 226 299', '+855 23 226 299', 'http://doubleleafhotel.com', 7, 4.0, 48, '2014-12-01', NULL, '166.5', NULL, 3, 12, '2018-09-02 15:32:15', '2018-09-02 15:32:15', 12, 2, 5, '0000-00-00', '', '', '', 4, NULL);
INSERT INTO `eot_customer` VALUES (122, 'Dyna Boutique Hotel', 'Phum Salar Kanseng, Khum Svay DangKum', 1, 1, '', 'Mr. Vorn Savoeun', 'gm@dynaboutiquehotel.com', 'gm@dynaboutiquehotel.com', 'gm@dynaboutiquehotel.com', '', '+855 63 968 881', '+855 77 529 856', 'http://dynaboutiquehotel.com', 7, 3.0, 12, '2015-03-30', NULL, '75', NULL, 3, 12, '2018-09-02 15:45:54', '2018-09-02 15:45:54', 12, 2, 5, '0000-00-00', '', '', '', 4, NULL);
INSERT INTO `eot_customer` VALUES (123, 'Eco Villa', '# Road 30, Behind Krous High School, Infront of Tropical Restaurant, Kruos, Siem Reap', 1, 1, '', 'Mr. Den', 'den@ehotelbiz.com', 'den@ehotelbiz.com, royal@ehotelbiz.net', 'den@ehotelbiz.com', '', '+855 92 307 314', '', 'http://ecovillasiemreap.com', 3, 4.0, 10, '2017-02-09', NULL, '60', NULL, 3, 12, '2018-09-02 15:48:26', '2018-09-02 15:48:26', 12, 2, 5, '0000-00-00', '', '', '', 4, NULL);
INSERT INTO `eot_customer` VALUES (124, 'eOcambo Residence', '#Street 22 (Tea Csales@eocamboresidence.comhamrat), Wat Bo Village, Siem Reap', 1, 1, '', 'Mr. Peter Phich', 'reservation@eocamboresidence.com', 'gm@eocambo.com, sales@eocamboresidence.com, reservation@eocamboresidence.com, peter@eocambo.com, kimkhorn@eocambo.com', 'sales@eocamboresidence.com', '', '+855 70 379 905', '+855 92 991 005', 'http://eocamboresidence.com', 1, 4.0, 22, '2017-08-09', NULL, '100', NULL, 2, 12, '2018-11-01 15:41:56', '2018-11-01 15:41:56', 12, 2, 4, '1970-01-01', '', '', '', 4, NULL);
INSERT INTO `eot_customer` VALUES (125, 'eOcambo Resort', 'BBU Road, Vihear Chen Village, Sangkat Svay Dangkum, Siem Reap', 1, 1, '17252', 'Mr. Peter Phich', 'peter@eocambo.com', 'info@eocamboresort.com, sales@eocamboresidence.com, peter@eocambo.com, kimkhorn@eocambo.com, gm@eocambo.com', 'peter@eocambo.com', '', '+855 70 379 905', '+855 70 379 905', 'http://eocamboresort.com', 6, 5.0, 28, '2018-08-02', NULL, '1', NULL, 2, 12, '2018-11-01 15:42:47', '2018-11-01 15:42:47', 12, 2, 4, '1970-01-01', '', '', '', 4, NULL);
INSERT INTO `eot_customer` VALUES (126, 'eOCambo Villa', 'BBU road, Vihear Chen Village, Svaydangkum Cummune, Siem Reap', 1, 1, '', 'Mr. Peter', 'info@eocambovilla.com', 'info@eocambovilla.com, gm@eocambo.com, peter@eocambo.com', 'info@eocambovilla.com', '', '+855 70 379 905', '+855 70 379 905', 'http://villa.eocambovilla.com', 3, 2.0, 8, '2017-05-30', NULL, '40', NULL, 2, 12, '2018-11-01 15:43:39', '2018-11-01 15:43:39', 12, 2, 4, '1970-01-01', '', '', '', 4, NULL);
INSERT INTO `eot_customer` VALUES (127, 'eOcambo Village', 'Street 22 (Tea Chamrat), Wat Bo Village', 1, 1, '', 'Mr. Peter Phich', 'reservation@eocambovillage.com', 'kimkhorn@eocambo.com, gm@eocambo.com, reservation@eocambovillage.com, peter@eocambo.com, sales@eocamboresidence.com', 'sales@eocamboresidence.com', '', '+855 70 379 905', '+855 92 991 005', 'http://eocambovillage.com', 1, 4.0, 28, '2017-08-19', NULL, '40', NULL, 2, 12, '2018-11-01 15:44:50', '2018-11-01 15:44:50', 12, 2, 4, '1970-01-01', '', '', '', 4, NULL);
INSERT INTO `eot_customer` VALUES (128, 'F&B Hostel', 'Sok San Road, Phum Svay Dangkum, Sangkat Svay Dangkum', 1, 1, '', 'Mr. Vannak', 'phoanvannak@gmail.com', 'phoanvannak@gmail.com', 'phoanvannak@gmail.com', '', '+855 89 672 722', '+855 98 640 885', 'http://fbsiemreaphostel.com', 1, 3.0, 12, '2017-08-09', NULL, '100', NULL, 3, 12, '2018-09-02 16:04:51', '2018-09-02 16:04:51', 12, 2, 5, '1970-01-01', '', '', '', 4, NULL);
INSERT INTO `eot_customer` VALUES (129, 'Fancy Boutique Villa', 'Samdach Tep Vong Street, Group 2, Steung Thmey Village, Sangkat Svaydangkom', 1, 1, '', 'Mr.Krishna ', 'gm@fancyboutiquevilla.com', 'book@fancyboutiquevilla.com, gm@fancyboutiquevilla.com', 'book@fancyboutiquevilla.com, gm@fancyboutiquevilla.com', '', '+855 63 965 377', '+855 70 892 850', 'http://fancyboutiquevilla.com', 7, 4.0, 13, '2016-01-15', NULL, '90', NULL, 3, 12, '2018-09-02 16:07:20', '2018-09-02 16:07:20', 12, 2, 4, '0000-00-00', '', '', '', 4, NULL);
INSERT INTO `eot_customer` VALUES (130, 'Fancy Guest House', 'No. 169B, Street 15, Phsar Kandal 2, Khan Daun Penh', 1, 2, '', 'Mr. Phannak ', 'fancyguesthouse@yahoo.com', 'fanscyguesthouse@yahoo.com', 'fancyguesthouse@yahoo.com', '', '+855 23 211 829', '+855 11 943 219', 'http://fancyguesthouse.com', 9, 0.0, 21, '2014-10-20', NULL, '85', NULL, 3, 12, '2018-09-02 16:10:12', '2018-09-02 16:10:12', 12, 2, 4, '0000-00-00', '', '', '', 4, NULL);
INSERT INTO `eot_customer` VALUES (131, 'Feliz Hostel Cafe & Bar', 'Z6-132, St 51, Buoeng Keng Kong 1 Commune, Chamkarmon District', 1, 2, '12302', 'Mr. Arun Raing', ' bookings@felizhostel.com', 'bookings@felizhostel.com', 'felizhostel@gmail.com', '', '+855 23 216 596', '+855 17 664 495', 'http://felizhostel.com', 2, 3.0, 18, '2016-07-12', NULL, '100', NULL, 2, 12, '2018-11-01 15:45:31', '2018-11-01 15:45:31', 12, 2, 4, '1970-01-01', '', '', '', 4, NULL);
INSERT INTO `eot_customer` VALUES (132, 'Feliz Urban Hotel', ' #3 Bis, Street 288, Boeung Keng Kang Commune, Chamkarmon District, PhnomPenh', 1, 2, '12302', 'Mr. Arun Raing', 'generalmanager.feliz@gmail.com', 'felizurbanhotel@gmail.com', 'panharith.sitthy@gmail.com', '', '+855 23 212 555', '+855 17 664 495', 'http://', 1, 4.0, 36, '2017-03-09', NULL, '150', NULL, 2, 12, '2018-11-01 15:46:49', '2018-11-01 15:46:49', 12, 2, 4, '1970-01-01', '', '', '', 4, NULL);
INSERT INTO `eot_customer` VALUES (133, 'Flourishing Boutique Hotel', 'Country Road Wat Chowk, Svay Dangkum, Siem Reap, Cambodja', 1, 1, '', 'Mr. CHHAI', 'info@flourishingboutique.com', 'info@flourishingboutique.com, reservation@flourishingboutique.com', 'info@flourishingboutique.com', '', '+855 61 222 637', '+855 70 643 747', 'http://flourishingboutique.com', 1, 4.0, 6, '2016-10-31', NULL, '70', NULL, 3, 12, '2018-09-02 16:20:40', '2018-09-02 16:20:40', 12, 2, 5, '0000-00-00', '', '', '', 4, NULL);
INSERT INTO `eot_customer` VALUES (134, 'G & Z Angkor Hotel', 'Siem Reap', 1, 1, '', 'Mr. Sarat Yoeung', 'Sarath.y@wegoalconsulting.com', 'Sarath.y@wegoalconsulting.com', 'Sarath.y@wegoalconsulting.com', '+855 10 339 235', '+855 10 339 235', '+855 10 339 235', 'http://gzangkorhotel.com', 1, 3.0, 21, '2018-04-30', NULL, '40', NULL, 3, 13, '2018-09-07 09:08:14', '2018-09-07 09:08:14', 13, 2, 4, '1970-01-01', '', '', '', 4, NULL);
INSERT INTO `eot_customer` VALUES (135, 'G & Z Angkor Boutique', 'Siem Reap', 1, 1, '', 'Mr. David Chhun', 'gm@gzinvestmentgroups.com', 'reservations@gzinvestmentgroups.com', 'account@gzinvestmentgroups.com', '', '+855 87 757 555', '+855 87 757 555', 'http://gzangkorboutique.com', 7, 4.0, 18, '2018-04-30', NULL, '60', NULL, 3, 12, '2018-09-02 16:26:17', '2018-09-02 16:26:17', 12, 2, 4, '1970-01-01', '', '', '', 4, NULL);
INSERT INTO `eot_customer` VALUES (136, 'Garden Flower Resort ', ' Phum Khnar, Khum Chreav, Siem Reap district,Siem Reap province', 1, 1, '17256', 'Mr. Oem Sopha', 'info@gardenflowerresort.com', 'info@gardenflowerresort.com', 'info@gardenflowerresort.com', '', '+855 96 868 6296', '', 'http://gardenflowerresort.com', 6, 4.0, 30, '2019-02-08', NULL, '157', NULL, 3, 12, '2019-03-23 08:45:12', '2019-03-23 08:45:12', 12, 14, 5, '2019-03-22', 'They don\'t have any OTAs that make a reservation and they want to prepare their property.', 'General Manager (B Nisa)', '+855 78 299 995', 5, '2019-02-12 00:00:00');
INSERT INTO `eot_customer` VALUES (137, 'GBT 3 Guesthouse', 'Serendipity Street', 1, 6, '1800', 'Mr. Hom Sokleng', 'gbt_beach@yahoo.com', 'gbt_beach@yahoo.com', 'gbt_beach@yahoo.com', '', '+855 16 777 818', '+855 16 999 818', 'http://gbt3guesthouse.com', 9, 2.0, 46, '2015-05-07', NULL, '150', NULL, 3, 12, '2018-09-02 16:35:57', '2018-09-02 16:35:57', 12, 2, 5, '0000-00-00', '', '', '', 4, NULL);
INSERT INTO `eot_customer` VALUES (138, 'Genevieve\'s Khmer Villa', '#0141, Wat Damnak Street, Old Market', 1, 1, '', 'Mr. Bill Longo', 'billlongotemp@gmail.com', 'booking@damnakriverside.com', 'booking@damnakriverside.com', '', '+855 63 966 566', '+855 70 245 189', 'http://genevieveskhmervilla.com', 1, 3.0, 29, '2017-09-14', NULL, '125', NULL, 3, 12, '2018-09-02 16:37:57', '2018-09-02 16:37:57', 12, 2, 5, '0000-00-00', '', '', '', 4, NULL);
INSERT INTO `eot_customer` VALUES (139, 'Glory Angkor Hotel', 'Wat Bo Road, Wat Bo Village,  Salakormrouk Commune, ', 1, 1, '', 'Chhem Samnang', 'info@gloryangkorhotel.com', 'info@gloryangkorhotel.com', 'info@gloryangkorhotel.com', '', '+855 12 366 657', '+855 63 966 687', 'http://gloryangkorhotel.com', 1, 4.0, 16, '2018-02-02', NULL, '60', NULL, 2, 12, '2018-11-01 15:48:23', '2018-11-01 15:48:23', 12, 2, 5, '1970-01-01', '', '', '', 4, NULL);
INSERT INTO `eot_customer` VALUES (140, 'Golden Banana Residence ', 'Siem Reap', 1, 1, '', 'Mr. Laot Tre', 'gm@golden-banana.com', 'booking@golden-banana.com, sales@golden-banana.com, sales@villawatdamnak.com, sales@residencewatdamnak.com', 'gm@golden-banana.com, accountant@residencewatdamnak.com', '', '+855 70 261 397', '+855 70 261 397', 'http://golden-banana.com', 1, 3.0, 30, '2017-12-04', NULL, '30', NULL, 3, 13, '2018-10-31 13:50:52', '2018-10-31 13:50:52', 13, 2, 5, '1970-01-01', '', '', '', 4, NULL);
INSERT INTO `eot_customer` VALUES (141, 'Golden Butterfly Villa', 'Stung Thmey, Svay Dangkum near Pub Street, Pub Street Alley', 1, 1, '1710', 'Mr. Chen ', 'info@goldenbutterflyvilla.com', 'reservations@goldenbutterflyvilla.com', 'info@goldenbutterflyvilla.com', '', '+855 96 801 0338', '+855 92 646 439', 'http://goldenbutterflyvilla.com', 3, 3.0, 25, '2016-08-29', NULL, '100', NULL, 2, 12, '2018-11-01 15:49:04', '2018-11-01 15:49:04', 12, 2, 5, '1970-01-01', '', '', '', 4, NULL);
INSERT INTO `eot_customer` VALUES (142, 'Golden House International Hotel', '#23-25 St.136, Phsar Kandal 1  Daun Penh', 1, 2, '12204', 'Mrs. Lim Siv Mey', 'mail@goldenhouse.asia', 'stay@goldenhouse.asia, mail@goldenhouse.asia, hls.booking.system.pp@gmail.com', 'mail@goldenhouse.asia, stay@goldenhouse.asia', '', '+855 23 222 167', '+855 95 566 766', 'http://goldenhouse.asia', 1, 3.0, 21, '2014-08-19', NULL, '155', NULL, 2, 12, '2018-11-01 15:50:57', '2018-11-01 15:50:57', 12, 2, 5, '1970-01-01', '', '', '', 4, NULL);
INSERT INTO `eot_customer` VALUES (143, 'Golden Mango Inn', 'Road 6, Chongkaosou Village, Slorkram Commune', 1, 1, '', 'Mr. Cheab Sokvann', 'info@goldenmangoinn.com ', 'info@goldenmangoinn.com', 'info@goldenmangoinn.com ', '', '+855 63 761 857', '+855 12 952 741', 'http://goldenmangoinn.com', 1, 3.0, 24, '2017-06-16', NULL, '50', NULL, 3, 12, '2018-11-01 12:04:33', '2018-11-01 12:04:33', 12, 2, 5, '1970-01-01', '', '', '', 4, NULL);
INSERT INTO `eot_customer` VALUES (144, 'Golden Sand Hotel ', 'Ochheuteal beach, St. 23 Tola, Sangkat 4', 1, 6, '', 'Mr. Sok Sopheng', 'info@goldensandhotel.com.kh', 'sales@goldensandhotel.com.kh ', 'acc@goldensandhotel.com.kh', '', '+855 34 933 607', '+855 93 776 666', 'http://goldensandhotel.com.kh', 1, 4.0, 120, '2015-03-18', NULL, '120', NULL, 3, 12, '2018-09-02 16:53:57', '2018-09-02 16:53:57', 12, 2, 5, '0000-00-00', '', '', '', 4, NULL);
INSERT INTO `eot_customer` VALUES (145, 'Golden Sea Beach Hotel & Casino', 'Victory Beach, Vithey Krong, Sangkat 3', 1, 6, '', 'Mr. Chang Suk Oh', 'hotel@goldenseabeach.com', 'goldenseabeach567@gmail.com', 'goldenseabeach567@gmail.com', '', '+855 12 603 600', '+855 16 896 600', 'http://goldenseabeach.com', 1, 4.0, 40, '2015-01-26', NULL, '185', NULL, 3, 12, '2018-09-02 16:56:08', '2018-09-02 16:56:08', 12, 2, 5, '0000-00-00', '', '', '', 4, NULL);
INSERT INTO `eot_customer` VALUES (146, 'Golden Sea Hotel & Casino', 'Ekareach St,Sangkat3, Sihanouk vill Preach Sihanouk Province,Kingdom of Cambodia', 1, 6, '', 'Mr. Charkrong Chhong', 'gm@goldenseahotels.com', 'sales@goldenseahotels.com  ', 'fn@goldenseahotels.com', '', '+855 92 230 888', '+855 97 276 8780', 'http://goldenseahotels.com', 1, 4.0, 105, '2016-06-27', NULL, '35', NULL, 3, 12, '2018-09-02 16:58:39', '2018-09-02 16:58:39', 12, 2, 5, '0000-00-00', '', '', '', 4, NULL);
INSERT INTO `eot_customer` VALUES (147, 'Golden Temple Boutique', 'Steung Thmey Village, Savay Dangkum Commune, Siem Reap', 1, 1, '17252', 'Mr. Chot Barang', 'reservations@goldentempleboutique.com', 'reservations@goldentempleboutique.com', 'reservations@goldentempleboutique.com', '', '+855 63 212 222', '+855 98 374 079', 'https://www.goldentempleboutique.com/home', 7, 4.0, 19, '2017-07-21', NULL, '115', NULL, 3, 12, '2018-09-02 17:01:27', '2018-09-02 17:01:27', 12, 2, 5, '0000-00-00', '', '', '', 4, NULL);
INSERT INTO `eot_customer` VALUES (148, 'Golden Temple Hotel', '7 Makara road, or Angkor High School road', 1, 1, '', 'Mr. Luon Thea', 'info@goldentemplehotel.com, fom@goldentemplehotel.com, gm@goldentempleresidence.com', 'reservation@goldentemplehotel.com, fom@goldentemplehotel.com', 'reservation@goldentemplehotel.com, gm@goldentemplehotel.com, ac@goldentemplehotel.com, fom@goldentemple.com, info@goldentemplehotel.com', '', '+855 63 967 996', '+855 12 756 655', 'http://goldentemplehotel.com', 7, 4.0, 29, '2015-09-28', NULL, '115', NULL, 3, 12, '2018-09-02 17:03:33', '2018-09-02 17:03:33', 12, 2, 5, '0000-00-00', '', '', '', 4, NULL);
INSERT INTO `eot_customer` VALUES (149, 'Golden Temple Retreat', 'Wat Damnak, Sala Kamreuk, Siem Reap', 1, 1, '17252', 'Mr. Loun Thea', 'gm@goldentempleretreat.com, it@goldentempleresidence.com', 'reservation@goldentempleretreat.com', 'ac@goldentempleretreat.com', '', '+855 63 217 777', '', 'http://retreat.goldentempleretreat.com', 1, 4.0, 32, '2016-12-22', NULL, '115', NULL, 3, 12, '2018-09-02 17:10:27', '2018-09-02 17:10:27', 12, 2, 5, '0000-00-00', '', '', '', 4, NULL);
INSERT INTO `eot_customer` VALUES (150, 'Golden Temple Villa', 'Sok San Road, Svay Dangkum', 1, 1, '17252', 'Mr. Luon Thea', 'reservations@goldentemplevilla.com, info@goldentempleresidence.com', 'reservations@goldentemplevilla.com', 'gm@goldentemplevilla.com, acm@goldentemplevilla.com', '', '+855 12 794 938', '+855 12 794 938', 'http://villa.goldentemplevilla.com', 3, 4.0, 23, '2015-10-16', NULL, '115', NULL, 3, 12, '2018-09-02 17:13:13', '2018-09-02 17:13:13', 12, 2, 5, '0000-00-00', '', '', '', 4, NULL);
INSERT INTO `eot_customer` VALUES (151, 'Grand Elevation Hotel ', 'House G6 G7 G8, St. Sothearos, Tonle Basac Charmkarmon, Chamkar Morn, Phnom Penh, Cambodia', 1, 2, '', 'Ms. Nimol Tha', 'elevation.hotel@yahoo.com', 'elevation.hotel@yahoo.com', 'elevation.hotel@yahoo.com', '', '+855 77 556 528', '+855 77 556 528', 'https://grandelevationhotel.com', 1, 3.0, 54, '2018-08-16', NULL, '90', NULL, 2, 12, '2018-11-01 15:52:01', '2018-11-01 15:52:01', 12, 2, 5, '1970-01-01', '', '', '', 4, NULL);
INSERT INTO `eot_customer` VALUES (152, 'Green Amazon Residence', 'Phneachey Village, Svay Dangkom Commune', 1, 1, '', 'Mr. Phu Vireak', 'book@greenamazonresidence.com', 'book@greenamazonresidence.com', 'book@greenamazonresidence.com, fc@greenamazonresidence.com', '', '+855 63 767 7000', '+855 63 767 7000', 'http://greenamazonresidence.com', 1, 4.0, 52, '2017-12-04', NULL, '60', NULL, 3, 12, '2018-09-02 17:32:34', '2018-09-02 17:32:34', 12, 2, 5, '0000-00-00', '', '', '', 4, NULL);
INSERT INTO `eot_customer` VALUES (153, 'La Parranda Residence & Hotel', 'No.207, St. Mao Tsetoung, Sangkat Toul Svay Prey 2, Khan Chomkamorn', 1, 2, '', 'Ms. Sothy Samrith', 'info@laparrandahotels.com', 'ecommerce@laparrandahotels.com', 'sale@laparrandahotels.com', '', '+855 23 424 106', '+855 12 212 100', 'http://laparrandahotels.com', 1, 3.0, 56, '2015-03-05', NULL, '60', NULL, 3, 12, '2018-09-02 17:34:54', '2018-09-02 17:34:54', 12, 2, 5, '0000-00-00', '', '', '', 4, NULL);
INSERT INTO `eot_customer` VALUES (154, 'KT Apartment Siem Reap', 'Street 26, Siem Reap', 1, 1, '', 'Mr. Piseth', 'info@kt-apartments.com', 'info@kt-apartments.com', 'info@kt-apartments.com', '', '+855 12 415 774', '+855 87 396 999', 'http://kt-apartments.com', 5, 0.0, 12, '2017-05-12', NULL, '80', NULL, 2, 12, '2018-11-01 15:53:05', '2018-11-01 15:53:05', 12, 2, 5, '1970-01-01', '', '', '', 4, NULL);
INSERT INTO `eot_customer` VALUES (155, 'Kralanh Petite Villa', 'Veal Village | Sangkat Kouk Chork', 1, 1, '', 'Mr. Srey Meng Ly', 'gm@kralanhpetitevilla.com', 'reservation@kralanhpetitevilla.com', 'gm@kralanhpetitevilla.com', '', '+855 17 597 513', '+855 60 486 666', 'http://kralanhpetitevilla.com', 3, 3.5, 6, '2016-04-21', NULL, '40', NULL, 3, 12, '2018-09-02 17:42:32', '2018-09-02 17:42:32', 12, 2, 5, '0000-00-00', '', '', '', 4, NULL);
INSERT INTO `eot_customer` VALUES (156, 'KOUPREY HOTEL', 'Top Town Road, Krous Village, Svay Dangkum', 1, 1, '', 'Mr. Korm Sopheng', 'info@hotelkoupreyangkor.org', 'info@hotelkoupreyangkor.org', 'info@hotelkoupreyangkor.org', '', '+855 63 765 674', '+855 95 595 943', 'http://hotelkoupreyangkor.org', 1, 3.5, 57, '2015-10-01', NULL, '50', NULL, 3, 12, '2018-09-02 17:44:53', '2018-09-02 17:44:53', 12, 2, 5, '0000-00-00', '', '', '', 4, NULL);
INSERT INTO `eot_customer` VALUES (157, 'Kolab Sor Phnom Penh Hotel', '#436, Street 310, Sangkat Boeung Keng Kang III, Khan Chamkarmon', 1, 2, '', 'Ms. KEO SONY', 'info@kolabsorhotel.com ', 'onewoman168@gmail.com, info@kolabsorhotel.com', 'koesony@kolabsorhotel.com, info@kolabsorhotel.com', '', '+855 12 802 707', '+855 23 979 798', 'http://kolabsorhotel.com', 1, 4.0, 52, '2015-02-04', NULL, '126', NULL, 2, 12, '2018-11-01 15:53:47', '2018-11-01 15:53:47', 12, 2, 5, '1970-01-01', '', '', '', 4, NULL);
INSERT INTO `eot_customer` VALUES (158, 'Koh Rong Love Resort', 'Koh Rong Island , Sok San Village, Sangkat Koh Rong, Sihanouk Ville, Sihanouk province', 1, 6, '', 'Mr. Sitha Nhem ', 'gm@kohrongloveresort.com', 'gm@kohrongloveresort.com', 'gm@kohrongloveresort.com', '', '+855 16 963 198', '+855 85 311 161', 'http://kohrongloveresort.com', 6, 0.0, 48, '2017-10-09', NULL, '150', NULL, 2, 12, '2018-11-01 15:55:16', '2018-11-01 15:55:16', 12, 2, 5, '1970-01-01', '', '', '', 4, NULL);
INSERT INTO `eot_customer` VALUES (159, 'Klampuu Villa Hostel', 'st 53, Stueng Thmei Village, Svay Dangkum Commune', 1, 1, '', 'Mr. Long Vansak', 'long.vansak@gmail.com', 'long.vansak@gmail.com', 'long.vansak@gmail.com', '', '+855 10 556 191', '+855 10 556 191', 'http://klampuuvillahostel.com', 2, 3.0, 11, '2018-01-03', NULL, '80', NULL, 3, 13, '2018-10-31 13:09:26', '2018-10-31 13:09:26', 13, 2, 5, '1970-01-01', '', '', '', 4, NULL);
INSERT INTO `eot_customer` VALUES (160, 'Klampuu Villa', 'Street 53, Stueng Thmei Village, Svay Dangkum Commune', 1, 1, '17252', 'Mr. Long Vansak', 'long.vansak@gmail.com', 'long.vansak@gmail.com', 'long.vansak@gmail.com', '', '+855 12 926 020', '+855 10 556 191', 'http://klampuuvilla.com', 3, 3.0, 11, '2017-10-31', NULL, '90', NULL, 2, 12, '2018-11-01 15:55:53', '2018-11-01 15:55:53', 12, 2, 5, '1970-01-01', '', '', '', 4, NULL);
INSERT INTO `eot_customer` VALUES (161, 'King Rock Boutique Hotel', 'Group #7, Wat Damnak, Sala Kamreouk', 1, 1, '17254', 'Mr. Hem Sophoun', 'om@kingrockboutique.com', 'om@kingrockboutique.com, room@kingrockboutique.com, info@kingrockboutique.com', 'account@kingrockboutique.com', '', '+855 63 766 141', '+855 10 712 425', 'http://kingrockboutique.com', 7, 4.0, 18, '2016-06-25', NULL, '50', NULL, 3, 12, '2018-09-02 17:57:32', '2018-09-02 17:57:32', 12, 2, 5, '0000-00-00', '', '', '', 4, NULL);
INSERT INTO `eot_customer` VALUES (162, 'King Boutique Hotel', '251 Samdach Tep Vong, Siem Reap 17252', 1, 1, '', 'Mr. Sam', 'kingboutiquehotel@gmail.com', 'kingboutiquehotel@gmail.com', 'kingboutiquehotel@gmail.com', '', '+855 63 760 655', '+855 12 930 011', 'http://kingboutiquehotel.com', 1, 3.0, 24, '2016-10-19', NULL, '45', NULL, 3, 12, '2018-09-02 17:59:30', '2018-09-02 17:59:30', 12, 2, 5, '0000-00-00', '', '', '', 4, NULL);
INSERT INTO `eot_customer` VALUES (163, 'Khmere Maison D\'Angkor', '#482, BO POX 93090, City Center, National Road No.6, Wat Kesaram Street, Sangkat Svay Dangkum,', 1, 1, '17000', 'Jacky LONG ', 'jacky@khmeremaisondangkor.com', 'relations@khmeremaisondangkor.com', 'jacky@khmeremaisondangkor.com', '', '+855 63 766 062', '+855 12 660 160', 'http://khmeremaisondangkor.com', 7, 3.0, 6, '2015-11-02', NULL, '30', NULL, 3, 12, '2018-09-02 18:03:37', '2018-09-02 18:03:37', 12, 2, 5, '1970-01-01', '', '', '', 4, NULL);
INSERT INTO `eot_customer` VALUES (164, 'Khmer Wooden Hostel', '#144, Taphul Village, Svaydangkum', 1, 1, '', 'Ms. Vichna Run', 'info@khmerwoodenhostel.com', 'info@khmerwoodenhostel.com', 'info@khmerwoodenhostel.com', '', '+855 63 965 444', '+855 12 458 338', 'http://khmerwoodenhostel.com', 2, 0.0, 4, '2016-02-23', NULL, '100', NULL, 3, 12, '2018-09-02 18:05:41', '2018-09-02 18:05:41', 12, 2, 5, '0000-00-00', '', '', '', 4, NULL);
INSERT INTO `eot_customer` VALUES (165, 'Khmer Mansion Residence', 'Sok San Street, Stung Thmey Village, Svay Dangkum Commune', 1, 1, '', 'Ms. Chea Komrong', 'reservation@khmermansionresidence.com, gm@khmermansionresidence.com', 'reservation@khmermansionresidence.com, gm@khmermansionresidence.com, chhnakchhai99@gmail.com', 'accountant@khmermansionresidence.com', '', '+855 63 762 333', '+855 77 708 558', 'http://khmermansionresidence.com/residence.html', 1, 3.0, 47, '2017-08-29', NULL, '50', NULL, 2, 12, '2018-11-01 15:57:48', '2018-11-01 15:57:48', 12, 2, 5, '1970-01-01', '', '', '', 4, NULL);
INSERT INTO `eot_customer` VALUES (166, 'Khmer Mansion Boutique Hotel', 'Sok San Street, Stung Thmer Village, Svay Dangkum Commune', 1, 1, '', 'Ms. Chea Komrong', 'gm@khmermansion.com', 'gm@khmermansion.com', 'accountant@khmermansion.com', '', '+855 63 762 333', '+855 77 708 558', 'http://khmermansion.com', 1, 4.0, 22, '2017-06-01', NULL, '50', NULL, 2, 12, '2018-11-01 15:58:17', '2018-11-01 15:58:17', 12, 2, 5, '1970-01-01', '', '', '', 4, NULL);
INSERT INTO `eot_customer` VALUES (167, 'Khavi Villa', '#12 st 258', 1, 2, '', 'Mr. Khavi Sang', 'khavicambodia@yahoo.com', 'khavicambodia@yahoo.com', 'khavicambodia@yahoo.com', '', '+855 12 766 624', '', 'http://khavivilla.com', 3, 4.0, 23, '2015-02-24', NULL, '150', NULL, 3, 12, '2018-09-02 18:15:26', '2018-09-02 18:15:26', 12, 2, 5, '0000-00-00', '', '', '', 4, NULL);
INSERT INTO `eot_customer` VALUES (168, 'Khavi Guesthouse', '#7DD, Street 258 , S/K Chaktomuk, Khan Daun Penh', 1, 2, '', 'Mr. Khavi Sang', 'khavicambodia@yahoo.com', 'khavicambodia@yahoo.com', 'khavicambodia@yahoo.com', '', '+855 23 632 4466', '+855 12 766 624', 'http://khavi-guesthouse.com', 9, 3.0, 23, '2015-02-23', NULL, '100', NULL, 3, 12, '2018-09-02 18:18:02', '2018-09-02 18:18:02', 12, 2, 5, '0000-00-00', '', '', '', 4, NULL);
INSERT INTO `eot_customer` VALUES (169, 'Kafu Resort and Spa', 'River Road, Slarkram Commune', 1, 1, '', 'Ms. Vann Narin', 'info@kafu-resort.com', 'info@kafu-resort.com', 'info@kafu-resort.com', '', '+855 63 964 242', '+855 15 364 686', 'http://kafu-resort.com', 1, 3.0, 28, '2017-11-10', NULL, '60', NULL, 3, 12, '2019-06-14 08:58:55', '2019-06-14 08:58:55', 12, 2, 5, '2019-06-14', 'They want to save budget for low season', 'Mr. Pisith Roeum', 'By Email ', 5, '1970-01-01 00:00:00');
INSERT INTO `eot_customer` VALUES (170, 'Jasmin Monument Hotel', ' #22s, Street 29, BKK1, Tonlebassac, Chamkarmon', 1, 2, '', 'Mr. Sok Chan', 'gm@j-monumenthotel.com', 'manager@j-monumenthotel.com, gm@j-monumenthotel.com, stay@j-monumenthotel.com', 'manager@j-monumenthotel.com, gm@j-monumenthotel.com', '', '+855 23 221 322', '+855 86 565 959', 'http://j-monumenthotel.com', 1, 4.0, 23, '2017-04-20', NULL, '100', NULL, 3, 13, '2019-01-15 09:21:01', '2019-01-15 09:21:01', 13, 2, 5, '1970-01-01', '', '', '', 4, '1970-01-01 00:00:00');
INSERT INTO `eot_customer` VALUES (171, 'Isann Villa', 'Svay Dongkom,', 1, 1, '', 'Mr. Sothea Seng', 'sothea@mahobkhmer.com', 'sothea@mahobkhmer.com', 'sothea@mahobkhmer.com', '', '+855 12 926 562', '+855 12 926 562', 'http://isannvilla.com', 3, 3.0, 15, '2018-02-01', NULL, '100', NULL, 3, 13, '2018-09-07 09:08:26', '2018-09-07 09:08:26', 13, 2, 5, '1970-01-01', '', '', '', 4, NULL);
INSERT INTO `eot_customer` VALUES (172, 'Isann Lodge', 'Chong Kao Su Village, Sangkat Slor Kram', 1, 1, '', 'Mr. Sothea Seng ', 'info@isannlodge.com', 'info@isannlodge.com', 'info@isannlodge.com', '', '+855 63 966 986', '+855 12 926 562', 'http://isannlodge.com', 6, 3.5, 12, '2017-06-21', NULL, '100', NULL, 3, 12, '2018-09-02 18:33:33', '2018-09-02 18:33:33', 12, 2, 5, '0000-00-00', '', '', '', 4, NULL);
INSERT INTO `eot_customer` VALUES (173, 'Indradevi Boutique Hotel', 'Krous Village, Svay Dankum, Sieam Reap', 1, 1, '', 'Mr. Chhuney', 'info@indradeviboutiquehotel.com, Keochhunyu@gmail.com', 'info@indradeviboutiquehotel.com, Keochhunyu@gmail.com', 'info@indradeviboutiquehotel.com, Keochhunyu@gmail.com', '', '+855 63 766 398', '+855 95 566 262', 'http://indradeviboutiquehotel.com', 7, 3.5, 20, '2016-12-12', NULL, '100', NULL, 3, 12, '2018-09-02 18:35:52', '2018-09-02 18:35:52', 12, 2, 5, '0000-00-00', '', '', '', 4, NULL);
INSERT INTO `eot_customer` VALUES (174, 'Indra Porak Residence', 'Betong Street, Village Vihear Chen, Sangkat Svay Dangkom,near by Pub Street', 1, 1, '17252', 'Mr. Lim Rithy', 'sales@indraporak.com', 'reservation@indraporak.com, sales@indraporak.com', 'limrithy27@yahoo.com', '', '+855 93 859 007', '+855 63 963 373', 'http://indraporak.com', 7, 4.0, 16, '2015-09-15', NULL, '50', NULL, 3, 12, '2018-09-02 18:39:11', '2018-09-02 18:39:11', 12, 2, 5, '0000-00-00', '', '', '', 4, NULL);
INSERT INTO `eot_customer` VALUES (175, 'Indochine 2 Hotel', 'No. 28-30, Street 130, Phsar Kandal I, Daun Penh, Phnom Penh, Cambodia.', 1, 2, '12000', 'Ms. Sivly Lim', 'lim.sivly@indochine2hotel.com', 'reservation@indochine2hotel.com, hls.booking.system.pp@gmail.com', 'lim.sivly@indochine2hotel.com', '', '+855 23 211 525', '+855 23 211 787', 'http://indochine2hotel.com', 1, 2.0, 30, '2014-12-01', NULL, '85', NULL, 3, 12, '2018-09-02 18:41:32', '2018-09-02 18:41:32', 12, 2, 5, '0000-00-00', '', '', '', 4, NULL);
INSERT INTO `eot_customer` VALUES (176, 'In Miles Boutique Hotel', 'No. 042, Charle De Gaulle Blvd (Main Road to Angkor Wat), Mondul 3 village, Sangkat Slor Kram', 1, 1, '', 'Mr. Pheakdey', 'info@inmilesboutique.com', 'info@inmilesboutique.com, inmilesboutique@gmail.com', 'info@inmilesboutique.com', '', '+855 17 995 567', '', 'http://inmilesboutique.com', 1, 2.0, 10, '2017-02-10', NULL, '50', NULL, 3, 12, '2018-09-02 18:46:53', '2018-09-02 18:46:53', 12, 2, 5, '0000-00-00', '', '', '', 4, NULL);
INSERT INTO `eot_customer` VALUES (177, 'Hotel Tokyo Service Apartment and Spa', 'Phnom Penh', 1, 2, '', 'Mr. Kaizo', 'contact@kihoteltokyo.com', 'contact@kihoteltokyo.com', 'contact@kihoteltokyo.com', '', '+855 23 901 358', '', 'http://hoteltokyoserviceapartmentandspa.com', 1, 2.0, 100, '2018-02-26', NULL, '70', NULL, 3, 13, '2019-05-29 09:34:55', '2019-05-29 09:34:55', 13, 2, 4, '1970-01-01', '', '', '', 4, '1970-01-01 00:00:00');
INSERT INTO `eot_customer` VALUES (178, 'Hotel Records', 'Phnom Penh', 1, 2, '', 'Mr. Ea Tola', 'records@journeyside.com', 'records@journeyside.com', 'records@journeyside.com', '', '+855 23 981 818', '+855 12 850 488', 'http://hotelrecords.com', 1, 3.0, 15, '2018-06-29', NULL, '30', NULL, 3, 13, '2019-01-15 09:05:04', '2019-01-15 09:05:04', 13, 2, 5, '1970-01-01', '', '', '', 4, '1970-01-01 00:00:00');
INSERT INTO `eot_customer` VALUES (179, 'Hotel Five.S ', 'Krang Vilage, KrangAmpil Commune,', 1, 7, '07452', 'Mr. Jimmy', 'info@hotelfives.com', 'info@hotelfives.com', 'gentillesun@gmail.com', '', '+855 81 375 375', '+855 69 370 000', 'http://hotelfives.com', 1, 3.0, 15, '2016-09-20', NULL, '100', NULL, 2, 12, '2018-11-01 16:02:59', '2018-11-01 16:02:59', 12, 2, 4, '1970-01-01', '', '', '', 4, NULL);
INSERT INTO `eot_customer` VALUES (180, 'Hotel Corduroy', 'Phnom Penh', 1, 2, '', 'Mr. Ear Tola', 'tola@journeyside.com', 'tola@journeyside.com', 'tola@journeyside.com', '+855 12 850 488', '+855 12 850 488', '+855 12 850 488', 'http://hotelcorduroy.com', 1, 4.0, 23, '2018-07-10', NULL, '30', NULL, 3, 13, '2019-01-15 09:04:40', '2019-01-15 09:04:40', 13, 2, 5, '1970-01-01', '', '', '', 4, '1970-01-01 00:00:00');
INSERT INTO `eot_customer` VALUES (181, 'Hostel 543', 'Wat Bo road', 1, 1, '', 'Mr. Chris', 'thehostel543@gmail.com', 'thehostel543@gmail.com', 'thehostel543@gmail.com', '', '+855 68 386 903', '+855 93 215 253', 'http://hostel543.com', 2, 0.0, 4, '2015-12-03', NULL, '135', NULL, 3, 12, '2018-09-02 19:04:46', '2018-09-02 19:04:46', 12, 2, 5, '0000-00-00', '', '', '', 4, NULL);
INSERT INTO `eot_customer` VALUES (182, 'Horizons Cambodia', 'Street #23, Wat Bo Village, Siem Reap Cambodia', 1, 1, '', 'Mr. Chanthou Choun', 'info@horizonscambodia.com', 'info@horizonscambodia.com', 'info@horizonscambodia.com', '', '+855 92 730 031', '+855 86 730 031', 'http://horizonscambodia.com', 7, 3.0, 12, '2018-02-28', NULL, '70', NULL, 3, 12, '2018-09-02 19:07:04', '2018-09-02 19:07:04', 12, 2, 5, '0000-00-00', '', '', '', 4, NULL);
INSERT INTO `eot_customer` VALUES (183, 'Home Chic Hotel', 'NO. 17, ST. 282, Boeung Keng Kang I | Sangkat BKKI, Khan Chamkarmon', 1, 2, '', 'Ms. Tha Nimol', 'homechichotel@yahoo.com', 'homechichotel@yahoo.com', 'homechichotel@yahoo.com', '+855 11 846 484', '+855 11 846 484', '+855 11 846 484', 'http://homechichotel.com/index.php', 1, 3.0, 50, '2018-04-11', NULL, '100', NULL, 2, 12, '2018-10-31 11:34:49', '2018-10-31 11:34:49', 12, 2, 4, '1970-01-01', '', '', '', 4, NULL);
INSERT INTO `eot_customer` VALUES (184, 'Hillocks Hotel & Spa', 'Sala Kamreuk Villiage, Sala Kamreuk Commune', 1, 1, '1710', 'Narin Hem', 'info@hillockshotel.com', 'book@hillockshotel.com, info@hillockshotel.com, sm@hillockshotel.com', 'account@hillockshotel.com', '', '+855 63 966 699', '+855 95 345 676', 'http://hillockshotel.com', 1, 5.0, 38, '2016-09-26', NULL, '60', NULL, 3, 12, '2018-09-02 19:14:20', '2018-09-02 19:14:20', 12, 2, 5, '0000-00-00', '', '', '', 4, NULL);
INSERT INTO `eot_customer` VALUES (185, 'Hilary\'s Boutique Hotel', '#16 Bis, Street 302, Sangkat Boeng Keng Kang I,  Khan Chamkamorn', 1, 2, '', 'Mr. Sum Chhey', 'info@hilarysboutiquehotel.com ', 'info@hilarysboutiquehotel.com, hls.booking.system.pp@gmail.com', 'info@hilarysboutiquehotel.com ', '', '+855 12 884 467', '+855 23 555 2360', 'http://hilarysboutiquehotel.com', 7, 3.0, 13, '2014-12-01', NULL, '90', NULL, 3, 12, '2018-09-02 19:18:00', '2018-09-02 19:18:00', 12, 2, 5, '0000-00-00', '', '', '', 4, NULL);
INSERT INTO `eot_customer` VALUES (186, 'Hideaway Boutique Resort', 'Siem Reap', 1, 1, '', 'Mr. Rossi', 'reservation@hideawayboutiqueresort.com', 'reservation@hideawayboutiqueresort.com, rossi.is@gmail.com, jd@jaromirdvoracek.com', 'gm@hideawayboutiqueresort.com', '', '+855 12 264 700', '+855 96 369 2665', 'http://hideawayboutiqueresort.com', 6, 0.0, 30, '2017-01-19', NULL, '60', NULL, 3, 12, '2018-09-02 19:20:39', '2018-09-02 19:20:39', 12, 2, 5, '0000-00-00', '', '', '', 4, NULL);
INSERT INTO `eot_customer` VALUES (187, 'Heritage Suites Hotel', 'Near Wat Polanka, Slokram Village, Khum Slok Kram, Siem Reap', 1, 1, '93101', 'Ms. Oma Ho', 'oma@heritagesuiteshotel.com', 'info@heritagesuiteshotel.com, reservation@heritagesuiteshotel.com', 'oma@heritagesuiteshotel.com', '', '+855 63 969 100', '+855 11 969 100', 'https://www.heritagesuiteshotel.com', 7, 5.0, 26, '2016-11-19', NULL, '120', NULL, 3, 12, '2018-09-02 19:23:44', '2018-09-02 19:23:44', 12, 2, 5, '0000-00-00', '', '', '', 4, NULL);
INSERT INTO `eot_customer` VALUES (188, 'Hello Cambodia Boutique', 'Bakheng Road, Siem Reap Central Area,', 1, 1, '', 'Mr. Sin Senghong', 'gm@hellocambodiaboutique.com', 'reservation@hellocambodiaboutique.com', 'booking@hellocambodiaboutique.com', '', '+855 77 519 967', '+855 63 969 699', 'http://hellocambodiaboutique.com', 7, 4.0, 23, '2018-03-17', NULL, '80', NULL, 3, 13, '2019-05-29 09:33:29', '2019-05-29 09:33:29', 13, 2, 4, '1970-01-01', '', '', '', 4, '1970-01-01 00:00:00');
INSERT INTO `eot_customer` VALUES (189, 'Skor Boutique', '#0517, Street 7 Makara, Wat Bo Village, Sangkat Salakamroeuk, Siem Reap', 1, 1, '', 'Mr. Majid Wazir', 'info@heavenangkorresidence.com', 'info@heavenangkorresidence.com, reservation@heavenangkorresidence.com', 'info@heavenangkorresidence.com', '', '+855 63 966 737', '+855 92 627 046', 'http://heavenangkorresidence.com', 7, 4.0, 15, '2017-02-20', NULL, '100', NULL, 2, 12, '2019-04-19 15:35:27', '2019-04-19 15:35:27', 12, 2, 4, '1970-01-01', '', '', '', 4, '1970-01-01 00:00:00');
INSERT INTO `eot_customer` VALUES (190, 'Harmony River Hotel', '#337, Preah Sisowath Blvd, Sangkat Chey', 1, 2, '', 'Mr. Vong Senvichet', 'harmonyriverhotel@yahoo.com', 'harmonyriverhotel@yahoo.com', 'harmonyriverhotel@yahoo.com', '', '+855 89 232 678', '', 'http://harmonyriverhotel.com', 1, 2.0, 17, '2015-12-08', NULL, '100', NULL, 3, 12, '2018-09-02 19:36:54', '2018-09-02 19:36:54', 12, 2, 5, '0000-00-00', '', '', '', 4, NULL);
INSERT INTO `eot_customer` VALUES (191, 'HanumanAlaya Colonial House', 'Treang Village, Slar Kram Commune', 1, 1, '17254', 'Mr. Boren Chhay', 'boren@hanumanalaya.com', 'reservations@hanumanalaya.com', 'reservations@hanumanalaya.com', '', '+855 63 760 581', '+855 12 789 857', 'http://colonialhouse.hanumanalaya.com', 6, 4.0, 11, '2016-12-30', NULL, '70', NULL, 3, 12, '2018-09-02 19:41:02', '2018-09-02 19:41:02', 12, 2, 5, '0000-00-00', '', '', '', 4, NULL);
INSERT INTO `eot_customer` VALUES (192, 'Green Palace Hotel Phnom Penh', '7 No 61, St. 111 Corner 232 Boeung Pralit | Makara District', 1, 2, '', 'Mr. Kosal Sou', 'kosal.sou@greenpalacehotel.com', 'kosal.sou@greenpalacehotel.com, E-commerce@greenpalacehotel.com, Reservation@greenpalacehotel.com', 'kosal.sou@greenpalacehotel.com', '', '+855 16 570 057', '+855 16 570 057', 'http://greenpalacehotel.com', 1, 4.0, 144, '2018-02-20', NULL, '75', NULL, 3, 12, '2019-07-01 11:08:45', '2019-07-01 11:08:45', 12, 2, 5, '2019-07-01', 'Use solutions from another company ', 'Mr. Kosa', '016 570 057', 5, '1970-01-01 00:00:00');
INSERT INTO `eot_customer` VALUES (193, 'Champey Sor Angkor Boutique', 'Phum Svay Dangkum, Svay Dangkum ', 1, 1, '17252', 'Mr. Seng Saymeng ', 'info@champeysorangkorboutique.com', 'info@champeysorangkorboutique.com', 'info@champeysorangkorboutique.com', '+855 96 444 1411', '+855 96 444 1411', '070770002', 'http://champeysorangkorboutique.com', 7, 3.5, 20, '2018-09-04', NULL, '110', NULL, 2, 12, '2018-10-31 11:22:20', '2018-10-31 11:22:20', 12, 2, 4, '1970-01-01', '', '', '', 4, NULL);
INSERT INTO `eot_customer` VALUES (194, 'Pearl Resort Cambodia', 'Koh Rong ', 1, 6, '', 'Mr. Ruzaini Rulloda Bin Abdullah ', 'rrarico@gmail.com', 'rrarico@gmail.com, it@pearlresortcambodia.com', 'rrarico@gmail.com', '+855 78 284 949', '+855 12 201 285', '+855 12 201 285', 'http://pearlresortcambodia.com', 1, 5.0, 30, '2018-09-03', '15', '100', NULL, 2, 12, '2018-11-02 11:36:11', '2018-11-02 11:36:11', 12, 2, 4, '1970-01-01', '', '', '', 4, NULL);
INSERT INTO `eot_customer` VALUES (195, 'Mango Rain Boutique Hotel', 'No. 108 Wat Svay Village, Near Phsar Krom Market, Siem Reap River Side ', 1, 1, '17000', 'Mr. Sophy', 'gm@mangorainboutique.com', 'info@mangorainboutique.com, reservation@mangorainboutique.com', 'info@mangorainboutique.com, reservation@mangorainboutique.com', '+855 69 755 554', '+855 69 755 554', '+855 69 755 554', 'http://mangorainboutique.com', 7, 3.0, 17, '2015-09-11', NULL, '80', NULL, 3, 13, '2018-09-09 18:26:20', '2018-09-09 18:26:20', 13, 2, 4, '0000-00-00', '', '', '', 4, NULL);
INSERT INTO `eot_customer` VALUES (196, 'Indra Porak Residence', 'Betong Street, Village Vihear Chen, Sangkat Svay Dangkom,near by Pub Street', 1, 1, '17000', 'Mr. Lim Rithy', 'sales@indraporak.com', 'reservation@indraporak.com, sales@indraporak.com', 'limrithy27@yahoo.com', '+855 93 859 007', '+855 93 859 007', '+855 63 963 373', 'http://indraporak.com', 7, 3.0, 16, '2015-09-15', NULL, '50', NULL, 3, 13, '2018-09-09 18:28:28', '2018-09-09 18:28:28', 13, 2, 4, '0000-00-00', '', '', '', 4, NULL);
INSERT INTO `eot_customer` VALUES (198, 'Popular Residence Hotel ', 'Sala Kamroeuk Village, Sala Kamroeuk Commune ', 1, 1, '17000', 'Mr. Bonn', 'gm@popularresidence.com', 'gm@popularresidence.com, rdm@popularresidence.com', 'fc@popularresidence.com', '+855 81 566 377', '+855 81 566 377', '+855 16 783 425', '+855 16 783 425', 1, 4.0, 26, '2015-09-19', NULL, '100', NULL, 2, 12, '2018-10-31 09:33:07', '2018-10-31 09:33:07', 12, 2, 4, '1970-01-01', '', '', '', 4, NULL);
INSERT INTO `eot_customer` VALUES (199, 'Ladear Angkor Boutique Hotel', 'Street 27, Wat Bo Road, Phum Wat Bo, Khum Salakamroeuk', 1, 1, '17000', 'Ran Sophea', 'gm@ladearangkorhotel.com', 'reservation@ladearangkorhotel.com', 'fc@ladearangkorhotel.com, ac@ladearangkorhotel.com', '+855 12 849 190', '+855 12 849 190', '+855 63 963 070', 'http://ladearangkorhotel.com', 7, 3.0, 12, '2015-09-21', NULL, '50', NULL, 2, 12, '2018-10-31 09:24:40', '2018-10-31 09:24:40', 12, 2, 4, '1970-01-01', '', '', '', 4, NULL);
INSERT INTO `eot_customer` VALUES (200, 'Var Sunny Angkor Suite Hotel', 'National Road 6, Chong Kaosur Village', 1, 1, '17000', 'Mr. Mom Chomroeun', 'gm@varsunnyangkorsuite.com', 'gm@varsunnyangkorsuite.com', 'gm@varsunnyangkorsuite.com', '+855 17 673 609', '+855 17 673 609', '+855 69 577 599', 'http://varsunnyangkorsuite.com', 1, 3.0, 28, '2015-09-25', NULL, '155', NULL, 3, 13, '2018-09-09 18:35:04', '2018-09-09 18:35:04', 13, 2, 4, '0000-00-00', '', '', '', 4, NULL);
INSERT INTO `eot_customer` VALUES (201, 'Villa Medamrei Boutique Hotel', 'Vihear Chin Village, Svay Dangkum Commnuce', 1, 1, '17000', 'Ms.Hok Rachana', 'info@villamedamrei.com', 'info@villamedamrei.com', 'info@villamedamrei.com', '+855 12 782 316', '+855 12 782 316', '+855 63 763 636 ', 'http://villamedamrei.com', 1, 3.0, 19, '2015-10-28', NULL, '80', NULL, 3, 13, '2018-09-09 18:36:39', '2018-09-09 18:36:39', 13, 2, 4, '0000-00-00', '', '', '', 4, NULL);
INSERT INTO `eot_customer` VALUES (202, 'Panary Angkor Boutique ', 'Behind New Apsara Supermarket 200 meters on the right hand side, # 20 Road, Wat Bo Street', 1, 1, '17000', 'Seng Parob', 'info@panaryangkorboutique.com ', 'info@panaryangkorboutique.com, sokros@hotellinksolutions.com.kh', 'info@panaryangkorboutique.com ', '+855 12 920 737', '+855 12 920 737', '+855 12 920 737', 'http://panaryangkorboutique.com', 7, 3.5, 14, '2015-11-02', NULL, '50', NULL, 3, 13, '2018-09-09 18:38:19', '2018-09-09 18:38:19', 13, 2, 4, '0000-00-00', '', '', '', 4, NULL);
INSERT INTO `eot_customer` VALUES (204, 'Hostel 543', 'Wat Bo road', 1, 1, '17000', 'Mr. Chris', 'thehostel543@gmail.com', 'thehostel543@gmail.com', 'thehostel543@gmail.com', '+855 93 215 253', '+855 93 215 253', '+855 68 386 903', 'http://hostel543.com', 2, 2.0, 4, '2015-12-03', NULL, '135', NULL, 3, 13, '2018-09-09 18:41:36', '2018-09-09 18:41:36', 13, 2, 4, '0000-00-00', '', '', '', 4, NULL);
INSERT INTO `eot_customer` VALUES (205, 'Chez Moi Residence and Spa', '#Street 22, Wat Bo, Sangkat Salar Komreuk', 1, 1, '17000', 'Ms. Vann Narin', 'residence@chezmoi.asia', 'residence@chezmoi.asia', 'residence@chezmoi.asia', '+855 12 584 897', '+855 12 584 897', '+855 12 584 897', 'http://residence.chezmoi.asia', 1, 4.0, 16, '2016-01-08', NULL, '60', NULL, 3, 13, '2018-09-09 18:43:15', '2018-09-09 18:43:15', 13, 2, 4, '0000-00-00', '', '', '', 4, NULL);
INSERT INTO `eot_customer` VALUES (207, 'Tropicana Residence & Resort', 'Angkor High School Road, Phum Wat Bo, Salakamreuk', 1, 1, '17000', 'Mr. Seang Sovann', 'rm@tropicanaresidence.com', 'reservation@tropicanaresidence.com', 'rm@tropicanaresidence.com, acc@tropicanaresidence.com', '+855 12 842 349', '+855 12 842 349', '+855 63 210 600', 'http://tropicanaresidence.com ', 1, 4.0, 16, '2016-01-11', NULL, '75', NULL, 3, 13, '2018-09-09 18:46:27', '2018-09-09 18:46:27', 13, 2, 4, '0000-00-00', '', '', '', 4, NULL);
INSERT INTO `eot_customer` VALUES (208, 'Angkor Miracle Resort & Spa', 'National Road No. 6A. Khum Sra Nge (opposite of Cambodian cultural Village) Siem Reap', 1, 1, '17000', 'Mr. Daravichhay SENG ', 'em@angkormiracle.com, ee@angkormiracle.com, reservations@angkormiracle.com', 'reservations@angkormiracle.com, ee@angkormiracle.com, em@angkormiracle.com', 'acc@angkormiracle.com', '+855 87 882 244', '+855 87 882 244', '+855 63 969 900', 'http://angkormiracle.com/resort', 1, 5.0, 247, '2015-11-30', NULL, '150', NULL, 3, 13, '2018-09-09 18:48:21', '2018-09-09 18:48:21', 13, 2, 4, '0000-00-00', '', '', '', 4, NULL);
INSERT INTO `eot_customer` VALUES (209, 'Chronicle Residence And Spa', '# Road 30, 200m way from Borei Phreumprey.', 1, 1, '17000', 'Kyry Sok', 'gm@chronicleresidenceandspa.com, operation@chronicleresidenceandspa.com, info@chronicleresidenceandspa.com', 'reservation@chronicleresidenceandspa.com, operation@chronicleresidenceandspa.com, info@chronicleresidenceandspa.com', 'account@chronicleresidenceandspa.com', '+855 12 677 939', '+855 12 677 939', '+855 63 963 693', 'http://chronicleresidenceandspa.com', 1, 3.0, 22, '2015-11-27', NULL, '100', NULL, 3, 13, '2018-09-09 18:50:14', '2018-09-09 18:50:14', 13, 2, 4, '0000-00-00', '', '', '', 4, NULL);
INSERT INTO `eot_customer` VALUES (210, 'Vilada Angkor Boutique', 'Kor Kranch Village, Sangkat Siem Reap', 1, 1, '17000', 'Mr. Seng Sakada', 'gm@viladaangkorboutique.com', 'gm@viladaangkorboutique.com', 'gm@viladaangkorboutique.com', '+855 12 565 856', '+855 12 565 856', '+855 17 688 568', 'http://viladaangkorboutique.com', 1, 4.0, 7, '2015-11-03', NULL, '70', NULL, 3, 13, '2018-09-09 18:51:37', '2018-09-09 18:51:37', 13, 2, 4, '0000-00-00', '', '', '', 4, NULL);
INSERT INTO `eot_customer` VALUES (211, 'Khmere Maison d\'Angkor', '#482, BO POX 93090, City Center, National Road No.6, Wat Kesaram Street, Sangkat Svay Dangkum,', 1, 1, '17000', 'Jacky LONG ', 'jacky@khmeremaisondangkor.com', 'relations@khmeremaisondangkor.com', 'jacky@khmeremaisondangkor.com', '+855 12 660 160', '+855 12 660 160', '+855 63 766 062', 'http://khmeremaisondangkor.com', 7, 3.0, 6, '2016-11-02', NULL, '30', NULL, 3, 13, '2018-09-09 18:53:23', '2018-09-09 18:53:23', 13, 2, 4, '0000-00-00', '', '', '', 4, NULL);
INSERT INTO `eot_customer` VALUES (212, 'Bopha Pollen Hotel', ' #202, Taphul village , Svay Dangkum Commune', 1, 1, '17000', 'Mr.Pahrida Mary', 'reservation@bophapollenhotel.com, md@bophapollenhotel.com', 'md@bophapollenhotel.com, reservation@bophapollenhotel.com', 'md@bophapollenhotel.com, reservation@bophapollenhotel.com', '+855 10 965 899', '+855 10 965 899', '+855 63 965 899', 'http://bophapollenhotel.com', 1, 4.0, 29, '2019-01-17', '24', '85', NULL, 2, 12, '2019-01-22 09:13:02', '2019-01-22 09:13:02', 12, 13, 5, '1970-01-01', '', '', '', 4, '2019-01-17 00:00:00');
INSERT INTO `eot_customer` VALUES (213, 'Nagara Angkor Boutique Hotel', 'Sok San Road, Stueng Thmei Village, Svay Dangkum Commune', 1, 1, '17000', 'Mr. Sophat', 'booking@nagaraangkor-boutique.com', 'booking@nagaraangkor-boutique.com', 'account@nagaraangkor-boutique.com', '+855 70 559 536', '+855 70 559 536', '+855 63 766 082', 'http://nagaraangkor-boutique.com', 7, 3.5, 36, '2015-11-21', NULL, '150', NULL, 3, 13, '2018-09-09 18:56:45', '2018-09-09 18:56:45', 13, 2, 4, '0000-00-00', '', '', '', 4, NULL);
INSERT INTO `eot_customer` VALUES (215, 'Bunwin Plantation', 'Kakranh Village', 1, 1, '17000', 'Mr. Has Sophal', 'gm@bunwinboutique.com', 'reservation@bunwinplantation.com', 'reservation@bunwinplantation.com', '+855 17 310 229', '+855 17 310 229', '+855 17 310 229', 'http://plantation.bunwinplantation.com', 1, 3.0, 14, '2015-09-14', NULL, '55', NULL, 3, 13, '2018-09-09 19:00:09', '2018-09-09 19:00:09', 13, 2, 4, '0000-00-00', '', '', '', 4, NULL);
INSERT INTO `eot_customer` VALUES (216, 'Popular Boutique Hotel', 'Address: #033, Vihear Chin Village, Sangkat Svay Daungkum, Siem Reap City', 1, 1, '17000', 'Mrs. CHUM Thida', 'gm@popularboutiquehotel.com', 'reservation@popularboutiquehotel.com', 'reservation@popularboutiquehotel.com', '+855 17 820 187', '+855 63 963 578', '+855 17 820 187', 'http://popularboutiquehotel.com', 1, 3.0, 36, '2015-09-26', NULL, '80', NULL, 3, 13, '2018-09-09 19:17:32', '2018-09-09 19:17:32', 13, 2, 4, '0000-00-00', '', '', '', 4, NULL);
INSERT INTO `eot_customer` VALUES (220, 'The Moon Villa ', 'National Road 06,Phum Banteay Chas, Samaki Market zone', 1, 1, '17000', 'Mr.Has Sophal', 'reservation@themoonvilla.com', 'reservation@themoonvilla.com', 'reservation@themoonvilla.com', '+855 12 629 969', '+855 12 629 969', '+855 12 629 969', 'http://themoonvilla.com', 3, 3.0, 19, '2015-08-29', NULL, '55', NULL, 3, 13, '2018-09-09 19:24:16', '2018-09-09 19:24:16', 13, 2, 4, '0000-00-00', '', '', '', 4, NULL);
INSERT INTO `eot_customer` VALUES (221, 'New Riverside Hotel', 'Chunlung Village, Sala Komrak Commune ', 1, 1, '17000', 'Mr.Xing', 'reservation@newriversidehotel.com, booking@newriversidehotel.com', 'reservation@newriversidehotel.com, booking@newriversidehotel.com', 'reservation@newriversidehotel.com, booking@newriversidehotel.com', '+855 12 550 055', '+855 12 550 055', '+855 63 765 533', 'http://newriversidehotel.com', 1, 3.0, 40, '2015-08-10', NULL, '100', NULL, 3, 13, '2018-09-09 19:26:02', '2018-09-09 19:26:02', 13, 2, 4, '0000-00-00', '', '', '', 4, NULL);
INSERT INTO `eot_customer` VALUES (222, 'Lynnaya Urban River Resort & Spa', 'Street 20 Krong', 1, 1, '17000', 'Mr.Kan Chansathya', 'gm@lynnaya.com', 'reservation@lynnaya.com', 'reservation@lynnaya.com ', '+855 63 967 755', '+855 63 967 755', '+855 63 967 755', 'http://lynnaya-hotel-angkor.com', 1, 4.0, 46, '2018-08-27', NULL, '130', NULL, 3, 13, '2018-09-09 19:27:39', '2018-09-09 19:27:39', 13, 2, 4, '0000-00-00', '', '', '', 4, NULL);
INSERT INTO `eot_customer` VALUES (224, 'Mane Boutique Hotel & Spa', 'Village Salakomroeuk, Sangkat Salakomroeuk', 1, 1, '17000', 'Mr. Rath', 'ecom@maneboutiquehotel.com', 'reservations@maneboutiquehotel.com, ecom@maneboutiquehotel.com', 'gm@maneboutiquehotel.com, md@maneboutiquehotel.com, phann.vanrath@gmail.com', '+855 97 552 2222', '+855 97 552 2222', '+855 63 768 899', 'http://maneboutiquehotel.com', 7, 5.0, 18, '2015-08-16', NULL, '120', NULL, 3, 13, '2018-09-09 19:31:05', '2018-09-09 19:31:05', 13, 2, 4, '0000-00-00', '', '', '', 4, NULL);
INSERT INTO `eot_customer` VALUES (225, 'The Clay D\' Angkor', 'Sala Kanseng Village, Svay Dangkum Commune', 1, 1, '17000', 'Mr.Kham Serey Chantha', 'info@theclaydangkor.com', 'info@theclaydangkor.com', 'info@theclaydangkor.com', '+855 12 388 797', '+855 12 388 797', '+855 63 965 596', 'http://theclaydangkor.com', 7, 4.0, 6, '2015-09-14', NULL, '50', NULL, 3, 13, '2018-09-09 19:32:43', '2018-09-09 19:32:43', 13, 2, 4, '0000-00-00', '', '', '', 4, NULL);
INSERT INTO `eot_customer` VALUES (228, 'The Palm Boutique Hotel & Residence', 'No. 270,Street 63, Sangkat Tonle Bassac (Boung Keng Kong II), Khan Chamkarmorn', 1, 2, '13000', 'Mr. Bo Channa', 'gm@thepalmboutique.com', 'info@thepalmboutique.com', 'info@thepalmboutique.com', '+855 11 855 901', '+855 11 855 901', '+855 23 226 999', 'http://thepalmboutique.com', 1, 4.0, 35, '2015-08-25', NULL, '90', NULL, 3, 13, '2018-09-09 19:38:27', '2018-09-09 19:38:27', 13, 2, 4, '0000-00-00', '', '', '', 4, NULL);
INSERT INTO `eot_customer` VALUES (229, 'Le Grand Mekong Hotel ', '253-255, Sisowath Quay, Psar Kandal I District, DaunPenh Commune', 1, 2, '17000', 'Mr. Hong', 'gm@legrandmekong.com', 'gm@legrandmekong.com, info@legrandmekong.com', 'accounts@legrandmekong.com, gm@legrandmekong.com', '+855 78 591 768', '+855 78 591 768', '+855 23 220 336', 'http://legrandmekong.com', 1, 3.5, 44, '2015-07-09', NULL, '140', NULL, 2, 12, '2018-10-31 09:46:31', '2018-10-31 09:46:31', 12, 2, 4, '1970-01-01', '', '', '', 4, NULL);
INSERT INTO `eot_customer` VALUES (232, 'Harmony River Hotel', '#337, Preah Sisowath Blvd, Sangkat Chey', 1, 2, '13000', 'Mr. Vong Senvichet', 'harmonyriverhotel@yahoo.com', 'harmonyriverhotel@yahoo.com', 'harmonyriverhotel@yahoo.com', '+855 89 232 678', '+855 89 232 678', '+855 89 232 678', 'http://harmonyriverhotel.com', 1, 2.0, 17, '2015-12-02', NULL, '100', NULL, 3, 13, '2018-09-09 19:45:14', '2018-09-09 19:45:14', 13, 2, 4, '0000-00-00', '', '', '', 4, NULL);
INSERT INTO `eot_customer` VALUES (233, 'Waterview Guesthouse', 'No. 151 Eo, River front Street', 1, 2, '13000', 'Mr. Chea Saichhour', 'waterview.gh@gmail.com', 'waterview.gh@gmail.com', 'waterview.gh@gmail.com', '+855 12 717 378', '+855 12 717 378', '+855 23 215 375', 'http://waterviewguesthouse.com', 9, 2.0, 16, '2015-06-02', NULL, '100', NULL, 3, 13, '2018-09-09 19:47:37', '2018-09-09 19:47:37', 13, 2, 4, '0000-00-00', '', '', '', 4, NULL);
INSERT INTO `eot_customer` VALUES (234, 'The 1959 Boutique Villa', '#24-25, Soramrit Blvd', 1, 2, '13000', 'Sambath Morodok', 'gm@the1959.com', 'gm@the1959.com, info@the1959.com', 'gm@the1959.com', '+855 16 511 522', '+855 16 511 522', '+855 11 887 789', 'http://the1959.com', 7, 3.5, 6, '2016-03-24', NULL, '40', NULL, 3, 13, '2018-11-08 08:24:27', '2018-11-08 08:24:27', 13, 2, 4, '2018-11-05', 'Auto Deactivate', 'Sambath Morodok', '+855 11 887 789\r\n+855 16 511 522', 4, NULL);
INSERT INTO `eot_customer` VALUES (235, 'Sokea Suites Extends Stay', 'No. 168, Monireth Boulevard, Sangkat Tomnob Tek, Khan Chamkar Mon', 1, 2, '13000', 'Mr. Khemanora', 'enquiry@sokeainternational.com.kh', 'enquiry@sokeainternational.com.kh', 'kh.keiman@yahoo.fr', '+855 12 517 590', '+855 12 517 590', '+855 23 886 778', 'http://sokeasuites.com', 1, 3.0, 30, '2015-07-20', NULL, '50', NULL, 3, 13, '2018-09-09 19:52:19', '2018-09-09 19:52:19', 13, 2, 4, '0000-00-00', '', '', '', 4, NULL);
INSERT INTO `eot_customer` VALUES (237, 'The Blue Corner Boutique Hotel', 'No.37,Corner St. 63 and St.180, Sangkat Beung Rang,Khan Daun Penh, Phnom Penh', 1, 2, '13000', 'Ms.Sak Sothavy ', 'reservation@thebluecorner.asia', 'reservation@thebluecorner.asia, thavy@thebluecorner.asia', 'narong@thebluecorner.asia', '+855 12 927 092', '+855 12 927 092', '+855 23 979 888', 'http://thebluecorner.asia', 7, 4.0, 23, '2016-03-28', NULL, '70', NULL, 2, 12, '2018-10-31 09:55:06', '2018-10-31 09:55:06', 12, 2, 4, '1970-01-01', '', '', '', 4, NULL);
INSERT INTO `eot_customer` VALUES (239, 'Royal Mekong Boutique Hotel', '#17, Street 208, Sankat Beoung Reang, Khan Daun Penh', 1, 2, '13000', 'Mrs. Sokha Pech', 'info@royalmekongboutiquehotel.com', 'info@royalmekongboutiquehotel.com, royalmekong1@gmail.com, hls.booking.system.pp@gmail.com', 'info@royalmekongboutiquehotel.com, royalmekong1@gmail.com', '+855 92 835 003', '+855 92 835 003', '+855 23 988 599', 'http://royalmekongboutiquehotel.com', 1, 3.0, 24, '2014-07-24', NULL, '150', NULL, 3, 13, '2018-09-09 20:15:59', '2018-09-09 20:15:59', 13, 2, 4, '0000-00-00', '', '', '', 4, NULL);
INSERT INTO `eot_customer` VALUES (240, 'Teav Boutique Hotel', '# 14, Street 310, Boeung Keng Kang I, Khan Chamkar Mon', 1, 2, '13000', 'Ms. Kim', 'sm@teavgroup.com', 'sm@teavgroup.com, stay@teavgroup.com', 'manage@teavgroup.com, finance@teavgroup.com', '+855 77 679 999', '+855 77 679 999', '+855 23 981 818', 'http://bkk1.teavboutiquehotel.com', 7, 4.0, 12, '2014-11-01', NULL, '85', NULL, 3, 13, '2018-09-22 10:52:27', '2018-09-22 10:52:27', 13, 2, 4, '1970-01-01', '', '', '', 4, NULL);
INSERT INTO `eot_customer` VALUES (241, 'You Eng Hotel', 'Russian Federation Blvd, S/K Chorm Chao, Khan Po  Senchey', 1, 2, '13000', 'Mr. Kimly Hong', 'youenghotel@yahoo.com', 'youenghotel@yahoo.com', 'youenghotel@yahoo.com, hongkimly09@gmail.com', '+855 68 888 815', '+855 78 525 268', '+855 78 525 268', 'https://youenghotel.com', 1, 4.0, 168, '2014-11-20', NULL, '176', NULL, 2, 12, '2018-10-31 09:55:57', '2018-10-31 09:55:57', 12, 2, 4, '1970-01-01', '', '', '', 4, NULL);
INSERT INTO `eot_customer` VALUES (242, 'Omana Boutique Hotel', 'Street 9, Phnom Penh 4139', 1, 2, '13000', 'Mr. TOEM PUNLORK', 'hello@hotel-omana.com', 'hello@hotel-omana.com', 'hello@hotel-omana.com', '+855 70 904 482', '+855 70 904 482', '+855 12 430 833', 'http://hotel-omana.com', 1, 4.0, 13, '2018-06-15', NULL, '130', NULL, 3, 13, '2019-02-05 08:56:35', '2019-02-05 08:56:35', 13, 2, 4, '2019-02-04', 'They have to renovate the whole building as our electricity and water supply issue', 'Omana Hotel Owner', 'Phone:   +855 12 430 833/ 23 676 3001\r\nEmail:      hello@hotel-omana.com', 4, '1970-01-01 00:00:00');
INSERT INTO `eot_customer` VALUES (244, 'The Little Garden Villa', '#8A, Street 398, Boeung Keng Kong I', 1, 2, '13000', 'Mr. Peou Sari', 'info@littlegarden.asia ', 'info@littlegarden.asia, hls.booking.system.pp@gmail.com', 'info@littlegarden.asia ', '+855 23 217 871', '+855 23 217 871', '+855 23 217 871', 'http://thelittlegarden.asia', 3, 3.0, 10, '2014-12-01', NULL, '121.5', NULL, 3, 13, '2018-09-09 20:27:24', '2018-09-09 20:27:24', 13, 2, 4, '0000-00-00', '', '', '', 4, NULL);
INSERT INTO `eot_customer` VALUES (245, 'La Rose Boutique Hotel and Spa', '#164B, Norodom Blvd', 1, 2, '13000', 'Mr. Vothyrith Om', 'relax@larose.com.kh', 'relax@larose.com.kh, hls.booking.system.pp@gmail.com', 'accountant@larose.com.kh', '+855 23 211 130', '+855 23 211 130', '+855 23 211 130', 'http://larose.com.kh/home.php', 7, 4.0, 10, '2014-11-03', NULL, '40', NULL, 2, 12, '2018-10-31 09:58:06', '2018-10-31 09:58:06', 12, 2, 4, '1970-01-01', '', '', '', 4, NULL);
INSERT INTO `eot_customer` VALUES (246, 'Samnang Laor Hotel', 'No 130, Street 304 & Conner 163, Sangkat Olympic, Khan Chamkamon, Phnom Penh Cambodia. ', 1, 2, '13000', 'Ms. Chea Dimong', 'gm@samnanglaorhotel.com', 'reservation@samnanglaorhotel.com, gm@samnanglaorhotel.com', 'account@samnanglaorhotel.com', '+855 87 838 326', '+855 87 838 326', '+855 61 838 326', 'http://samnanglaorhotel.com', 1, 3.5, 81, '2018-05-08', NULL, '80', NULL, 3, 13, '2019-05-29 09:36:27', '2019-05-29 09:36:27', 13, 2, 4, '1970-01-01', '', '', '', 4, '1970-01-01 00:00:00');
INSERT INTO `eot_customer` VALUES (247, 'Indochine 2 Hotel', 'No. 28-30, Street 130, Phsar Kandal I, Daun Penh, Phnom Penh, Cambodia.', 1, 1, '13000', 'Ms. Sivly Lim', 'lim.sivly@indochine2hotel.com', 'reservation@indochine2hotel.com, hls.booking.system.pp@gmail.com', 'lim.sivly@indochine2hotel.com', '+855 23 211 787', '+855 23 211 787', '+855 23 211 525', 'http://indochine2hotel.com', 1, 2.0, 30, '2014-12-01', NULL, '85', NULL, 3, 13, '2018-09-09 20:44:26', '2018-09-09 20:44:26', 13, 2, 4, '0000-00-00', '', '', '', 4, NULL);
INSERT INTO `eot_customer` VALUES (249, 'Starry Angkor Hotel', 'No. G4, National Road 6, Banteay Chas Village, Sangkat Slorkram', 1, 1, '17000', 'Ms. Seng Sinn', 'asst.sales@starryangkorhotel.com', 'asst.sales@starryangkorhotel.com', 'asst.sales@starryangkorhotel.com', '+855 63 968 123', '+855 63 968 123', '+855 63 968 124', 'http://starryangkorhotel.com', 1, 4.0, 127, '2016-02-16', NULL, '35', NULL, 3, 13, '2018-09-22 09:16:56', '2018-09-22 09:16:56', 13, 2, 4, '0000-00-00', '', '', '', 4, NULL);
INSERT INTO `eot_customer` VALUES (250, 'Steung Siemreap Thmey Hotel', 'Street 9, Khum Svaydangkum, Old Market Area', 1, 1, '17000', 'Mr. Veasoth', 'sales@steungsiemreapthmeyhotel.com', 'resv@steungsiemreapthmeyhotel.com', 'account@steungsiemreapthmeyhotel.com', '+855 63 965 167', '+855 12 249 249', '+855 63 965 167', 'http://steungsiemreapthmeyhotel.com', 1, 4.0, 76, '2015-10-20', NULL, '185', NULL, 3, 12, '2018-10-31 10:03:46', '2018-10-31 10:03:46', 12, 2, 4, '1970-01-01', '', '', '', 4, NULL);
INSERT INTO `eot_customer` VALUES (251, 'Suon Angkor Boutique', '#211 Phum Watbo ,Sala Kamreuork, Siem Reap', 1, 1, '', 'Mr. KEO PHAL', 'Phalkeo783@gmail.com', 'Phalkeo783@gmail.com', 'Phalkeo783@gmail.com', '+855 10 277 389', '+855 10 277 389', '', 'http://suonangkorboutique.com', 4, 4.0, 27, '2019-03-18', NULL, '60', NULL, 2, 12, '2019-03-21 08:33:08', '2019-03-21 08:33:08', 12, 13, 5, '1970-01-01', '', '', '', 4, '2019-03-20 00:00:00');
INSERT INTO `eot_customer` VALUES (252, 'Ta Tai Hotel Resort & Marina', 'Dong village, Ta tai commune, Unlongback District', 1, 7, '13000', 'Mr. Piseth Dath', 'piseth.dath@tatairesort.com, info@tatairesort.com', 'piseth.dath@tatairesort.com, info@tatairesort.com', 'piseth.dath@tatairesort.com, info@tatairesort.com', '+855 92 885 115', '+855 92 885 115', '+855 15 885 115', 'http://tatai-hotel.com', 1, 4.0, 53, '2017-04-19', NULL, '180', NULL, 3, 13, '2018-10-31 13:53:13', '2018-10-31 13:53:13', 13, 2, 4, '1970-01-01', '', '', '', 4, NULL);
INSERT INTO `eot_customer` VALUES (253, 'Taingleap Angkor Villa', 'Centrally located area. Taphul Street,Siem Reap City', 1, 1, '17000', 'Mr Thim Sin', 'info@taingleapangkorvilla.com', 'reservation@taingleapangkorvilla.com, info@taingleapangkorvilla.com', 'info@taingleapangkorvilla.com', '+855 78 731 861', '+855 78 731 861', '+855 63 965 589', 'http://taingleapangkorvilla.com', 1, 3.0, 24, '2014-03-14', NULL, '100', NULL, 3, 13, '2018-09-22 09:40:24', '2018-09-22 09:40:24', 13, 2, 4, '0000-00-00', '', '', '', 4, NULL);
INSERT INTO `eot_customer` VALUES (254, 'Tanei Boutique Villa', '#017, Steung Thmey Village, Svay Dangkom', 1, 1, '17000', 'Mr. Lao Sokun', 'lao_sukun007@yahoo.com', 'lao_sukun007@yahoo.com, info@taneiboutiquevilla.com', 'lao_sukun007@yahoo.com', '+855 12 757 867', '+855 12 757 867', '+855 97 746 8787', 'http://taneiboutiquevilla.com', 1, 3.0, 28, '2015-03-25', NULL, '65', NULL, 3, 13, '2018-09-22 09:52:42', '2018-09-22 09:52:42', 13, 2, 4, '0000-00-00', '', '', '', 4, NULL);
INSERT INTO `eot_customer` VALUES (255, 'Tareach Angkor Villa', 'Group 14, #781, Vihear Chin Village,  Svaydongkum Commune', 1, 1, '17000', 'Sony Lam', 'sony@tareachangkorvilla.com', 'sony@tareachangkorvilla.com', 'sony@tareachangkorvilla.com', '+855 12 771 726', '+855 12 771 726', '+855 12 771 726', 'http://tareachangkorvilla.com', 3, 1.0, 14, '2015-02-05', NULL, '45', NULL, 3, 13, '2019-05-29 09:35:21', '2019-05-29 09:35:21', 13, 2, 4, '1970-01-01', '', '', '', 4, '1970-01-01 00:00:00');
INSERT INTO `eot_customer` VALUES (256, 'Teav Bassac Boutique Hotel', '#30, Street 09, Tonel Bassac, Khan Chamkamon', 1, 2, '13000', 'Ms. Kim Lang', 'sm@teavgroup.com', 'sm@teavgroup.com, sales@teavgroup.com, staybassac@teavgroup.com, manager@teavgroup.com', 'manager@teavgroup.com, finance@teavgroup.com', '+855 23 982 828', '+855 23 982 828', '+855 23 982 828', 'http://teavbassachotel.com', 7, 4.0, 25, '2016-10-26', NULL, '100', NULL, 3, 12, '2018-10-31 10:25:15', '2018-10-31 10:25:15', 12, 2, 4, '1970-01-01', '', '', '', 4, NULL);
INSERT INTO `eot_customer` VALUES (257, 'Tep Sodachan Villa Boutique', '# 456, Group 7, Khnar Village  Chreave Commune', 1, 1, '17000', 'Ly  Kim Hua', 'angkorkimhua@yahoo.com', 'angkorkimhua@yahoo.com', 'angkorkimhua@yahoo.com', '+855 77 466 082', '+855 77 466 082', '', 'http://tepsodachan.com', 1, 3.0, 28, '2015-02-19', NULL, '70', NULL, 3, 12, '2018-10-31 10:26:14', '2018-10-31 10:26:14', 12, 2, 4, '1970-01-01', '', '', '', 4, NULL);
INSERT INTO `eot_customer` VALUES (259, 'TravellerHome Angkor', 'Steng Thmei, Svaydongkum', 1, 1, '17252', 'Mr. Van narin', 'gm@travellerhomeangkor.com', 'info@travellerhomeangkor.com', 'gm@travellerhomeangkor.com', '', '+855 11 684 262', '+855 11 684 262', 'http://travellerhomeangkor.com', 1, 4.0, 34, '2016-09-23', NULL, '', NULL, 3, 12, '2019-05-31 08:48:30', '2019-05-31 08:48:30', 12, 2, 5, '2019-05-31', 'They want to save budget for low season', 'Mr. Sopheann', '098 93 2 662 ', 5, '1970-01-01 00:00:00');
INSERT INTO `eot_customer` VALUES (260, 'Le Mont Hotel', 'No. 196 St. 143 corner 304, Sangkat Boeng Keng Kang 2, Chamkarmon', 1, 2, '', 'Ms. Jennifer', 'gm@lemonthotel.com', 'reservation@lemonthotel.com, gm@lemonthotel.com, duyen@whl.travel', 'gm@lemonthotel.com', '', '+855 16 834 207', '+855 16 834 207', 'http://lemonthotel.com', 1, 4.0, 98, '2017-12-21', NULL, '', NULL, 2, 12, '2018-11-01 14:01:45', '2018-11-01 14:01:45', 12, 2, 5, '1970-01-01', '', '', '', 4, NULL);
INSERT INTO `eot_customer` VALUES (261, 'Our Joint Hotel & Guesthouse', ' #142, Psar Krom Street', 1, 1, '', 'Front Office', 'booking@ourjointhotel.com', 'booking@ourjointhotel.com', 'booking@ourjointhotel.com', '', '+855 96 557 4054', '+855 63 964 868', 'http://ourjointhotel.com', 1, 3.0, 26, '2017-11-14', NULL, '', NULL, 2, 12, '2018-11-01 14:03:19', '2018-11-01 14:03:19', 12, 2, 5, '1970-01-01', '', '', '', 4, NULL);
INSERT INTO `eot_customer` VALUES (262, 'Reaksmey Chanreas Hotel ', '#330 Sivutha Blvd', 1, 1, '', 'Mr. Oem Komsorth', 'info@reaksmeychanreashotel.com', 'reservation@reaksmeychanreashotel.com', 'info@reaksmeychanreashotel.com', '', '+855 12 849 967', '+855 63 963 557', 'http://reaksmeychanreashotel.com', 1, 3.0, 44, '2015-10-23', NULL, '', NULL, 2, 12, '2018-11-01 14:05:26', '2018-11-01 14:05:26', 12, 2, 4, '1970-01-01', '', '', '', 4, NULL);
INSERT INTO `eot_customer` VALUES (263, 'Le Chanthou Boutique', 'Bakheng Road, Svay Dangkum, Siem Reap', 1, 1, '17254', 'Mr.  Sous Phearith', 'info@lechanthou.com', 'info@lechanthou.com', 'info@lechanthou.com', '', '+855 63 766 417', '+855 69 518 088', 'http://lechanthouboutique.com', 7, 4.0, 15, '2016-11-28', NULL, '', NULL, 2, 12, '2018-11-01 14:06:20', '2018-11-01 14:06:20', 12, 2, 5, '1970-01-01', '', '', '', 4, NULL);
INSERT INTO `eot_customer` VALUES (264, 'Oops Hostel', 'No. B01 Sivutha Blvd, Modul I Village, Siem Reap, Cambodia.', 1, 1, '17252', 'Mr. Sem Sen Visit Veasna', 'info@oopshostel.com, reservation@oopshostel.com, fb@oopshostel.com', 'info@oopshostel.com, reservation@oopshostel.com, fb@oopshostel.com', 'info@oopshostel.com, reservation@oopshostel.com, fb@oopshostel.com', '', '+855 63 640 3809', '+855 99 926 999', 'http://oopshostel.com', 2, 2.0, 70, '2017-09-05', NULL, '', NULL, 2, 12, '2018-11-01 14:08:03', '2018-11-01 14:08:03', 12, 2, 5, '1970-01-01', '', '', '', 4, NULL);
INSERT INTO `eot_customer` VALUES (265, 'The Villa by Metta', 'Salakamreuk, Siem Reap', 1, 1, '17253', 'Mr. Rady Chum', 'info@mettavilla.com', 'info@mettavilla.com', 'info@mettavilla.com', '', '+855 92 508 545', '+855 81 333 328', 'http://mettavilla.com/html', 3, 5.0, 4, '2017-10-26', NULL, '', NULL, 2, 12, '2019-07-11 08:39:11', '2019-07-11 08:39:11', 12, 19, 4, '1970-01-01', '', '', '', 4, '1970-01-01 00:00:00');
INSERT INTO `eot_customer` VALUES (266, 'Shadow Angkor Villa', 'Wat Bo Street , Opposite Wat Preah Prom Rath Pagoda', 1, 1, '1710', 'So Visal', 'info@shadowangkorvilla.com', 'reservation@shadowangkorvilla.com', 'info@shadowangkorvilla.com', '', '+855 63 760 363', '+855 17 243 2280', 'https://shadowangkorvilla.com', 3, 3.0, 20, '2017-01-10', '27', '', NULL, 2, 12, '2019-04-18 11:41:39', '2019-04-18 11:41:39', 12, 2, 5, '1970-01-01', '', '', '', 4, '1970-01-01 00:00:00');
INSERT INTO `eot_customer` VALUES (267, 'Orussey One Hotel & Apartment', 'No 14, St 111, Corner 198, Sangkat Boeung Prolit, Khan 7Makara', 1, 2, '', 'Mr. Kong Sophea', 'booking@orussey1.com, gm@orussey1.com', 'booking@orussey1.com, gm@orussey1.com, bunchea@orussey1.com', 'gm@orussey1.com, bunchea@orussey1.com, booking@orussey1.com', '', '+855 70 200 519', '+855 89 616 908', 'http://orussey1.com', 1, 4.0, 63, '2018-01-17', NULL, '', NULL, 2, 12, '2018-11-01 14:10:54', '2018-11-01 14:10:54', 12, 2, 4, '1970-01-01', '', '', '', 4, NULL);
INSERT INTO `eot_customer` VALUES (268, 'The Third Fold Hotel ', 'Krom 6, Phoum Sala Kanseng, Sangkat Svay Dangkum, Siem Reap, Cambodia', 1, 1, '', 'Mr. Song Vichay', 'vichaysong@gmail.com', 'vichaysong@gmail.com', 'vichaysong@gmail.com', '+855 12 278 273', '+855 12 278 273', '+855 12 278 273', 'http://thethirdfold.com', 1, 3.5, 24, '2018-10-22', NULL, '', NULL, 2, 12, '2018-10-31 09:09:57', '2018-10-31 09:09:57', 12, 14, 5, '1970-01-01', '', '', '', 4, NULL);
INSERT INTO `eot_customer` VALUES (269, 'SNOOZE Capsule', 'No. 025, Sivutha Blvd, Mondul I Village, Svaydangkum Cummune (In front of Vattanac Bank)', 1, 1, '', 'Suprabha', 'info@snoozepodhostel.com ', 'info@snoozepodhostel.com, dgranger@independentpropertyservices.com, nara@ips-cambodia.com', 'info@snoozepodhostel.com ', '', '+855 78 937 329', '+855 63 969 929', 'http://oasiscapsules.com', 2, 2.0, 14, '2016-06-15', NULL, '', NULL, 2, 12, '2018-11-20 11:10:14', '2018-11-20 11:10:14', 12, 2, 4, '1970-01-01', '', '', '', 4, NULL);
INSERT INTO `eot_customer` VALUES (270, 'Damnak Villa Boutique', 'Old Market Area, Wat Damnak Village, Salakomreuk Commune', 1, 1, '', 'Mr. Sok Piseth', 'info@moonflowersiemreap.com', 'info@moonflowersiemreap.com', 'info@moonflowersiemreap.com', '', '+855 92 686 961', '+855 77 979 711', 'https://damnakvillaboutique.com', 1, 3.0, 8, '2018-07-09', NULL, '', NULL, 2, 12, '2018-11-01 14:16:23', '2018-11-01 14:16:23', 12, 2, 4, '1970-01-01', '', '', '', 4, NULL);
INSERT INTO `eot_customer` VALUES (271, 'Udaya Residence', '#125, Sala Komroeuk Village, Sala Komroeuk Commune,', 1, 1, '', 'Mr. Son kompheak', 'ecom@udayaresidence.com', 'ecom@udayaresidence.com, info@udayaresidence.com', 'reservation@udayaresidence.com, fn@udayaresidence.com', '', '+855 78 764 111', '+855 63 764 111', 'http://udayaresidence.com', 7, 4.0, 22, '2016-09-13', NULL, '', NULL, 2, 12, '2018-11-01 14:18:32', '2018-11-01 14:18:32', 12, 2, 5, '1970-01-01', '', '', '', 4, NULL);
INSERT INTO `eot_customer` VALUES (274, 'Boreirum Terkchou', 'Teuk Chhou Road, Krong Kampot, Kampot Province, Cambodia', 1, 7, '', 'Mrs. Sreynet Muong ', 'boreirumthmordaresortkampot168@gmail.com', 'boreirumthmordaresortkampot168@gmail.com', 'boreirumthmordaresortkampot168@gmail.com', '+855 15 360 540', '+855 15 360 540', '086750280', 'http://boreirum.com', 1, 3.5, 23, '2018-10-15', '19', '120', NULL, 2, 12, '2019-07-11 08:39:35', '2019-07-11 08:39:35', 12, 19, 4, '1970-01-01', '', '', '', 4, '1970-01-01 00:00:00');
INSERT INTO `eot_customer` VALUES (275, 'Sovan Mealea Hotel', 'Loktaneuy St, Watbo Village, Salakamreuk', 1, 1, '17252', 'Mr. Boyd', 'sales@sovanmealeahotel.com', 'sales@sovanmealeahotel.com', 'sales@sovanmealeahotel.com', '+855 15 596 468', '+855 15 596 468', '+855 63 967 768', 'http://sovanmealeahotel.com', 1, 4.0, 42, '2015-12-12', NULL, '135', NULL, 2, 12, '2018-11-01 14:20:45', '2018-11-01 14:20:45', 12, 2, 4, '1970-01-01', '', '', '', 4, NULL);
INSERT INTO `eot_customer` VALUES (277, 'Makk Hotel', 'Sovansakor District, Kampot City, Kampot', 1, 7, '', 'Mr. Jimmy', 'info@makkhotel.com', 'info@makkhotel.com', 'info@makkhotel.com', '+855 69 370 000', '+855 86 375 375', '', 'http://makkhotel.com', 1, 3.0, 6, '2016-03-16', NULL, '100', NULL, 2, 12, '2018-11-01 14:28:15', '2018-11-01 14:28:15', 12, 2, 4, '1970-01-01', '', '', '', 4, NULL);
INSERT INTO `eot_customer` VALUES (278, 'Try Palace Resort', 'Phum Thmey, Sangkat Prey Thom', 1, 8, '', 'Try Palace Resort & Spa', 'it@trypalaceresort.com', 'info@trypalaceresort.com', 'it@trypalaceresort.com', '+855 17 325 352', '+855 36 210 317', '', 'http://trypalaceresort.com', 6, 5.0, 12, '2016-05-16', NULL, '100', NULL, 2, 12, '2018-11-01 14:30:20', '2018-11-01 14:30:20', 12, 2, 4, '1970-01-01', '', '', '', 4, NULL);
INSERT INTO `eot_customer` VALUES (279, 'Long Beach Resort Koh Rong', 'Sok San Village, Koh Rong (Island), Krong Phres SihanoukVille', 1, 6, '', 'Mr. Rin Sophearith', 'info@longbeachresortkohrong.com', 'reservations@longbeachresortkohrong.com  ', 'info@longbeachresortkohrong.com', '+855 78 810 009', '+855 78 810 009', '', 'http://longbeachresortkohrong.com', 6, 5.0, 6, '2018-08-07', NULL, '80', NULL, 2, 12, '2018-11-01 14:33:38', '2018-11-01 14:33:38', 12, 2, 4, '1970-01-01', '', '', '', 4, NULL);
INSERT INTO `eot_customer` VALUES (280, 'The Pipes Resort', 'Koh Rong Sanleom', 1, 6, '', 'Mr.Sivantha', 'md@thepipesresort.com', 'md@thepipesresort.com, booking@thepipesresort.com, gm@thepipesresort.com', 'booking@thepipesresort.com', '+855 12 896 111', '+855 12 896 111', '', 'http://thepipesresort.com', 6, 4.0, 12, '2016-12-16', NULL, '90', NULL, 2, 12, '2018-11-01 14:34:33', '2018-11-01 14:34:33', 12, 2, 4, '1970-01-01', '', '', '', 4, NULL);
INSERT INTO `eot_customer` VALUES (281, 'vKirirom Pine Resort', 'Preah Soramarith-Kosamak National Park', 1, 2, 'Kam Pong Speu', 'CHEN Samphea (Mr.)', 'info@vkirirom.com', 'reservation@asiato.asia, info@vkirirom.com', 'sreymom@asiato.asia, vanny@asiato.asia', '+855 78 777 284', '+855 78 777 284', '', 'http://vkirirom.com', 1, 4.0, 29, '2015-01-23', NULL, '70', NULL, 2, 12, '2018-11-01 14:36:03', '2018-11-01 14:36:03', 12, 2, 4, '1970-01-01', '', '', '', 4, NULL);
INSERT INTO `eot_customer` VALUES (282, 'Lux Riverside Hotel & Apartment', 'No.2,4,6, Street 136, Sangkat Phsar kandal Khan Daun Penh', 1, 2, '', 'Ms. Nhek Srey Mom', ' sales@luxriversidehotels.com', 'reservations@luxriversidehotels.com', 'doungrathananhek@yahoo.com, reservations@luxriversidehotels.com', '+855 88 888 0968', '+855 88 888 0968', '+855 23 722 828', 'http://luxriversidehotels.com', 1, 4.0, 102, '2015-03-20', NULL, '84', NULL, 2, 12, '2018-11-01 14:42:17', '2018-11-01 14:42:17', 12, 2, 4, '1970-01-01', '', '', '', 4, NULL);
INSERT INTO `eot_customer` VALUES (283, 'Manor House Boutique Hotel', '#21, St. 262, Daun Penh ', 1, 2, '', 'Mr. Kara', 'info@manorhousecambodia.com', 'info@manorhousecambodia.com', 'info@manorhousecambodia.com', '+855 17 802 922', '+855 17 802 922', '+855 92 230 130', 'http://manorhousecambodia.com', 1, 3.5, 13, '2018-03-28', NULL, '124', NULL, 2, 12, '2019-01-28 10:49:09', '2019-01-28 10:49:09', 12, 2, 4, '1970-01-01', '', '', '', 4, '1970-01-01 00:00:00');
INSERT INTO `eot_customer` VALUES (284, 'Le Cocon Boutique Hotel', '#29, Street. 334, BKK I, Chamkamon, Phnom Penh', 1, 2, '', 'Mr. Lak sokchan', 'sales@lecoconboutiquehotel.com', 'info@lecoconboutiquehotel.com', 'sales@lecoconboutiquehotel.com', ' +855 17 565 959', ' +855 17 565 959', '+855 23 986 668', 'http://lecoconboutiquehotel.com', 1, 4.0, 21, '2017-08-03', NULL, '100', NULL, 2, 12, '2018-11-01 14:46:55', '2018-11-01 14:46:55', 12, 2, 4, '1970-01-01', '', '', '', 4, NULL);
INSERT INTO `eot_customer` VALUES (285, 'Sokkhak Boutique Resort', 'Kok Chork Village, Trorpeang Ses Commune, Wat Thmey', 1, 1, '', 'Mr. Sok Chesda', 'contact@sokkhak-boutiqueresort.com, om@sokkhak-boutiqueresort.com', 'contact@sokkhak-boutiqueresort.com, fm@chanreytreecoltd.com, om@sokkhak-boutiqueresort.com', 'contact@sokkhak-boutiqueresort.com', '+855 12 315 178', '+855 77 765 697', '', 'http://sokkhak-boutiqueresort.com', 1, 5.0, 12, '2014-12-25', NULL, '50', NULL, 2, 12, '2018-11-01 14:47:42', '2018-11-01 14:47:42', 12, 2, 4, '1970-01-01', '', '', '', 4, NULL);
INSERT INTO `eot_customer` VALUES (286, 'Shadow Angkor Residence', 'No 353, Pokambor AVE, on the river side, near Old Market', 1, 1, '', 'Mr. Nareth', 'info@shadowangkorresidence.com', 'info@shadowangkorresidence.com', 'info@shadowangkorresidence.com', '+855 92 334 384', '+855 92 334 384', '', 'http://shadowangkorresidence.com', 1, 4.0, 9, '2016-04-07', NULL, '50', NULL, 3, 13, '2018-11-07 08:36:51', '2018-11-07 08:36:51', 13, 2, 4, '2018-11-02', 'Owner wants Stop using our solutions', 'Nareth', '063 964 774 \r\n066 456 355', 4, NULL);
INSERT INTO `eot_customer` VALUES (287, 'The Golden Gecko Villa', '20th Street off Wat Bo Road', 1, 1, '', 'Keith Berry', 'info@thegoldengeckovilla.com', 'info@thegoldengeckovilla.com', 'info@thegoldengeckovilla.com', '+855 69 641 082', '+855 69 641 082', '', 'https://thegoldengeckovilla.com', 3, 3.0, 13, '2016-06-06', NULL, '195', NULL, 2, 12, '2018-11-01 14:32:36', '2018-11-01 14:32:36', 12, 2, 4, '1970-01-01', '', '', '', 4, NULL);
INSERT INTO `eot_customer` VALUES (288, 'La Rose Blanche Boutique', 'Wat Bo Road, Banteay Chas, Slorkram Commune', 1, 1, '', 'Mr. Ran Samrah', 'reservation@laroseblancheboutique.com', 'reservation@laroseblancheboutique.com', 'reservation@laroseblancheboutique.com', '+855 12 819 449', '+855 93 800 499', '', 'http://laroseblancheboutique.com', 1, 4.0, 12, '2016-06-24', NULL, '70', NULL, 2, 12, '2018-11-01 14:50:29', '2018-11-01 14:50:29', 12, 2, 4, '1970-01-01', '', '', '', 4, NULL);
INSERT INTO `eot_customer` VALUES (289, 'Metta Residence & Spa', 'Phum Salakamreuk, Sangkat Salakamreuk', 1, 1, '', 'Mr. Lay Sok Meng', 'info@mettaresidence.com', 'info@mettaresidence.com', 'fc@mettaresidence.com', '+855 69 228 228', '+855 63 766 388', '+855 69 228 228', 'http://mettaresidence.com', 1, 5.0, 34, '2016-12-13', NULL, '80', NULL, 2, 12, '2018-11-01 14:50:59', '2018-11-01 14:50:59', 12, 2, 4, '1970-01-01', '', '', '', 4, NULL);
INSERT INTO `eot_customer` VALUES (290, 'Monthara Angkor Residence', '# 208, Taphoul Road, Taphoul Village', 1, 1, '', 'Mr. Bunpheng', 'info@montharaangkor.com', 'info@montharaangkor.com', 'info@montharaangkor.com', '+855 15 877 766', '+855 15 877 766', '', 'http://montharaangkor.com', 1, 4.0, 11, '2017-01-17', NULL, '50', NULL, 3, 13, '2019-01-15 09:22:26', '2019-01-15 09:22:26', 13, 2, 4, '1970-01-01', '', '', '', 4, '1970-01-01 00:00:00');
INSERT INTO `eot_customer` VALUES (291, 'The Seda Villa', 'Vat Damnak Village, Sala Kamroeuk Commune', 1, 1, '', 'Mr. Sam Sopheap', 'info@sedavilla.com', 'info@sedavilla.com, reservation@sedavilla.com', 'info@sedavilla.com', '+855 89 816 888', '+855 89 816 888', '', 'http://sedavilla.com', 3, 3.0, 11, '2017-05-09', NULL, '45', NULL, 3, 13, '2018-11-27 11:09:03', '2018-11-27 11:09:03', 13, 2, 4, '2018-11-27', 'They Sell Property', 'Mr. Sam Sopheap', '+855 89 816 888', 4, NULL);
INSERT INTO `eot_customer` VALUES (292, 'Rithy Rine Angkor Residence', 'City Center, Sok San Road, Old French Quarter, Siem Reap', 1, 1, '', 'Mr. Seab Sonan', 'info@rithyrineangkorresidence.com', 'res@rithyrineangkorresidence.com', 'acc@rithyrineangkorresidence.com', '+855 12 302 655', '+855 12 302 655', '+855 93 577 756', 'http://rithyrineangkorresidence.com', 1, 3.0, 28, '2017-09-05', NULL, '45', NULL, 2, 12, '2018-11-01 14:55:56', '2018-11-01 14:55:56', 12, 2, 4, '1970-01-01', '', '', '', 4, NULL);
INSERT INTO `eot_customer` VALUES (293, 'Vihara Residence', 'Aleah Road, Phum Wat Bo, Khum Salakamroeuk', 1, 1, '', 'Mr. Samoeun', 'gm@vihararesidence.com', 'reservation@vihararesidence.com', 'gm@vihararesidence.com', '+855 98 777 771', '+855 98 777 771', '', 'http://vihararesidence.com', 1, 4.0, 15, '2017-10-19', NULL, '50', NULL, 2, 12, '2018-11-01 14:57:17', '2018-11-01 14:57:17', 12, 2, 4, '1970-01-01', '', '', '', 4, NULL);
INSERT INTO `eot_customer` VALUES (294, 'The Night Hotel', 'Sok San Road, Stueng Thmei Village, Svay Dangkum Commune', 1, 1, '', 'Mr. Long Vansak', 'thenightboutique@gmail.com', 'thenightboutique@gmail.com', 'thenightboutique@gmail.com', '+855 10 556 191', '+855 63 762 762', '+855 10 556 191', 'http://thenight-hotel.com', 1, 4.0, 25, '2017-11-10', NULL, '70', NULL, 2, 12, '2018-11-01 14:57:51', '2018-11-01 14:57:51', 12, 2, 4, '1970-01-01', '', '', '', 4, NULL);
INSERT INTO `eot_customer` VALUES (295, 'SiZen Retreat & Spa', 'Wat Bo road, Slorkarm Commune', 1, 1, '', 'Ms. Vann Narin', 'info@sizen-retreat.com', '', '', '', '', '', '', 1, 3.5, 20, '2017-11-10', NULL, '60', NULL, 3, 12, '2019-06-14 09:09:51', '2019-06-14 09:09:51', 12, 2, 4, '2019-06-13', 'They want to save budget for low season ', 'Ms. Narin', '098 958 387', 4, '1970-01-01 00:00:00');
INSERT INTO `eot_customer` VALUES (296, 'The Villa Sok San Square', '456, Sok San Road, Khum Svay Dangkum', 1, 1, '', 'Mr. Sous Phearith', 'info@thevillasoksansquare.com', 'info@thevillasoksansquare.com', 'info@thevillasoksansquare.com, hy.rady@thevillasoksansquare.com', '+855 77 777 356', '+855 77 777 356', '+855 63 768 877', 'http://thevillasoksansquare.com', 1, 3.0, 27, '2018-02-01', NULL, '60', NULL, 3, 13, '2019-05-29 09:40:20', '2019-05-29 09:40:20', 13, 2, 4, '1970-01-01', '', '', '', 4, '1970-01-01 00:00:00');
INSERT INTO `eot_customer` VALUES (297, 'Okay1 Villa', 'No. 0325 Tapul, Sangkat Svay Dangkum', 1, 1, '', 'Mr. Sin Senghong', 'senghongsinn@gmail.com', 'senghongsinn@gmail.com', 'senghongsinn@gmail.com', '+855 77 519 967', '+855 77 519 967', '+855 63 966 444', 'http://okay1villa.com/home.aspx', 3, 3.5, 50, '2018-03-02', NULL, '80', NULL, 3, 13, '2019-05-29 09:34:23', '2019-05-29 09:34:23', 13, 2, 4, '1970-01-01', '', '', '', 4, '1970-01-01 00:00:00');
INSERT INTO `eot_customer` VALUES (298, 'Maison Model D\'Angkor', 'No. 482, City center, National Road No.6, Wat Kesararam Street, Group 17, Phum Taphul, Sangkat Svay Dangkum, Siem Reap City, Cambodia.', 1, 1, '', 'Mrs.Kong Sophea ', ' res@maisonmodeldangkor.com', ' res@maisonmodeldangkor.com', ' res@maisonmodeldangkor.com', '+855 70 715 712', '+855 70 715 712', '', 'http://maisonmodeldangkor.com', 1, 2.0, 4, '2018-08-22', NULL, '40', NULL, 3, 13, '2019-01-15 09:29:34', '2019-01-15 09:29:34', 13, 2, 4, '1970-01-01', '', '', '', 4, '1970-01-01 00:00:00');
INSERT INTO `eot_customer` VALUES (299, 'Smiling Deluxe Hotel', 'No. 6, Chong Kaosou Village, Sangkat Slor Kram', 1, 1, '', 'Mr. Sengtry NOL', 'info@smilingdeluxehotel.com', 'info@smilingdeluxehotel.com', 'info@smilingdeluxehotel.com', '+855 17 295 283', '+855 17 295 283', '+855 63 763 838', 'http://smiling-hotel.com', 1, 4.0, 36, '2018-09-07', NULL, '130', NULL, 3, 13, '2019-02-05 08:50:35', '2019-02-05 08:50:35', 13, 14, 4, '2019-02-04', 'Smiling Deluxe Hotel is going to close expense budget soon', 'SENGTRY', '0964817070', 4, '1970-01-01 00:00:00');
INSERT INTO `eot_customer` VALUES (300, 'Sea Breeze Resort', 'St. Otres Beach, Village 6, Commune 4', 1, 6, '', 'Ms. Nataliia Shuba', 'reservation@seabreeze-sihanoukville.com', 'reservation@seabreeze-sihanoukville.com', 'gm@seabreeze-sihanoukville.com', '+855 15 899 796', '+855 15 899 796', '', 'https://seabreeze-sihanoukville.com', 1, 3.0, 18, '2015-02-07', NULL, '50', NULL, 2, 12, '2018-11-01 15:11:35', '2018-11-01 15:11:35', 12, 2, 4, '1970-01-01', '', '', '', 4, NULL);
INSERT INTO `eot_customer` VALUES (301, 'Sabara Angkor Resort & Spa', 'Sfpda Rd, Krong Siem Reap', 1, 1, '', 'Mr. chamnan En', 'gm@sabaraangkorresort.com, fo@sabaraangkorresort.com', 'reservation@sabaraangkorresort.com', 'account@sabaraangkorresort.com', '+855 11 588 830', '+855 11 588 830', '', 'http://sabaraangkorresortandspa.com', 1, 5.0, 35, '2018-10-30', NULL, '50', NULL, 2, 13, '2018-11-08 08:19:55', '2018-11-08 08:19:55', 13, 15, 4, '1970-01-01', '', '', '', 4, NULL);
INSERT INTO `eot_customer` VALUES (302, ' Image d\' Angkor Boutique Villa', 'Airport Road, Kruos Village, Svay Dangkum Siem Reap Cambodia', 1, 1, '', 'Mr. Nit Nimol', 'info@imagedangkor.com', 'info@imagedangkor.com', 'info@imagedangkor.com', '+855 12 466 881', '+855 12 466 881', '', 'http://imagedangkor.com', 3, 3.0, 3, '2018-11-10', NULL, '60', NULL, 2, 12, '2018-11-27 11:00:01', '2018-11-27 11:00:01', 12, 15, 5, '1970-01-01', '', '', '', 4, NULL);
INSERT INTO `eot_customer` VALUES (303, 'Angkor Retreat Villa Boutique & Spa', '0126, Wat Bo Rd., Slorkrame Village | Siem Reap, Siem Reap 063, Cambodia', 1, 1, '', 'Ms. Yin Sokhunthea', 'info@angkorretreat.com', 'info@angkorretreat.com', 'info@angkorretreat.com', '+855 76 789 6565', '+855 76 789 6565', '', 'http://angkorretreat.com', 1, 3.0, 13, '2018-11-16', NULL, '127', NULL, 3, 12, '2019-04-01 14:08:42', '2019-04-01 14:08:42', 12, 14, 4, '2019-04-01', 'Prepare their property ', 'Ms. Len ', '096 431 8059', 5, '1970-01-01 00:00:00');
INSERT INTO `eot_customer` VALUES (304, 'David Boutique & Spa ', 'Krous Village Road, Siem Reap, Cambodia', 1, 1, '', 'Mr. Narong Piseth', 'mr.piseth121887@gmail.com', 'mr.piseth121887@gmail.com', 'mr.piseth121887@gmail.com', '+855 70 358 788', '+855 70 358 788', '', 'http://davidboutiqueandspa.com', 4, 3.0, 10, '2018-11-15', NULL, '94', NULL, 3, 13, '2019-05-29 09:32:41', '2019-05-29 09:32:41', 13, 14, 4, '1970-01-01', '', '', '', 4, '1970-01-01 00:00:00');
INSERT INTO `eot_customer` VALUES (305, 'Norak Soeng Angkor Hotel', '7 Makara Road, | Phum Wat Bo, Sangkat Salakamroeuk, Siem Reap 17254, Cambodia', 1, 1, '', 'Mr. Orm Piseth', 'md@noraksoengangkorhotel.com', 'md@noraksoengangkorhotel.com', 'md@noraksoengangkorhotel.com', '+855 12 229 947', '+855 12 229 947', '', 'http://www.noraksoengangkorhotel.com/', 1, 3.0, 25, '2018-11-14', NULL, '145', NULL, 2, 13, '2019-01-15 09:05:15', '2019-01-15 09:05:15', 13, 14, 4, '1970-01-01', '', '', '', 4, '1970-01-01 00:00:00');
INSERT INTO `eot_customer` VALUES (306, 'Grand Champei Residence ', 'Busters Way, Svay Dangkum, Siem Reap, Kingdom of Cambodia.', 1, 1, '', 'Mr. Chin Vichea ', 'Chin.vichea@grandchampei.com', 'Chin.vichea@grandchampei.com', 'Chin.vichea@grandchampei.com', '+855 78 777 246', '+855 78 777 246', '+855 78 777 246', 'http://grandchampei.com', 1, 3.5, 35, '2018-12-08', NULL, '', NULL, 3, 13, '2019-05-29 09:49:05', '2019-05-29 09:49:05', 13, 13, 5, '1970-01-01', '', '', '', 4, '1970-01-01 00:00:00');
INSERT INTO `eot_customer` VALUES (307, 'Champey Villa', '#166, Street#22 Wat Bo, Sala Kamreouk | (Near Wat Bo primary school), Siem Reap kh, Cambodia', 1, 1, '17252', 'Mrs. Sebla Kaplan Ure ', 'kalplansebla@gmail.com', 'kalplansebla@gmail.com', 'kalplansebla@gmail.com', '+855 15 765 138', '+855 15 765 138', '', 'http://champeyvilla.com', 3, 3.5, 10, '2018-12-07', NULL, '60', NULL, 3, 13, '2019-05-29 09:41:42', '2019-05-29 09:41:42', 13, 14, 4, '1970-01-01', '', '', '', 4, '1970-01-01 00:00:00');
INSERT INTO `eot_customer` VALUES (308, 'Crystal Blue Boutique Hotel', 'No. 169 Sisowath  Daun Penh, Phnom Penh  Cambodia', 1, 2, '', 'Mr. RaBy RY', 'rithraby168@gmail.com', 'rithraby168@gmail.com', 'rithraby168@gmail.com', '+855 96 510 1168', '+855 96 510 1168', '+855 96 510 1168', 'https://www.crystalblueboutiquehotel.com/', 7, 3.5, 12, '2018-12-24', '20', '', NULL, 2, 12, '2018-12-28 13:26:35', '2018-12-28 13:26:35', 12, 13, 5, '1970-01-01', '', '', '', 4, NULL);
INSERT INTO `eot_customer` VALUES (309, 'Damnak Villa Retreat 1 ', ' | #92,Group#6,Trapeang Ses, Kork Chak, Siem Reap, Cambodia', 1, 1, '', 'Ith Sakpitou', 'sakpitouith168@gmail.com', 'info@damnakvillaretreat.com, sakpitouith168@gmail.com', 'sakpitouith168@gmail.com', '+855 77 979 711', '', '', 'http://damnakvillaretreat.com', 3, 3.0, 15, '2019-01-05', NULL, '55', NULL, 2, 13, '2019-01-15 09:28:12', '2019-01-15 09:28:12', 13, 14, 4, '2019-01-15', '', '', '', 4, '2019-01-15 00:00:00');
INSERT INTO `eot_customer` VALUES (310, 'Natura Resort', 'Wat Enkosey, Phum Traing, Siem Reap, Cambodia ', 1, 1, '', 'Mr. Meng Morn ', 'operations@naturahotelresort.com', 'operations@naturahotelresort.com', 'operations@naturahotelresort.com', '+855 17 707 526', '+855 17 707 526', '', 'http://naturahotelresort.com', 1, 4.0, 23, '2019-01-19', '21', '100', NULL, 3, 12, '2019-07-01 11:17:40', '2019-07-01 11:17:40', 12, 13, 4, '2019-07-01', 'Save budget for low season ', 'Mr. Meng Morn ', '017 707 526', 5, '2019-02-12 00:00:00');
INSERT INTO `eot_customer` VALUES (311, 'The One Gardening Boutique Hotel', 'Banteay, Chas village, Slor Kram commune Siem Reap, CAMBODIA', 1, 1, '', 'Mr. Zhang Liang', 'gm@theonegardeningboutiquehotel.com', 'reservation@theonegardeningboutiquehotel.com, info@laysungboutique.com', 'gm@theonegardeningboutiquehotel.com', '', '+855 81 216 836', '+855 81 216 836', 'https://theonegardeningboutiquehotel.com', 1, 5.0, 29, '2019-01-30', '30', '130', NULL, 2, 12, '2019-07-19 10:01:07', '2019-07-19 10:01:07', 12, 19, 4, '2019-07-12', 'Due to their budget because they have to work on their new property first.', 'Ms. Keo ', '017 881 224', 5, '2019-02-04 00:00:00');
INSERT INTO `eot_customer` VALUES (312, 'Neth Socheata Hotel ', '(Pub street area)# 284, 2Thnou Street, directly opposite the Old Market, Siem Reap City, Siem Reap Province, Cambodia', 1, 1, '', 'Mrs. Douk Angkea Socheata', 'booking@nethsocheatahotel.com', 'booking@nethsocheatahotel.com', 'booking@nethsocheatahotel.com', '', '+855 63 963 294', '+855 81 832 181', 'http://nethsocheatahotel.com', 1, 2.0, 22, '2019-02-08', NULL, '102', NULL, 2, 12, '2019-02-20 15:59:16', '2019-02-20 15:59:16', 12, 13, 5, '2019-02-11', '', '', '', 4, '2019-02-20 00:00:00');
INSERT INTO `eot_customer` VALUES (313, 'Pool Party Hostel', 'Phsar Krom Road , Vihear Chin Village , Svay Dangkum Commune', 1, 1, '', 'Mr. Mam Soksann', 'poolpartyhostel@gmail.com', 'booking@poolpartyhostel.com, poolpartyhostel@gmail.com', 'poolpartyhostel@gmail.com', '+855 10 303 313', '+855 10 303 313', '', 'http://poolpartyhostel.com', 1, 2.0, 20, '2019-02-11', '26', '130', NULL, 2, 13, '2019-05-29 09:31:31', '2019-05-29 09:31:31', 13, 14, 4, '2019-02-21', '', '', '', 4, '2019-02-21 00:00:00');
INSERT INTO `eot_customer` VALUES (314, 'Best Central Point Hotel ', 'Phnom Penh ', 1, 2, '', 'Mrs. Tha Nimol', 'hometown.hotel@gmail.com', 'hometown.hotel@gmail.com', 'hometown.hotel@gmail.com', '+855 77 556 528', '+855 77 556 528', '+855 77 556 528', 'http://bestcentralpointhotel.com', 1, 3.0, 42, '2019-06-25', '34', '90', NULL, 2, 2, '2019-07-03 14:42:16', '2019-07-03 14:42:16', 2, 19, 5, '2019-06-28', '', '', '', 4, '2019-07-01 00:00:00');
INSERT INTO `eot_customer` VALUES (315, 'Nita Dream Villa', 'Near Siem Reap Court, Chreav Village, Chreav Commune, Siem Reap City', 1, 1, '17254', 'Mrs. Danh Sokhern', 'reservation@nitadreamvilla.com', 'reservation@nitadreamvilla.com', 'reservation@nitadreamvilla.com', '+855 17 410 768', '+855 17 410 768', '', 'http://nitadreamvilla.com', 1, 3.0, 4, '2019-03-04', NULL, '40', NULL, 3, 12, '2019-07-01 15:25:27', '2019-07-01 15:25:27', 12, 2, 4, '2019-07-01', 'Save budget for low season ', 'Ms. Danh Dane ', '015 737 927', 5, '2019-07-01 00:00:00');
INSERT INTO `eot_customer` VALUES (316, 'Wheel Garden Residence ', 'Psa Krolanh Street Trapeang Ses Village, Sangkat Kouk Chak, Siem Reap ', 1, 1, '17259', 'Mr. So', 'sales@wheelgarden.com', 'sales@wheelgarden.com, info@wheelgarden.com', 'acc@wheelgarden.com, gm@wheelgarden.com', '', '+855 12 458 184', '+855 70 487 618', 'http://wheelgarden.com', 1, 4.0, 30, '2019-06-28', NULL, '110', NULL, 2, 12, '2019-07-08 08:22:00', '2019-07-08 08:22:00', 12, 19, 4, '2019-07-08', '', '', '', 2, '2019-07-08 00:00:00');
INSERT INTO `eot_customer` VALUES (317, 'Romantic Angkor Residence ', 'Wat Bo Village, Sala Kamreuk Commune, Siem Reap Cambodia', 1, 1, '', 'Mr. Komsort', 'romanticangkors@gmail.com', 'romanticangkors@gmail.com', 'romanticangkors@gmail.com', '+855 70 770 002', '+855 70 770 002', '+855 70 770 002', 'http://romanticangkor.com', 7, 4.0, 15, '2019-07-08', '35', '110', NULL, 1, 12, '2019-07-08 14:52:54', '2019-07-08 14:52:54', 12, 19, 5, '2019-07-08', '', '', '', 2, '2019-07-08 00:00:00');
INSERT INTO `eot_customer` VALUES (318, 'Moon Flower Residence', 'Old Market Area, Wat Damnak Village, Salakomreuk Commune', 1, 1, '', 'Mr.Sok Piseth', 'info@moonflowersiemreap.com', 'info@moonflowersiemreap.com', 'info@moonflowersiemreap.com', '', '+855 69 700 304', '+855 77 979 711', 'https://damnakvillaboutique.com', 1, 3.0, 8, '2018-07-09', NULL, '85', NULL, 2, 12, '2019-08-07 09:37:43', '2019-08-07 09:37:43', 12, 19, 4, '2019-08-07', '', '', '', 2, '2019-08-07 00:00:00');
INSERT INTO `eot_customer` VALUES (319, 'Siem Reap Palace Residence', 'Siem Reap', 1, 1, '', 'Mr. Borei', 'book@siemreappalace-residence.com', 'book@siemreappalace-residence.com', 'book@siemreappalace-residence.com', '+855 98 675 556', '+855 98 675 556', '+855 98 675 556', 'http://siemreappalace-residence.com', 7, 4.0, 26, '2019-08-06', NULL, '50', NULL, 1, 12, '2019-08-07 10:24:13', '2019-08-07 10:24:13', 12, 19, 4, '2019-08-07', '', '', '', 2, '2019-08-07 00:00:00');
COMMIT;

-- ----------------------------
-- Table structure for event_list
-- ----------------------------
DROP TABLE IF EXISTS `event_list`;
CREATE TABLE `event_list` (
  `id` int(11) NOT NULL AUTO_INCREMENT,
  `img_url` varchar(255) COLLATE utf8_unicode_ci DEFAULT NULL,
  `event_name` varchar(255) COLLATE utf8_unicode_ci NOT NULL,
  `number_of_audient` int(11) DEFAULT NULL,
  `address` varchar(255) COLLATE utf8_unicode_ci NOT NULL,
  `address_line_2` varchar(255) COLLATE utf8_unicode_ci DEFAULT NULL,
  `id_country` int(11) DEFAULT NULL,
  `id_city` int(11) DEFAULT NULL,
  `id_province` varchar(255) COLLATE utf8_unicode_ci DEFAULT NULL,
  `postal_code` varchar(255) COLLATE utf8_unicode_ci DEFAULT NULL,
  `prefix_phone_code` int(11) DEFAULT NULL,
  `phone_number` varchar(255) COLLATE utf8_unicode_ci DEFAULT NULL,
  `prefix_phone_code_line_2` int(11) DEFAULT NULL,
  `phone_number_line_2` varchar(255) COLLATE utf8_unicode_ci DEFAULT NULL,
  `email` varchar(255) COLLATE utf8_unicode_ci DEFAULT NULL,
  `description` text COLLATE utf8_unicode_ci,
  `created_date` datetime DEFAULT NULL,
  `created_by` int(11) DEFAULT NULL,
  `updated_date` datetime DEFAULT NULL,
  `updated_by` int(11) DEFAULT NULL,
  `status` int(1) DEFAULT NULL,
  `from_date` date DEFAULT NULL,
  `to_date` date DEFAULT NULL,
  `fee_for_membership` decimal(10,2) DEFAULT '0.00',
  `fee_for_subscriber` decimal(10,2) DEFAULT '0.00',
  `authorized` int(1) DEFAULT NULL,
  PRIMARY KEY (`id`)
) ENGINE=InnoDB AUTO_INCREMENT=2 DEFAULT CHARSET=utf8 COLLATE=utf8_unicode_ci;

-- ----------------------------
-- Records of event_list
-- ----------------------------
BEGIN;
INSERT INTO `event_list` VALUES (1, '4', 'Village Excursions by Vespa Famtrip', NULL, 'River side', '', 56, 21, 'Palate Restaurant', '', NULL, '', NULL, '', '', 'Time Activity Remarks \r\n\r\n08:00 Pick up from the Hotel Departure exactly on time \r\n08:10 ? 09:00 Ride to countryside fresh palm juice gathering and tasting  \r\n09:00 ? 09:30 Ride and explanation about house temples and stroll over local market \r\n09:30 ? 10:30 Ride to  Wat Svay Romeat Pagoda,  sightseeing,   blessing ceremony and fortune teller  \r\n10:30 ? 11:45 West  Mebon temple island During rainy season transported by   boat and dui during dry season by Vespa \r\n11:45 ? 13:00 Lunch and drinks at private farm picnic  \r\n13:00 ? 13:10 Visit to basket weaving and farming family  13:10 ? 13:35 Visit to sticky rice making and Local medicine   along the road back  \r\n13:30 ? 14:00 Return to hotel and end tour \r\n  \r\nImportant: \r\no The safety of the guests is paramount and all guests must wear helmets. \r\no The price is 40 US$ per person \r\no Each guest is driven by their personal drivers (only holders of local or international driver?s license are eligible to drive in Siem Reap and road conditions demand full concentration). \r\no Every tour is accompanied by a guide. o All snacks, drinks and foods are included in the price of the tour. Individual purchases during the tour are for the account of guests. \r\no The tour program may vary, for instance due to spontaneous extra activities or if an activity should not be available due to circumstances beyond our control. \r\no Guests are advised to use sunscreen and to wear comfortable clothes and footwear that can be cleaned easily.\r\n The tour rides rain or shine. In the monsoon season first- rate raincoats are provided by VA SR', '2019-07-03 16:39:16', 1, '2019-07-16 14:37:25', 1, 1, '2019-07-12', '2019-07-12', 40.00, 50.00, 1);
COMMIT;

-- ----------------------------
-- Table structure for expense
-- ----------------------------
DROP TABLE IF EXISTS `expense`;
CREATE TABLE `expense` (
  `id` int(11) NOT NULL AUTO_INCREMENT,
  `doc_id` varchar(50) DEFAULT NULL,
  `id_related_to` int(11) DEFAULT NULL,
  `id_related_profile` int(11) DEFAULT NULL,
  `date` date DEFAULT NULL,
  `chart_of_account` int(11) DEFAULT NULL,
  `chart_of_account_amount` decimal(10,2) DEFAULT NULL,
  `id_payment_method` int(11) DEFAULT NULL,
  `cheque_number` varchar(10) DEFAULT NULL,
  `clearing_date` date DEFAULT NULL,
  `total_amount` decimal(10,2) DEFAULT NULL,
  `paid_amount` decimal(10,2) DEFAULT NULL,
  `balance_amount` decimal(10,2) DEFAULT NULL,
  `remark` varchar(255) DEFAULT NULL,
  `created_by` int(11) DEFAULT NULL,
  `created_date` datetime DEFAULT NULL,
  `updated_by` int(11) DEFAULT NULL,
  `updated_date` datetime DEFAULT NULL,
  `status` tinyint(1) DEFAULT NULL,
  `img_url` varchar(255) DEFAULT NULL,
  PRIMARY KEY (`id`)
) ENGINE=InnoDB DEFAULT CHARSET=utf8 ROW_FORMAT=COMPACT;

-- ----------------------------
-- Table structure for expense_data
-- ----------------------------
DROP TABLE IF EXISTS `expense_data`;
CREATE TABLE `expense_data` (
  `id` int(11) NOT NULL AUTO_INCREMENT,
  `id_expense` int(11) DEFAULT NULL,
  `chart_of_account` int(11) DEFAULT NULL,
  `description` varchar(255) DEFAULT NULL,
  `amount` decimal(10,2) DEFAULT NULL,
  `status` tinyint(1) DEFAULT NULL,
  PRIMARY KEY (`id`)
) ENGINE=InnoDB DEFAULT CHARSET=utf8 ROW_FORMAT=COMPACT;

-- ----------------------------
-- Table structure for expense_related_to
-- ----------------------------
DROP TABLE IF EXISTS `expense_related_to`;
CREATE TABLE `expense_related_to` (
  `id` int(11) NOT NULL AUTO_INCREMENT,
  `name` varchar(255) DEFAULT NULL,
  PRIMARY KEY (`id`)
) ENGINE=InnoDB AUTO_INCREMENT=4 DEFAULT CHARSET=utf8;

-- ----------------------------
-- Records of expense_related_to
-- ----------------------------
BEGIN;
INSERT INTO `expense_related_to` VALUES (1, 'Supplier');
INSERT INTO `expense_related_to` VALUES (2, 'Customer');
INSERT INTO `expense_related_to` VALUES (3, 'Project');
COMMIT;

-- ----------------------------
-- Table structure for finance_chart_of_account
-- ----------------------------
DROP TABLE IF EXISTS `finance_chart_of_account`;
CREATE TABLE `finance_chart_of_account` (
  `id` int(11) NOT NULL AUTO_INCREMENT,
  `date` date DEFAULT NULL,
  `transaction_type` varchar(100) DEFAULT NULL,
  `doc_id` varchar(50) DEFAULT NULL,
  `name` varchar(50) DEFAULT NULL,
  `name_type` varchar(50) DEFAULT NULL,
  `description` varchar(255) DEFAULT NULL,
  `debit` decimal(10,2) DEFAULT NULL,
  `credit` decimal(10,2) DEFAULT NULL,
  `balance` decimal(10,2) DEFAULT NULL,
  `account_type` int(11) DEFAULT NULL,
  `chart_of_account` int(11) DEFAULT NULL,
  `created_date` datetime DEFAULT NULL,
  `created_by` int(11) DEFAULT NULL,
  `status` tinyint(1) DEFAULT NULL,
  `updated_date` datetime DEFAULT NULL,
  `updated_by` int(11) DEFAULT NULL,
  PRIMARY KEY (`id`) USING BTREE
) ENGINE=InnoDB DEFAULT CHARSET=utf8 ROW_FORMAT=COMPACT;

-- ----------------------------
-- Table structure for finance_chart_of_account_amount
-- ----------------------------
DROP TABLE IF EXISTS `finance_chart_of_account_amount`;
CREATE TABLE `finance_chart_of_account_amount` (
  `id` int(11) NOT NULL AUTO_INCREMENT,
  `account_type` int(11) DEFAULT NULL,
  `chart_of_account` int(11) DEFAULT NULL,
  `ending_balance` decimal(10,2) DEFAULT NULL,
  `name` varchar(50) DEFAULT NULL,
  `name_type` varchar(50) DEFAULT NULL,
  PRIMARY KEY (`id`) USING BTREE
) ENGINE=InnoDB DEFAULT CHARSET=utf8 ROW_FORMAT=COMPACT;

-- ----------------------------
-- Table structure for folder
-- ----------------------------
DROP TABLE IF EXISTS `folder`;
CREATE TABLE `folder` (
  `id` int(11) NOT NULL AUTO_INCREMENT,
  `folder_name` varchar(255) COLLATE utf8_unicode_ci DEFAULT NULL,
  `id_membership_profile` varchar(255) COLLATE utf8_unicode_ci DEFAULT NULL,
  `status` int(1) DEFAULT NULL,
  `created_by` int(11) DEFAULT NULL,
  `created_date` datetime DEFAULT NULL,
  `updated_by` int(11) DEFAULT NULL,
  `updated_date` datetime DEFAULT NULL,
  `id_document_permission` int(1) DEFAULT NULL,
  `id_event_list` int(11) DEFAULT NULL,
  `id_employee_profile` int(11) DEFAULT NULL,
  `id_customer_profile` int(11) DEFAULT NULL,
  `id_project` int(11) DEFAULT NULL,
  `id_contract` int(11) DEFAULT NULL,
  `id_lead_profile` int(11) DEFAULT NULL,
  `id_standard_operation_procedure_set_up` int(11) DEFAULT NULL,
  PRIMARY KEY (`id`)
) ENGINE=InnoDB AUTO_INCREMENT=2 DEFAULT CHARSET=utf8 COLLATE=utf8_unicode_ci;

-- ----------------------------
-- Table structure for hls_solutions
-- ----------------------------
DROP TABLE IF EXISTS `hls_solutions`;
CREATE TABLE `hls_solutions` (
  `id` int(11) NOT NULL AUTO_INCREMENT,
  `name` varchar(255) DEFAULT NULL,
  `icon` varchar(255) DEFAULT NULL,
  `description` text,
  `status` bit(1) DEFAULT NULL,
  PRIMARY KEY (`id`)
) ENGINE=InnoDB AUTO_INCREMENT=12 DEFAULT CHARSET=utf8;

-- ----------------------------
-- Records of hls_solutions
-- ----------------------------
BEGIN;
INSERT INTO `hls_solutions` VALUES (1, 'Booking Engine', 'fa fa-cog', NULL, b'1');
INSERT INTO `hls_solutions` VALUES (2, 'Front Desk', 'fa fa-desktop', NULL, b'1');
INSERT INTO `hls_solutions` VALUES (3, 'Website', 'fa fa-id-card', NULL, b'1');
INSERT INTO `hls_solutions` VALUES (4, 'Boooking Widget', 'fa fa-file-code-o', NULL, b'1');
INSERT INTO `hls_solutions` VALUES (5, 'Mobile Website', 'fa fa-mobile', NULL, b'1');
INSERT INTO `hls_solutions` VALUES (6, 'Social Media', 'fa fa-users', NULL, b'1');
INSERT INTO `hls_solutions` VALUES (7, 'Channel Manager', 'fa fa-snowflake-o', NULL, b'1');
INSERT INTO `hls_solutions` VALUES (8, 'Reputation Manager', 'fa fa-comment', NULL, b'1');
INSERT INTO `hls_solutions` VALUES (9, 'eO-DMC', 'fa fa-wpexplorer', NULL, b'1');
INSERT INTO `hls_solutions` VALUES (10, 'eO-CSMA', 'fa fa-mobile', NULL, b'1');
INSERT INTO `hls_solutions` VALUES (11, 'eO-BMS', 'fa fa-line-chart', NULL, b'1');
COMMIT;

-- ----------------------------
-- Table structure for invoice_status
-- ----------------------------
DROP TABLE IF EXISTS `invoice_status`;
CREATE TABLE `invoice_status` (
  `id` int(11) NOT NULL AUTO_INCREMENT,
  `name` varchar(255) COLLATE utf8_unicode_ci DEFAULT NULL,
  `css_class` varchar(20) COLLATE utf8_unicode_ci DEFAULT NULL,
  `status` tinyint(4) DEFAULT NULL,
  PRIMARY KEY (`id`)
) ENGINE=InnoDB AUTO_INCREMENT=6 DEFAULT CHARSET=utf8 COLLATE=utf8_unicode_ci;

-- ----------------------------
-- Records of invoice_status
-- ----------------------------
BEGIN;
INSERT INTO `invoice_status` VALUES (1, 'PAID', 'label-info', 1);
INSERT INTO `invoice_status` VALUES (2, 'OVERDUE', 'label-warning', 1);
INSERT INTO `invoice_status` VALUES (3, 'PARTIALLY PAID', 'label-success', 1);
INSERT INTO `invoice_status` VALUES (4, 'UNPAID', 'label-mint', 1);
INSERT INTO `invoice_status` VALUES (5, 'VOIDED', 'label-danger', 1);
COMMIT;

-- ----------------------------
-- Table structure for item
-- ----------------------------
DROP TABLE IF EXISTS `item`;
CREATE TABLE `item` (
  `id` int(11) NOT NULL AUTO_INCREMENT,
  `description` varchar(255) DEFAULT NULL,
  `long_description` text,
  `short_description` varchar(255) DEFAULT NULL,
  `rate` decimal(10,2) DEFAULT NULL,
  `setup_fee` decimal(10,2) DEFAULT NULL,
  `id_tax` int(11) DEFAULT NULL,
  `id_group` int(11) DEFAULT NULL,
  `unit` int(11) DEFAULT NULL,
  `status` tinyint(1) DEFAULT NULL,
  `updated_by` int(11) DEFAULT NULL,
  `updated_date` datetime DEFAULT NULL,
  `created_by` int(11) DEFAULT NULL,
  `created_date` datetime DEFAULT NULL,
  PRIMARY KEY (`id`)
) ENGINE=InnoDB AUTO_INCREMENT=18 DEFAULT CHARSET=utf8;

-- ----------------------------
-- Records of item
-- ----------------------------
BEGIN;
INSERT INTO `item` VALUES (1, 'Premium Website (Silver)', '', '-Maintenance  3 months\r\n-Website Speed 60 - 70', 1000.00, NULL, NULL, 1, 1, 1, 20, '2019-09-04 09:40:13', 12, '2019-08-15 11:26:14');
INSERT INTO `item` VALUES (2, 'Booking Engine 1-10 Rooms', '', '', 40.00, NULL, NULL, 2, 1, 1, NULL, NULL, 12, '2019-08-15 11:27:53');
INSERT INTO `item` VALUES (3, 'Booking Engine 11-29 Rooms', NULL, NULL, 50.00, NULL, NULL, 2, 1, 1, NULL, NULL, 12, '2019-08-15 11:28:36');
INSERT INTO `item` VALUES (4, 'Booking Engine 30-59 Rooms', NULL, NULL, 60.00, NULL, NULL, 2, 1, 1, NULL, NULL, 12, '2019-08-15 11:28:38');
INSERT INTO `item` VALUES (5, 'Booking Engine 60-Unlimited', NULL, NULL, 75.00, NULL, NULL, 2, 1, 1, NULL, NULL, 12, '2019-08-15 11:28:43');
INSERT INTO `item` VALUES (6, 'Premium Website (Platinum)', '', '-Maintenance 9 months\r\n-Website Speed 80-90', 2000.00, NULL, NULL, 1, 1, 1, 20, '2019-09-04 09:33:18', 12, '2019-08-15 11:26:14');
INSERT INTO `item` VALUES (7, 'Channel Manger 1-10 Rooms', '', '', 60.00, NULL, NULL, 2, NULL, 1, NULL, NULL, 12, '2019-08-15 11:38:05');
INSERT INTO `item` VALUES (10, 'Channel Manager 11-29 rooms ', '', '', 70.00, NULL, NULL, 2, 29, 1, NULL, '2019-08-15 11:49:36', NULL, '2019-08-15 11:47:14');
INSERT INTO `item` VALUES (11, 'Channel Manager 30-59 rooms  ', '', '', 90.00, NULL, NULL, 2, 59, 1, NULL, '2019-08-15 11:49:52', NULL, '2019-08-15 11:48:18');
INSERT INTO `item` VALUES (12, 'Channel Manager 60-Unlimited ', '', '', 130.00, NULL, NULL, 2, 60, 1, 20, '2019-09-04 09:41:25', NULL, '2019-08-15 11:48:39');
INSERT INTO `item` VALUES (13, 'Template Website Unlimited rooms', '', '', 35.00, NULL, NULL, 2, NULL, 1, NULL, '2019-08-15 11:52:14', NULL, '2019-08-15 11:51:17');
INSERT INTO `item` VALUES (14, 'Front Desk Unlimited Rooms ', '', '', 40.00, NULL, NULL, 2, NULL, 1, NULL, NULL, NULL, '2019-08-15 11:52:45');
INSERT INTO `item` VALUES (15, 'eO-BMS (Standard Package) ', 'A Business Management System is a set of tools for planning and implementing policies, practices, guidelines, processes and procedures that are used in the development, deployment and execution of business plans and strategies and all associated management activities. \r\n\r\n', 'A Business Management System is a set of tools for planning and implementing policies, practices, guidelines, processes and procedures that are used in the development, deployment and execution of business plans and strategies and all associated managemen', 159.00, 250.00, NULL, 4, NULL, 1, 20, '2019-09-05 16:49:56', 1, '2019-08-30 15:01:41');
INSERT INTO `item` VALUES (16, 'eO-BMS (Premium Package)', 'A Business Management System is a set of tools for planning and implementing policies, practices, guidelines, processes and procedures that are used in the development, deployment and execution of business plans and strategies and all associated management activities.', 'A Business Management System is a set of tools for planning and implementing policies, practices, guidelines, processes and procedures that are used in the development, deployment and execution of business plans and strategies and all associated managemen', 299.00, 350.00, NULL, 4, NULL, 1, 20, '2019-09-05 16:51:28', 1, '2019-08-30 15:03:05');
INSERT INTO `item` VALUES (17, 'Premium Website (Gold)', '', '-Maintenance 6 months\r\n-Website Speed 70 - 80', 1500.00, NULL, NULL, 1, NULL, 1, 20, '2019-09-04 09:35:52', 20, '2019-09-04 09:34:43');
COMMIT;

-- ----------------------------
-- Table structure for item_data
-- ----------------------------
DROP TABLE IF EXISTS `item_data`;
CREATE TABLE `item_data` (
  `id` int(11) NOT NULL AUTO_INCREMENT,
  `id_item` int(11) DEFAULT NULL,
  `id_data` int(11) DEFAULT NULL,
  `description` varchar(255) DEFAULT NULL,
  `status` tinyint(1) DEFAULT NULL,
  PRIMARY KEY (`id`)
) ENGINE=InnoDB AUTO_INCREMENT=313 DEFAULT CHARSET=utf8;

-- ----------------------------
-- Records of item_data
-- ----------------------------
BEGIN;
INSERT INTO `item_data` VALUES (138, 6, 1, '', NULL);
INSERT INTO `item_data` VALUES (139, 6, 2, '', 1);
INSERT INTO `item_data` VALUES (140, 6, 3, '', NULL);
INSERT INTO `item_data` VALUES (141, 6, 4, '', NULL);
INSERT INTO `item_data` VALUES (142, 6, 5, '', NULL);
INSERT INTO `item_data` VALUES (143, 6, 6, '', NULL);
INSERT INTO `item_data` VALUES (144, 6, 7, '', NULL);
INSERT INTO `item_data` VALUES (145, 6, 8, '', NULL);
INSERT INTO `item_data` VALUES (146, 6, 9, '', NULL);
INSERT INTO `item_data` VALUES (147, 6, 10, '', NULL);
INSERT INTO `item_data` VALUES (148, 6, 11, '', NULL);
INSERT INTO `item_data` VALUES (149, 6, 12, '', NULL);
INSERT INTO `item_data` VALUES (150, 6, 13, '', 1);
INSERT INTO `item_data` VALUES (151, 6, 14, '', NULL);
INSERT INTO `item_data` VALUES (152, 6, 15, '', NULL);
INSERT INTO `item_data` VALUES (168, 17, 1, '', NULL);
INSERT INTO `item_data` VALUES (169, 17, 2, '', 1);
INSERT INTO `item_data` VALUES (170, 17, 3, '', NULL);
INSERT INTO `item_data` VALUES (171, 17, 4, '', NULL);
INSERT INTO `item_data` VALUES (172, 17, 5, '', NULL);
INSERT INTO `item_data` VALUES (173, 17, 6, '', NULL);
INSERT INTO `item_data` VALUES (174, 17, 7, '', NULL);
INSERT INTO `item_data` VALUES (175, 17, 8, '', NULL);
INSERT INTO `item_data` VALUES (176, 17, 9, '', NULL);
INSERT INTO `item_data` VALUES (177, 17, 10, '', NULL);
INSERT INTO `item_data` VALUES (178, 17, 11, '', NULL);
INSERT INTO `item_data` VALUES (179, 17, 12, '', NULL);
INSERT INTO `item_data` VALUES (180, 17, 13, '', 1);
INSERT INTO `item_data` VALUES (181, 17, 14, '', NULL);
INSERT INTO `item_data` VALUES (182, 17, 15, '', NULL);
INSERT INTO `item_data` VALUES (183, 1, 1, '', 0);
INSERT INTO `item_data` VALUES (184, 1, 2, '', 1);
INSERT INTO `item_data` VALUES (185, 1, 3, '', 0);
INSERT INTO `item_data` VALUES (186, 1, 4, '', NULL);
INSERT INTO `item_data` VALUES (187, 1, 5, '', NULL);
INSERT INTO `item_data` VALUES (188, 1, 6, '', NULL);
INSERT INTO `item_data` VALUES (189, 1, 7, '', NULL);
INSERT INTO `item_data` VALUES (190, 1, 8, '', NULL);
INSERT INTO `item_data` VALUES (191, 1, 9, '', NULL);
INSERT INTO `item_data` VALUES (192, 1, 10, '', NULL);
INSERT INTO `item_data` VALUES (193, 1, 11, '', NULL);
INSERT INTO `item_data` VALUES (194, 1, 12, '', NULL);
INSERT INTO `item_data` VALUES (195, 1, 13, '', 1);
INSERT INTO `item_data` VALUES (196, 1, 14, '', NULL);
INSERT INTO `item_data` VALUES (197, 1, 15, '', NULL);
INSERT INTO `item_data` VALUES (213, 12, 1, '', NULL);
INSERT INTO `item_data` VALUES (214, 12, 2, '', NULL);
INSERT INTO `item_data` VALUES (215, 12, 3, '', NULL);
INSERT INTO `item_data` VALUES (216, 12, 4, '', NULL);
INSERT INTO `item_data` VALUES (217, 12, 5, '', NULL);
INSERT INTO `item_data` VALUES (218, 12, 6, '', NULL);
INSERT INTO `item_data` VALUES (219, 12, 7, '', NULL);
INSERT INTO `item_data` VALUES (220, 12, 8, '', NULL);
INSERT INTO `item_data` VALUES (221, 12, 9, '', NULL);
INSERT INTO `item_data` VALUES (222, 12, 10, '', NULL);
INSERT INTO `item_data` VALUES (223, 12, 11, '', NULL);
INSERT INTO `item_data` VALUES (224, 12, 12, '', NULL);
INSERT INTO `item_data` VALUES (225, 12, 13, '', 1);
INSERT INTO `item_data` VALUES (226, 12, 14, '', NULL);
INSERT INTO `item_data` VALUES (227, 12, 15, '', NULL);
INSERT INTO `item_data` VALUES (275, 15, 1, 'Unlimited', 1);
INSERT INTO `item_data` VALUES (276, 15, 2, 'YES', 1);
INSERT INTO `item_data` VALUES (277, 15, 3, '10GB', 1);
INSERT INTO `item_data` VALUES (278, 15, 19, '250', 1);
INSERT INTO `item_data` VALUES (279, 15, 4, 'YES', 1);
INSERT INTO `item_data` VALUES (280, 15, 5, 'YES', 1);
INSERT INTO `item_data` VALUES (281, 15, 6, 'YES', 1);
INSERT INTO `item_data` VALUES (282, 15, 7, 'YES', 1);
INSERT INTO `item_data` VALUES (283, 15, 8, 'YES', 1);
INSERT INTO `item_data` VALUES (284, 15, 9, 'YES', 1);
INSERT INTO `item_data` VALUES (285, 15, 10, 'no', 1);
INSERT INTO `item_data` VALUES (286, 15, 11, 'No', 1);
INSERT INTO `item_data` VALUES (287, 15, 12, 'NO', 1);
INSERT INTO `item_data` VALUES (288, 15, 16, '', NULL);
INSERT INTO `item_data` VALUES (289, 15, 17, '', NULL);
INSERT INTO `item_data` VALUES (290, 15, 18, '', NULL);
INSERT INTO `item_data` VALUES (291, 15, 13, 'YES', 1);
INSERT INTO `item_data` VALUES (292, 15, 14, 'YES', 1);
INSERT INTO `item_data` VALUES (293, 15, 15, 'YES', 1);
INSERT INTO `item_data` VALUES (294, 16, 1, 'Unlimited', 1);
INSERT INTO `item_data` VALUES (295, 16, 2, 'YES', 1);
INSERT INTO `item_data` VALUES (296, 16, 3, '25GB', 1);
INSERT INTO `item_data` VALUES (297, 16, 19, '350', 1);
INSERT INTO `item_data` VALUES (298, 16, 4, 'YES', 1);
INSERT INTO `item_data` VALUES (299, 16, 5, 'YES', 1);
INSERT INTO `item_data` VALUES (300, 16, 6, 'YES', 1);
INSERT INTO `item_data` VALUES (301, 16, 7, 'YES', 1);
INSERT INTO `item_data` VALUES (302, 16, 8, 'YES', 1);
INSERT INTO `item_data` VALUES (303, 16, 9, 'YES', 1);
INSERT INTO `item_data` VALUES (304, 16, 10, 'YES', 1);
INSERT INTO `item_data` VALUES (305, 16, 11, 'YES', 1);
INSERT INTO `item_data` VALUES (306, 16, 12, 'YES', 1);
INSERT INTO `item_data` VALUES (307, 16, 16, '', NULL);
INSERT INTO `item_data` VALUES (308, 16, 17, '', NULL);
INSERT INTO `item_data` VALUES (309, 16, 18, '', NULL);
INSERT INTO `item_data` VALUES (310, 16, 13, 'YES', 1);
INSERT INTO `item_data` VALUES (311, 16, 14, 'YES', 1);
INSERT INTO `item_data` VALUES (312, 16, 15, 'YES', 1);
COMMIT;

-- ----------------------------
-- Table structure for item_group
-- ----------------------------
DROP TABLE IF EXISTS `item_group`;
CREATE TABLE `item_group` (
  `id` int(11) NOT NULL AUTO_INCREMENT,
  `order_by` int(11) DEFAULT NULL,
  `name` varchar(255) DEFAULT NULL,
  `full_name` varchar(255) DEFAULT NULL,
  `created_date` datetime DEFAULT NULL,
  `updated_by` int(11) DEFAULT NULL,
  `created_by` int(11) DEFAULT NULL,
  `updated_date` datetime DEFAULT NULL,
  `status` tinyint(11) DEFAULT NULL,
  `main_logo` varchar(255) DEFAULT NULL,
  `description` text,
  `inclusive_benefit` text,
  `plan_detail` text,
  `setup_label` varchar(255) DEFAULT NULL,
  PRIMARY KEY (`id`) USING BTREE
) ENGINE=InnoDB AUTO_INCREMENT=13 DEFAULT CHARSET=utf8;

-- ----------------------------
-- Records of item_group
-- ----------------------------
BEGIN;
INSERT INTO `item_group` VALUES (1, NULL, 'Premium Website', '', '2019-07-17 21:15:36', 20, 1, '2019-09-05 16:18:37', 1, '57', '<div><span style=\"font-size: 12px;\">*<span style=\"white-space:pre\">	</span>The above rate is in USD$, nett, inclusive of 10% VAT.</span></div><div><span style=\"font-size: 12px;\">*<span style=\"white-space:pre\">	</span>The rate is non-commissionable.</span></div><div><span style=\"font-size: 12px;\">*<span style=\"white-space:pre\">	</span>All content &amp; images to be provided by client.</span></div><div><span style=\"font-size: 12px;\">*<span style=\"white-space:pre\">	</span>CMS system work with PHP &amp;MySQL Language (word press CMS).</span></div><div><span style=\"font-size: 12px;\">*<span style=\"white-space:pre\">	</span>4 weeks to complete the website including training and testing.</span></div>', '<ul><li><span style=\"font-size: 10px;\"><span style=\"font-size: 12px;\">Consultation about Social Media/ digital marketing from eOcambo Technology team.</span></span></li><li><span style=\"font-size: 12px;\">Advice on how to get more business through Social Media &amp; Online Digital Marketing.</span></li><li><span style=\"font-size: 12px;\">Local support and service from the eOcambo Support Team whenever required.</span></li><li><span style=\"font-size: 12px;\">Website maintenance.</span></li><li><span style=\"font-size: 12px;\">Website Training at eOcambo Technology Office&nbsp;</span></li><li><span style=\"font-size: 12px;\">Unique Website Design.</span></li><li><span style=\"font-size: 12px;\">Web Services.</span></li><li><span style=\"font-size: 12px;\">Branding Design.</span></li><li><span style=\"font-size: 12px;\">Web Application.</span></li><li><span style=\"font-size: 12px;\">Optimized&nbsp;Design.</span></li><li><span style=\"font-size: 12px;\">Easy to Build and Navigate.</span></li><li><span style=\"font-size: 12px;\">Google Tools Integrated.</span></li><li><span style=\"font-size: 12px;\">SEO Optimized&nbsp;&amp; Fast.</span></li><li><span style=\"font-size: 12px;\">All the tools needed to create a beautiful website.</span></li></ul>', NULL, NULL);
INSERT INTO `item_group` VALUES (2, NULL, 'Channel Manager', '', '2019-07-17 21:42:13', 20, 1, '2019-09-05 13:50:19', 1, '56', '<div>*&nbsp; &nbsp; &nbsp; One-time setup fee&nbsp;</div><div>*<span style=\"white-space:pre\">	</span>The above contract rate is in USD$, nett, inclusive of 10% VAT.</div><div>*<span style=\"white-space:pre\">	</span>Inclusive of daily service maintenance.&nbsp;</div><div>*<span style=\"white-space:pre\">	</span>The rate is non-commissionable.</div><div>*<span style=\"white-space:pre\">	</span>The rate is per month.</div><div>*<span style=\"white-space:pre\">	</span>The Hotel Link Solutions (HLS) general Terms of Service apply. See the current version at www.hotellinksolutions.com/terms-of-service.The terms are subject to change from time to time.</div>', '<ul><li>Automatic register/list your property to our OTAs: www.accommodationcentral.net (Commission free).</li><li>Automatic register/list your property to our OTAs: www.accommodation-cambodia.com (3% Commission fee).</li><li>Consultation on Social Media/ digital marketing from eOcambo Technology team.</li><li>Advice on how to get more bookings through Social Media &amp; Online Digital Marketing.</li><li>Local support and service from the eOcambo Support Team whenever you need it.</li><li>Complimentary evaluation your business through online (Healthcheck/Reputation Management) monthly basis Or upon request (For accommodation only).</li><li>Regular group training at eOcambo Technology offices to improve digital marketing knowledge in order to drive more productions.<br></li></ul>', NULL, NULL);
INSERT INTO `item_group` VALUES (3, NULL, 'Front Desk', '', '2019-07-25 14:50:43', 20, 1, '2019-09-05 16:56:38', 1, NULL, '<div>*&nbsp; &nbsp; &nbsp; One-time setup free&nbsp;</div><div>*<span style=\"white-space: pre;\">	</span>The above contract rate is in USD$, nett, inclusive of 10% VAT.</div><div>*<span style=\"white-space: pre;\">	</span>Inclusive of daily service maintenance.&nbsp;</div><div>*<span style=\"white-space: pre;\">	</span>The rate is non-commissionable.</div><div>*<span style=\"white-space: pre;\">	</span>The rate is per month.</div><div>*<span style=\"white-space: pre;\">	</span>The Hotel Link Solutions (HLS) general Terms of Service apply. See the current version at www.hotellinksolutions.com/terms-of-service.The terms are subject to change from time to time.</div>', '<ul><li>Automatic register/list your property to our OTAs: www.accommodationcentral.net (Commission free).</li><li>Automatic register/list your property to our OTAs: www.accommodation-cambodia.com (3% Commission fee).</li><li>Consultation on Social Media/ digital marketing from eOcambo Technology team.</li><li>Advice on how to get more bookings through Social Media &amp; Online Digital Marketing.</li><li>Local support and service from the eOcambo Support Team whenever you need it.</li><li>Complimentary evaluation your business through online (Healthcheck/Reputation Management) monthly basis Or upon request (For accommodation only).</li><li>Regular group training at eOcambo Technology offices to improve digital marketing knowledge in order to drive more productions.</li></ul>', NULL, NULL);
INSERT INTO `item_group` VALUES (4, NULL, 'eO-BMS', 'Business Management System', '2019-08-30 14:58:20', 20, 1, '2019-09-05 16:28:59', 1, '58', '<div>*<span style=\"white-space:pre\">	</span>The above rates are in USD, nett, inclusive of 10% VAT.</div><div>*<span style=\"white-space:pre\">	</span>The rates are non-commissionable.</div><div>*<span style=\"white-space:pre\">	</span>Included daily service maintenance.&nbsp;</div><div>*<span style=\"white-space:pre\">	</span>The rates are per month.</div>', '<ul><li>Consultation about Social Media/ digital marketing from eOcambo Technology team.</li><li>Advice on how to get more business through Social Media &amp; Online Digital Marketing.</li><li>Local support and service from the eOcambo Support Team whenever required.</li><li>System maintenance.</li><li>System Training.</li><li>Regular group training at eOcambo Technology offices to improve digital marketing knowledge in order to drive more business.</li><li>Easy Administration.</li><li>Powerful Publishing Tools.</li><li>Detailed Analytics.</li><li>Simple Workflow and Publishing Controls.</li><li>Security.</li><li>Tiered Permissions That Suit Your Organization<br></li></ul>', NULL, NULL);
INSERT INTO `item_group` VALUES (5, NULL, 'Booking Engine', NULL, '2019-09-04 09:56:58', 20, 20, '2019-09-04 14:30:04', 1, NULL, '<div>*&nbsp; &nbsp; &nbsp; One-time setup fee&nbsp;</div><div>*<span style=\"white-space: pre;\">	</span>The above contract rate is in USD$, nett, inclusive of 10% VAT.</div><div>*<span style=\"white-space: pre;\">	</span>Inclusive of daily service maintenance.&nbsp;</div><div>*<span style=\"white-space: pre;\">	</span>The rate is non-commissionable.</div><div>*<span style=\"white-space: pre;\">	</span>The rate is per month.</div><div>*<span style=\"white-space: pre;\">	</span>The Hotel Link Solutions (HLS) general Terms of Service apply. See the current version at www.hotellinksolutions.com/terms-of-service.The terms are subject to change from time to time.</div>', '<ul><li>Automatic register/list your property to our OTAs: www.accommodationcentral.net (Commission free).</li><li>Automatic register/list your property to our OTAs: www.accommodation-cambodia.com (3% Commission fee).</li><li>Consultation on Social Media/ digital marketing from eOcambo Technology team.</li><li>Advice on how to get more bookings through Social Media &amp; Online Digital Marketing.</li><li>Local support and service from the eOcambo Support Team whenever you need it.</li><li>Complimentary evaluation your business through online (Healthcheck/Reputation Management) monthly basis Or upon request (For accommodation only).</li><li>Regular group training at eOcambo Technology offices to improve digital marketing knowledge in order to drive more productions.</li></ul>', NULL, NULL);
INSERT INTO `item_group` VALUES (6, NULL, 'Template Website', '', '2019-09-04 10:20:38', 20, 20, '2019-09-05 16:05:53', 1, NULL, '<div>*&nbsp; &nbsp; &nbsp; One-time setup fee&nbsp;</div><div>*<span style=\"white-space: pre;\">	</span>The above contract rate is in USD$, nett, inclusive of 10% VAT.</div><div>*<span style=\"white-space: pre;\">	</span>Inclusive of daily service maintenance.&nbsp;</div><div>*<span style=\"white-space: pre;\">	</span>The ra', '<ul><li>Automatic register/list your property to our OTAs: www.accommodationcentral.net (Commission free).</li><li>Automatic register/list your property to our OTAs: www.accommodation-cambodia.com (3% Commission fee).</li><li>Consultation on Social Media/ digital marketing from eOcambo Technology team.</li><li>Advice on how to get more bookings through Social Media &amp; Online Digital Marketing.</li><li>Local support and service from the eOcambo Support Team whenever you need it.</li><li>Complimentary evaluation your business through online (Healthcheck/Reputation Management) monthly basis Or upon request (For accommodation only).</li><li>Regular group training at eOcambo Technology offices to improve digital marketing knowledge in order to drive more productions.</li></ul>', NULL, NULL);
INSERT INTO `item_group` VALUES (7, NULL, 'eO-DMCs', 'Destination Management Company System', '2019-09-04 10:21:57', 20, 20, '2019-09-05 16:47:44', 1, '59', '<div><span style=\"font-size: 12px;\">*</span><span style=\"white-space: pre; font-size: 12px;\">	</span><span style=\"font-size: 12px;\">The above rates are in USD, nett, inclusive of 10% VAT.</span></div><div><span style=\"font-size: 12px;\">*</span><span style=\"white-space: pre; font-size: 12px;\">	</span><span style=\"font-size: 12px;\">The rates are non-commissionable.</span></div><div><span style=\"font-size: 12px;\">*</span><span style=\"white-space: pre; font-size: 12px;\">	</span><span style=\"font-size: 12px;\">Included daily service maintenance.&nbsp;</span></div><div><span style=\"font-size: 12px;\">*</span><span style=\"white-space: pre; font-size: 12px;\">	</span><span style=\"font-size: 12px;\">The rates are per month.</span></div>', '<p><!-- x-tinymce/html --></p><ul>\r\n<li><span style=\"font-size: 12px;\">Consultation about Social Media/ digital marketing from eOcambo Technology team.</span></li><span style=\"font-size: 12px;\">\r\n</span><li><span style=\"font-size: 12px;\">Advice on how to get more business through Social Media &amp; Online Digital Marketing.</span></li><span style=\"font-size: 12px;\">\r\n</span><li><span style=\"font-size: 12px;\">Local support and service from the eOcambo Support Team whenever required.</span></li><span style=\"font-size: 12px;\">\r\n</span><li><span style=\"font-size: 12px;\">System maintenance.</span></li><span style=\"font-size: 12px;\">\r\n</span><li><span style=\"font-size: 12px;\">System Training</span></li><span style=\"font-size: 12px;\">\r\n</span><li><span style=\"font-size: 12px;\">Regular group training at eOcambo Technology offices to improve digital marketing knowledge in order to drive more business.</span></li><span style=\"font-size: 12px;\">\r\n</span><li><span style=\"font-size: 12px;\">Increase Online and Offline Sales</span></li><span style=\"font-size: 12px;\">\r\n</span><li><span style=\"font-size: 12px;\">&nbsp;Save Time and Money</span></li><span style=\"font-size: 12px;\">\r\n</span><li><span style=\"font-size: 12px;\">&nbsp;Improves Staff Productivity</span></li><span style=\"font-size: 12px;\">\r\n</span><li><span style=\"font-size: 12px;\">&nbsp;Automate and Centralize your Business</span></li><span style=\"font-size: 12px;\">\r\n</span><li><span style=\"font-size: 12px;\">&nbsp;No More Manual Administration Work</span></li><span style=\"font-size: 12px;\">\r\n</span><li><span style=\"font-size: 12px;\">&nbsp;Track Financial Performance Anytime</span></li><span style=\"font-size: 12px;\">\r\n</span><li><span style=\"font-size: 12px;\">&nbsp;Business and Customer Data Security.</span></li></ul>', NULL, NULL);
INSERT INTO `item_group` VALUES (8, NULL, 'eO-CSMA', 'Customer Service Mobile Application', '2019-09-04 10:22:15', 20, 20, '2019-09-06 15:13:18', 1, '60', '<div>* The above rates are in USD, nett, inclusive of 10% VAT.</div>\r\n\r\n<div>* The rates are non-commissionable.</div>\r\n\r\n<div>* Included daily service maintenance.&nbsp;</div>\r\n\r\n<div>* The rates are per month.</div>\r\n', '<!-- x-tinymce/html -->\r\n<ul>\r\n	<li>Consultation about Social Media/ digital marketing from eOcambo Technology team.</li>\r\n	<li>Advice on how to get more business through Social Media &amp; Online Digital Marketing.</li>\r\n	<li>Local support and service from the eOcambo Support Team whenever required.</li>\r\n	<li>System maintenance.</li>\r\n	<li>System Training</li>\r\n	<li>Regular group training at eOcambo Technology offices to improve digital marketing knowledge in order to drive more business.</li>\r\n	<li>Instant Online and Offline access</li>\r\n	<li>&nbsp;Using device features</li>\r\n	<li>&nbsp;Push Notifications and instant updates.</li>\r\n	<li>&nbsp;Branding and Design</li>\r\n	<li>&nbsp;Productivity Improvement and Cost reduction</li>\r\n	<li>Interactive Engagement.</li>\r\n</ul>\r\n', NULL, NULL);
INSERT INTO `item_group` VALUES (9, NULL, 'Domain & Hosting', '', '2019-09-04 10:23:14', 20, 20, '2019-09-06 15:23:57', 1, NULL, '<figure class=\"easyimage easyimage-full\"><img alt=\"\" src=\"blob:http://52.76.97.108/155cf8e0-df6e-4992-914b-387b95505961\" width=\"700\" />\r\n<figcaption></figcaption>\r\n</figure>\r\n\r\n<p>*&nbsp;&nbsp; &nbsp;The above contract rate is in USD$, nett, inclusive of 10% VAT.<br />\r\n*&nbsp;&nbsp; &nbsp;Inclusive of daily service maintenance.&nbsp;<br />\r\n*&nbsp;&nbsp; &nbsp;The rate is non-commissionable.<br />\r\n*&nbsp;&nbsp; &nbsp;The rate is per year.</p>\r\n', '<p><!-- x-tinymce/html --></p>\r\n\r\n<ul>\r\n	<li>Consultation about Social Media/ digital marketing from eOcambo Technology team.</li>\r\n	<li>Advice on how to get more business through Social Media &amp; Online Digital Marketing.</li>\r\n	<li>Local support and service from the eOcambo Support Team whenever required.</li>\r\n	<li>Regular group training at eOcambo Technology offices to improve digital marketing knowledge in order to drive more business.</li>\r\n</ul>\r\n', NULL, NULL);
INSERT INTO `item_group` VALUES (10, NULL, 'Social Media Support', NULL, '2019-09-04 10:24:25', 20, 20, '2019-09-04 11:51:12', 1, NULL, '', '', NULL, NULL);
INSERT INTO `item_group` VALUES (11, NULL, 'Content Writer', NULL, '2019-09-04 10:25:11', 20, 20, '2019-09-04 11:51:22', 1, NULL, '', '', NULL, NULL);
INSERT INTO `item_group` VALUES (12, NULL, 'Photo & Video Shooting', '', '2019-09-04 10:25:53', 1, 20, '2019-09-04 16:50:11', 1, NULL, '', '', NULL, NULL);
COMMIT;

-- ----------------------------
-- Table structure for item_group_data
-- ----------------------------
DROP TABLE IF EXISTS `item_group_data`;
CREATE TABLE `item_group_data` (
  `id` int(11) NOT NULL AUTO_INCREMENT,
  `id_type` int(11) DEFAULT NULL,
  `title` varchar(255) DEFAULT NULL,
  `status` tinyint(1) DEFAULT NULL,
  `updated_by` int(11) DEFAULT NULL,
  `updated_date` datetime DEFAULT NULL,
  `created_by` int(11) DEFAULT NULL,
  `created_date` datetime DEFAULT NULL,
  PRIMARY KEY (`id`)
) ENGINE=InnoDB AUTO_INCREMENT=21 DEFAULT CHARSET=utf8;

-- ----------------------------
-- Records of item_group_data
-- ----------------------------
BEGIN;
INSERT INTO `item_group_data` VALUES (1, 1, 'Users', 1, NULL, NULL, 1, '2019-08-30 18:48:02');
INSERT INTO `item_group_data` VALUES (2, 1, 'Training', 1, NULL, NULL, 1, '2019-08-30 18:49:45');
INSERT INTO `item_group_data` VALUES (3, 1, 'Storage', 1, NULL, NULL, 1, '2019-08-30 18:49:53');
INSERT INTO `item_group_data` VALUES (4, 2, 'Customer Relationship Management (CRM)', 1, NULL, NULL, 1, '2019-08-30 18:50:06');
INSERT INTO `item_group_data` VALUES (5, 2, 'Project Management', 1, NULL, NULL, 1, '2019-08-30 18:50:14');
INSERT INTO `item_group_data` VALUES (6, 2, 'Sales', 1, NULL, NULL, 1, '2019-08-30 18:50:21');
INSERT INTO `item_group_data` VALUES (7, 2, 'Finance', 1, NULL, NULL, 1, '2019-08-30 18:50:29');
INSERT INTO `item_group_data` VALUES (8, 2, 'Standard Operation Procedure (S.O.P)', 1, NULL, NULL, 1, '2019-08-30 18:50:39');
INSERT INTO `item_group_data` VALUES (9, 2, 'Key Performance Indicator (K.P.I)', 1, NULL, NULL, 1, '2019-08-30 18:50:49');
INSERT INTO `item_group_data` VALUES (10, 2, 'Human Resource', 1, NULL, NULL, 1, '2019-08-30 18:50:57');
INSERT INTO `item_group_data` VALUES (11, 2, 'Budget Setup', 1, NULL, NULL, 1, '2019-08-30 18:51:04');
INSERT INTO `item_group_data` VALUES (12, 2, 'Document Management', 1, NULL, NULL, 1, '2019-08-30 18:51:14');
INSERT INTO `item_group_data` VALUES (13, 3, 'Online Support', 1, 20, '2019-09-04 13:34:10', 1, '2019-08-30 18:51:25');
INSERT INTO `item_group_data` VALUES (14, 3, 'User Guide', 1, NULL, NULL, 1, '2019-08-30 18:51:34');
INSERT INTO `item_group_data` VALUES (15, 4, 'Hosting', 1, NULL, NULL, 1, '2019-08-30 18:51:40');
INSERT INTO `item_group_data` VALUES (16, 2, 'Website Feature', 1, NULL, NULL, 20, '2019-09-04 11:22:06');
INSERT INTO `item_group_data` VALUES (17, 2, 'Reservation Management', 1, NULL, NULL, 20, '2019-09-04 13:47:04');
INSERT INTO `item_group_data` VALUES (18, 2, 'Reports', 1, NULL, NULL, 20, '2019-09-05 15:19:17');
INSERT INTO `item_group_data` VALUES (19, 1, 'First Setup', 1, NULL, NULL, 1, '2019-09-05 16:47:11');
INSERT INTO `item_group_data` VALUES (20, 2, 'User Interface', 1, NULL, NULL, 20, '2019-09-06 14:48:33');
COMMIT;

-- ----------------------------
-- Table structure for item_group_department
-- ----------------------------
DROP TABLE IF EXISTS `item_group_department`;
CREATE TABLE `item_group_department` (
  `id` int(11) NOT NULL AUTO_INCREMENT,
  `id_item_group` int(11) DEFAULT NULL,
  `id_department` int(11) DEFAULT NULL,
  PRIMARY KEY (`id`)
) ENGINE=InnoDB AUTO_INCREMENT=105 DEFAULT CHARSET=utf8;

-- ----------------------------
-- Records of item_group_department
-- ----------------------------
BEGIN;
INSERT INTO `item_group_department` VALUES (34, 10, 2);
INSERT INTO `item_group_department` VALUES (35, 10, 3);
INSERT INTO `item_group_department` VALUES (36, 11, 1);
INSERT INTO `item_group_department` VALUES (37, 11, 3);
INSERT INTO `item_group_department` VALUES (49, 5, 2);
INSERT INTO `item_group_department` VALUES (54, 12, 1);
INSERT INTO `item_group_department` VALUES (55, 12, 2);
INSERT INTO `item_group_department` VALUES (56, 12, 3);
INSERT INTO `item_group_department` VALUES (57, 12, 4);
INSERT INTO `item_group_department` VALUES (58, 12, 5);
INSERT INTO `item_group_department` VALUES (70, 2, 2);
INSERT INTO `item_group_department` VALUES (87, 6, 2);
INSERT INTO `item_group_department` VALUES (90, 1, 3);
INSERT INTO `item_group_department` VALUES (91, 4, 1);
INSERT INTO `item_group_department` VALUES (92, 4, 2);
INSERT INTO `item_group_department` VALUES (93, 4, 3);
INSERT INTO `item_group_department` VALUES (94, 4, 4);
INSERT INTO `item_group_department` VALUES (95, 4, 5);
INSERT INTO `item_group_department` VALUES (97, 7, 4);
INSERT INTO `item_group_department` VALUES (98, 3, 2);
INSERT INTO `item_group_department` VALUES (103, 9, 2);
INSERT INTO `item_group_department` VALUES (104, 9, 3);
COMMIT;

-- ----------------------------
-- Table structure for item_group_template_detail
-- ----------------------------
DROP TABLE IF EXISTS `item_group_template_detail`;
CREATE TABLE `item_group_template_detail` (
  `id` int(11) NOT NULL AUTO_INCREMENT,
  `id_item_group` int(11) DEFAULT NULL,
  `id_item_group_type` int(11) DEFAULT NULL,
  `title` varchar(255) DEFAULT NULL,
  `description` text,
  PRIMARY KEY (`id`)
) ENGINE=InnoDB AUTO_INCREMENT=311 DEFAULT CHARSET=utf8;

-- ----------------------------
-- Records of item_group_template_detail
-- ----------------------------
BEGIN;
INSERT INTO `item_group_template_detail` VALUES (98, 10, 4, '', '');
INSERT INTO `item_group_template_detail` VALUES (99, 11, 4, '', '');
INSERT INTO `item_group_template_detail` VALUES (109, 5, 17, 'Main Feature', '? Install an optimized booking widget on your website.\r\n? Allow travelers to make secure payments online.');
INSERT INTO `item_group_template_detail` VALUES (114, 12, 4, '', '');
INSERT INTO `item_group_template_detail` VALUES (121, 2, 17, 'Main Feature', '. Expand the list of OTAs you work with.\r\n. Ensure all OTAs and your website have the same rates.\r\n. Ensure all OTAs have the same room availability.');
INSERT INTO `item_group_template_detail` VALUES (221, 6, 16, 'Main Feature', '. Design and Build your website look and feel.\r\n. Optimize your website for search engines.\r\n. Enhance the loading speed of your website.\r\n. Free hosting and domain.');
INSERT INTO `item_group_template_detail` VALUES (237, 1, 16, 'Unique Layout', 'Inspiring and exclusive layout to showcase the unique quality of each business.');
INSERT INTO `item_group_template_detail` VALUES (238, 1, 16, 'Default Template Page', 'Home Page, Room (Listing + Detail), Facility & Service (Listing & Detail), Package (Listing & Detail), Blog (Listing & Detail), About Us, Contact Us, Gallery');
INSERT INTO `item_group_template_detail` VALUES (239, 1, 16, 'Add more pages', 'Add up to 10 additional pages to your website.');
INSERT INTO `item_group_template_detail` VALUES (240, 1, 16, 'SEO (Yeast)', 'Plugin to manage content that is visible on search engines and help to maximize website ranking.');
INSERT INTO `item_group_template_detail` VALUES (241, 1, 16, 'Cache System', 'To improve website speed and the ranking of the website on search engines');
INSERT INTO `item_group_template_detail` VALUES (242, 1, 16, 'Security', 'High Level website security to prevent website data being compromised.');
INSERT INTO `item_group_template_detail` VALUES (243, 1, 16, 'Responsive', 'Adaptability to any screen size, Desktop, Tablet, Mobile.');
INSERT INTO `item_group_template_detail` VALUES (244, 1, 16, 'Google MY Business', 'Website will appear on Google My Business at right side while searching by business name.');
INSERT INTO `item_group_template_detail` VALUES (245, 1, 16, 'Google Maps', 'Your property will be connected to Google Maps.');
INSERT INTO `item_group_template_detail` VALUES (246, 1, 16, 'Web Mail', 'Professional business email services.');
INSERT INTO `item_group_template_detail` VALUES (247, 1, 16, 'Form Captcha', 'Security enabled to ensure contact is not a malicious internet robot.');
INSERT INTO `item_group_template_detail` VALUES (248, 1, 16, 'Fav Icon', 'Unique file containing small icons to identify services or amenities in the website.');
INSERT INTO `item_group_template_detail` VALUES (249, 1, 16, 'Hide WordPress Error', 'Hide the error in WordPress.');
INSERT INTO `item_group_template_detail` VALUES (250, 1, 16, 'Contact form', 'The website able to manage multiple contact forms, including customized forms and mail contents flexibly with simple markup. Supported by Ajax-powered submission, CAPTCHA security and, Akismet spam filtering.');
INSERT INTO `item_group_template_detail` VALUES (251, 4, 4, 'Supplier Profile', '. Manage all your supplier or partner profiles and contacts');
INSERT INTO `item_group_template_detail` VALUES (252, 4, 4, 'Customer', '. Profile: general information of your customers. \r\n. Contact: create multiple contacts for your customers. \r\n. Solution: list of products or services which the customers are using. \r\n. Invoice: keep in track your invoices and items. \r\n. Payment: Track payment from invoices which are paid. \r\n. Contract: record all your customers contracts. \r\n. Proposals: create attractive proposals for customers and increase sales. \r\n. Project: keep track of your customer?s projects. \r\n. Task: keep track of tasks between customers. \r\n. Documentation: upload and manage related customer?s documents. \r\n. Note: Make notes on customers unique needed.  \r\n. Import Data: Import or upload multiple customer?s information (new customers).');
INSERT INTO `item_group_template_detail` VALUES (253, 4, 4, 'Leads', '. Profile: general information of your leads.\r\n. Proposals: create attractive proposals for leads and increase sales.\r\n. Task: keep track of tasks from leads.\r\n. Documentation: upload and manage related lead documents.\r\n. Note: Make note on leads.\r\n. Import Data: Import or upload multiple customers information (new leads).');
INSERT INTO `item_group_template_detail` VALUES (254, 4, 5, 'Overview', '. Overview details and track time spent on project for each staff member.');
INSERT INTO `item_group_template_detail` VALUES (255, 4, 5, 'Task', '. Split project into tasks and checklists of activities.');
INSERT INTO `item_group_template_detail` VALUES (256, 4, 5, 'Timesheet', '. Monitoring report on activities in each project.');
INSERT INTO `item_group_template_detail` VALUES (257, 4, 5, 'Sales Invoice', '. Generate the project invoice records to bill your customers promptly.');
INSERT INTO `item_group_template_detail` VALUES (258, 4, 5, 'Sales Payment', '. Record project transaction invoices to bill your customers promptly.');
INSERT INTO `item_group_template_detail` VALUES (259, 4, 5, 'Sales Quotation', '. Create and send quotations rapidly with note of next actions. \r\n. Ability to convert the quotation to invoice after customer accepts.');
INSERT INTO `item_group_template_detail` VALUES (260, 4, 5, 'Documentation', '. Upload and manage related project documents.');
INSERT INTO `item_group_template_detail` VALUES (261, 4, 5, 'Note', '. Make note on projects.');
INSERT INTO `item_group_template_detail` VALUES (262, 4, 5, 'Project Copy', '. Ability to clone project easily.');
INSERT INTO `item_group_template_detail` VALUES (263, 4, 6, 'Proposal', '. Create attractive proposals for leads or customers to increase sales.');
INSERT INTO `item_group_template_detail` VALUES (264, 4, 6, 'Quotation', '. Create and send quotations rapidly with note of next actions. ');
INSERT INTO `item_group_template_detail` VALUES (265, 4, 6, 'Contract', '. Add new contracts easily based on your clients. \r\n. Consolidate contracts by dates. ');
INSERT INTO `item_group_template_detail` VALUES (266, 4, 6, 'Item', '. Create final items or products for sales.');
INSERT INTO `item_group_template_detail` VALUES (267, 4, 6, 'Item Group', '. Create item group to separate items or products.');
INSERT INTO `item_group_template_detail` VALUES (268, 4, 7, 'Invoice', '. Keep track of invoices, items and generate reports.');
INSERT INTO `item_group_template_detail` VALUES (269, 4, 7, 'Payment', '. Record payment from invoices.');
INSERT INTO `item_group_template_detail` VALUES (270, 4, 7, 'Payroll', '. Notification of payroll request from HR.');
INSERT INTO `item_group_template_detail` VALUES (271, 4, 7, 'Expense', '. Records company, supplier and project expenses.');
INSERT INTO `item_group_template_detail` VALUES (272, 4, 8, 'S.O.P Set Up', '. Create Standard Operation Procedure (S.O.P) based on each departments unique  S.O.P.');
INSERT INTO `item_group_template_detail` VALUES (273, 4, 8, 'S.O.P', '. Create S.O.P to track time and achievements based on milestones. \r\n. Ability to Drag and Drop S.O.P between milestones.');
INSERT INTO `item_group_template_detail` VALUES (274, 4, 9, 'Goal Set Up', '. Ability for employee to set their goals by time or date and track achievements as K.P.I (Key Performance Indicator).');
INSERT INTO `item_group_template_detail` VALUES (275, 4, 10, 'Employee', '. Each employee allocated a dashboard which allow them to easily organize their work. Manage employees from one place.');
INSERT INTO `item_group_template_detail` VALUES (276, 4, 10, 'Knowledge Base', '. Share knowledge-based articles with your team or customers. ');
INSERT INTO `item_group_template_detail` VALUES (277, 4, 10, 'Cash Advance Request', '. Record employee request for cash advances and notification of HR decision.');
INSERT INTO `item_group_template_detail` VALUES (278, 4, 10, 'Leave Application', '. Record employees leave request.');
INSERT INTO `item_group_template_detail` VALUES (279, 4, 10, 'Payroll Request', '. Organize monthly payroll with the ability to deduct employee cash advances.');
INSERT INTO `item_group_template_detail` VALUES (280, 4, 11, 'Budget Setup', '. Create budget setup and track achievements. Track both budget plan and milestones.');
INSERT INTO `item_group_template_detail` VALUES (281, 4, 11, 'Comparing Actual/Budget', '. Compare budget setup and achievements to assess sales performance.');
INSERT INTO `item_group_template_detail` VALUES (282, 4, 12, 'Document Library', '. Upload files in document library. Each employee provided with their own files.');
INSERT INTO `item_group_template_detail` VALUES (283, 4, 16, 'Responsive', '. eOBMS is fully responsive, easily access data from mobile or tablet.');
INSERT INTO `item_group_template_detail` VALUES (284, 4, 18, 'Employee Report', '. Employees Report\r\n. Projects Report\r\n. Tasks Report');
INSERT INTO `item_group_template_detail` VALUES (285, 4, 18, 'Sales Report', '. Invoice Report\r\n. Proposals Report\r\n. Quotations Report');
INSERT INTO `item_group_template_detail` VALUES (286, 4, 18, 'Finance Report', '. Chart of accounts');
INSERT INTO `item_group_template_detail` VALUES (288, 7, 5, 'Create quotes in minutes', 'eO-DMCs increases productivity 10 times and more. ');
INSERT INTO `item_group_template_detail` VALUES (289, 7, 5, 'Powerful tailor-made itineraries', 'Create quality tailor-made itineraries rapidly. ');
INSERT INTO `item_group_template_detail` VALUES (290, 7, 6, 'Dynamic pricing', 'Flexible tour Pricing responding to different seasons, markets, and other arrangements.');
INSERT INTO `item_group_template_detail` VALUES (291, 7, 7, 'Accounting software compatible', 'Easily push information from tour operator software into back- office accounting software giving  a consistent flow of information from the booking through to reconciliation.');
INSERT INTO `item_group_template_detail` VALUES (292, 7, 4, 'Inbuilt CRM functionality', 'eO-DMCs provided CRM tailor made for business.');
INSERT INTO `item_group_template_detail` VALUES (293, 7, 6, 'Grow sales and increase profits', 'eO-DMCs manages clients file rapidly decreasing processing time. Staff can increase gross sales.\r\neO-DMCs allows you to invest more in sales and marketing by spending less on processing.');
INSERT INTO `item_group_template_detail` VALUES (294, 3, 17, 'Main Feature', '. Ensure all the Room types are matched in the system.\r\n. Ensure all OTAs and your website have the same rates and connected.\r\n. Ensure all the training of the system.');
INSERT INTO `item_group_template_detail` VALUES (300, 8, 17, 'Main Feature', '. Company able to monitor and manage Accommodation, Restaurant, Spa or Tour Reservations\r\n. View Restaurant menus and place food or drink orders including pre-orders.\r\n. Online hotel directory, making cumbersome paper in-room compendiums redundant.\r\n. Tour and Activity recommendations including a customer booking system.\r\n. Spa Menu including a customer booking system.\r\n. Special promotion notifications sent to guests or customers.');
INSERT INTO `item_group_template_detail` VALUES (301, 8, 20, 'Login', '. Multi Methods, Secure with beautiful Login Interface\r\n. Designed to match your business style.');
INSERT INTO `item_group_template_detail` VALUES (302, 8, 20, 'Dashboard', '. Modern Interface Design.\r\n. Digital Content Provide relevant information to attract potential customer.\r\n. Businesss product and services data center, for use by customer.');
INSERT INTO `item_group_template_detail` VALUES (303, 8, 20, 'Restaurant', '. Provides information about Food and Beverage available in restaurant.\r\n. Online Ordering by App\r\n. Categorized menu items\r\n. Each menu item includes:\r\n  . Description\r\n  . Feature and Gallery Image\r\n  . Related item\r\n  . Price by dish varieties \r\n  . Add to cart for ordering ');
INSERT INTO `item_group_template_detail` VALUES (304, 8, 20, 'Spa', '. Provide variety with spa treatments and services\r\n. The spa package categorized into different treatment varieties\r\n. Each item includes:\r\n  . Description\r\n  . Feature and Gallery Image \r\n  . Related item\r\n  . Package Price by hour \r\n  . Multi customer Booking\r\n  . Add to cart for booking');
INSERT INTO `item_group_template_detail` VALUES (305, 8, 20, 'Tour Package', '. Tour itinerary detail\r\n. Each menu item includes:\r\n  . Description\r\n  . Feature and Gallery Image\r\n  . Itinerary Description\r\n  . Itinerary Feature Image\r\n  . Included & Excluded Items\r\n  . Related item\r\n  . Price by package \r\n  . Multi customer Booking\r\n  . Add to cart for booking');
INSERT INTO `item_group_template_detail` VALUES (306, 8, 20, 'Accommodation', '. Ability to attach the Booking Widget (Booking Engine Platform) to custom mobile application.\r\n. Ability to drive direct booking from clients.');
INSERT INTO `item_group_template_detail` VALUES (307, 8, 20, 'Check out', '. Automatically fill in customer information.\r\n. Faster and more convenient.');
INSERT INTO `item_group_template_detail` VALUES (308, 8, 20, 'Order History', '. Provide customer with information on their recent order and current reservation status and progress.');
INSERT INTO `item_group_template_detail` VALUES (309, 8, 20, 'Chat', '. Instant chat to logged-in customer. \r\n. Push promotion notifications.');
INSERT INTO `item_group_template_detail` VALUES (310, 9, 4, '', '');
COMMIT;

-- ----------------------------
-- Table structure for item_group_type
-- ----------------------------
DROP TABLE IF EXISTS `item_group_type`;
CREATE TABLE `item_group_type` (
  `id` int(11) NOT NULL AUTO_INCREMENT,
  `name` varchar(255) DEFAULT NULL,
  PRIMARY KEY (`id`)
) ENGINE=InnoDB AUTO_INCREMENT=5 DEFAULT CHARSET=utf8;

-- ----------------------------
-- Records of item_group_type
-- ----------------------------
BEGIN;
INSERT INTO `item_group_type` VALUES (1, 'Essential');
INSERT INTO `item_group_type` VALUES (2, 'Main Feature');
INSERT INTO `item_group_type` VALUES (3, 'Support');
INSERT INTO `item_group_type` VALUES (4, 'Hosting');
COMMIT;

-- ----------------------------
-- Table structure for knowledge_base
-- ----------------------------
DROP TABLE IF EXISTS `knowledge_base`;
CREATE TABLE `knowledge_base` (
  `id` int(11) NOT NULL AUTO_INCREMENT,
  `name` varchar(255) COLLATE utf8_unicode_ci DEFAULT NULL,
  `slug` varbinary(255) DEFAULT NULL,
  `group` int(11) DEFAULT NULL,
  `internal_article` tinyint(1) DEFAULT NULL COMMENT '1= yes, 0 = No',
  `disabled` tinyint(1) DEFAULT NULL,
  `description` text COLLATE utf8_unicode_ci,
  `created_date` datetime DEFAULT NULL,
  `created_by` int(11) DEFAULT NULL,
  `updated_date` datetime DEFAULT NULL,
  `updated_by` int(11) DEFAULT NULL,
  `short_description` varchar(255) COLLATE utf8_unicode_ci DEFAULT NULL,
  PRIMARY KEY (`id`)
) ENGINE=InnoDB AUTO_INCREMENT=2 DEFAULT CHARSET=utf8 COLLATE=utf8_unicode_ci;

-- ----------------------------
-- Table structure for knowledge_base_position
-- ----------------------------
DROP TABLE IF EXISTS `knowledge_base_position`;
CREATE TABLE `knowledge_base_position` (
  `id` int(11) NOT NULL AUTO_INCREMENT,
  `id_knowledge_base` int(11) DEFAULT NULL,
  `id_position` varchar(50) DEFAULT NULL,
  PRIMARY KEY (`id`)
) ENGINE=InnoDB DEFAULT CHARSET=utf8 ROW_FORMAT=COMPACT;

-- ----------------------------
-- Table structure for lead_profile
-- ----------------------------
DROP TABLE IF EXISTS `lead_profile`;
CREATE TABLE `lead_profile` (
  `id` int(11) NOT NULL AUTO_INCREMENT,
  `lead_name` varchar(250) DEFAULT NULL,
  `company_name` varchar(250) DEFAULT NULL,
  `phone_number` varchar(50) DEFAULT NULL,
  `email_address` varchar(50) DEFAULT NULL,
  `latitute` decimal(16,10) DEFAULT NULL,
  `longitute` decimal(16,10) DEFAULT NULL,
  `address` varchar(250) DEFAULT NULL,
  `id_country` int(11) DEFAULT NULL,
  `id_city` int(11) DEFAULT NULL,
  `group_names` varchar(250) DEFAULT NULL,
  `billing_address` varchar(250) DEFAULT NULL,
  `id_billing_city` int(11) DEFAULT NULL,
  `id_billing_country` int(11) DEFAULT NULL,
  `shipping_address` varchar(250) DEFAULT NULL,
  `id_shipping_city` int(11) DEFAULT NULL,
  `id_shipping_country` int(11) DEFAULT NULL,
  `status` int(1) DEFAULT NULL,
  `created_by` int(11) DEFAULT NULL,
  `created_date` datetime DEFAULT NULL,
  `img_url` varchar(255) DEFAULT NULL,
  `updated_date` datetime DEFAULT NULL,
  `updated_by` int(11) DEFAULT NULL,
  `zip_code` varchar(50) DEFAULT NULL,
  `customer_status` int(1) DEFAULT NULL,
  `assigned_to` int(11) DEFAULT NULL,
  `id_source` int(11) DEFAULT NULL,
  `note` varchar(255) DEFAULT NULL,
  PRIMARY KEY (`id`)
) ENGINE=InnoDB AUTO_INCREMENT=4 DEFAULT CHARSET=utf8 ROW_FORMAT=COMPACT;

-- ----------------------------
-- Records of lead_profile
-- ----------------------------
BEGIN;
INSERT INTO `lead_profile` VALUES (3, 'Chenda', 'EKV', '', 'chenda@ekv.com', NULL, NULL, 'SR', 56, NULL, NULL, '', NULL, NULL, '', NULL, NULL, 1, 22, '2019-09-06 13:33:42', NULL, NULL, NULL, '', 1, 14, 1, '');
COMMIT;

-- ----------------------------
-- Table structure for lead_profile_note
-- ----------------------------
DROP TABLE IF EXISTS `lead_profile_note`;
CREATE TABLE `lead_profile_note` (
  `id` int(11) NOT NULL AUTO_INCREMENT,
  `note` varchar(255) DEFAULT NULL,
  `created_date` datetime DEFAULT NULL,
  `updated_by` int(11) DEFAULT NULL,
  `created_by` int(11) DEFAULT NULL,
  `updated_date` datetime DEFAULT NULL,
  `status` tinyint(11) DEFAULT NULL,
  `id_lead_profile` int(11) DEFAULT NULL,
  PRIMARY KEY (`id`) USING BTREE
) ENGINE=InnoDB DEFAULT CHARSET=utf8;

-- ----------------------------
-- Table structure for leave_application
-- ----------------------------
DROP TABLE IF EXISTS `leave_application`;
CREATE TABLE `leave_application` (
  `id` int(11) NOT NULL AUTO_INCREMENT,
  `id_approver` int(11) DEFAULT NULL,
  `start_date` date DEFAULT NULL,
  `end_date` date DEFAULT NULL,
  `img_url` varchar(255) DEFAULT NULL,
  `id_employee` int(11) DEFAULT NULL,
  `is_half_day` tinyint(1) DEFAULT NULL,
  `id_leave_type_name` int(11) DEFAULT NULL,
  `leave_reason` varchar(255) DEFAULT NULL,
  `reject_reason` varchar(255) DEFAULT NULL,
  `id_leave_status` varchar(255) DEFAULT NULL,
  `created_by` int(11) DEFAULT NULL,
  `created_date` datetime DEFAULT NULL,
  `updated_by` int(11) DEFAULT NULL,
  `updated_date` datetime DEFAULT NULL,
  PRIMARY KEY (`id`) USING BTREE
) ENGINE=InnoDB DEFAULT CHARSET=utf8 ROW_FORMAT=COMPACT;

-- ----------------------------
-- Table structure for leave_in_the_year
-- ----------------------------
DROP TABLE IF EXISTS `leave_in_the_year`;
CREATE TABLE `leave_in_the_year` (
  `id` int(11) NOT NULL AUTO_INCREMENT,
  `name` varbinary(255) DEFAULT NULL,
  `id_year_list` int(11) DEFAULT NULL,
  `id_month_list` int(11) DEFAULT NULL,
  `status` tinyint(1) DEFAULT NULL,
  `created_by` int(11) DEFAULT NULL,
  `created_date` datetime DEFAULT NULL,
  `updated_by` int(11) DEFAULT NULL,
  `updated_date` datetime DEFAULT NULL,
  PRIMARY KEY (`id`)
) ENGINE=InnoDB AUTO_INCREMENT=2 DEFAULT CHARSET=utf8 COLLATE=utf8_unicode_ci;

-- ----------------------------
-- Records of leave_in_the_year
-- ----------------------------
BEGIN;
INSERT INTO `leave_in_the_year` VALUES (1, 0x54657374696E67204C65617665, 1, 1, 1, 22, '2019-08-19 15:41:37', NULL, NULL);
COMMIT;

-- ----------------------------
-- Table structure for leave_in_the_year_data
-- ----------------------------
DROP TABLE IF EXISTS `leave_in_the_year_data`;
CREATE TABLE `leave_in_the_year_data` (
  `id` int(11) NOT NULL AUTO_INCREMENT,
  `id_leave_in_the_year` int(11) DEFAULT NULL,
  `leave_type_value` int(11) DEFAULT NULL,
  `id_leave_type` int(11) DEFAULT NULL,
  `id_month_list` int(11) DEFAULT NULL,
  `id_year_list` int(11) DEFAULT NULL,
  `created_date` datetime DEFAULT NULL,
  `created_by` int(11) DEFAULT NULL,
  `updated_date` datetime DEFAULT NULL,
  `updated_by` int(11) DEFAULT NULL,
  PRIMARY KEY (`id`)
) ENGINE=InnoDB AUTO_INCREMENT=11 DEFAULT CHARSET=utf8 COLLATE=utf8_unicode_ci;

-- ----------------------------
-- Records of leave_in_the_year_data
-- ----------------------------
BEGIN;
INSERT INTO `leave_in_the_year_data` VALUES (1, 1, 0, 1, NULL, NULL, NULL, NULL, NULL, NULL);
INSERT INTO `leave_in_the_year_data` VALUES (2, 1, 0, 2, NULL, NULL, NULL, NULL, NULL, NULL);
INSERT INTO `leave_in_the_year_data` VALUES (3, 1, 0, 3, NULL, NULL, NULL, NULL, NULL, NULL);
INSERT INTO `leave_in_the_year_data` VALUES (4, 1, 0, 4, NULL, NULL, NULL, NULL, NULL, NULL);
INSERT INTO `leave_in_the_year_data` VALUES (5, 1, 0, 5, NULL, NULL, NULL, NULL, NULL, NULL);
INSERT INTO `leave_in_the_year_data` VALUES (6, 1, 0, 6, NULL, NULL, NULL, NULL, NULL, NULL);
INSERT INTO `leave_in_the_year_data` VALUES (7, 1, 0, 7, NULL, NULL, NULL, NULL, NULL, NULL);
INSERT INTO `leave_in_the_year_data` VALUES (8, 1, 0, 8, NULL, NULL, NULL, NULL, NULL, NULL);
INSERT INTO `leave_in_the_year_data` VALUES (9, 1, 0, 9, NULL, NULL, NULL, NULL, NULL, NULL);
INSERT INTO `leave_in_the_year_data` VALUES (10, 1, 0, 10, NULL, NULL, NULL, NULL, NULL, NULL);
COMMIT;

-- ----------------------------
-- Table structure for leave_role
-- ----------------------------
DROP TABLE IF EXISTS `leave_role`;
CREATE TABLE `leave_role` (
  `id` int(11) NOT NULL AUTO_INCREMENT,
  `names` varchar(250) NOT NULL,
  `updated_by` int(11) DEFAULT NULL,
  `updated_date` datetime DEFAULT NULL,
  `status` tinyint(1) DEFAULT NULL,
  `created_by` int(11) DEFAULT NULL,
  `created_date` datetime DEFAULT NULL,
  PRIMARY KEY (`id`) USING BTREE
) ENGINE=InnoDB AUTO_INCREMENT=2 DEFAULT CHARSET=utf8 ROW_FORMAT=COMPACT;

-- ----------------------------
-- Records of leave_role
-- ----------------------------
BEGIN;
INSERT INTO `leave_role` VALUES (1, 'Maximum of leaving Day. ', 11, '2017-12-13 17:33:19', 1, 11, '2017-12-13 17:33:19');
COMMIT;

-- ----------------------------
-- Table structure for leave_status
-- ----------------------------
DROP TABLE IF EXISTS `leave_status`;
CREATE TABLE `leave_status` (
  `id` int(11) NOT NULL AUTO_INCREMENT,
  `css` varchar(255) DEFAULT NULL,
  `approve_status_name` varchar(255) DEFAULT NULL,
  PRIMARY KEY (`id`) USING BTREE
) ENGINE=InnoDB AUTO_INCREMENT=4 DEFAULT CHARSET=utf8 ROW_FORMAT=COMPACT;

-- ----------------------------
-- Records of leave_status
-- ----------------------------
BEGIN;
INSERT INTO `leave_status` VALUES (1, 'label-warning', 'Pending');
INSERT INTO `leave_status` VALUES (2, 'label-success', 'Approved');
INSERT INTO `leave_status` VALUES (3, 'label-danger', 'Rejected');
COMMIT;

-- ----------------------------
-- Table structure for leave_type_condition
-- ----------------------------
DROP TABLE IF EXISTS `leave_type_condition`;
CREATE TABLE `leave_type_condition` (
  `id` int(11) NOT NULL AUTO_INCREMENT,
  `names` varchar(250) NOT NULL,
  `updated_by` int(11) DEFAULT NULL,
  `updated_date` datetime DEFAULT NULL,
  `status` tinyint(1) DEFAULT NULL,
  `created_by` int(11) DEFAULT NULL,
  `created_date` datetime DEFAULT NULL,
  PRIMARY KEY (`id`) USING BTREE
) ENGINE=InnoDB AUTO_INCREMENT=5 DEFAULT CHARSET=utf8 ROW_FORMAT=COMPACT;

-- ----------------------------
-- Records of leave_type_condition
-- ----------------------------
BEGIN;
INSERT INTO `leave_type_condition` VALUES (1, 'Paid', 11, '2017-12-13 17:32:50', 1, 11, '2017-12-13 17:32:50');
INSERT INTO `leave_type_condition` VALUES (2, 'Unpaid', 11, '2017-12-13 17:32:56', 1, 11, '2017-12-13 17:32:56');
INSERT INTO `leave_type_condition` VALUES (3, 'Compensatory Off', 11, '2017-12-13 17:33:01', 1, 11, '2017-12-13 17:33:01');
INSERT INTO `leave_type_condition` VALUES (4, 'On Duty', 11, '2017-12-13 17:33:06', 1, 11, '2017-12-13 17:33:06');
COMMIT;

-- ----------------------------
-- Table structure for leave_type_name
-- ----------------------------
DROP TABLE IF EXISTS `leave_type_name`;
CREATE TABLE `leave_type_name` (
  `id` int(11) NOT NULL AUTO_INCREMENT,
  `names` varchar(250) NOT NULL,
  `shortcut` varchar(255) DEFAULT NULL,
  `css_style` varchar(255) DEFAULT NULL,
  `updated_by` int(11) DEFAULT NULL,
  `updated_date` datetime DEFAULT NULL,
  `status` tinyint(1) DEFAULT NULL,
  `created_by` int(11) DEFAULT NULL,
  `created_date` datetime DEFAULT NULL,
  PRIMARY KEY (`id`) USING BTREE
) ENGINE=InnoDB AUTO_INCREMENT=11 DEFAULT CHARSET=utf8 ROW_FORMAT=COMPACT;

-- ----------------------------
-- Records of leave_type_name
-- ----------------------------
BEGIN;
INSERT INTO `leave_type_name` VALUES (1, 'WORKING DAY', 'WD', '#1eb1ed', 1, '2018-12-03 13:05:31', 1, 11, '2017-12-13 17:32:17');
INSERT INTO `leave_type_name` VALUES (2, 'DAY OFF', 'OFF', '#1072bd', 11, '2017-12-13 17:32:36', 1, 11, '2017-12-13 17:32:36');
INSERT INTO `leave_type_name` VALUES (3, 'HALF PUBLIC HOLIDAY', 'HPH', '#e06b21', 1, '2018-12-03 13:05:56', 1, 11, '2017-12-13 17:32:41');
INSERT INTO `leave_type_name` VALUES (4, 'PUBLIC HOLIDAY', 'PH', '#964714', 1, '2018-12-03 13:06:01', 1, 1, '2018-12-03 13:06:01');
INSERT INTO `leave_type_name` VALUES (5, 'HALF ANNUAL LEAVE', 'HAL', '#8eb5e0', 1, '2018-12-03 13:06:16', 1, 1, '2018-12-03 13:06:16');
INSERT INTO `leave_type_name` VALUES (6, 'ANNUAL LEAVE', 'AL', '#568ed3', 1, '2018-12-03 13:06:23', 1, 1, '2018-12-03 13:06:23');
INSERT INTO `leave_type_name` VALUES (7, 'HALF DAY SICK LEAVE', 'HSL', '#fdbf2d', NULL, NULL, 1, NULL, NULL);
INSERT INTO `leave_type_name` VALUES (8, 'SICK LEAVE', 'SL', '#fffd38', NULL, NULL, 1, NULL, NULL);
INSERT INTO `leave_type_name` VALUES (9, 'ABSENCE', 'ABS', '#6f359e', NULL, NULL, 1, NULL, NULL);
INSERT INTO `leave_type_name` VALUES (10, 'LATE', 'L', '#fc0d1b', NULL, NULL, 1, NULL, NULL);
COMMIT;

-- ----------------------------
-- Table structure for marital_status
-- ----------------------------
DROP TABLE IF EXISTS `marital_status`;
CREATE TABLE `marital_status` (
  `id` int(11) NOT NULL AUTO_INCREMENT,
  `names` varchar(250) NOT NULL,
  `updated_by` int(11) DEFAULT NULL,
  `updated_date` datetime DEFAULT NULL,
  `status` int(1) DEFAULT NULL,
  `created_by` int(11) DEFAULT NULL,
  `created_date` datetime DEFAULT NULL,
  PRIMARY KEY (`id`) USING BTREE
) ENGINE=InnoDB AUTO_INCREMENT=5 DEFAULT CHARSET=utf8 ROW_FORMAT=COMPACT;

-- ----------------------------
-- Records of marital_status
-- ----------------------------
BEGIN;
INSERT INTO `marital_status` VALUES (1, 'Single', NULL, NULL, 1, 1, '2019-04-22 08:44:08');
INSERT INTO `marital_status` VALUES (2, 'Married', NULL, NULL, 1, 1, '2019-04-22 08:46:07');
INSERT INTO `marital_status` VALUES (3, 'Widowed', NULL, NULL, 1, 1, '2019-04-22 08:46:30');
INSERT INTO `marital_status` VALUES (4, 'Divorced', NULL, NULL, 1, 1, '2019-04-22 08:47:16');
COMMIT;

-- ----------------------------
-- Table structure for membership_document
-- ----------------------------
DROP TABLE IF EXISTS `membership_document`;
CREATE TABLE `membership_document` (
  `id` int(11) NOT NULL AUTO_INCREMENT,
  `id_membership_profile` int(11) NOT NULL,
  `document_name` varchar(255) COLLATE utf8_unicode_ci DEFAULT NULL,
  `document_type` varchar(255) COLLATE utf8_unicode_ci DEFAULT NULL,
  `document_size` varchar(100) COLLATE utf8_unicode_ci DEFAULT NULL,
  `uploaded_date` datetime DEFAULT NULL,
  `description` varchar(255) COLLATE utf8_unicode_ci DEFAULT NULL,
  `created_date` datetime DEFAULT NULL,
  `created_by` int(11) DEFAULT NULL,
  `updated_date` datetime DEFAULT NULL,
  `updated_by` int(11) DEFAULT NULL,
  `status` int(1) DEFAULT NULL,
  PRIMARY KEY (`id`)
) ENGINE=InnoDB DEFAULT CHARSET=utf8 COLLATE=utf8_unicode_ci;

-- ----------------------------
-- Table structure for membership_event
-- ----------------------------
DROP TABLE IF EXISTS `membership_event`;
CREATE TABLE `membership_event` (
  `id` int(11) NOT NULL AUTO_INCREMENT,
  `id_membership_profile` int(11) NOT NULL,
  `id_event_list` int(11) NOT NULL,
  `number_of_audient` int(11) NOT NULL,
  `address` varchar(255) COLLATE utf8_unicode_ci NOT NULL,
  `address_line_2` varchar(255) COLLATE utf8_unicode_ci DEFAULT NULL,
  `id_country` int(11) DEFAULT NULL,
  `id_city` int(11) DEFAULT NULL,
  `id_province` varchar(255) COLLATE utf8_unicode_ci DEFAULT NULL,
  `postal_code` varchar(255) COLLATE utf8_unicode_ci DEFAULT NULL,
  `prefix_phone_code` int(11) DEFAULT NULL,
  `phone_number` varchar(255) COLLATE utf8_unicode_ci DEFAULT NULL,
  `prefix_phone_code_line_2` int(11) DEFAULT NULL,
  `phone_number_line_2` varchar(255) COLLATE utf8_unicode_ci DEFAULT NULL,
  `email` varchar(255) COLLATE utf8_unicode_ci DEFAULT NULL,
  `description` text COLLATE utf8_unicode_ci,
  `created_date` datetime DEFAULT NULL,
  `created_by` int(11) DEFAULT NULL,
  `updated_date` datetime DEFAULT NULL,
  `updated_by` int(11) DEFAULT NULL,
  `status` int(1) DEFAULT NULL,
  `from_date` date DEFAULT NULL,
  `to_date` date DEFAULT NULL,
  `register_date` date DEFAULT NULL,
  `amount` decimal(10,2) DEFAULT NULL,
  `balance` decimal(10,2) DEFAULT NULL,
  `id_payment_type` int(11) DEFAULT NULL,
  `id_payment_method` int(11) DEFAULT NULL,
  `member_description` varchar(255) COLLATE utf8_unicode_ci DEFAULT NULL,
  `paid` decimal(10,2) DEFAULT NULL,
  `event_fee` decimal(10,2) DEFAULT NULL,
  `approval_status` int(1) DEFAULT NULL,
  PRIMARY KEY (`id`)
) ENGINE=InnoDB AUTO_INCREMENT=5 DEFAULT CHARSET=utf8 COLLATE=utf8_unicode_ci;

-- ----------------------------
-- Records of membership_event
-- ----------------------------
BEGIN;
INSERT INTO `membership_event` VALUES (1, 1, 1, 2, 'River side', '', 56, 21, 'Palate Restaurant', '', NULL, '', NULL, '', '', 'Time Activity Remarks \r\n\r\n08:00 Pick up from the Hotel Departure exactly on time \r\n08:10 ? 09:00 Ride to countryside fresh palm juice gathering and tasting  \r\n09:00 ? 09:30 Ride and explanation about house temples and stroll over local market \r\n09:30 ? 10:30 Ride to  Wat Svay Romeat Pagoda,  sightseeing,   blessing ceremony and fortune teller  \r\n10:30 ? 11:45 West  Mebon temple island During rainy season transported by   boat and dui during dry season by Vespa \r\n11:45 ? 13:00 Lunch and drinks at private farm picnic  \r\n13:00 ? 13:10 Visit to basket weaving and farming family  13:10 ? 13:35 Visit to sticky rice making and Local medicine   along the road back  \r\n13:30 ? 14:00 Return to hotel and end tour \r\n  \r\nImportant: \r\no The safety of the guests is paramount and all guests must wear helmets. \r\no The price is 40 US$ per person \r\no Each guest is driven by their personal drivers (only holders of local or international driver?s license are eligible to drive in Siem Reap and road conditions demand full concentration). \r\no Every tour is accompanied by a guide. o All snacks, drinks and foods are included in the price of the tour. Individual purchases during the tour are for the account of guests. \r\no The tour program may vary, for instance due to spontaneous extra activities or if an activity should not be available due to circumstances beyond our control. \r\no Guests are advised to use sunscreen and to wear comfortable clothes and footwear that can be cleaned easily.\r\n The tour rides rain or shine. In the monsoon season first- rate raincoats are provided by VA SR', '2019-07-03 16:47:53', 1, NULL, NULL, 1, '2019-07-12', '2019-07-12', '2019-07-03', 80.00, 80.00, 2, 1, '', 0.00, 40.00, 1);
INSERT INTO `membership_event` VALUES (2, 2, 1, 1, 'River side', '', 56, 21, 'Palate Restaurant', '', NULL, '', NULL, '', '', 'Time Activity Remarks \r\n\r\n08:00 Pick up from the Hotel Departure exactly on time \r\n08:10 ? 09:00 Ride to countryside fresh palm juice gathering and tasting  \r\n09:00 ? 09:30 Ride and explanation about house temples and stroll over local market \r\n09:30 ? 10:30 Ride to  Wat Svay Romeat Pagoda,  sightseeing,   blessing ceremony and fortune teller  \r\n10:30 ? 11:45 West  Mebon temple island During rainy season transported by   boat and dui during dry season by Vespa \r\n11:45 ? 13:00 Lunch and drinks at private farm picnic  \r\n13:00 ? 13:10 Visit to basket weaving and farming family  13:10 ? 13:35 Visit to sticky rice making and Local medicine   along the road back  \r\n13:30 ? 14:00 Return to hotel and end tour \r\n  \r\nImportant: \r\no The safety of the guests is paramount and all guests must wear helmets. \r\no The price is 40 US$ per person \r\no Each guest is driven by their personal drivers (only holders of local or international driver?s license are eligible to drive in Siem Reap and road conditions demand full concentration). \r\no Every tour is accompanied by a guide. o All snacks, drinks and foods are included in the price of the tour. Individual purchases during the tour are for the account of guests. \r\no The tour program may vary, for instance due to spontaneous extra activities or if an activity should not be available due to circumstances beyond our control. \r\no Guests are advised to use sunscreen and to wear comfortable clothes and footwear that can be cleaned easily.\r\n The tour rides rain or shine. In the monsoon season first- rate raincoats are provided by VA SR', '2019-07-03 17:03:30', 1, NULL, NULL, 1, '2019-07-12', '2019-07-12', '2019-07-03', 50.00, 50.00, 2, 1, '', NULL, 50.00, 1);
INSERT INTO `membership_event` VALUES (3, 2, 1, 2, 'River side', '', NULL, NULL, 'Palate Restaurant', '', NULL, '', NULL, '', '', 'Time Activity Remarks \r\n\r\n08:00 Pick up from the Hotel Departure exactly on time \r\n08:10 ? 09:00 Ride to countryside fresh palm juice gathering and tasting  \r\n09:00 ? 09:30 Ride and explanation about house temples and stroll over local market \r\n09:30 ? 10:30 Ride to  Wat Svay Romeat Pagoda,  sightseeing,   blessing ceremony and fortune teller  \r\n10:30 ? 11:45 West  Mebon temple island During rainy season transported by   boat and dui during dry season by Vespa \r\n11:45 ? 13:00 Lunch and drinks at private farm picnic  \r\n13:00 ? 13:10 Visit to basket weaving and farming family  13:10 ? 13:35 Visit to sticky rice making and Local medicine   along the road back  \r\n13:30 ? 14:00 Return to hotel and end tour \r\n  \r\nImportant: \r\no The safety of the guests is paramount and all guests must wear helmets. \r\no The price is 40 US$ per person \r\no Each guest is driven by their personal drivers (only holders of local or international driver?s license are eligible to drive in Siem Reap and road conditions demand full concentration). \r\no Every tour is accompanied by a guide. o All snacks, drinks and foods are included in the price of the tour. Individual purchases during the tour are for the account of guests. \r\no The tour program may vary, for instance due to spontaneous extra activities or if an activity should not be available due to circumstances beyond our control. \r\no Guests are advised to use sunscreen and to wear comfortable clothes and footwear that can be cleaned easily.\r\n The tour rides rain or shine. In the monsoon season first- rate raincoats are provided by VA SR', '2019-07-03 17:22:51', 1, NULL, NULL, 1, '2019-07-12', '2019-07-12', '2019-07-03', 80.00, NULL, NULL, NULL, NULL, NULL, 40.00, 1);
INSERT INTO `membership_event` VALUES (4, 2, 1, 3, 'River side', '', NULL, NULL, 'Palate Restaurant', '', NULL, '', NULL, '', '', 'Time Activity Remarks \r\n\r\n08:00 Pick up from the Hotel Departure exactly on time \r\n08:10 ? 09:00 Ride to countryside fresh palm juice gathering and tasting  \r\n09:00 ? 09:30 Ride and explanation about house temples and stroll over local market \r\n09:30 ? 10:30 Ride to  Wat Svay Romeat Pagoda,  sightseeing,   blessing ceremony and fortune teller  \r\n10:30 ? 11:45 West  Mebon temple island During rainy season transported by   boat and dui during dry season by Vespa \r\n11:45 ? 13:00 Lunch and drinks at private farm picnic  \r\n13:00 ? 13:10 Visit to basket weaving and farming family  13:10 ? 13:35 Visit to sticky rice making and Local medicine   along the road back  \r\n13:30 ? 14:00 Return to hotel and end tour \r\n  \r\nImportant: \r\no The safety of the guests is paramount and all guests must wear helmets. \r\no The price is 40 US$ per person \r\no Each guest is driven by their personal drivers (only holders of local or international driver?s license are eligible to drive in Siem Reap and road conditions demand full concentration). \r\no Every tour is accompanied by a guide. o All snacks, drinks and foods are included in the price of the tour. Individual purchases during the tour are for the account of guests. \r\no The tour program may vary, for instance due to spontaneous extra activities or if an activity should not be available due to circumstances beyond our control. \r\no Guests are advised to use sunscreen and to wear comfortable clothes and footwear that can be cleaned easily.\r\n The tour rides rain or shine. In the monsoon season first- rate raincoats are provided by VA SR', '2019-07-04 08:51:16', 1, NULL, NULL, 1, '2019-07-12', '2019-07-12', '2019-07-04', 120.00, 0.00, NULL, NULL, NULL, 120.00, 40.00, 1);
COMMIT;

-- ----------------------------
-- Table structure for membership_payment
-- ----------------------------
DROP TABLE IF EXISTS `membership_payment`;
CREATE TABLE `membership_payment` (
  `id` int(11) NOT NULL AUTO_INCREMENT,
  `id_membership_profile` int(11) NOT NULL,
  `amount` decimal(10,2) DEFAULT NULL,
  `paid` decimal(10,2) DEFAULT NULL,
  `balance` decimal(10,2) DEFAULT NULL,
  `id_payment_type` int(11) DEFAULT NULL,
  `id_payment_method` int(11) DEFAULT NULL,
  `id_membership_type` int(11) DEFAULT NULL,
  `from_date` date DEFAULT NULL,
  `to_date` date DEFAULT NULL,
  `description` varchar(255) COLLATE utf8_unicode_ci DEFAULT NULL,
  `created_date` datetime DEFAULT NULL,
  `created_by` int(11) DEFAULT NULL,
  `updated_date` datetime DEFAULT NULL,
  `updated_by` int(11) DEFAULT NULL,
  `status` int(1) DEFAULT NULL,
  `id_payment_for` int(11) DEFAULT NULL,
  PRIMARY KEY (`id`)
) ENGINE=InnoDB AUTO_INCREMENT=3 DEFAULT CHARSET=utf8 COLLATE=utf8_unicode_ci;

-- ----------------------------
-- Records of membership_payment
-- ----------------------------
BEGIN;
INSERT INTO `membership_payment` VALUES (1, 1, 80.00, 0.00, 80.00, 2, 1, NULL, '2019-07-12', '2019-07-12', '', NULL, NULL, NULL, NULL, 1, 2);
INSERT INTO `membership_payment` VALUES (2, 2, 50.00, NULL, 50.00, 2, 1, NULL, '2019-07-12', '2019-07-12', '', NULL, NULL, NULL, NULL, 1, 2);
COMMIT;

-- ----------------------------
-- Table structure for membership_profile
-- ----------------------------
DROP TABLE IF EXISTS `membership_profile`;
CREATE TABLE `membership_profile` (
  `id` int(11) NOT NULL AUTO_INCREMENT,
  `id_prefix` int(11) NOT NULL,
  `first_name` varchar(255) COLLATE utf8_unicode_ci NOT NULL,
  `last_name` varchar(255) COLLATE utf8_unicode_ci NOT NULL,
  `company_name` varchar(255) COLLATE utf8_unicode_ci NOT NULL,
  `passport_no` varchar(255) COLLATE utf8_unicode_ci DEFAULT NULL,
  `date_of_birth` date DEFAULT NULL,
  `place_of_birth` varchar(255) COLLATE utf8_unicode_ci DEFAULT NULL,
  `sex` varchar(8) COLLATE utf8_unicode_ci DEFAULT NULL,
  `nationality` int(11) NOT NULL,
  `address` varchar(255) COLLATE utf8_unicode_ci NOT NULL,
  `address_line_2` varchar(255) COLLATE utf8_unicode_ci DEFAULT NULL,
  `id_country` int(11) DEFAULT NULL,
  `id_city` int(11) DEFAULT NULL,
  `id_province` varchar(255) COLLATE utf8_unicode_ci DEFAULT NULL,
  `postal_code` varchar(255) COLLATE utf8_unicode_ci DEFAULT NULL,
  `marital_status` int(2) DEFAULT NULL,
  `prefix_phone_code` int(11) DEFAULT NULL,
  `phone_number` varchar(255) COLLATE utf8_unicode_ci DEFAULT NULL,
  `prefix_phone_code_line_2` int(11) DEFAULT NULL,
  `phone_number_line_2` varchar(255) COLLATE utf8_unicode_ci DEFAULT NULL,
  `email` varchar(255) COLLATE utf8_unicode_ci DEFAULT NULL,
  `website` varchar(255) COLLATE utf8_unicode_ci DEFAULT NULL,
  `contact_person` varchar(255) COLLATE utf8_unicode_ci DEFAULT NULL,
  `position` varchar(255) COLLATE utf8_unicode_ci DEFAULT NULL,
  `mot_licence_no` varchar(255) COLLATE utf8_unicode_ci DEFAULT NULL,
  `year_of_establishment` varchar(255) COLLATE utf8_unicode_ci DEFAULT NULL,
  `type_of_business` varchar(255) COLLATE utf8_unicode_ci DEFAULT NULL,
  `username` varchar(255) COLLATE utf8_unicode_ci NOT NULL,
  `password` varchar(255) COLLATE utf8_unicode_ci NOT NULL,
  `confirm_password` varchar(255) COLLATE utf8_unicode_ci NOT NULL,
  `description` varchar(255) COLLATE utf8_unicode_ci DEFAULT NULL,
  `created_date` datetime DEFAULT NULL,
  `created_by` int(11) DEFAULT NULL,
  `updated_date` datetime DEFAULT NULL,
  `updated_by` int(11) DEFAULT NULL,
  `status` int(1) DEFAULT NULL,
  `img_url` varchar(255) COLLATE utf8_unicode_ci DEFAULT NULL,
  `membership_type` int(11) NOT NULL,
  PRIMARY KEY (`id`)
) ENGINE=InnoDB AUTO_INCREMENT=4 DEFAULT CHARSET=utf8 COLLATE=utf8_unicode_ci;

-- ----------------------------
-- Records of membership_profile
-- ----------------------------
BEGIN;
INSERT INTO `membership_profile` VALUES (1, 1, 'Eng', 'Kunthea', 'Euro Khmer Voyages', '', '1980-06-01', '', '', 56, '#0677, Group 25, Slor Kram, Banteay Chas', '', 56, 21, '', '', 2, 106, '069955545', NULL, '', 'kunthea@ekvoyages.com', '', '', '', '', '', '', 'kunthea', '', '', '', '2019-07-03 16:28:05', 1, '2019-07-03 16:28:54', 1, 1, '3', 1);
INSERT INTO `membership_profile` VALUES (2, 1, 'chum', 'sokun', 'test subscriber ', '', '2019-07-03', '', '', 56, '#0677, Group 25, Slor Kram, Banteay Chas', '', NULL, NULL, '', '', 2, NULL, '', NULL, '', 'sokun@ekvoyages.com', '', '', '', '', '', '', 'sokun', '', '', '', '2019-07-03 16:58:02', 1, '2019-07-10 21:24:22', 8, 1, '16', 1);
INSERT INTO `membership_profile` VALUES (3, 4, 'Next', 'Step', 'eOcambo Village', '', NULL, '', NULL, 56, 'SR', '', NULL, NULL, '', '', NULL, NULL, '', NULL, '', 'nextstep@eocambo.com', 'eocambo.com', '', '', '', '', '', 'NextStep', '123456', '123456', '', '2019-07-10 21:24:12', 8, NULL, NULL, 1, NULL, 1);
COMMIT;

-- ----------------------------
-- Table structure for membership_type
-- ----------------------------
DROP TABLE IF EXISTS `membership_type`;
CREATE TABLE `membership_type` (
  `id` int(11) NOT NULL AUTO_INCREMENT,
  `membership_type` varchar(255) COLLATE utf8_unicode_ci DEFAULT NULL,
  `description` varchar(255) COLLATE utf8_unicode_ci DEFAULT NULL,
  `created_date` datetime DEFAULT NULL,
  `created_by` int(11) DEFAULT NULL,
  `updated_date` datetime DEFAULT NULL,
  `updated_by` int(11) DEFAULT NULL,
  `status` int(1) DEFAULT NULL,
  PRIMARY KEY (`id`)
) ENGINE=InnoDB AUTO_INCREMENT=6 DEFAULT CHARSET=utf8 COLLATE=utf8_unicode_ci;

-- ----------------------------
-- Records of membership_type
-- ----------------------------
BEGIN;
INSERT INTO `membership_type` VALUES (1, 'Diamond', 'sdfsd', '2019-04-18 08:57:41', 1, '2019-04-18 08:57:41', 1, 1);
INSERT INTO `membership_type` VALUES (2, 'Gold', '', '2019-04-18 10:36:33', 1, '2019-04-18 10:36:33', 1, 1);
INSERT INTO `membership_type` VALUES (4, 'Silver', '', '2019-04-18 14:02:07', 1, '2019-04-22 11:05:15', 1, 1);
INSERT INTO `membership_type` VALUES (5, 'Brone', '', '2019-04-18 14:03:38', 1, '2019-04-18 14:12:47', 1, 1);
COMMIT;

-- ----------------------------
-- Table structure for migration
-- ----------------------------
DROP TABLE IF EXISTS `migration`;
CREATE TABLE `migration` (
  `version` varchar(180) NOT NULL,
  `apply_time` int(11) DEFAULT NULL,
  PRIMARY KEY (`version`)
) ENGINE=InnoDB DEFAULT CHARSET=utf8;

-- ----------------------------
-- Records of migration
-- ----------------------------
BEGIN;
INSERT INTO `migration` VALUES ('m000000_000000_base', 1552447078);
INSERT INTO `migration` VALUES ('m130524_201442_init', 1552447085);
COMMIT;

-- ----------------------------
-- Table structure for milestone_data
-- ----------------------------
DROP TABLE IF EXISTS `milestone_data`;
CREATE TABLE `milestone_data` (
  `id` int(11) NOT NULL AUTO_INCREMENT,
  `id_milestone_type` int(11) DEFAULT NULL,
  `id_project` int(11) DEFAULT NULL,
  `id_task` int(11) DEFAULT NULL,
  PRIMARY KEY (`id`)
) ENGINE=InnoDB DEFAULT CHARSET=utf8;

-- ----------------------------
-- Table structure for month_list
-- ----------------------------
DROP TABLE IF EXISTS `month_list`;
CREATE TABLE `month_list` (
  `id` int(11) NOT NULL AUTO_INCREMENT,
  `name` varchar(20) DEFAULT NULL,
  PRIMARY KEY (`id`)
) ENGINE=InnoDB AUTO_INCREMENT=13 DEFAULT CHARSET=utf8;

-- ----------------------------
-- Records of month_list
-- ----------------------------
BEGIN;
INSERT INTO `month_list` VALUES (1, 'January');
INSERT INTO `month_list` VALUES (2, 'February');
INSERT INTO `month_list` VALUES (3, 'March');
INSERT INTO `month_list` VALUES (4, 'April');
INSERT INTO `month_list` VALUES (5, 'May');
INSERT INTO `month_list` VALUES (6, 'June');
INSERT INTO `month_list` VALUES (7, 'July');
INSERT INTO `month_list` VALUES (8, 'August');
INSERT INTO `month_list` VALUES (9, 'September');
INSERT INTO `month_list` VALUES (10, 'October');
INSERT INTO `month_list` VALUES (11, 'November');
INSERT INTO `month_list` VALUES (12, 'December');
COMMIT;

-- ----------------------------
-- Table structure for pay_period
-- ----------------------------
DROP TABLE IF EXISTS `pay_period`;
CREATE TABLE `pay_period` (
  `id` int(11) NOT NULL AUTO_INCREMENT,
  `name` varchar(255) DEFAULT NULL,
  PRIMARY KEY (`id`)
) ENGINE=InnoDB AUTO_INCREMENT=7 DEFAULT CHARSET=utf8;

-- ----------------------------
-- Records of pay_period
-- ----------------------------
BEGIN;
INSERT INTO `pay_period` VALUES (1, '1 month');
INSERT INTO `pay_period` VALUES (2, '2 months');
INSERT INTO `pay_period` VALUES (3, '3 months');
INSERT INTO `pay_period` VALUES (4, '4 months');
INSERT INTO `pay_period` VALUES (5, '5 months');
INSERT INTO `pay_period` VALUES (6, '6 months');
COMMIT;

-- ----------------------------
-- Table structure for payment_for
-- ----------------------------
DROP TABLE IF EXISTS `payment_for`;
CREATE TABLE `payment_for` (
  `id` int(11) NOT NULL AUTO_INCREMENT,
  `names` varchar(250) NOT NULL,
  `updated_by` int(11) DEFAULT NULL,
  `updated_date` datetime DEFAULT NULL,
  `status` int(1) DEFAULT NULL,
  `created_by` int(11) DEFAULT NULL,
  `created_date` datetime DEFAULT NULL,
  PRIMARY KEY (`id`) USING BTREE
) ENGINE=InnoDB AUTO_INCREMENT=3 DEFAULT CHARSET=utf8 ROW_FORMAT=COMPACT;

-- ----------------------------
-- Records of payment_for
-- ----------------------------
BEGIN;
INSERT INTO `payment_for` VALUES (1, 'Membership', NULL, NULL, 1, 1, '2019-05-17 11:19:01');
INSERT INTO `payment_for` VALUES (2, 'Event', NULL, NULL, 1, 1, '2019-05-17 11:19:11');
COMMIT;

-- ----------------------------
-- Table structure for payment_method
-- ----------------------------
DROP TABLE IF EXISTS `payment_method`;
CREATE TABLE `payment_method` (
  `id` int(11) NOT NULL AUTO_INCREMENT,
  `names` varchar(250) NOT NULL,
  `updated_by` int(11) DEFAULT NULL,
  `updated_date` datetime DEFAULT NULL,
  `status` int(1) DEFAULT NULL,
  `created_by` int(11) DEFAULT NULL,
  `created_date` datetime DEFAULT NULL,
  PRIMARY KEY (`id`) USING BTREE
) ENGINE=InnoDB AUTO_INCREMENT=7 DEFAULT CHARSET=utf8 ROW_FORMAT=COMPACT;

-- ----------------------------
-- Records of payment_method
-- ----------------------------
BEGIN;
INSERT INTO `payment_method` VALUES (1, 'Cash', 1, '2019-04-23 15:34:27', 1, 11, '2017-12-13 17:20:12');
INSERT INTO `payment_method` VALUES (2, 'Transfer Money', 11, '2017-12-13 17:20:18', 1, 11, '2017-12-13 17:20:18');
INSERT INTO `payment_method` VALUES (3, 'Cheque', 11, '2017-12-13 17:20:24', 1, 11, '2017-12-13 17:20:24');
INSERT INTO `payment_method` VALUES (5, 'E-payment', 11, '2017-12-13 17:20:29', 1, 11, '2017-12-13 17:20:29');
INSERT INTO `payment_method` VALUES (6, 'POS Credit Card', 35, '2018-08-11 19:23:31', 1, 35, '2018-08-11 19:23:31');
COMMIT;

-- ----------------------------
-- Table structure for payment_status
-- ----------------------------
DROP TABLE IF EXISTS `payment_status`;
CREATE TABLE `payment_status` (
  `id` int(11) NOT NULL AUTO_INCREMENT,
  `names` varchar(250) NOT NULL,
  `updated_by` int(11) DEFAULT NULL,
  `updated_date` datetime DEFAULT NULL,
  `status` int(1) DEFAULT NULL,
  `created_by` int(11) DEFAULT NULL,
  `created_date` datetime DEFAULT NULL,
  PRIMARY KEY (`id`) USING BTREE
) ENGINE=InnoDB AUTO_INCREMENT=5 DEFAULT CHARSET=utf8 ROW_FORMAT=COMPACT;

-- ----------------------------
-- Records of payment_status
-- ----------------------------
BEGIN;
INSERT INTO `payment_status` VALUES (1, 'Paid', 1, '2019-06-03 11:34:41', 1, 1, '2019-05-17 08:50:14');
INSERT INTO `payment_status` VALUES (2, 'Pending', NULL, NULL, 1, 1, '2019-05-17 08:50:26');
INSERT INTO `payment_status` VALUES (3, 'Overdue', NULL, NULL, 1, 1, '2019-05-17 08:50:35');
INSERT INTO `payment_status` VALUES (4, 'Expired', 1, '2019-06-03 11:35:57', 1, 1, '2019-05-17 08:50:47');
COMMIT;

-- ----------------------------
-- Table structure for payment_type
-- ----------------------------
DROP TABLE IF EXISTS `payment_type`;
CREATE TABLE `payment_type` (
  `id` int(11) NOT NULL AUTO_INCREMENT,
  `names` varchar(250) NOT NULL,
  `updated_by` int(11) DEFAULT NULL,
  `updated_date` datetime DEFAULT NULL,
  `status` int(1) DEFAULT NULL,
  `created_by` int(11) DEFAULT NULL,
  `created_date` datetime DEFAULT NULL,
  PRIMARY KEY (`id`) USING BTREE
) ENGINE=InnoDB AUTO_INCREMENT=6 DEFAULT CHARSET=utf8 ROW_FORMAT=COMPACT;

-- ----------------------------
-- Records of payment_type
-- ----------------------------
BEGIN;
INSERT INTO `payment_type` VALUES (1, 'Pre-payment', 1, '2019-07-03 13:30:09', 1, 11, '2017-12-13 17:20:41');
INSERT INTO `payment_type` VALUES (2, 'Cash on Arrival', 1, '2019-07-03 13:30:40', 1, 11, '2017-12-13 17:20:46');
INSERT INTO `payment_type` VALUES (3, 'Before check out', 1, '2019-07-03 13:30:45', 1, 11, '2017-12-13 17:20:52');
INSERT INTO `payment_type` VALUES (4, 'Credit', 1, '2019-07-03 13:30:48', 1, 11, '2017-12-13 17:20:59');
INSERT INTO `payment_type` VALUES (5, 'Deposit', 1, '2019-07-03 13:31:03', 1, 11, '2017-12-13 17:21:05');
COMMIT;

-- ----------------------------
-- Table structure for payroll
-- ----------------------------
DROP TABLE IF EXISTS `payroll`;
CREATE TABLE `payroll` (
  `id` int(11) NOT NULL AUTO_INCREMENT,
  `id_payroll_request` int(11) DEFAULT NULL,
  `doc_id` varchar(50) DEFAULT NULL,
  `date` date DEFAULT NULL,
  `pay_for` int(11) DEFAULT NULL,
  `total_net_pay` decimal(10,2) DEFAULT NULL,
  `chart_of_account` int(11) DEFAULT NULL,
  `amount` decimal(10,2) DEFAULT NULL,
  `amount_in_word` varchar(255) DEFAULT NULL,
  `chart_of_account_option` int(11) DEFAULT NULL,
  `amount_option` decimal(10,2) DEFAULT NULL,
  `amount_in_word_option` varchar(255) DEFAULT NULL,
  `status` tinyint(1) DEFAULT NULL,
  `updated_by` int(11) DEFAULT NULL,
  `updated_date` datetime DEFAULT NULL,
  `created_by` int(11) DEFAULT NULL,
  `created_date` datetime DEFAULT NULL,
  PRIMARY KEY (`id`)
) ENGINE=InnoDB DEFAULT CHARSET=utf8;

-- ----------------------------
-- Table structure for payroll_data
-- ----------------------------
DROP TABLE IF EXISTS `payroll_data`;
CREATE TABLE `payroll_data` (
  `id` int(11) NOT NULL AUTO_INCREMENT,
  `id_payroll` int(11) DEFAULT NULL,
  `id_type` int(11) DEFAULT NULL,
  `description` varchar(255) DEFAULT NULL,
  `amount` decimal(10,2) DEFAULT NULL,
  PRIMARY KEY (`id`)
) ENGINE=InnoDB DEFAULT CHARSET=utf8;

-- ----------------------------
-- Table structure for payroll_request
-- ----------------------------
DROP TABLE IF EXISTS `payroll_request`;
CREATE TABLE `payroll_request` (
  `id` int(11) NOT NULL AUTO_INCREMENT,
  `date` date DEFAULT NULL,
  `id_year` int(11) DEFAULT NULL,
  `id_month` int(11) DEFAULT NULL,
  `total_amount` decimal(10,2) DEFAULT NULL,
  `id_prepared_by` varchar(255) DEFAULT NULL,
  `status` tinyint(1) DEFAULT NULL,
  `updated_by` int(11) DEFAULT NULL,
  `updated_date` datetime DEFAULT NULL,
  `created_by` int(11) DEFAULT NULL,
  `created_date` datetime DEFAULT NULL,
  `grand_total_basic_salary` decimal(10,2) DEFAULT NULL,
  `grand_total_probation_pass_amount` decimal(10,2) DEFAULT NULL,
  `grand_total_probation_working_day` int(11) DEFAULT NULL,
  `grand_total_probation_per_day_amount` decimal(10,2) DEFAULT NULL,
  `grand_total_probation_pass_total_amount` decimal(10,2) DEFAULT NULL,
  `grand_total_absent` int(11) DEFAULT NULL,
  `grand_total_absent_deduct_amount` decimal(10,2) DEFAULT NULL,
  `grand_total_advance_deduct_amount` decimal(10,2) DEFAULT NULL,
  `grand_total_increase_amount` decimal(10,2) DEFAULT NULL,
  `grand_total_other_amount` decimal(10,2) DEFAULT NULL,
  `grand_total_balance_amount` decimal(10,2) DEFAULT NULL,
  `grand_total_service_charge_amount` decimal(10,2) DEFAULT NULL,
  `grand_total_bonus_amount` decimal(10,2) DEFAULT NULL,
  `grand_total_net_pay_amount` decimal(10,2) DEFAULT NULL,
  `grand_total_tip_amount` decimal(10,2) DEFAULT NULL,
  `grand_total_total_net_pay_amount` decimal(10,2) DEFAULT NULL,
  PRIMARY KEY (`id`)
) ENGINE=InnoDB DEFAULT CHARSET=utf8;

-- ----------------------------
-- Table structure for payroll_request_data
-- ----------------------------
DROP TABLE IF EXISTS `payroll_request_data`;
CREATE TABLE `payroll_request_data` (
  `id` int(11) NOT NULL AUTO_INCREMENT,
  `id_payroll_request` int(11) DEFAULT NULL,
  `id_employee` int(11) DEFAULT NULL,
  `basic_salary` decimal(10,2) DEFAULT NULL,
  `probation_pass_amount` decimal(10,2) DEFAULT NULL,
  `probation_working_day` int(11) DEFAULT NULL,
  `probation_per_day_amount` decimal(10,2) DEFAULT NULL,
  `probation_pass_total_amount` decimal(10,2) DEFAULT NULL,
  `absent` int(11) DEFAULT NULL,
  `absent_deduct_amount` decimal(10,2) DEFAULT NULL,
  `advance_deduct_amount` decimal(10,2) DEFAULT NULL,
  `increase_amount` decimal(10,2) DEFAULT NULL,
  `other_amount` decimal(10,2) DEFAULT NULL,
  `balance_amount` decimal(10,2) DEFAULT NULL,
  `service_charge_amount` decimal(10,2) DEFAULT NULL,
  `bonus_amount` decimal(10,2) DEFAULT NULL,
  `net_pay_amount` decimal(10,2) DEFAULT NULL,
  `id_payment_method` int(11) DEFAULT NULL,
  `tip_amount` decimal(10,2) DEFAULT NULL,
  `total_net_pay_amount` decimal(10,2) DEFAULT NULL,
  `remark` varchar(255) DEFAULT NULL,
  PRIMARY KEY (`id`)
) ENGINE=InnoDB DEFAULT CHARSET=utf8;

-- ----------------------------
-- Table structure for payroll_request_status
-- ----------------------------
DROP TABLE IF EXISTS `payroll_request_status`;
CREATE TABLE `payroll_request_status` (
  `id` int(11) NOT NULL AUTO_INCREMENT,
  `name` varchar(20) DEFAULT NULL,
  `css_class` varchar(20) CHARACTER SET utf8 COLLATE utf8_unicode_ci DEFAULT NULL,
  `status` tinyint(4) DEFAULT NULL,
  PRIMARY KEY (`id`)
) ENGINE=InnoDB AUTO_INCREMENT=4 DEFAULT CHARSET=utf8;

-- ----------------------------
-- Records of payroll_request_status
-- ----------------------------
BEGIN;
INSERT INTO `payroll_request_status` VALUES (1, 'Approved', 'label label-info', 1);
INSERT INTO `payroll_request_status` VALUES (2, 'Requested', 'label label-primary', 1);
INSERT INTO `payroll_request_status` VALUES (3, 'Preparing', 'label label-danger', 1);
COMMIT;

-- ----------------------------
-- Table structure for payroll_status
-- ----------------------------
DROP TABLE IF EXISTS `payroll_status`;
CREATE TABLE `payroll_status` (
  `id` int(11) NOT NULL AUTO_INCREMENT,
  `name` varchar(20) DEFAULT NULL,
  `css_class` varchar(20) CHARACTER SET utf8 COLLATE utf8_unicode_ci DEFAULT NULL,
  `status` tinyint(4) DEFAULT NULL,
  PRIMARY KEY (`id`)
) ENGINE=InnoDB AUTO_INCREMENT=5 DEFAULT CHARSET=utf8;

-- ----------------------------
-- Records of payroll_status
-- ----------------------------
BEGIN;
INSERT INTO `payroll_status` VALUES (1, 'Approved', 'label label-info', 1);
INSERT INTO `payroll_status` VALUES (2, 'Paid', 'label label-primary', 1);
INSERT INTO `payroll_status` VALUES (3, 'Rejected', 'label label-danger', 1);
INSERT INTO `payroll_status` VALUES (4, 'Waiting for Approval', 'label label-mint', 1);
COMMIT;

-- ----------------------------
-- Table structure for payroll_type
-- ----------------------------
DROP TABLE IF EXISTS `payroll_type`;
CREATE TABLE `payroll_type` (
  `id` int(11) NOT NULL AUTO_INCREMENT,
  `name` varchar(50) DEFAULT NULL,
  `status` tinyint(1) DEFAULT NULL,
  `updated_by` int(11) DEFAULT NULL,
  `updated_date` datetime DEFAULT NULL,
  `created_by` int(11) DEFAULT NULL,
  `created_date` datetime DEFAULT NULL,
  PRIMARY KEY (`id`)
) ENGINE=InnoDB AUTO_INCREMENT=5 DEFAULT CHARSET=utf8;

-- ----------------------------
-- Records of payroll_type
-- ----------------------------
BEGIN;
INSERT INTO `payroll_type` VALUES (1, 'Basic Salary', 1, NULL, NULL, NULL, NULL);
INSERT INTO `payroll_type` VALUES (2, 'Overtime', 1, NULL, NULL, NULL, NULL);
INSERT INTO `payroll_type` VALUES (3, 'Allowance', 1, NULL, NULL, NULL, NULL);
INSERT INTO `payroll_type` VALUES (4, 'Deduct', 1, NULL, NULL, NULL, NULL);
COMMIT;

-- ----------------------------
-- Table structure for permission_action
-- ----------------------------
DROP TABLE IF EXISTS `permission_action`;
CREATE TABLE `permission_action` (
  `id` int(11) NOT NULL AUTO_INCREMENT,
  `user_type_id` int(11) DEFAULT NULL,
  `permission_menu_id` int(11) DEFAULT NULL,
  `is_show_menu` int(11) DEFAULT NULL,
  PRIMARY KEY (`id`)
) ENGINE=InnoDB AUTO_INCREMENT=1026 DEFAULT CHARSET=utf8;

-- ----------------------------
-- Records of permission_action
-- ----------------------------
BEGIN;
INSERT INTO `permission_action` VALUES (632, 1, 1, NULL);
INSERT INTO `permission_action` VALUES (633, 1, 42, NULL);
INSERT INTO `permission_action` VALUES (634, 1, 23, NULL);
INSERT INTO `permission_action` VALUES (635, 1, 44, NULL);
INSERT INTO `permission_action` VALUES (636, 1, 20, NULL);
INSERT INTO `permission_action` VALUES (637, 1, 24, NULL);
INSERT INTO `permission_action` VALUES (638, 1, 28, NULL);
INSERT INTO `permission_action` VALUES (639, 1, 31, NULL);
INSERT INTO `permission_action` VALUES (640, 1, 32, NULL);
INSERT INTO `permission_action` VALUES (641, 1, 33, NULL);
INSERT INTO `permission_action` VALUES (642, 1, 43, NULL);
INSERT INTO `permission_action` VALUES (643, 1, 64, NULL);
INSERT INTO `permission_action` VALUES (644, 1, 45, NULL);
INSERT INTO `permission_action` VALUES (645, 1, 21, NULL);
INSERT INTO `permission_action` VALUES (646, 1, 63, NULL);
INSERT INTO `permission_action` VALUES (647, 1, 49, NULL);
INSERT INTO `permission_action` VALUES (648, 1, 25, NULL);
INSERT INTO `permission_action` VALUES (649, 1, 29, NULL);
INSERT INTO `permission_action` VALUES (650, 1, 30, NULL);
INSERT INTO `permission_action` VALUES (651, 1, 38, NULL);
INSERT INTO `permission_action` VALUES (652, 1, 39, NULL);
INSERT INTO `permission_action` VALUES (653, 1, 40, NULL);
INSERT INTO `permission_action` VALUES (654, 1, 51, NULL);
INSERT INTO `permission_action` VALUES (655, 1, 57, NULL);
INSERT INTO `permission_action` VALUES (656, 1, 58, NULL);
INSERT INTO `permission_action` VALUES (657, 1, 59, NULL);
INSERT INTO `permission_action` VALUES (658, 1, 60, NULL);
INSERT INTO `permission_action` VALUES (659, 1, 50, NULL);
INSERT INTO `permission_action` VALUES (660, 1, 11, NULL);
INSERT INTO `permission_action` VALUES (661, 1, 22, NULL);
INSERT INTO `permission_action` VALUES (662, 1, 35, NULL);
INSERT INTO `permission_action` VALUES (663, 1, 47, NULL);
INSERT INTO `permission_action` VALUES (664, 1, 52, NULL);
INSERT INTO `permission_action` VALUES (665, 1, 55, NULL);
INSERT INTO `permission_action` VALUES (666, 1, 56, NULL);
INSERT INTO `permission_action` VALUES (667, 1, 61, NULL);
INSERT INTO `permission_action` VALUES (668, 1, 54, NULL);
INSERT INTO `permission_action` VALUES (669, 1, 6, NULL);
INSERT INTO `permission_action` VALUES (670, 1, 62, NULL);
INSERT INTO `permission_action` VALUES (671, 1, 27, NULL);
INSERT INTO `permission_action` VALUES (672, 1, 48, NULL);
INSERT INTO `permission_action` VALUES (673, 1, 41, NULL);
INSERT INTO `permission_action` VALUES (674, 1, 46, NULL);
INSERT INTO `permission_action` VALUES (675, 1, 8, NULL);
INSERT INTO `permission_action` VALUES (676, 1, 13, NULL);
INSERT INTO `permission_action` VALUES (677, 1, 17, NULL);
INSERT INTO `permission_action` VALUES (678, 1, 34, NULL);
INSERT INTO `permission_action` VALUES (931, 3, 1, NULL);
INSERT INTO `permission_action` VALUES (932, 3, 60, NULL);
INSERT INTO `permission_action` VALUES (933, 3, 20, NULL);
INSERT INTO `permission_action` VALUES (934, 3, 21, NULL);
INSERT INTO `permission_action` VALUES (935, 3, 63, NULL);
INSERT INTO `permission_action` VALUES (936, 3, 59, NULL);
INSERT INTO `permission_action` VALUES (937, 3, 35, NULL);
INSERT INTO `permission_action` VALUES (938, 3, 6, NULL);
INSERT INTO `permission_action` VALUES (939, 3, 50, NULL);
INSERT INTO `permission_action` VALUES (940, 3, 22, NULL);
INSERT INTO `permission_action` VALUES (941, 3, 55, NULL);
INSERT INTO `permission_action` VALUES (942, 3, 58, NULL);
INSERT INTO `permission_action` VALUES (943, 4, 1, NULL);
INSERT INTO `permission_action` VALUES (944, 4, 60, NULL);
INSERT INTO `permission_action` VALUES (945, 4, 23, NULL);
INSERT INTO `permission_action` VALUES (946, 4, 20, NULL);
INSERT INTO `permission_action` VALUES (947, 4, 21, NULL);
INSERT INTO `permission_action` VALUES (948, 4, 63, NULL);
INSERT INTO `permission_action` VALUES (949, 4, 59, NULL);
INSERT INTO `permission_action` VALUES (950, 4, 35, NULL);
INSERT INTO `permission_action` VALUES (951, 4, 6, NULL);
INSERT INTO `permission_action` VALUES (952, 4, 50, NULL);
INSERT INTO `permission_action` VALUES (953, 4, 22, NULL);
INSERT INTO `permission_action` VALUES (954, 4, 55, NULL);
INSERT INTO `permission_action` VALUES (955, 4, 52, NULL);
INSERT INTO `permission_action` VALUES (956, 4, 58, NULL);
INSERT INTO `permission_action` VALUES (982, 5, 1, NULL);
INSERT INTO `permission_action` VALUES (983, 5, 60, NULL);
INSERT INTO `permission_action` VALUES (984, 5, 23, NULL);
INSERT INTO `permission_action` VALUES (985, 5, 20, NULL);
INSERT INTO `permission_action` VALUES (986, 5, 21, NULL);
INSERT INTO `permission_action` VALUES (987, 5, 63, NULL);
INSERT INTO `permission_action` VALUES (988, 5, 59, NULL);
INSERT INTO `permission_action` VALUES (989, 5, 35, NULL);
INSERT INTO `permission_action` VALUES (990, 5, 6, NULL);
INSERT INTO `permission_action` VALUES (991, 5, 50, NULL);
INSERT INTO `permission_action` VALUES (992, 5, 22, NULL);
INSERT INTO `permission_action` VALUES (993, 5, 55, NULL);
INSERT INTO `permission_action` VALUES (994, 5, 8, NULL);
INSERT INTO `permission_action` VALUES (995, 5, 58, NULL);
INSERT INTO `permission_action` VALUES (996, 2, 1, NULL);
INSERT INTO `permission_action` VALUES (997, 2, 60, NULL);
INSERT INTO `permission_action` VALUES (998, 2, 44, NULL);
INSERT INTO `permission_action` VALUES (999, 2, 23, NULL);
INSERT INTO `permission_action` VALUES (1000, 2, 20, NULL);
INSERT INTO `permission_action` VALUES (1001, 2, 21, NULL);
INSERT INTO `permission_action` VALUES (1002, 2, 63, NULL);
INSERT INTO `permission_action` VALUES (1003, 2, 59, NULL);
INSERT INTO `permission_action` VALUES (1004, 2, 54, NULL);
INSERT INTO `permission_action` VALUES (1005, 2, 35, NULL);
INSERT INTO `permission_action` VALUES (1006, 2, 6, NULL);
INSERT INTO `permission_action` VALUES (1007, 2, 24, NULL);
INSERT INTO `permission_action` VALUES (1008, 2, 33, NULL);
INSERT INTO `permission_action` VALUES (1009, 2, 43, NULL);
INSERT INTO `permission_action` VALUES (1010, 2, 31, NULL);
INSERT INTO `permission_action` VALUES (1011, 2, 29, NULL);
INSERT INTO `permission_action` VALUES (1012, 2, 30, NULL);
INSERT INTO `permission_action` VALUES (1013, 2, 25, NULL);
INSERT INTO `permission_action` VALUES (1014, 2, 22, NULL);
INSERT INTO `permission_action` VALUES (1015, 2, 55, NULL);
INSERT INTO `permission_action` VALUES (1016, 2, 52, NULL);
INSERT INTO `permission_action` VALUES (1017, 2, 8, NULL);
INSERT INTO `permission_action` VALUES (1018, 2, 58, NULL);
INSERT INTO `permission_action` VALUES (1019, 2, 28, NULL);
INSERT INTO `permission_action` VALUES (1020, 2, 32, NULL);
INSERT INTO `permission_action` VALUES (1021, 2, 64, NULL);
INSERT INTO `permission_action` VALUES (1022, 2, 45, NULL);
INSERT INTO `permission_action` VALUES (1023, 2, 38, NULL);
INSERT INTO `permission_action` VALUES (1024, 2, 39, NULL);
INSERT INTO `permission_action` VALUES (1025, 2, 40, NULL);
COMMIT;

-- ----------------------------
-- Table structure for permission_action_data
-- ----------------------------
DROP TABLE IF EXISTS `permission_action_data`;
CREATE TABLE `permission_action_data` (
  `id` int(11) NOT NULL AUTO_INCREMENT,
  `id_permission_action` int(11) DEFAULT NULL,
  `allow_action` varchar(255) DEFAULT NULL,
  PRIMARY KEY (`id`)
) ENGINE=InnoDB AUTO_INCREMENT=61 DEFAULT CHARSET=utf8;

-- ----------------------------
-- Records of permission_action_data
-- ----------------------------
BEGIN;
INSERT INTO `permission_action_data` VALUES (1, 1, 'index,detail,view,update');
INSERT INTO `permission_action_data` VALUES (2, 2, 'subscriber,subscriber-detail');
INSERT INTO `permission_action_data` VALUES (3, 3, 'index');
INSERT INTO `permission_action_data` VALUES (4, 4, 'index');
INSERT INTO `permission_action_data` VALUES (5, 5, 'index');
INSERT INTO `permission_action_data` VALUES (6, 6, 'index,subscriber');
INSERT INTO `permission_action_data` VALUES (7, 7, 'index');
INSERT INTO `permission_action_data` VALUES (8, 8, 'index');
INSERT INTO `permission_action_data` VALUES (9, 9, 'index');
INSERT INTO `permission_action_data` VALUES (10, 10, 'index');
INSERT INTO `permission_action_data` VALUES (11, 12, 'index');
INSERT INTO `permission_action_data` VALUES (12, 12, 'index');
INSERT INTO `permission_action_data` VALUES (13, 13, 'index');
INSERT INTO `permission_action_data` VALUES (14, 14, 'index');
INSERT INTO `permission_action_data` VALUES (15, 15, 'index');
INSERT INTO `permission_action_data` VALUES (16, 16, 'index');
INSERT INTO `permission_action_data` VALUES (17, 17, 'index');
INSERT INTO `permission_action_data` VALUES (18, 18, 'index');
INSERT INTO `permission_action_data` VALUES (19, 19, 'index');
INSERT INTO `permission_action_data` VALUES (20, 20, 'index,validation');
INSERT INTO `permission_action_data` VALUES (21, 21, 'index');
INSERT INTO `permission_action_data` VALUES (22, 22, 'index');
INSERT INTO `permission_action_data` VALUES (23, 23, 'index');
INSERT INTO `permission_action_data` VALUES (24, 24, 'index');
INSERT INTO `permission_action_data` VALUES (25, 25, 'index');
INSERT INTO `permission_action_data` VALUES (26, 26, 'index');
INSERT INTO `permission_action_data` VALUES (27, 27, 'index');
INSERT INTO `permission_action_data` VALUES (28, 28, 'index');
INSERT INTO `permission_action_data` VALUES (29, 29, 'index');
INSERT INTO `permission_action_data` VALUES (30, 30, 'index');
INSERT INTO `permission_action_data` VALUES (31, 31, 'index');
INSERT INTO `permission_action_data` VALUES (32, 32, 'index');
INSERT INTO `permission_action_data` VALUES (33, 33, 'index');
INSERT INTO `permission_action_data` VALUES (34, 34, 'index');
INSERT INTO `permission_action_data` VALUES (35, 35, 'index');
INSERT INTO `permission_action_data` VALUES (36, 36, 'index');
INSERT INTO `permission_action_data` VALUES (37, 37, 'index');
INSERT INTO `permission_action_data` VALUES (38, 38, 'index,update');
INSERT INTO `permission_action_data` VALUES (39, 39, 'index,update');
INSERT INTO `permission_action_data` VALUES (40, 40, 'index');
INSERT INTO `permission_action_data` VALUES (41, 41, 'index');
INSERT INTO `permission_action_data` VALUES (42, 42, 'index');
INSERT INTO `permission_action_data` VALUES (43, 43, 'index');
INSERT INTO `permission_action_data` VALUES (44, 44, 'index');
INSERT INTO `permission_action_data` VALUES (45, 45, 'index,profile');
INSERT INTO `permission_action_data` VALUES (46, 46, 'index');
INSERT INTO `permission_action_data` VALUES (47, 47, 'index');
INSERT INTO `permission_action_data` VALUES (48, 48, 'index');
INSERT INTO `permission_action_data` VALUES (49, 49, 'index');
INSERT INTO `permission_action_data` VALUES (50, 50, 'index');
INSERT INTO `permission_action_data` VALUES (51, 51, 'index');
INSERT INTO `permission_action_data` VALUES (52, 52, 'index');
INSERT INTO `permission_action_data` VALUES (53, 53, 'index');
INSERT INTO `permission_action_data` VALUES (54, 54, 'index');
INSERT INTO `permission_action_data` VALUES (55, 55, 'index');
INSERT INTO `permission_action_data` VALUES (56, 56, 'index');
INSERT INTO `permission_action_data` VALUES (57, 57, 'index');
INSERT INTO `permission_action_data` VALUES (58, 58, 'index');
INSERT INTO `permission_action_data` VALUES (59, 59, 'index');
INSERT INTO `permission_action_data` VALUES (60, 60, 'index');
COMMIT;

-- ----------------------------
-- Table structure for permission_menu
-- ----------------------------
DROP TABLE IF EXISTS `permission_menu`;
CREATE TABLE `permission_menu` (
  `id` int(11) NOT NULL AUTO_INCREMENT,
  `is_parent` tinyint(1) DEFAULT NULL,
  `parent_id` int(11) DEFAULT NULL,
  `menu_name` varchar(100) DEFAULT NULL,
  `sort` int(11) DEFAULT NULL,
  `menu_icon` varchar(50) DEFAULT NULL,
  `menu_url` varchar(255) DEFAULT NULL,
  `css_class` varchar(500) DEFAULT NULL,
  `status` tinyint(1) DEFAULT NULL,
  `contoller` varchar(255) DEFAULT NULL,
  `action` varchar(255) DEFAULT NULL,
  `extra_action` text,
  PRIMARY KEY (`id`)
) ENGINE=InnoDB AUTO_INCREMENT=66 DEFAULT CHARSET=utf8;

-- ----------------------------
-- Records of permission_menu
-- ----------------------------
BEGIN;
INSERT INTO `permission_menu` VALUES (1, 1, 0, 'Dashboard', 1, 'demo-pli-home', '/', 'index dashboard', 1, 'site', 'index', 'index,create,view,update,delete');
INSERT INTO `permission_menu` VALUES (2, 1, 0, 'Subscriber', NULL, 'fa fa-group', 'membership-profile/subscriber', 'membership-profile-subscriber membership-profile-subscriber membership-payment-subscriber membership-event-subscriber membership-document-subscriber', 0, 'membership-profile', 'subscriber', 'index,create,view,update,delete');
INSERT INTO `permission_menu` VALUES (3, 1, 0, 'Event', NULL, 'fa fa-calendar', 'event-list/index', 'event-list-index', 0, 'event-list', 'index', 'index,create,view,update,delete');
INSERT INTO `permission_menu` VALUES (4, 1, 0, 'Task', NULL, 'fa fa-tasks', 'membership-event/task', 'membership-event-task', 0, 'event-list', 'index', 'index,create,view,update,delete');
INSERT INTO `permission_menu` VALUES (5, 1, 0, 'Payment', NULL, 'demo-pli-coin', 'membership-payment/payment', 'membership-payment-payment', 0, 'membership-payment', 'payment', 'index,create,view,update,delete');
INSERT INTO `permission_menu` VALUES (6, 1, 0, 'Document', 11, 'fa fa-file-text-o', 'document/index', 'document-index document-subscriber', 1, 'document', 'index', 'index,create,view,update,delete,,document,create-folder,dependent-folder,get-info,rename-folder,delete-folder,upload-document,upload,remove,download');
INSERT INTO `permission_menu` VALUES (7, 1, 0, 'User', 0, 'demo-pli-male icon-fw', 'user/index', 'user-index', 0, 'user', 'index', 'index,create,view,update,delete');
INSERT INTO `permission_menu` VALUES (8, 1, 0, 'Setting', 16, 'demo-pli-gear icon-lg icon-fw', '#', 'company-profile-index payment-status-index data-option-phone-country-code-index data-option-prefix-index marital-status-index country-index city-index payment-method-index user-type-index department-index employee-position-index bank-index chart-account-index item-group-data-index item-index item-group-index contract-type-index account-type-index standard-operation-step-index', 1, NULL, NULL, 'index,create,view,update,delete');
INSERT INTO `permission_menu` VALUES (9, 0, 8, 'Payment Status', 0, NULL, 'payment-status/index', 'payment-status-index', 0, 'payment-status', 'index', 'index,create,view,update,delete');
INSERT INTO `permission_menu` VALUES (10, 0, 8, 'Payment For', 0, NULL, 'payment-for/index', 'payment-for-index', 0, 'payment-for', 'index', 'index,create,view,update,delete');
INSERT INTO `permission_menu` VALUES (11, 0, 8, 'Position', 12, NULL, 'employee-position/index', 'employee-position-index', 1, 'employee-position', 'index', 'index,create,view,update,delete');
INSERT INTO `permission_menu` VALUES (12, 0, 8, 'Permission', 0, NULL, 'permission/index', 'permission-index', 0, 'permission', 'index', 'index,create,view,update,delete');
INSERT INTO `permission_menu` VALUES (13, 0, 8, 'Prefix', 2, NULL, 'data-option-prefix/index', 'data-option-prefix-index', 1, 'data-option-prefix', 'index', 'index,create,view,update,delete');
INSERT INTO `permission_menu` VALUES (14, 0, 8, 'Phone country code', 0, NULL, 'data-option-phone-country-code/index', 'data-option-phone-country-code-index', 0, 'data-option-phone-country-code', 'index', 'index,create,view,update,delete');
INSERT INTO `permission_menu` VALUES (15, 0, 8, 'Marital Status', 0, NULL, 'marital-status/index', 'marital-status-index', 0, 'marital-status', 'index', 'index,create,view,update,delete');
INSERT INTO `permission_menu` VALUES (16, 0, 8, 'Country', 0, NULL, 'country/index', 'country-index', 0, 'country', 'index', 'index,create,view,update,delete');
INSERT INTO `permission_menu` VALUES (17, 0, 8, 'City', 3, NULL, 'city/index', 'city-index', 1, 'city', 'index', 'index,create,view,update,delete');
INSERT INTO `permission_menu` VALUES (18, 0, 8, 'Payment Type', 0, NULL, 'payment-type/index', 'payment-type-index', 0, 'payment-type', 'index', 'index,create,view,update,delete');
INSERT INTO `permission_menu` VALUES (19, 0, 8, 'Payment Method', 0, NULL, 'payment-method/index', 'payment-method-index', 0, 'payment-method', 'index', 'index,create,view,update,delete');
INSERT INTO `permission_menu` VALUES (20, 1, 0, 'Projects', 5, 'fa fa-cubes', 'project/index', 'project-index', 1, 'project', 'index', 'index,create,view,update,delete,overview,task,copy,timesheet,sale-invoice,sale-payment,sale-quotation,dependent-get-customer-info,sale-expense,document,create-folder,dependent-folder,get-info,rename-folder,delete-folder,upload-document,upload,remove,download,note');
INSERT INTO `permission_menu` VALUES (21, 1, 0, 'Tasks', 6, 'fa fa-tasks', 'task/index', 'task-index', 1, 'task', 'index', 'index,create,view,update,delete,copy');
INSERT INTO `permission_menu` VALUES (22, 0, 50, 'Employee', 1, '', 'employee-profile/index', 'employee-profile-index', 1, 'employee-profile', 'index', 'index,create,view,update,delete,profile,document,create-folder,dependent-folder,get-info,rename-folder,delete-folder,upload-document,upload,remove,download,get-department');
INSERT INTO `permission_menu` VALUES (23, 1, 0, 'Customer', 4, 'fa fa-user-o', 'customer-profile/index', 'customer-profile-index', 1, 'customer-profile', 'index', 'index,create,view,update,delete,import-csv,download-sample-csv,profile,solution,document,create-folder,dependent-folder,get-info,rename-folder,delete-folder,upload-document,upload,remove,download');
INSERT INTO `permission_menu` VALUES (24, 1, 0, 'Sales', 12, 'fa fa-balance-scale', '#', 'quotation-index proposal-index contract-index', 1, 'sale', 'index', 'index,create,view,update,delete');
INSERT INTO `permission_menu` VALUES (25, 0, 49, 'Expense', 3, 'fa fa-file-text-o', 'expense/index', 'expense-index', 1, 'expense', 'index', 'index,create,view,update,delete');
INSERT INTO `permission_menu` VALUES (27, 1, 0, 'Report', 15, 'fa fa-area-chart', 'report/index', 'finance-chart-of-account-index index employee-report-report', 1, 'report', 'index', 'index,create,view,update,delete,report');
INSERT INTO `permission_menu` VALUES (28, 0, 8, 'Items', 5, NULL, 'item/index', 'item-index', 1, 'item', 'index', 'index,create,view,update,delete');
INSERT INTO `permission_menu` VALUES (29, 0, 49, 'Invoices', 1, NULL, 'customer-invoice/index', 'customer-invoice-index customer-invoice-view', 1, 'customer-invoice', 'index', 'index,create,view,update,delete,void,validation-payment');
INSERT INTO `permission_menu` VALUES (30, 0, 49, 'Payments', 2, NULL, 'customer-payment/index', 'customer-payment-index customer-payment-view', 1, 'customer-payment', 'index', 'index,create,view,update,delete');
INSERT INTO `permission_menu` VALUES (31, 0, 24, 'Contracts', 3, NULL, 'contract/index', 'contract-index', 1, 'contract', 'index', 'index,create,view,update,delete,detail,document,create-folder,dependent-folder,get-info,rename-folder,delete-folder,upload-document,upload,remove,download,overview');
INSERT INTO `permission_menu` VALUES (32, 0, 8, 'Item Group', 6, NULL, 'item-group/index', 'item-group-index', 1, 'item-group', 'index', 'index,create,view,update,delete');
INSERT INTO `permission_menu` VALUES (33, 0, 24, 'Proposal', 1, NULL, 'proposal/index', 'proposal-index', 1, 'proposal', 'index', 'index,create,view,update,delete,overview,note');
INSERT INTO `permission_menu` VALUES (34, 0, 8, 'Company Profile', 4, NULL, 'company-profile/index', 'company-profile-index', 1, 'company-profile', 'index', 'index,create,view,update,delete');
INSERT INTO `permission_menu` VALUES (35, 1, 0, 'Knowledge Base', 10, 'fa fa-file-text-o', 'knowledge-base/index', 'knowledge-base-index', 1, 'knowledge-base', 'index', 'index,create,view,update,delete,article');
INSERT INTO `permission_menu` VALUES (38, 0, 8, 'Account Type', 9, NULL, 'account-type/index', 'account-type-index', 1, 'account-type', NULL, 'index,create,view,update,delete');
INSERT INTO `permission_menu` VALUES (39, 0, 8, 'Chart of Account', 10, NULL, 'chart-account/index', 'chart-account-index', 1, 'chart-account', NULL, 'index,create,view,update,delete');
INSERT INTO `permission_menu` VALUES (40, 0, 8, 'Bank', 11, NULL, 'bank/index', 'bank-index', 1, 'bank', NULL, 'index,create,view,update,delete');
INSERT INTO `permission_menu` VALUES (41, 0, 27, 'Chart of Account', 0, NULL, 'finance-chart-of-account/index', 'finance-chart-of-account-index', 1, 'finance-chart-of-account', NULL, 'index,create,view,update,delete');
INSERT INTO `permission_menu` VALUES (42, 0, 49, 'Supplier', 5, 'demo-pli-male-female', 'supplier-profile/index', 'supplier-profile-index', 1, 'supplier-profile', NULL, 'index,create,view,update,delete');
INSERT INTO `permission_menu` VALUES (43, 0, 24, 'Quotation', 2, NULL, 'quotation/index', 'quotation-index', 1, 'quotation', 'index', 'index,create,view,update,delete,overview,pdf,dependent-get-customer-info,download');
INSERT INTO `permission_menu` VALUES (44, 1, 0, 'Lead', 3, 'fa fa-tty', 'lead-profile/index', 'lead-profile-index', 1, 'lead-profile', 'index', 'index,create,view,update,delete,import-csv,download-sample-csv,profile,document,create-folder,dependent-folder,get-info,rename-folder,delete-folder,upload-document,upload,remove,download,convert-lead');
INSERT INTO `permission_menu` VALUES (45, 0, 8, 'Contract Type', 8, NULL, 'contract-type/index', 'contract-type-index', 1, 'contract-type', 'index', 'index,create,view,update,delete');
INSERT INTO `permission_menu` VALUES (46, 0, 27, 'Sale Report', 0, NULL, 'sale-report/invoice?smMenu=1', 'sale-report-invoice', 1, 'sale-report', 'invoice', 'index,create,view,update,delete,invoice,proposal,quotation');
INSERT INTO `permission_menu` VALUES (47, 0, 8, 'Department', 13, NULL, 'department/index', 'department-index', 1, 'department', 'index', 'index,create,view,update,delete');
INSERT INTO `permission_menu` VALUES (48, 0, 27, 'Employee Report', NULL, NULL, 'employee-report/report?smMenu=1', 'employee-report-project', 1, 'employee-report', 'project', 'index,create,view,update,delete,report,tasks,project');
INSERT INTO `permission_menu` VALUES (49, 1, 0, 'Finance', 13, 'fa fa-money', '#', 'payroll-index customer-invoice-index customer-invoice-view  customer-payment-index customer-payment-view expense-index supplier-profile-index', 1, ' ', NULL, 'index,create,view,update,delete');
INSERT INTO `permission_menu` VALUES (50, 1, 0, 'Human Resource', 14, 'demo-pli-address-book', '#', 'leave-in-the-year-index leave-application-index payroll-request-index payroll-type-index cash-advance-request-index employee-profile-index ', 1, 'hr', 'index', 'index,create,view,update,delete');
INSERT INTO `permission_menu` VALUES (51, 0, 49, 'Payroll', 4, NULL, 'payroll/index', 'payroll-index', 1, 'payroll', 'index', 'index,create,view,update,delete');
INSERT INTO `permission_menu` VALUES (52, 0, 50, 'Cash Advance Request', 3, NULL, 'cash-advance-request/index', 'cash-advance-request-index', 1, 'cash-advance-request', 'index', 'index,create,view,update,delete');
INSERT INTO `permission_menu` VALUES (53, 0, 50, 'Payroll Type', 0, NULL, 'payroll-type/index', 'payroll-type-index', 0, 'payroll-type', 'index', 'index,create,view,update,delete');
INSERT INTO `permission_menu` VALUES (54, 1, 0, 'Budget Setup', 9, 'demo-pli-coin', 'budget-set-up/index', 'budget-set-up-index', 1, 'budget-set-up', 'index', 'index,create,view,update,delete');
INSERT INTO `permission_menu` VALUES (55, 0, 50, 'Leave Application', 2, NULL, 'leave-application/index', 'leave-application-index', 1, 'leave-application', 'index', 'index,create,view,update,delete');
INSERT INTO `permission_menu` VALUES (56, 0, 50, 'Payroll Request', 4, NULL, 'payroll-request/index', 'payroll-request-index', 1, 'payroll-request', 'index', 'index,create,view,update,delete');
INSERT INTO `permission_menu` VALUES (57, 1, 0, 'K.P.I', 8, 'demo-pli-tactic', 'standard-operation/index', 'standard-operation-index sop-goal-setup-index', 0, 'standard-operation', 'index', 'index,create,view,update,delete,form-view');
INSERT INTO `permission_menu` VALUES (58, 0, 8, 'K.P.I Set Up', 1, NULL, 'standard-operation-step/index', 'standard-operation-step-index', 1, 'standard-operation-step', 'index', 'index,create,view,update,delete');
INSERT INTO `permission_menu` VALUES (59, 1, 0, 'K.P.I', 8, 'demo-pli-tactic', 'sop-goal-setup/index', 'sop-goal-setup-index', 1, 'sop-goal-setup', 'index', 'index,create,view,update,delete,form-view');
INSERT INTO `permission_menu` VALUES (60, 1, 0, 'Milestone', 2, 'fa fa-history', 'standard-operation/index', 'standard-operation-index', 1, 'standard-operation', 'index', 'index,create,view,update,delete,update-step-sop,form-view');
INSERT INTO `permission_menu` VALUES (61, 0, 50, 'Leave Setup', 0, NULL, 'leave-in-the-year/index', 'leave-in-the-year-index', 0, 'leave-in-the-year', 'index', 'index,create,view,update,delete');
INSERT INTO `permission_menu` VALUES (62, 0, 8, 'User Type & Roles', 13, 'demo-pli-computer-secure', 'user-type/index', 'user-type-index user-type-roles user-type-update', 1, 'user-type', 'index', 'index,create,view,update,delete,roles');
INSERT INTO `permission_menu` VALUES (63, 1, 0, 'S.O.P', 7, 'demo-pli-receipt-4', 'standard-operation-procedure-set-up/index', 'standard-operation-procedure-set-up-index', 1, 'standard-operation-procedure-set-up', 'index', 'index,create,view,update,delete,sop-setup,,document,create-folder,dependent-folder,get-info,rename-folder,delete-folder,upload-document,upload,remove,download');
INSERT INTO `permission_menu` VALUES (64, 0, 8, 'Item Group Data', 7, NULL, 'item-group-data/index', 'item-group-data-index', 1, 'item-group-data', 'index', 'index,create,view,update,delete,item');
INSERT INTO `permission_menu` VALUES (65, 0, 8, 'Setting', 19, NULL, 'setting/index', 'setting-index', 1, 'setting', 'index', 'index,create,view,update,delete,item');
COMMIT;

-- ----------------------------
-- Table structure for permission_menu_live
-- ----------------------------
DROP TABLE IF EXISTS `permission_menu_live`;
CREATE TABLE `permission_menu_live` (
  `id` int(11) NOT NULL AUTO_INCREMENT,
  `is_parent` tinyint(1) DEFAULT NULL,
  `parent_id` int(11) DEFAULT NULL,
  `menu_name` varchar(100) DEFAULT NULL,
  `menu_icon` varchar(50) DEFAULT NULL,
  `menu_url` varchar(255) DEFAULT NULL,
  `css_class` varchar(500) DEFAULT NULL,
  `status` tinyint(1) DEFAULT NULL,
  `contoller` varchar(255) DEFAULT NULL,
  `action` varchar(255) DEFAULT NULL,
  `extra_action` text,
  `sort` int(11) DEFAULT NULL,
  PRIMARY KEY (`id`)
) ENGINE=InnoDB AUTO_INCREMENT=65 DEFAULT CHARSET=utf8;

-- ----------------------------
-- Records of permission_menu_live
-- ----------------------------
BEGIN;
INSERT INTO `permission_menu_live` VALUES (1, 1, 0, 'Dashboard', 'demo-pli-home', '/', 'index dashboard', 1, 'site', 'index', 'index,create,view,update,delete', 1);
INSERT INTO `permission_menu_live` VALUES (2, 1, 0, 'Subscriber', 'fa fa-group', 'membership-profile/subscriber', 'membership-profile-subscriber membership-profile-subscriber membership-payment-subscriber membership-event-subscriber membership-document-subscriber', 0, 'membership-profile', 'subscriber', 'index,create,view,update,delete', NULL);
INSERT INTO `permission_menu_live` VALUES (3, 1, 0, 'Event', 'fa fa-calendar', 'event-list/index', 'event-list-index', 0, 'event-list', 'index', 'index,create,view,update,delete', NULL);
INSERT INTO `permission_menu_live` VALUES (4, 1, 0, 'Task', 'fa fa-tasks', 'membership-event/task', 'membership-event-task', 0, 'event-list', 'index', 'index,create,view,update,delete', NULL);
INSERT INTO `permission_menu_live` VALUES (5, 1, 0, 'Payment', 'demo-pli-coin', 'membership-payment/payment', 'membership-payment-payment', 0, 'membership-payment', 'payment', 'index,create,view,update,delete', NULL);
INSERT INTO `permission_menu_live` VALUES (6, 1, 0, 'Document', 'fa fa-file-text-o', 'document/index', 'document-index document-subscriber', 1, 'document', 'index', 'index,create,view,update,delete,,document,create-folder,dependent-folder,get-info,rename-folder,delete-folder,upload-document,upload,remove,download', 12);
INSERT INTO `permission_menu_live` VALUES (7, 1, 0, 'User', 'demo-pli-male icon-fw', 'user/index', 'user-index', 0, 'user', 'index', 'index,create,view,update,delete', 0);
INSERT INTO `permission_menu_live` VALUES (8, 1, 0, 'Setting', 'demo-pli-gear icon-lg icon-fw', '#', 'company-profile-index payment-status-index data-option-phone-country-code-index data-option-prefix-index marital-status-index country-index city-index payment-method-index', 1, NULL, NULL, 'index,create,view,update,delete', 15);
INSERT INTO `permission_menu_live` VALUES (9, 0, 8, 'Payment Status', NULL, 'payment-status/index', 'payment-status-index', 0, 'payment-status', 'index', 'index,create,view,update,delete', 0);
INSERT INTO `permission_menu_live` VALUES (10, 0, 8, 'Payment For', NULL, 'payment-for/index', 'payment-for-index', 0, 'payment-for', 'index', 'index,create,view,update,delete', 0);
INSERT INTO `permission_menu_live` VALUES (11, 0, 50, 'Position', NULL, 'employee-position/index', 'employee-position-index', 1, 'employee-position', 'index', 'index,create,view,update,delete', 0);
INSERT INTO `permission_menu_live` VALUES (12, 0, 8, 'Permission', NULL, 'permission/index', 'permission-index', 0, 'permission', 'index', 'index,create,view,update,delete', 0);
INSERT INTO `permission_menu_live` VALUES (13, 0, 8, 'Prefix', NULL, 'data-option-prefix/index', 'data-option-prefix-index', 1, 'data-option-prefix', 'index', 'index,create,view,update,delete', 0);
INSERT INTO `permission_menu_live` VALUES (14, 0, 8, 'Phone country code', NULL, 'data-option-phone-country-code/index', 'data-option-phone-country-code-index', 0, 'data-option-phone-country-code', 'index', 'index,create,view,update,delete', 0);
INSERT INTO `permission_menu_live` VALUES (15, 0, 8, 'Marital Status', NULL, 'marital-status/index', 'marital-status-index', 0, 'marital-status', 'index', 'index,create,view,update,delete', 0);
INSERT INTO `permission_menu_live` VALUES (16, 0, 8, 'Country', NULL, 'country/index', 'country-index', 0, 'country', 'index', 'index,create,view,update,delete', 0);
INSERT INTO `permission_menu_live` VALUES (17, 0, 8, 'City', NULL, 'city/index', 'city-index', 1, 'city', 'index', 'index,create,view,update,delete', 0);
INSERT INTO `permission_menu_live` VALUES (18, 0, 8, 'Payment Type', NULL, 'payment-type/index', 'payment-type-index', 0, 'payment-type', 'index', 'index,create,view,update,delete', 0);
INSERT INTO `permission_menu_live` VALUES (19, 0, 8, 'Payment Method', NULL, 'payment-method/index', 'payment-method-index', 0, 'payment-method', 'index', 'index,create,view,update,delete', 0);
INSERT INTO `permission_menu_live` VALUES (20, 1, 0, 'Projects', 'fa fa-cubes', 'project/index', 'project-index', 1, 'project', 'index', 'index,create,view,update,delete,overview,task,copy,timesheet,sale-invoice,sale-payment,sale-quotation,dependent-get-customer-info,sale-expense,document,create-folder,dependent-folder,get-info,rename-folder,delete-folder,upload-document,upload,remove,download,note', 5);
INSERT INTO `permission_menu_live` VALUES (21, 1, 0, 'Tasks', 'fa fa-tasks', 'task/index', 'task-index', 1, 'task', 'index', 'index,create,view,update,delete,copy', 7);
INSERT INTO `permission_menu_live` VALUES (22, 0, 50, 'Employee', '', 'employee-profile/index', 'employee-profile-index', 1, 'employee-profile', 'index', 'index,create,view,update,delete,profile,document,create-folder,dependent-folder,get-info,rename-folder,delete-folder,upload-document,upload,remove,download,get-department', 0);
INSERT INTO `permission_menu_live` VALUES (23, 1, 0, 'Customer', 'fa fa-user-o', 'customer-profile/index', 'customer-profile-index', 1, 'customer-profile', 'index', 'index,create,view,update,delete,import-csv,download-sample-csv,profile,solution,document,create-folder,dependent-folder,get-info,rename-folder,delete-folder,upload-document,upload,remove,download', 3);
INSERT INTO `permission_menu_live` VALUES (24, 1, 0, 'Sales', 'fa fa-balance-scale', '#', 'item-group-data-index quotation-index item-index item-group-index proposal-index contract-index contract-type-index', 1, 'sale', 'index', 'index,create,view,update,delete', 6);
INSERT INTO `permission_menu_live` VALUES (25, 0, 49, 'Expense', 'fa fa-file-text-o', 'expense/index', 'expense-index', 1, 'expense', 'index', 'index,create,view,update,delete', 0);
INSERT INTO `permission_menu_live` VALUES (27, 1, 0, 'Report', 'fa fa-area-chart', 'report/index', 'finance-chart-of-account-index index', 1, 'report', 'index', 'index,create,view,update,delete,report', 14);
INSERT INTO `permission_menu_live` VALUES (28, 0, 24, 'Items', NULL, 'item/index', 'item-index', 1, 'item', 'index', 'index,create,view,update,delete', 0);
INSERT INTO `permission_menu_live` VALUES (29, 0, 49, 'Invoices', NULL, 'customer-invoice/index', 'customer-invoice-index customer-invoice-view', 1, 'customer-invoice', 'index', 'index,create,view,update,delete,void,validation-payment', 0);
INSERT INTO `permission_menu_live` VALUES (30, 0, 49, 'Payments', NULL, 'customer-payment/index', 'customer-payment-index customer-payment-view', 1, 'customer-payment', 'index', 'index,create,view,update,delete', 0);
INSERT INTO `permission_menu_live` VALUES (31, 0, 24, 'Contracts', NULL, 'contract/index', 'contract-index', 1, 'contract', 'index', 'index,create,view,update,delete,detail,document,create-folder,dependent-folder,get-info,rename-folder,delete-folder,upload-document,upload,remove,download', 0);
INSERT INTO `permission_menu_live` VALUES (32, 0, 24, 'Item Group', NULL, 'item-group/index', 'item-group-index', 1, 'item-group', 'index', 'index,create,view,update,delete', 0);
INSERT INTO `permission_menu_live` VALUES (33, 0, 24, 'Proposal', NULL, 'proposal/index', 'proposal-index', 1, 'proposal', 'index', 'index,create,view,update,delete,overview,note', 0);
INSERT INTO `permission_menu_live` VALUES (34, 0, 8, 'Company Profile', NULL, 'company-profile/index', 'company-profile-index', 1, 'company-profile', 'index', 'index,create,view,update,delete', 0);
INSERT INTO `permission_menu_live` VALUES (35, 0, 50, 'Knowledge Base', 'fa fa-file-text-o', 'knowledge-base/index', 'knowledge-base-index', 1, 'knowledge-base', 'index', 'index,create,view,update,delete,article', 0);
INSERT INTO `permission_menu_live` VALUES (38, 0, 49, 'Account Type', NULL, 'account-type/index', 'account-type-index', 1, 'account-type', NULL, 'index,create,view,update,delete', 0);
INSERT INTO `permission_menu_live` VALUES (39, 0, 49, 'Chart of Account', NULL, 'chart-account/index', 'chart-account-index', 1, 'chart-account', NULL, 'index,create,view,update,delete', 0);
INSERT INTO `permission_menu_live` VALUES (40, 0, 49, 'Bank', NULL, 'bank/index', 'bank-index', 1, 'bank', NULL, 'index,create,view,update,delete', 0);
INSERT INTO `permission_menu_live` VALUES (41, 0, 27, 'Chart of Account', NULL, 'finance-chart-of-account/index', 'finance-chart-of-account-index', 1, 'finance-chart-of-account', NULL, 'index,create,view,update,delete', 0);
INSERT INTO `permission_menu_live` VALUES (42, 1, 0, 'Supplier', 'demo-pli-male-female', 'supplier-profile/index', 'supplier-profile-index', 1, 'supplier-profile', NULL, 'index,create,view,update,delete', 2);
INSERT INTO `permission_menu_live` VALUES (43, 0, 24, 'Quotation', NULL, 'quotation/index', 'quotation-index', 1, 'quotation', 'index', 'index,create,view,update,delete,overview,pdf,dependent-get-customer-info,download', 0);
INSERT INTO `permission_menu_live` VALUES (44, 1, 0, 'Lead', 'fa fa-tty', 'lead-profile/index', 'lead-profile-index', 1, 'lead-profile', 'index', 'index,create,view,update,delete,import-csv,download-sample-csv,profile,document,create-folder,dependent-folder,get-info,rename-folder,delete-folder,upload-document,upload,remove,download,convert-lead', 4);
INSERT INTO `permission_menu_live` VALUES (45, 0, 24, 'Contract Type', NULL, 'contract-type/index', 'contract-type-index', 1, 'contract-type', 'index', 'index,create,view,update,delete', 0);
INSERT INTO `permission_menu_live` VALUES (46, 0, 27, 'Sale Report', NULL, 'sale-report/invoice?smMenu=1', 'sale-report-invoice', 1, 'sale-report', 'invoice', 'index,create,view,update,delete,invoice,proposal,quotation', 0);
INSERT INTO `permission_menu_live` VALUES (47, 0, 50, 'Department', NULL, 'department/index', 'department-index', 1, 'department', 'index', 'index,create,view,update,delete', 0);
INSERT INTO `permission_menu_live` VALUES (48, 0, 27, 'Employee Report', NULL, 'employee-report/report?smMenu=1', 'employee-report-project', 1, 'employee-report', 'project', 'index,create,view,update,delete,report,tasks,project', NULL);
INSERT INTO `permission_menu_live` VALUES (49, 1, 0, 'Finance', 'fa fa-money', '#', 'account-type-index chart-account-index bank-index payroll-index customer-invoice-index customer-invoice-view  customer-payment-index customer-payment-view expense-index', 1, ' ', NULL, 'index,create,view,update,delete', 8);
INSERT INTO `permission_menu_live` VALUES (50, 1, 0, 'Human Resource', 'demo-pli-address-book', '#', 'department-index employee-position-index leave-in-the-year-index leave-application-index payroll-request-index payroll-type-index cash-advance-request-index employee-profile-index knowledge-base-index', 1, 'hr', 'index', 'index,create,view,update,delete', 10);
INSERT INTO `permission_menu_live` VALUES (51, 0, 49, 'Payroll', NULL, 'payroll/index', 'payroll-index', 1, 'payroll', 'index', 'index,create,view,update,delete', 0);
INSERT INTO `permission_menu_live` VALUES (52, 0, 50, 'Cash Advance Request', NULL, 'cash-advance-request/index', 'cash-advance-request-index', 1, 'cash-advance-request', 'index', 'index,create,view,update,delete', 0);
INSERT INTO `permission_menu_live` VALUES (53, 0, 50, 'Payroll Type', NULL, 'payroll-type/index', 'payroll-type-index', 0, 'payroll-type', 'index', 'index,create,view,update,delete', 0);
INSERT INTO `permission_menu_live` VALUES (54, 1, 0, 'Budget Setup', 'demo-pli-coin', 'budget-set-up/index', 'budget-set-up-index', 1, 'budget-set-up', 'index', 'index,create,view,update,delete', 11);
INSERT INTO `permission_menu_live` VALUES (55, 0, 50, 'Leave Application', NULL, 'leave-application/index', 'leave-application-index', 1, 'leave-application', 'index', 'index,create,view,update,delete', 0);
INSERT INTO `permission_menu_live` VALUES (56, 0, 50, 'Payroll Request', NULL, 'payroll-request/index', 'payroll-request-index', 1, 'payroll-request', 'index', 'index,create,view,update,delete', 0);
INSERT INTO `permission_menu_live` VALUES (57, 1, 0, 'K.P.I', 'demo-pli-tactic', 'standard-operation/index', 'standard-operation-index standard-operation-step-index sop-goal-setup-index', 1, 'standard-operation', 'index', 'index,create,view,update,delete,form-view', 9);
INSERT INTO `permission_menu_live` VALUES (58, 0, 57, 'Set Up', NULL, 'standard-operation-step/index', 'standard-operation-step-index', 1, 'standard-operation-step', 'index', 'index,create,view,update,delete', 0);
INSERT INTO `permission_menu_live` VALUES (59, 0, 57, 'K.P.I', '', 'sop-goal-setup/index', 'sop-goal-setup-index', 1, 'sop-goal-setup', 'index', 'index,create,view,update,delete', 0);
INSERT INTO `permission_menu_live` VALUES (60, 0, 57, 'Milestone', '', 'standard-operation/index', 'standard-operation-index', 1, 'standard-operation', 'index', 'index,create,view,update,delete,update-step-sop', 0);
INSERT INTO `permission_menu_live` VALUES (61, 0, 50, 'Leave Setup', NULL, 'leave-in-the-year/index', 'leave-in-the-year-index', 0, 'leave-in-the-year', 'index', 'index,create,view,update,delete', 0);
INSERT INTO `permission_menu_live` VALUES (62, 1, 0, 'User Type & Roles', 'demo-pli-computer-secure', 'user-type/index', 'user-type-index user-type-roles user-type-update', 1, 'user-type', 'index', 'index,create,view,update,delete,roles', 13);
INSERT INTO `permission_menu_live` VALUES (63, 1, 0, 'S.O.P', 'demo-pli-receipt-4', 'standard-operation-procedure-set-up/index', 'standard-operation-procedure-set-up-index', 1, 'standard-operation-procedure-set-up', 'index', 'index,create,view,update,delete,sop-setup,,document,create-folder,dependent-folder,get-info,rename-folder,delete-folder,upload-document,upload,remove,download', 8);
INSERT INTO `permission_menu_live` VALUES (64, 0, 24, 'Item Group Data', NULL, 'item-group-data/index', 'item-group-data-index', 1, 'item-group-data', 'index', 'index,create,view,update,delete,item', 0);
COMMIT;

-- ----------------------------
-- Table structure for priority
-- ----------------------------
DROP TABLE IF EXISTS `priority`;
CREATE TABLE `priority` (
  `id` int(11) NOT NULL AUTO_INCREMENT,
  `name` varchar(255) DEFAULT NULL,
  `css_class` varchar(50) DEFAULT NULL,
  PRIMARY KEY (`id`)
) ENGINE=InnoDB AUTO_INCREMENT=5 DEFAULT CHARSET=utf8;

-- ----------------------------
-- Records of priority
-- ----------------------------
BEGIN;
INSERT INTO `priority` VALUES (1, 'Low', 'label-primary');
INSERT INTO `priority` VALUES (2, 'Medium', 'label-info');
INSERT INTO `priority` VALUES (3, 'High', 'label-warning');
INSERT INTO `priority` VALUES (4, 'Urgent', 'label-danger');
COMMIT;

-- ----------------------------
-- Table structure for project
-- ----------------------------
DROP TABLE IF EXISTS `project`;
CREATE TABLE `project` (
  `id` int(11) NOT NULL AUTO_INCREMENT,
  `project_name` varchar(255) DEFAULT NULL,
  `id_customer` int(11) DEFAULT NULL,
  `is_calculate` tinyint(4) DEFAULT NULL,
  `project_progress` decimal(10,2) DEFAULT NULL,
  `id_billing_type` tinyint(1) DEFAULT NULL,
  `rate` decimal(10,2) DEFAULT NULL,
  `estimated_hour` decimal(10,2) DEFAULT NULL,
  `start_date` date DEFAULT NULL,
  `due_date` date DEFAULT NULL,
  `deadline` date DEFAULT NULL,
  `id_priority` int(11) DEFAULT NULL,
  `description` text,
  `cut_off_day` int(11) DEFAULT NULL,
  `note` text,
  `is_pin` tinyint(1) DEFAULT NULL,
  `status` tinyint(1) DEFAULT NULL,
  `updated_by` int(11) DEFAULT NULL,
  `updated_date` datetime DEFAULT NULL,
  `created_by` int(11) DEFAULT NULL,
  `created_date` datetime DEFAULT NULL,
  PRIMARY KEY (`id`)
) ENGINE=InnoDB AUTO_INCREMENT=5 DEFAULT CHARSET=utf8;

-- ----------------------------
-- Records of project
-- ----------------------------
BEGIN;
INSERT INTO `project` VALUES (1, 'Rithy | Premium Website', 287, 1, NULL, NULL, NULL, NULL, '2019-09-04', '2019-09-18', '2019-09-25', 3, '', 3, NULL, 0, 2, NULL, NULL, 23, '2019-09-05 14:45:57');
INSERT INTO `project` VALUES (2, 'EOH | Premium Website', 98, 1, NULL, NULL, NULL, NULL, '2019-09-04', '2019-09-18', '2019-09-25', 3, '', 3, NULL, 0, 2, 23, '2019-09-05 16:17:15', 23, '2019-09-05 14:46:55');
INSERT INTO `project` VALUES (3, 'eO-PMS', 288, 1, NULL, NULL, NULL, NULL, '2019-09-01', '2019-09-19', '2019-12-31', 2, 'test', 0, NULL, 0, 2, NULL, NULL, 1, '2019-09-06 09:39:55');
INSERT INTO `project` VALUES (4, 'Trainee ', 98, 1, NULL, NULL, NULL, NULL, '2019-09-02', NULL, '2019-11-02', 3, '', 0, NULL, 0, 2, NULL, NULL, 15, '2019-09-07 10:47:53');
COMMIT;

-- ----------------------------
-- Table structure for project_member
-- ----------------------------
DROP TABLE IF EXISTS `project_member`;
CREATE TABLE `project_member` (
  `id` int(11) NOT NULL AUTO_INCREMENT,
  `id_project` int(11) DEFAULT NULL,
  `id_employee` int(11) DEFAULT NULL,
  PRIMARY KEY (`id`)
) ENGINE=InnoDB AUTO_INCREMENT=8 DEFAULT CHARSET=utf8;

-- ----------------------------
-- Records of project_member
-- ----------------------------
BEGIN;
INSERT INTO `project_member` VALUES (1, 1, 16);
INSERT INTO `project_member` VALUES (3, 2, 12);
INSERT INTO `project_member` VALUES (4, 3, 6);
INSERT INTO `project_member` VALUES (5, 3, 8);
INSERT INTO `project_member` VALUES (6, 3, 10);
INSERT INTO `project_member` VALUES (7, 4, 4);
COMMIT;

-- ----------------------------
-- Table structure for project_note
-- ----------------------------
DROP TABLE IF EXISTS `project_note`;
CREATE TABLE `project_note` (
  `id` int(11) NOT NULL AUTO_INCREMENT,
  `id_project` int(11) DEFAULT NULL,
  `id_user` int(11) DEFAULT NULL,
  `note` text,
  PRIMARY KEY (`id`)
) ENGINE=InnoDB DEFAULT CHARSET=utf8;

-- ----------------------------
-- Table structure for project_status
-- ----------------------------
DROP TABLE IF EXISTS `project_status`;
CREATE TABLE `project_status` (
  `id` int(11) NOT NULL AUTO_INCREMENT,
  `name` varchar(255) DEFAULT NULL,
  `css_class` varchar(50) DEFAULT NULL,
  PRIMARY KEY (`id`)
) ENGINE=InnoDB AUTO_INCREMENT=6 DEFAULT CHARSET=utf8 ROW_FORMAT=COMPACT;

-- ----------------------------
-- Records of project_status
-- ----------------------------
BEGIN;
INSERT INTO `project_status` VALUES (1, 'Not Started', 'label-mint');
INSERT INTO `project_status` VALUES (2, 'In Progress', 'label-success');
INSERT INTO `project_status` VALUES (3, 'On Hold', 'label-warning');
INSERT INTO `project_status` VALUES (4, 'Cancelled', 'label-danger');
INSERT INTO `project_status` VALUES (5, 'Finished', 'label-info');
COMMIT;

-- ----------------------------
-- Table structure for project_tag
-- ----------------------------
DROP TABLE IF EXISTS `project_tag`;
CREATE TABLE `project_tag` (
  `id` int(11) NOT NULL AUTO_INCREMENT,
  `id_project` int(11) DEFAULT NULL,
  `id_tag` varchar(50) DEFAULT NULL,
  PRIMARY KEY (`id`)
) ENGINE=InnoDB AUTO_INCREMENT=9 DEFAULT CHARSET=utf8 ROW_FORMAT=COMPACT;

-- ----------------------------
-- Records of project_tag
-- ----------------------------
BEGIN;
INSERT INTO `project_tag` VALUES (1, 1, 'website');
INSERT INTO `project_tag` VALUES (3, 2, 'website');
INSERT INTO `project_tag` VALUES (4, 3, 'pms');
INSERT INTO `project_tag` VALUES (5, 3, 'pos');
INSERT INTO `project_tag` VALUES (6, 4, 'website');
INSERT INTO `project_tag` VALUES (7, 4, 'trainee');
INSERT INTO `project_tag` VALUES (8, 4, 'webdeveloper');
COMMIT;

-- ----------------------------
-- Table structure for project_timesheet
-- ----------------------------
DROP TABLE IF EXISTS `project_timesheet`;
CREATE TABLE `project_timesheet` (
  `id` int(11) NOT NULL AUTO_INCREMENT,
  `start_date` date DEFAULT NULL,
  `start_time` varchar(20) DEFAULT NULL,
  `end_date` date DEFAULT NULL,
  `end_time` varchar(20) DEFAULT NULL,
  `id_project` int(11) DEFAULT NULL,
  `id_task` int(11) DEFAULT NULL,
  `id_employee` int(11) DEFAULT NULL,
  `note` varchar(255) DEFAULT NULL,
  `description` text,
  `status` tinyint(1) DEFAULT NULL,
  `updated_by` int(11) DEFAULT NULL,
  `updated_date` datetime DEFAULT NULL,
  `created_by` int(11) DEFAULT NULL,
  `created_date` datetime DEFAULT NULL,
  PRIMARY KEY (`id`)
) ENGINE=InnoDB AUTO_INCREMENT=3 DEFAULT CHARSET=utf8;

-- ----------------------------
-- Records of project_timesheet
-- ----------------------------
BEGIN;
INSERT INTO `project_timesheet` VALUES (1, '2019-09-05', '2:00 AM', '2019-09-05', '3:00 AM', 2, 2, NULL, 'Pholly', '', 1, NULL, NULL, 23, '2019-09-05 15:09:54');
INSERT INTO `project_timesheet` VALUES (2, '2019-09-06', '8:00 AM', '2019-09-06', '9:00 AM', 1, 10, NULL, 'Sao Nang', '', 1, NULL, NULL, 27, '2019-09-06 16:39:23');
COMMIT;

-- ----------------------------
-- Table structure for project_timesheet_description
-- ----------------------------
DROP TABLE IF EXISTS `project_timesheet_description`;
CREATE TABLE `project_timesheet_description` (
  `id` int(11) NOT NULL AUTO_INCREMENT,
  `id_project_timesheet` int(11) DEFAULT NULL,
  `description` varchar(500) DEFAULT NULL,
  PRIMARY KEY (`id`)
) ENGINE=InnoDB AUTO_INCREMENT=3 DEFAULT CHARSET=utf8;

-- ----------------------------
-- Records of project_timesheet_description
-- ----------------------------
BEGIN;
INSERT INTO `project_timesheet_description` VALUES (1, 1, 'Get Information');
INSERT INTO `project_timesheet_description` VALUES (2, 2, 'Complete Home page');
COMMIT;

-- ----------------------------
-- Table structure for project_timesheet_member
-- ----------------------------
DROP TABLE IF EXISTS `project_timesheet_member`;
CREATE TABLE `project_timesheet_member` (
  `id` int(11) NOT NULL AUTO_INCREMENT,
  `id_project_timesheet` int(11) DEFAULT NULL,
  `id_employee` int(11) DEFAULT NULL,
  PRIMARY KEY (`id`)
) ENGINE=InnoDB AUTO_INCREMENT=2 DEFAULT CHARSET=utf8 ROW_FORMAT=COMPACT;

-- ----------------------------
-- Records of project_timesheet_member
-- ----------------------------
BEGIN;
INSERT INTO `project_timesheet_member` VALUES (1, 2, 16);
COMMIT;

-- ----------------------------
-- Table structure for project_timesheet_tag
-- ----------------------------
DROP TABLE IF EXISTS `project_timesheet_tag`;
CREATE TABLE `project_timesheet_tag` (
  `id` int(11) NOT NULL AUTO_INCREMENT,
  `id_project_timesheet` int(11) DEFAULT NULL,
  `id_tag` varchar(50) DEFAULT NULL,
  PRIMARY KEY (`id`)
) ENGINE=InnoDB AUTO_INCREMENT=2 DEFAULT CHARSET=utf8;

-- ----------------------------
-- Records of project_timesheet_tag
-- ----------------------------
BEGIN;
INSERT INTO `project_timesheet_tag` VALUES (1, 2, 'website');
COMMIT;

-- ----------------------------
-- Table structure for proposal
-- ----------------------------
DROP TABLE IF EXISTS `proposal`;
CREATE TABLE `proposal` (
  `id` int(11) NOT NULL AUTO_INCREMENT,
  `name` varchar(255) COLLATE utf8_unicode_ci DEFAULT NULL,
  `related_id` int(11) DEFAULT NULL COMMENT '1= lead 2 = customer',
  `date` date DEFAULT NULL,
  `open_till` date DEFAULT NULL,
  `currency` int(11) DEFAULT NULL,
  `discount_type` int(11) DEFAULT NULL,
  `allow_comment` tinyint(11) DEFAULT NULL,
  `status` int(11) DEFAULT NULL,
  `assigned` int(11) DEFAULT NULL,
  `to` varchar(255) COLLATE utf8_unicode_ci DEFAULT NULL,
  `address` varchar(255) COLLATE utf8_unicode_ci DEFAULT NULL,
  `city` varchar(255) COLLATE utf8_unicode_ci DEFAULT NULL,
  `country` varchar(255) COLLATE utf8_unicode_ci DEFAULT NULL,
  `zip_code` varchar(255) COLLATE utf8_unicode_ci DEFAULT NULL,
  `email` varchar(255) COLLATE utf8_unicode_ci DEFAULT NULL,
  `phone` varchar(255) COLLATE utf8_unicode_ci DEFAULT NULL,
  `code` varchar(255) COLLATE utf8_unicode_ci DEFAULT NULL,
  `total` decimal(10,2) DEFAULT NULL,
  `created_date` datetime DEFAULT NULL,
  `created_by` int(11) DEFAULT NULL,
  `updated_date` datetime DEFAULT NULL,
  `updated_by` int(11) DEFAULT NULL,
  `id_lead_customer` int(11) DEFAULT NULL,
  `id_discount` int(11) DEFAULT NULL,
  `discount_value` decimal(10,2) DEFAULT NULL,
  `discount_amount` decimal(10,2) DEFAULT NULL,
  `id_tax` int(11) DEFAULT NULL,
  `is_tax` tinyint(1) DEFAULT NULL,
  `tax_amount` decimal(10,2) DEFAULT NULL,
  `sub_total` decimal(10,2) DEFAULT NULL,
  `grand_total` decimal(10,2) DEFAULT NULL,
  `id_project` int(11) DEFAULT NULL,
  PRIMARY KEY (`id`)
) ENGINE=InnoDB AUTO_INCREMENT=2 DEFAULT CHARSET=utf8 COLLATE=utf8_unicode_ci;

-- ----------------------------
-- Records of proposal
-- ----------------------------
BEGIN;
INSERT INTO `proposal` VALUES (1, 'eOBMS', 1, '2019-09-06', '2019-09-24', 1, NULL, 0, 3, 3, '', '', '', '', '', '', '', 'PRO19090001', 1449.00, '2019-09-06 15:26:21', 22, '2019-09-06 15:29:54', 22, 288, 2, 0.00, 9.00, 1, 0, 0.00, 1458.00, 1449.00, NULL);
COMMIT;

-- ----------------------------
-- Table structure for proposal_data
-- ----------------------------
DROP TABLE IF EXISTS `proposal_data`;
CREATE TABLE `proposal_data` (
  `id` int(11) NOT NULL AUTO_INCREMENT,
  `id_proposal` int(11) DEFAULT NULL,
  `id_item` int(11) DEFAULT NULL,
  `item_name` varchar(255) DEFAULT NULL,
  `description` longtext,
  `qty` int(11) DEFAULT NULL,
  `rate` decimal(10,2) DEFAULT NULL,
  `discount_type` int(11) DEFAULT NULL,
  `discount_amount` decimal(10,2) DEFAULT NULL,
  `amount` decimal(10,2) DEFAULT NULL,
  PRIMARY KEY (`id`)
) ENGINE=InnoDB AUTO_INCREMENT=12 DEFAULT CHARSET=utf8;

-- ----------------------------
-- Records of proposal_data
-- ----------------------------
BEGIN;
INSERT INTO `proposal_data` VALUES (5, 2, 1, 'Premium Website (Standard)', '', 1, 1000.00, 1, 0.00, 1000.00);
INSERT INTO `proposal_data` VALUES (6, 3, 6, 'Premium Website (Professional)', '', 1, 2000.00, 1, 0.00, 2000.00);
INSERT INTO `proposal_data` VALUES (9, 1, 1, 'Premium Website (Standard)', '', 1, 1000.00, 1, 0.00, 1000.00);
INSERT INTO `proposal_data` VALUES (10, 1, 15, 'eO-BMS (Standard Package) ', 'A Business Management System is a set of tools for planning and implementing policies, practices, guidelines, processes and procedures that are used in the development, deployment and execution of business plans and strategies and all associated managemen', 1, 159.00, 1, 0.00, 159.00);
INSERT INTO `proposal_data` VALUES (11, 1, 16, 'eO-BMS (Premium Package)', 'A Business Management System is a set of tools for planning and implementing policies, practices, guidelines, processes and procedures that are used in the development, deployment and execution of business plans and strategies and all associated managemen', 1, 299.00, 1, 0.00, 299.00);
COMMIT;

-- ----------------------------
-- Table structure for proposal_note
-- ----------------------------
DROP TABLE IF EXISTS `proposal_note`;
CREATE TABLE `proposal_note` (
  `id` int(11) NOT NULL AUTO_INCREMENT,
  `id_proposal` int(11) DEFAULT NULL,
  `id_user` int(11) DEFAULT NULL,
  `note` text,
  PRIMARY KEY (`id`)
) ENGINE=InnoDB DEFAULT CHARSET=utf8;

-- ----------------------------
-- Table structure for proposal_related_to
-- ----------------------------
DROP TABLE IF EXISTS `proposal_related_to`;
CREATE TABLE `proposal_related_to` (
  `id` int(11) NOT NULL AUTO_INCREMENT,
  `name` varchar(255) COLLATE utf8_unicode_ci DEFAULT NULL,
  `status` tinyint(11) DEFAULT NULL,
  PRIMARY KEY (`id`)
) ENGINE=InnoDB AUTO_INCREMENT=3 DEFAULT CHARSET=utf8 COLLATE=utf8_unicode_ci;

-- ----------------------------
-- Records of proposal_related_to
-- ----------------------------
BEGIN;
INSERT INTO `proposal_related_to` VALUES (1, 'Customer', 1);
INSERT INTO `proposal_related_to` VALUES (2, 'Lead', 1);
COMMIT;

-- ----------------------------
-- Table structure for proposal_status
-- ----------------------------
DROP TABLE IF EXISTS `proposal_status`;
CREATE TABLE `proposal_status` (
  `id` int(11) NOT NULL AUTO_INCREMENT,
  `name` varchar(255) DEFAULT NULL,
  `css_class` varchar(50) DEFAULT NULL,
  PRIMARY KEY (`id`)
) ENGINE=InnoDB AUTO_INCREMENT=7 DEFAULT CHARSET=utf8 ROW_FORMAT=COMPACT;

-- ----------------------------
-- Records of proposal_status
-- ----------------------------
BEGIN;
INSERT INTO `proposal_status` VALUES (1, 'Draft', 'label-default');
INSERT INTO `proposal_status` VALUES (2, 'Sent', 'label-success');
INSERT INTO `proposal_status` VALUES (3, 'Open', 'label-warning');
INSERT INTO `proposal_status` VALUES (4, 'Revised', 'label-info');
INSERT INTO `proposal_status` VALUES (5, 'Declined', 'label-danger');
INSERT INTO `proposal_status` VALUES (6, 'Accepted', 'label-purple');
COMMIT;

-- ----------------------------
-- Table structure for quotation
-- ----------------------------
DROP TABLE IF EXISTS `quotation`;
CREATE TABLE `quotation` (
  `id` int(11) NOT NULL AUTO_INCREMENT,
  `name` varchar(255) COLLATE utf8_unicode_ci DEFAULT NULL,
  `id_customer` int(11) DEFAULT NULL COMMENT '1= lead 2 = customer',
  `date` date DEFAULT NULL,
  `open_till` date DEFAULT NULL,
  `currency` int(11) DEFAULT NULL,
  `discount_type` int(11) DEFAULT NULL,
  `allow_comment` tinyint(11) DEFAULT NULL,
  `status` int(11) DEFAULT NULL,
  `assigned` int(11) DEFAULT NULL,
  `to` varchar(255) COLLATE utf8_unicode_ci DEFAULT NULL,
  `address` varchar(255) COLLATE utf8_unicode_ci DEFAULT NULL,
  `city` varchar(255) COLLATE utf8_unicode_ci DEFAULT NULL,
  `country` varchar(255) COLLATE utf8_unicode_ci DEFAULT NULL,
  `zip_code` varchar(255) COLLATE utf8_unicode_ci DEFAULT NULL,
  `email` varchar(255) COLLATE utf8_unicode_ci DEFAULT NULL,
  `phone` varchar(255) COLLATE utf8_unicode_ci DEFAULT NULL,
  `code` varchar(255) COLLATE utf8_unicode_ci DEFAULT NULL,
  `total` decimal(10,2) DEFAULT NULL,
  `created_date` datetime DEFAULT NULL,
  `created_by` int(11) DEFAULT NULL,
  `updated_date` datetime DEFAULT NULL,
  `updated_by` int(11) DEFAULT NULL,
  `id_discount` int(11) DEFAULT NULL,
  `discount_value` decimal(10,2) DEFAULT NULL,
  `discount_amount` decimal(10,2) DEFAULT NULL,
  `id_tax` int(11) DEFAULT NULL,
  `is_tax` tinyint(1) DEFAULT NULL,
  `tax_amount` decimal(10,2) DEFAULT NULL,
  `sub_total` decimal(10,2) DEFAULT NULL,
  `is_converted_from_proposal` tinyint(1) DEFAULT NULL,
  `grand_total` decimal(10,2) DEFAULT NULL,
  `id_project` int(11) DEFAULT NULL,
  `close_sale_date` date DEFAULT NULL,
  PRIMARY KEY (`id`)
) ENGINE=InnoDB AUTO_INCREMENT=3 DEFAULT CHARSET=utf8 COLLATE=utf8_unicode_ci;

-- ----------------------------
-- Table structure for quotation_data
-- ----------------------------
DROP TABLE IF EXISTS `quotation_data`;
CREATE TABLE `quotation_data` (
  `id` int(11) NOT NULL AUTO_INCREMENT,
  `id_quotation` int(11) DEFAULT NULL,
  `id_item` int(11) DEFAULT NULL,
  `item_name` varchar(255) DEFAULT NULL,
  `description` longtext,
  `qty` int(11) DEFAULT NULL,
  `rate` decimal(10,2) DEFAULT NULL,
  `discount_type` int(11) DEFAULT NULL,
  `discount_amount` decimal(10,2) DEFAULT NULL,
  `amount` decimal(10,2) DEFAULT NULL,
  PRIMARY KEY (`id`)
) ENGINE=InnoDB AUTO_INCREMENT=5 DEFAULT CHARSET=utf8;

-- ----------------------------
-- Records of quotation_data
-- ----------------------------
BEGIN;
INSERT INTO `quotation_data` VALUES (4, 2, 15, 'eO-BMS (Standard Package) ', 'A Business Management System is a set of tools for planning and implementing policies, practices, guidelines, processes and procedures that are used in the development, deployment and execution of business plans and strategies and all associated managemen', 1, 159.00, 1, 0.00, 159.00);
COMMIT;

-- ----------------------------
-- Table structure for quotation_status
-- ----------------------------
DROP TABLE IF EXISTS `quotation_status`;
CREATE TABLE `quotation_status` (
  `id` int(11) NOT NULL AUTO_INCREMENT,
  `name` varchar(255) DEFAULT NULL,
  `css_class` varchar(50) DEFAULT NULL,
  PRIMARY KEY (`id`)
) ENGINE=InnoDB AUTO_INCREMENT=7 DEFAULT CHARSET=utf8 ROW_FORMAT=COMPACT;

-- ----------------------------
-- Records of quotation_status
-- ----------------------------
BEGIN;
INSERT INTO `quotation_status` VALUES (1, 'Draft', 'label-default');
INSERT INTO `quotation_status` VALUES (2, 'Sent', 'label-success');
INSERT INTO `quotation_status` VALUES (4, 'Expired', 'label-info');
INSERT INTO `quotation_status` VALUES (5, 'Declined', 'label-danger');
INSERT INTO `quotation_status` VALUES (6, 'Accepted', 'label-purple');
COMMIT;

-- ----------------------------
-- Table structure for repeater_type
-- ----------------------------
DROP TABLE IF EXISTS `repeater_type`;
CREATE TABLE `repeater_type` (
  `id` int(11) NOT NULL AUTO_INCREMENT,
  `name` varchar(255) DEFAULT NULL,
  PRIMARY KEY (`id`)
) ENGINE=InnoDB AUTO_INCREMENT=10 DEFAULT CHARSET=utf8;

-- ----------------------------
-- Records of repeater_type
-- ----------------------------
BEGIN;
INSERT INTO `repeater_type` VALUES (1, 'None');
INSERT INTO `repeater_type` VALUES (2, 'Day');
INSERT INTO `repeater_type` VALUES (3, 'Week');
INSERT INTO `repeater_type` VALUES (4, '2 Weeks');
INSERT INTO `repeater_type` VALUES (5, '1 Month');
INSERT INTO `repeater_type` VALUES (6, '2 Months');
INSERT INTO `repeater_type` VALUES (7, '3 Months');
INSERT INTO `repeater_type` VALUES (8, '6 Months');
INSERT INTO `repeater_type` VALUES (9, '1 Year');
COMMIT;

-- ----------------------------
-- Table structure for setting
-- ----------------------------
DROP TABLE IF EXISTS `setting`;
CREATE TABLE `setting` (
  `id` int(11) NOT NULL AUTO_INCREMENT,
  `names` varchar(255) COLLATE utf8_unicode_ci DEFAULT NULL,
  `value` text COLLATE utf8_unicode_ci,
  `description` varchar(255) COLLATE utf8_unicode_ci DEFAULT NULL,
  `status` int(1) DEFAULT NULL,
  `type` varchar(255) COLLATE utf8_unicode_ci DEFAULT NULL,
  `created_by` int(11) DEFAULT NULL,
  `created_date` datetime DEFAULT NULL,
  `updated_by` int(11) DEFAULT NULL,
  `updated_date` datetime DEFAULT NULL,
  PRIMARY KEY (`id`)
) ENGINE=InnoDB AUTO_INCREMENT=2 DEFAULT CHARSET=utf8 COLLATE=utf8_unicode_ci;

-- ----------------------------
-- Records of setting
-- ----------------------------
BEGIN;
INSERT INTO `setting` VALUES (1, 'Item other price lable', 'Other charge', '', 1, '', NULL, NULL, 1, '2019-09-07 11:34:11');
COMMIT;

-- ----------------------------
-- Table structure for sop_goal_setup
-- ----------------------------
DROP TABLE IF EXISTS `sop_goal_setup`;
CREATE TABLE `sop_goal_setup` (
  `id` int(11) NOT NULL AUTO_INCREMENT,
  `id_position` int(11) DEFAULT NULL,
  `id_employee` int(11) DEFAULT NULL,
  `id_sop_step` int(11) DEFAULT NULL,
  `id_sop_step_list` int(11) DEFAULT NULL,
  `id_year` int(11) DEFAULT NULL,
  `quarter_1` int(11) DEFAULT NULL,
  `quarter_2` int(11) DEFAULT NULL,
  `quarter_3` int(11) DEFAULT NULL,
  `quarter_4` int(11) DEFAULT NULL,
  `yearly` int(11) DEFAULT NULL,
  `note` text,
  `status` tinyint(1) DEFAULT NULL,
  `created_by` int(11) DEFAULT NULL,
  `created_date` datetime DEFAULT NULL,
  `updated_by` int(11) DEFAULT NULL,
  `updated_date` datetime DEFAULT NULL,
  PRIMARY KEY (`id`)
) ENGINE=InnoDB AUTO_INCREMENT=7 DEFAULT CHARSET=utf8;

-- ----------------------------
-- Records of sop_goal_setup
-- ----------------------------
BEGIN;
INSERT INTO `sop_goal_setup` VALUES (1, 2, 1, 4, 47, 2019, 0, 0, 30, 0, 30, '', NULL, 12, '2019-08-19 09:14:42', 22, '2019-09-06 13:47:33');
INSERT INTO `sop_goal_setup` VALUES (2, 4, 11, 8, 101, 2019, 0, 0, 120, 360, 480, '', NULL, 1, '2019-08-30 08:33:15', 22, '2019-09-06 16:17:11');
INSERT INTO `sop_goal_setup` VALUES (3, 6, 16, 10, 26, 2019, 0, 0, 8, 12, 20, '', NULL, 23, '2019-09-04 10:53:12', 27, '2019-09-06 16:46:18');
INSERT INTO `sop_goal_setup` VALUES (4, 6, 16, 11, 24, 2019, 0, 0, 4, 6, 10, '', NULL, 23, '2019-09-04 10:54:02', 27, '2019-09-06 16:45:02');
INSERT INTO `sop_goal_setup` VALUES (5, 6, 16, 12, 30, 2019, 0, 0, 4, 6, 10, '', NULL, 23, '2019-09-04 10:55:12', 27, '2019-09-06 16:45:34');
INSERT INTO `sop_goal_setup` VALUES (6, 5, 5, 18, 93, 2019, 12, 12, 10, 12, 46, '', NULL, 1, '2019-09-06 12:37:46', 16, '2019-09-06 13:14:43');
COMMIT;

-- ----------------------------
-- Table structure for sop_goal_setup_data
-- ----------------------------
DROP TABLE IF EXISTS `sop_goal_setup_data`;
CREATE TABLE `sop_goal_setup_data` (
  `id` int(11) NOT NULL AUTO_INCREMENT,
  `id_sop_set_up` int(11) DEFAULT NULL,
  `id_month` int(11) DEFAULT NULL,
  `daily` int(11) DEFAULT NULL,
  `weekly` int(11) DEFAULT NULL,
  `monthly` int(11) DEFAULT NULL,
  `actual_id_month` int(11) DEFAULT NULL,
  `actual_monthly` int(11) DEFAULT NULL,
  PRIMARY KEY (`id`)
) ENGINE=InnoDB AUTO_INCREMENT=229 DEFAULT CHARSET=utf8;

-- ----------------------------
-- Records of sop_goal_setup_data
-- ----------------------------
BEGIN;
INSERT INTO `sop_goal_setup_data` VALUES (145, 6, 1, 0, 1, 4, NULL, NULL);
INSERT INTO `sop_goal_setup_data` VALUES (146, 6, 2, 0, 1, 4, NULL, NULL);
INSERT INTO `sop_goal_setup_data` VALUES (147, 6, 3, 0, 1, 4, NULL, NULL);
INSERT INTO `sop_goal_setup_data` VALUES (148, 6, 4, 0, 1, 4, NULL, NULL);
INSERT INTO `sop_goal_setup_data` VALUES (149, 6, 5, 0, 1, 4, NULL, NULL);
INSERT INTO `sop_goal_setup_data` VALUES (150, 6, 6, 0, 1, 4, NULL, NULL);
INSERT INTO `sop_goal_setup_data` VALUES (151, 6, 7, 0, 1, 4, NULL, NULL);
INSERT INTO `sop_goal_setup_data` VALUES (152, 6, 8, 0, 1, 4, NULL, NULL);
INSERT INTO `sop_goal_setup_data` VALUES (153, 6, 9, 0, 1, 2, NULL, NULL);
INSERT INTO `sop_goal_setup_data` VALUES (154, 6, 10, 0, 1, 4, NULL, NULL);
INSERT INTO `sop_goal_setup_data` VALUES (155, 6, 11, 0, 1, 4, NULL, NULL);
INSERT INTO `sop_goal_setup_data` VALUES (156, 6, 12, 0, 1, 4, NULL, NULL);
INSERT INTO `sop_goal_setup_data` VALUES (157, 1, 1, 0, 0, 0, NULL, NULL);
INSERT INTO `sop_goal_setup_data` VALUES (158, 1, 2, 0, 0, 0, NULL, NULL);
INSERT INTO `sop_goal_setup_data` VALUES (159, 1, 3, 0, 0, 0, NULL, NULL);
INSERT INTO `sop_goal_setup_data` VALUES (160, 1, 4, 0, 0, 0, NULL, NULL);
INSERT INTO `sop_goal_setup_data` VALUES (161, 1, 5, 0, 0, 0, NULL, NULL);
INSERT INTO `sop_goal_setup_data` VALUES (162, 1, 6, 0, 0, 0, NULL, NULL);
INSERT INTO `sop_goal_setup_data` VALUES (163, 1, 7, 0, 0, 0, NULL, NULL);
INSERT INTO `sop_goal_setup_data` VALUES (164, 1, 8, 5, 10, 15, NULL, NULL);
INSERT INTO `sop_goal_setup_data` VALUES (165, 1, 9, 5, 10, 15, NULL, NULL);
INSERT INTO `sop_goal_setup_data` VALUES (166, 1, 10, 0, 0, 0, NULL, NULL);
INSERT INTO `sop_goal_setup_data` VALUES (167, 1, 11, 0, 0, 0, NULL, NULL);
INSERT INTO `sop_goal_setup_data` VALUES (168, 1, 12, 0, 0, 0, NULL, NULL);
INSERT INTO `sop_goal_setup_data` VALUES (169, 2, 1, 0, 0, 0, NULL, NULL);
INSERT INTO `sop_goal_setup_data` VALUES (170, 2, 2, 0, 0, 0, NULL, NULL);
INSERT INTO `sop_goal_setup_data` VALUES (171, 2, 3, 0, 0, 0, NULL, NULL);
INSERT INTO `sop_goal_setup_data` VALUES (172, 2, 4, 0, 0, 0, NULL, NULL);
INSERT INTO `sop_goal_setup_data` VALUES (173, 2, 5, 0, 0, 0, NULL, NULL);
INSERT INTO `sop_goal_setup_data` VALUES (174, 2, 6, 0, 0, 0, NULL, NULL);
INSERT INTO `sop_goal_setup_data` VALUES (175, 2, 7, 0, 0, 0, NULL, NULL);
INSERT INTO `sop_goal_setup_data` VALUES (176, 2, 8, 0, 0, 0, NULL, NULL);
INSERT INTO `sop_goal_setup_data` VALUES (177, 2, 9, 6, 30, 120, NULL, NULL);
INSERT INTO `sop_goal_setup_data` VALUES (178, 2, 10, 6, 30, 120, NULL, NULL);
INSERT INTO `sop_goal_setup_data` VALUES (179, 2, 11, 6, 30, 120, NULL, NULL);
INSERT INTO `sop_goal_setup_data` VALUES (180, 2, 12, 6, 30, 120, NULL, NULL);
INSERT INTO `sop_goal_setup_data` VALUES (193, 4, 1, 0, 0, 0, NULL, NULL);
INSERT INTO `sop_goal_setup_data` VALUES (194, 4, 2, 0, 0, 0, NULL, NULL);
INSERT INTO `sop_goal_setup_data` VALUES (195, 4, 3, 0, 0, 0, NULL, NULL);
INSERT INTO `sop_goal_setup_data` VALUES (196, 4, 4, 0, 0, 0, NULL, NULL);
INSERT INTO `sop_goal_setup_data` VALUES (197, 4, 5, 0, 0, 0, NULL, NULL);
INSERT INTO `sop_goal_setup_data` VALUES (198, 4, 6, 0, 0, 0, NULL, NULL);
INSERT INTO `sop_goal_setup_data` VALUES (199, 4, 7, 0, 0, 0, NULL, NULL);
INSERT INTO `sop_goal_setup_data` VALUES (200, 4, 8, 0, 0, 2, NULL, NULL);
INSERT INTO `sop_goal_setup_data` VALUES (201, 4, 9, 0, 0, 2, NULL, NULL);
INSERT INTO `sop_goal_setup_data` VALUES (202, 4, 10, 0, 0, 2, NULL, NULL);
INSERT INTO `sop_goal_setup_data` VALUES (203, 4, 11, 0, 0, 2, NULL, NULL);
INSERT INTO `sop_goal_setup_data` VALUES (204, 4, 12, 0, 0, 2, NULL, NULL);
INSERT INTO `sop_goal_setup_data` VALUES (205, 5, 1, 0, 0, 0, NULL, NULL);
INSERT INTO `sop_goal_setup_data` VALUES (206, 5, 2, 0, 0, 0, NULL, NULL);
INSERT INTO `sop_goal_setup_data` VALUES (207, 5, 3, 0, 0, 0, NULL, NULL);
INSERT INTO `sop_goal_setup_data` VALUES (208, 5, 4, 0, 0, 0, NULL, NULL);
INSERT INTO `sop_goal_setup_data` VALUES (209, 5, 5, 0, 0, 0, NULL, NULL);
INSERT INTO `sop_goal_setup_data` VALUES (210, 5, 6, 0, 0, 0, NULL, NULL);
INSERT INTO `sop_goal_setup_data` VALUES (211, 5, 7, 0, 0, 0, NULL, NULL);
INSERT INTO `sop_goal_setup_data` VALUES (212, 5, 8, 0, 0, 2, NULL, NULL);
INSERT INTO `sop_goal_setup_data` VALUES (213, 5, 9, 0, 0, 2, NULL, NULL);
INSERT INTO `sop_goal_setup_data` VALUES (214, 5, 10, 0, 0, 2, NULL, NULL);
INSERT INTO `sop_goal_setup_data` VALUES (215, 5, 11, 0, 0, 2, NULL, NULL);
INSERT INTO `sop_goal_setup_data` VALUES (216, 5, 12, 0, 0, 2, NULL, NULL);
INSERT INTO `sop_goal_setup_data` VALUES (217, 3, 1, 0, 0, 0, NULL, NULL);
INSERT INTO `sop_goal_setup_data` VALUES (218, 3, 2, 0, 0, 0, NULL, NULL);
INSERT INTO `sop_goal_setup_data` VALUES (219, 3, 3, 0, 0, 0, NULL, NULL);
INSERT INTO `sop_goal_setup_data` VALUES (220, 3, 4, 0, 0, 0, NULL, NULL);
INSERT INTO `sop_goal_setup_data` VALUES (221, 3, 5, 0, 0, 0, NULL, NULL);
INSERT INTO `sop_goal_setup_data` VALUES (222, 3, 6, 0, 0, 0, NULL, NULL);
INSERT INTO `sop_goal_setup_data` VALUES (223, 3, 7, 0, 0, 0, NULL, NULL);
INSERT INTO `sop_goal_setup_data` VALUES (224, 3, 8, 0, 0, 4, NULL, NULL);
INSERT INTO `sop_goal_setup_data` VALUES (225, 3, 9, 0, 0, 4, NULL, NULL);
INSERT INTO `sop_goal_setup_data` VALUES (226, 3, 10, 0, 0, 4, NULL, NULL);
INSERT INTO `sop_goal_setup_data` VALUES (227, 3, 11, 0, 0, 4, NULL, NULL);
INSERT INTO `sop_goal_setup_data` VALUES (228, 3, 12, 0, 0, 4, NULL, NULL);
COMMIT;

-- ----------------------------
-- Table structure for sop_set_up_assign_position
-- ----------------------------
DROP TABLE IF EXISTS `sop_set_up_assign_position`;
CREATE TABLE `sop_set_up_assign_position` (
  `id` int(11) NOT NULL AUTO_INCREMENT,
  `sop_set_up_id` int(11) DEFAULT NULL,
  `id_position` int(11) DEFAULT NULL,
  PRIMARY KEY (`id`)
) ENGINE=InnoDB AUTO_INCREMENT=12 DEFAULT CHARSET=utf8;

-- ----------------------------
-- Records of sop_set_up_assign_position
-- ----------------------------
BEGIN;
INSERT INTO `sop_set_up_assign_position` VALUES (7, 15, 5);
INSERT INTO `sop_set_up_assign_position` VALUES (8, 17, 5);
INSERT INTO `sop_set_up_assign_position` VALUES (9, 18, 5);
INSERT INTO `sop_set_up_assign_position` VALUES (10, 19, 5);
INSERT INTO `sop_set_up_assign_position` VALUES (11, 16, 5);
COMMIT;

-- ----------------------------
-- Table structure for source
-- ----------------------------
DROP TABLE IF EXISTS `source`;
CREATE TABLE `source` (
  `id` int(11) NOT NULL AUTO_INCREMENT,
  `name` varchar(255) DEFAULT NULL,
  `created_date` datetime DEFAULT NULL,
  `updated_by` int(11) DEFAULT NULL,
  `created_by` int(11) DEFAULT NULL,
  `updated_date` datetime DEFAULT NULL,
  `status` int(1) DEFAULT NULL,
  PRIMARY KEY (`id`) USING BTREE
) ENGINE=InnoDB AUTO_INCREMENT=5 DEFAULT CHARSET=utf8;

-- ----------------------------
-- Records of source
-- ----------------------------
BEGIN;
INSERT INTO `source` VALUES (1, 'Facebook', NULL, NULL, NULL, NULL, 1);
INSERT INTO `source` VALUES (2, 'Google', NULL, NULL, NULL, NULL, 1);
INSERT INTO `source` VALUES (3, 'Market Research', NULL, NULL, NULL, NULL, 1);
INSERT INTO `source` VALUES (4, 'Other', NULL, NULL, NULL, NULL, 1);
COMMIT;

-- ----------------------------
-- Table structure for standard_operation
-- ----------------------------
DROP TABLE IF EXISTS `standard_operation`;
CREATE TABLE `standard_operation` (
  `id` int(11) NOT NULL AUTO_INCREMENT,
  `name` varchar(255) DEFAULT NULL,
  `assign_to` int(11) DEFAULT NULL,
  `id_employee_possition` int(11) DEFAULT NULL,
  `id_standard_operation_step` int(11) DEFAULT NULL,
  `created_date` datetime DEFAULT NULL,
  `created_by` int(11) DEFAULT NULL,
  `updated_date` datetime DEFAULT NULL,
  `updated_by` datetime DEFAULT NULL,
  `status` int(1) DEFAULT NULL,
  `description` varchar(255) DEFAULT NULL,
  `start_date` date DEFAULT NULL,
  `due_date` date DEFAULT NULL,
  `deadline` date DEFAULT NULL,
  `id_priority` int(11) DEFAULT NULL,
  `id_related_to` int(11) DEFAULT NULL,
  `id_related_profile` int(11) DEFAULT NULL,
  PRIMARY KEY (`id`)
) ENGINE=InnoDB AUTO_INCREMENT=10 DEFAULT CHARSET=utf8;

-- ----------------------------
-- Records of standard_operation
-- ----------------------------
BEGIN;
INSERT INTO `standard_operation` VALUES (1, 'EOH', 12, NULL, 11, '2019-09-05 14:47:41', 23, '2019-09-06 11:59:52', '0000-00-00 00:00:00', NULL, '', '2019-09-04', '2019-09-18', '2019-09-25', 3, 1, 1);
INSERT INTO `standard_operation` VALUES (2, 'Room Rate', 1, NULL, 4, '2019-09-06 09:44:51', 1, '2019-09-06 09:45:25', '0000-00-00 00:00:00', NULL, '', '2019-09-06', '2019-09-24', '2019-09-30', 2, 1, 3);
INSERT INTO `standard_operation` VALUES (3, 'Front Desk > Setup > Room Class ', 6, NULL, 4, '2019-09-06 10:12:39', 17, '2019-09-06 10:17:57', '0000-00-00 00:00:00', NULL, '', '2019-09-02', '2019-09-03', '2019-09-03', 3, 1, 3);
INSERT INTO `standard_operation` VALUES (4, 'Room Setup', 8, NULL, 13, '2019-09-06 11:58:20', 19, NULL, NULL, NULL, '', NULL, NULL, NULL, 3, 1, 3);
INSERT INTO `standard_operation` VALUES (5, 'Room Type Profile', 8, NULL, 13, '2019-09-06 11:59:42', 19, NULL, NULL, NULL, '', NULL, NULL, NULL, 2, 1, 3);
INSERT INTO `standard_operation` VALUES (6, 'test', 5, NULL, 18, '2019-09-06 12:36:15', 1, '2019-09-06 13:11:49', '0000-00-00 00:00:00', NULL, 'test', '2019-09-06', '2019-09-30', '2019-10-05', 2, 3, 1);
INSERT INTO `standard_operation` VALUES (7, '1920 hotel', 11, NULL, 8, '2019-09-06 16:14:34', 22, '2019-09-06 16:16:52', '0000-00-00 00:00:00', NULL, '', '2019-09-06', '2019-09-06', '2019-09-06', 2, 3, 1);
INSERT INTO `standard_operation` VALUES (8, 'Rithyma', 16, NULL, 11, '2019-09-06 16:19:13', 27, '2019-09-06 16:50:11', '0000-00-00 00:00:00', NULL, '', '2019-09-04', '2019-09-18', '2019-09-25', 3, 1, 1);
INSERT INTO `standard_operation` VALUES (9, 'Pradise....', 11, NULL, 8, '2019-09-06 16:19:26', 22, '2019-09-06 16:22:21', '0000-00-00 00:00:00', NULL, '', NULL, NULL, NULL, 2, 3, 2);
COMMIT;

-- ----------------------------
-- Table structure for standard_operation_check_list
-- ----------------------------
DROP TABLE IF EXISTS `standard_operation_check_list`;
CREATE TABLE `standard_operation_check_list` (
  `id` int(11) NOT NULL AUTO_INCREMENT,
  `name` varchar(255) DEFAULT NULL,
  `assign_to` int(11) DEFAULT NULL,
  `id_standard_operation` int(11) DEFAULT NULL,
  `id_standard_operation_step` int(11) DEFAULT NULL,
  `created_date` datetime DEFAULT NULL,
  `created_by` int(11) DEFAULT NULL,
  `updated_date` datetime DEFAULT NULL,
  `updated_by` datetime DEFAULT NULL,
  `status` int(1) DEFAULT NULL,
  `is_done` int(1) DEFAULT NULL,
  `description` text,
  `id_standard_operation_step_list` int(11) DEFAULT NULL,
  `done_date` date DEFAULT NULL,
  PRIMARY KEY (`id`)
) ENGINE=InnoDB AUTO_INCREMENT=88 DEFAULT CHARSET=utf8;

-- ----------------------------
-- Records of standard_operation_check_list
-- ----------------------------
BEGIN;
INSERT INTO `standard_operation_check_list` VALUES (31, NULL, NULL, 2, 6, '2019-09-06 09:45:25', 1, NULL, NULL, 1, 0, '', 9, NULL);
INSERT INTO `standard_operation_check_list` VALUES (33, NULL, NULL, 3, 4, '2019-09-06 10:17:57', 17, NULL, NULL, 1, 0, '', 38, NULL);
INSERT INTO `standard_operation_check_list` VALUES (37, NULL, NULL, 1, 10, '2019-09-06 11:59:52', 23, NULL, NULL, 1, 1, '', 25, NULL);
INSERT INTO `standard_operation_check_list` VALUES (38, NULL, NULL, 1, 10, '2019-09-06 11:59:52', 23, NULL, NULL, 1, 1, '', 26, '2019-09-05');
INSERT INTO `standard_operation_check_list` VALUES (39, NULL, NULL, 1, 10, '2019-09-06 11:59:52', 23, NULL, NULL, 1, 0, '', 27, NULL);
INSERT INTO `standard_operation_check_list` VALUES (40, NULL, NULL, 6, 16, '2019-09-06 12:39:06', 1, NULL, NULL, 1, 0, 'sdfgbnm, dfghjk', 73, NULL);
INSERT INTO `standard_operation_check_list` VALUES (41, NULL, NULL, 6, 16, '2019-09-06 12:39:06', 1, NULL, NULL, 1, 0, '', 74, NULL);
INSERT INTO `standard_operation_check_list` VALUES (42, NULL, NULL, 6, 16, '2019-09-06 12:39:06', 1, NULL, NULL, 1, 0, '', 75, NULL);
INSERT INTO `standard_operation_check_list` VALUES (50, NULL, NULL, 6, 17, '2019-09-06 13:11:38', 16, NULL, NULL, 1, 1, '', 94, NULL);
INSERT INTO `standard_operation_check_list` VALUES (51, NULL, NULL, 6, 17, '2019-09-06 13:11:38', 16, NULL, NULL, 1, 1, '', 95, NULL);
INSERT INTO `standard_operation_check_list` VALUES (52, NULL, NULL, 6, 17, '2019-09-06 13:11:38', 16, NULL, NULL, 1, 1, '', 96, NULL);
INSERT INTO `standard_operation_check_list` VALUES (53, NULL, NULL, 6, 17, '2019-09-06 13:11:38', 16, NULL, NULL, 1, 0, '', 97, NULL);
INSERT INTO `standard_operation_check_list` VALUES (54, NULL, NULL, 6, 17, '2019-09-06 13:11:38', 16, NULL, NULL, 1, 1, '', 98, NULL);
INSERT INTO `standard_operation_check_list` VALUES (55, NULL, NULL, 6, 17, '2019-09-06 13:11:38', 16, NULL, NULL, 1, 0, '', 99, NULL);
INSERT INTO `standard_operation_check_list` VALUES (56, NULL, NULL, 6, 17, '2019-09-06 13:11:38', 16, NULL, NULL, 1, 1, '', 100, NULL);
INSERT INTO `standard_operation_check_list` VALUES (57, NULL, NULL, 6, 18, '2019-09-06 13:11:49', 16, NULL, NULL, 1, 1, '', 93, NULL);
INSERT INTO `standard_operation_check_list` VALUES (58, NULL, NULL, 7, 8, '2019-09-06 16:16:52', 22, NULL, NULL, 1, 1, '', 101, '2019-09-06');
INSERT INTO `standard_operation_check_list` VALUES (62, NULL, NULL, 9, 8, '2019-09-06 16:22:21', 22, NULL, NULL, 1, 1, 'To meet at brown.', 101, '2019-09-06');
INSERT INTO `standard_operation_check_list` VALUES (63, NULL, NULL, 8, 10, '2019-09-06 16:46:54', 27, NULL, NULL, 1, 0, '', 25, NULL);
INSERT INTO `standard_operation_check_list` VALUES (64, NULL, NULL, 8, 10, '2019-09-06 16:46:54', 27, NULL, NULL, 1, 1, '', 26, '2019-09-06');
INSERT INTO `standard_operation_check_list` VALUES (65, NULL, NULL, 8, 10, '2019-09-06 16:46:54', 27, NULL, NULL, 1, 0, '', 27, NULL);
INSERT INTO `standard_operation_check_list` VALUES (77, NULL, NULL, 8, 12, '2019-09-06 16:50:02', 27, NULL, NULL, 1, 0, '', 28, NULL);
INSERT INTO `standard_operation_check_list` VALUES (78, NULL, NULL, 8, 12, '2019-09-06 16:50:02', 27, NULL, NULL, 1, 0, '', 29, NULL);
INSERT INTO `standard_operation_check_list` VALUES (79, NULL, NULL, 8, 12, '2019-09-06 16:50:02', 27, NULL, NULL, 1, 0, '', 30, '2019-09-25');
INSERT INTO `standard_operation_check_list` VALUES (80, NULL, NULL, 8, 11, '2019-09-06 16:50:11', 27, NULL, NULL, 1, 0, '', 17, NULL);
INSERT INTO `standard_operation_check_list` VALUES (81, NULL, NULL, 8, 11, '2019-09-06 16:50:11', 27, NULL, NULL, 1, 0, '', 18, NULL);
INSERT INTO `standard_operation_check_list` VALUES (82, NULL, NULL, 8, 11, '2019-09-06 16:50:11', 27, NULL, NULL, 1, 0, '', 19, NULL);
INSERT INTO `standard_operation_check_list` VALUES (83, NULL, NULL, 8, 11, '2019-09-06 16:50:11', 27, NULL, NULL, 1, 0, '', 20, NULL);
INSERT INTO `standard_operation_check_list` VALUES (84, NULL, NULL, 8, 11, '2019-09-06 16:50:11', 27, NULL, NULL, 1, 0, '', 21, NULL);
INSERT INTO `standard_operation_check_list` VALUES (85, NULL, NULL, 8, 11, '2019-09-06 16:50:11', 27, NULL, NULL, 1, 0, '', 22, NULL);
INSERT INTO `standard_operation_check_list` VALUES (86, NULL, NULL, 8, 11, '2019-09-06 16:50:11', 27, NULL, NULL, 1, 0, '', 23, NULL);
INSERT INTO `standard_operation_check_list` VALUES (87, NULL, NULL, 8, 11, '2019-09-06 16:50:11', 27, NULL, NULL, 1, 0, '', 24, '2019-09-18');
COMMIT;

-- ----------------------------
-- Table structure for standard_operation_procedure_article
-- ----------------------------
DROP TABLE IF EXISTS `standard_operation_procedure_article`;
CREATE TABLE `standard_operation_procedure_article` (
  `id` int(11) NOT NULL AUTO_INCREMENT,
  `name` varchar(255) NOT NULL,
  `id_standard_operation_procedure_set_up` int(11) DEFAULT NULL,
  `id_position` int(11) DEFAULT NULL,
  `short_description` varchar(255) DEFAULT NULL,
  `description` text,
  `status` int(1) DEFAULT NULL,
  `created_date` date DEFAULT NULL,
  `created_by` int(11) DEFAULT NULL,
  `updated_date` date DEFAULT NULL,
  `updated_by` int(11) DEFAULT NULL,
  PRIMARY KEY (`id`)
) ENGINE=InnoDB AUTO_INCREMENT=7 DEFAULT CHARSET=utf8;

-- ----------------------------
-- Records of standard_operation_procedure_article
-- ----------------------------
BEGIN;
INSERT INTO `standard_operation_procedure_article` VALUES (1, 'Testing', NULL, NULL, 'etee', '<p>ssss</p>', 1, '2019-08-26', 14, NULL, NULL);
INSERT INTO `standard_operation_procedure_article` VALUES (2, 'Testing', 2, 0, 'testt', '<p>testt<br></p>', 0, '2019-08-26', 14, '2019-08-26', 14);
INSERT INTO `standard_operation_procedure_article` VALUES (5, 'Testing', 1, NULL, '', '<p class=\"MsoNormal\" align=\"center\" style=\"text-align:center\"><span style=\"font-size:12.0pt;color:black;mso-themecolor:text1;mso-style-textoutline-type:\r\nnone;mso-style-textoutline-outlinestyle-dpiwidth:0pt;mso-style-textoutline-outlinestyle-linecap:\r\nflat;mso-style-textoutline-outlinestyle-join:round;mso-style-textoutline-outlinestyle-pctmiterlimit:\r\n0%;mso-style-textoutline-outlinestyle-dash:solid;mso-style-textoutline-outlinestyle-align:\r\ncenter;mso-style-textoutline-outlinestyle-compound:simple;mso-effects-shadow-color:\r\nblack;mso-effects-shadow-themecolor:dark1;mso-effects-shadow-alpha:40.0%;\r\nmso-effects-shadow-dpiradius:3.0pt;mso-effects-shadow-dpidistance:1.5pt;\r\nmso-effects-shadow-angledirection:2700000;mso-effects-shadow-align:topleft;\r\nmso-effects-shadow-pctsx:100.0%;mso-effects-shadow-pctsy:100.0%;mso-effects-shadow-anglekx:\r\n0;mso-effects-shadow-angleky:0\"><o:p>&nbsp;</o:p></span></p><p class=\"MsoNormal\"><v:shapetype id=\"_x0000_t202\" coordsize=\"21600,21600\" o:spt=\"202\" path=\"m0,0l0,21600,21600,21600,21600,0xe\">\r\n <v:stroke joinstyle=\"miter\">\r\n <v:path gradientshapeok=\"t\" o:connecttype=\"rect\">\r\n</v:path></v:stroke></v:shapetype><v:shape id=\"Text_x0020_Box_x0020_2\" o:spid=\"_x0000_s1026\" type=\"#_x0000_t202\" style=\"position:absolute;margin-left:.25pt;margin-top:6pt;\r\n width:481.85pt;height:25.2pt;z-index:251663360;visibility:visible;\r\n mso-wrap-style:square;mso-width-percent:0;mso-height-percent:0;\r\n mso-wrap-distance-left:9pt;mso-wrap-distance-top:3.6pt;\r\n mso-wrap-distance-right:9pt;mso-wrap-distance-bottom:3.6pt;\r\n mso-position-horizontal:absolute;mso-position-horizontal-relative:text;\r\n mso-position-vertical:absolute;mso-position-vertical-relative:text;\r\n mso-width-percent:0;mso-height-percent:0;mso-width-relative:margin;\r\n mso-height-relative:margin;v-text-anchor:middle\" o:gfxdata=\"UEsDBBQABgAIAAAAIQApm/tGBAEAAB4CAAATAAAAW0NvbnRlbnRfVHlwZXNdLnhtbKSRzU7DMBCE\r\n70i8g+UrSpxyQAgl6YGfI3AoD7DYm8TCsS2vW9q3Z5OmF1RVSFws2+uZ+TSu1/vRiR0mssE3clVW\r\nUqDXwVjfN/Jj81LcS0EZvAEXPDbygCTX7fVVvTlEJMFqT40cco4PSpEecAQqQ0TPky6kETIfU68i\r\n6C/oUd1W1Z3SwWf0uciTh2zrJ+xg67J43vP1kYTlUjwe301RjYQYndWQGVRNU3VWl9DRBeHOm190\r\nxUJWsnI2p8FGulkS3riaZA2Kd0j5FUbmUNrZ+BkgGWUSfHNRdNqsysvYZ9JD11mNJujtyI2Ui+Pf\r\n4jO3jWpe/58825xy1fy77Q8AAAD//wMAUEsDBBQABgAIAAAAIQCtMD/xwQAAADIBAAALAAAAX3Jl\r\nbHMvLnJlbHOEj80KwjAQhO+C7xD2btN6EJGmvYjgVfQB1mTbBtskZOPf25uLoCB4m2XYb2bq9jGN\r\n4kaRrXcKqqIEQU57Y12v4HTcLdYgOKEzOHpHCp7E0DbzWX2gEVN+4sEGFpniWMGQUthIyXqgCbnw\r\ngVx2Oh8nTPmMvQyoL9iTXJblSsZPBjRfTLE3CuLeVCCOz5CT/7N911lNW6+vE7n0I0KaiPe8LCMx\r\n9pQU6NGGs8do3ha/RVXk5iCbWn4tbV4AAAD//wMAUEsDBBQABgAIAAAAIQAfuxhrPQMAAJQHAAAf\r\nAAAAY2xpcGJvYXJkL2RyYXdpbmdzL2RyYXdpbmcxLnhtbKxV21LbMBB970z/QaN3iJ0bJIPDQCBM\r\nZ2jJJPABG1mJPciSKyk3vr67shNCKDzQ5iVa7/ro7Nkj+eJyUyi2ktblRic8Po04k1qYNNeLhD89\r\njk7OOXMedArKaJnwrXT8cvD92wX0FxbKLBcMEbTrQ8Iz78t+o+FEJgtwp6aUGnNzYwvwGNpFI7Ww\r\nRuRCNZpR1G0UkGs+eIW6AQ9safMvQCkjnmU6BL0Ch5BK9A+f1ByV+Hdk6OvVnS2n5dgSc/FrNbYs\r\nTxOOymkoUCLeqBN1GYaNo7cWrwCbuS2o3sznbJPwXtTqRh3OtglvN+OzqNWp4OTGM4H5bhz32j0s\r\nEFjRasfdVlTvlz18jiCy288xkGRFBhcHBF1J9PTqfcfdXcePxO7abFhz3ztVM7/Bh+iqMGNX3uOM\r\nHNNmmIFeyCtrzTqTkDqqqERCNattgmC7HR1hzdY/TYrqwtKbgPd/hNs3Df3SOn8nTcFokXArhQ8b\r\nwere+YrfroQUcUbl6ShXKgR2MRsqy1ag0AnRdTQKY0H0N2VKszXOuNPsBGRt6P1glyL30jKVFwk/\r\nj+hXKUn63Oo0lHjIVbVGWKWDq0ga2t9vpmFMpHi6pScz/EfZrMFW0Jp4xHGRGfvC2RoPbsLd7yVY\r\nyZn6oXECvbjdxjIfgnbnrImBPczMDjOgBUIlXHjLWRUMPcZRaMuVVzikUV6LVjEhTsr5qd8qGdoJ\r\nfGmyoBZ49RBUULIUV3Nfr8be1ZLWBnF1FhWoOw/tW4RRaKqES33yNMUr6wVN1UYVmaBeQakATqqh\r\nl3ey1zoeDcm9neVuGMezlPM5OgStQZBmieObZumazdTSTgDvg9Z5TPunOZkp7kWdEKBIzbNqwHXj\r\nvqIWbk2591D6XJ0aUGUGlQbYTmULYkJ3LFUHF+x3D9EbYgp8rpnflnIOAo/PA17KbAraoTIZWCeD\r\nPcJAJBzUDUHlM5u/rxLuoOpDNKSIMyFl/GBq1NLj58WxCXjp6DJEzaiC8lKnY7Aw+esEScFQtNM6\r\nED3u6UOuX+joBpZ6LHV23DjSfWUa2KN/qZP9gVs6OS0naAnkGBJ0InFB92fj6HsUEvX3kz56h/Hg\r\nDwAAAP//AwBQSwMEFAAGAAgAAAAhAHaFahVWBgAADxoAABoAAABjbGlwYm9hcmQvdGhlbWUvdGhl\r\nbWUxLnhtbOxZS28bNxC+F+h/WOy9sd6KjciBrUfcxE6CSEmRI6WldhlzlwuSsqNbkZx6KVAgLXpo\r\ngN56KIoGaIAGvfTHGHDQpj+iQ+5DpETFD7hAUMQCjN3Zb4bDmdlvSO6Nm09j6h1hLghLOn71WsX3\r\ncDJhAUnCjv9wNPjsuu8JiZIAUZbgjj/Hwr+5/eknN9DWhJJ0zBAPRhGOsQeGErGFOn4kZbq1sSEm\r\nIEbiGktxAs+mjMdIwi0PNwKOjmGAmG7UKpXWRoxI4m+DRakM9Sn8S6RQggnlQ2UGewmKYfR70ymZ\r\nYI0NDqsKIeaiS7l3hGjHB5sBOx7hp9L3KBISHnT8iv7zN7ZvbKCtXInKNbqG3kD/5Xq5QnBY02Py\r\ncFwO2mg0G62d0r4GULmK67f7rX6rtKcBaDKBmWa+2DbbtW4jxxqg7NJhu9fu1asW3rBfX/F5p6l+\r\nFl6DMvuNFfxg0IUoWngNyvDNFXxzd3O3Z9vXoAzfWsG3Kzu9Rtuyr0ERJcnhCrrSbNW7xWxLyJTR\r\nPSd8s9kYtGu58QUKqqGsLjXElCVyXa3F6AnjAwAoIEWSJJ6cp3iKJlCTXUTJmBNvn4QRFF6KEiZA\r\nXKlVBpU6/Fe/hr7SGUVbGBnayi/wRKyIlD+emHCSyo5/G6z6BuT0zZuTZ69Pnv1+8vz5ybNf87G1\r\nKUtvDyWhqffup2/+efml9/dvP7578W029DJemPi3v3z19o8/32ceZrwIxel3r96+fnX6/dd//fzC\r\nYX2Ho7EJH5EYC+8uPvYesBgm6PAfj/nFNEYRIqbGThIKlCA1isN+X0YW+u4cUeTA7WI7jo84UI0L\r\neGv2xHJ4GPGZJA6Ld6LYAh4wRncZd0bhjhrLCPNoloTuwfnMxD1A6Mg1dhclVpb7sxQ4lrhMdiNs\r\nuXmfokSiECdYeuoZO8TYMbvHhFhxPSATzgSbSu8x8XYRcYZkRMZWNS2U9kgMeZm7HIR8W7E5eOTt\r\nMuqadQ8f2Uh4NxB1OD/C1ArjLTSTKHaZHKGYmgHfRzJyOTmc84mJ6wsJmQ4xZV4/wEK4dO5xmK+R\r\n9DtAM+60H9B5bCO5JIcum/uIMRPZY4fdCMWpCzskSWRiPxeHUKLIu8+kC37A7DdE3UMeULI23Y8I\r\nttJ9Nhs8BIY1XVoUiHoy445c3sLMqt/hnE4R1lQDDcDi9ZgkZ5L8Er03/zt6BxI9/eGlY0ZXQ+lu\r\nw1Y+LkjmO5w436a9JQpfh1sm7i7jAfnwebuHZsl9DK/KavP6SNsfadv/39P2uvf56sl6wc9A3WrZ\r\nmi3X9eI9Xrt2nxJKh3JO8b7Qy3cBXSkYgFDp6T0qLvdyaQSX6k2GASxcyJHW8TiTXxAZDSOUwhq/\r\n6isjochNh8JLmYClvxY7bSs8ncUHLMi2rNWq2p5m5CGQXMgrzVIO2w2ZoVvtxTasNK+9DfV2uXBA\r\n6V7ECWMw24m6w4l2IVRB0ptzCJrDCT2zK/Fi0+HFdWW+SNWKF+BamRVYNnmw2Or4zQaogBLsqhDF\r\ngcpTluoiuzqZV5npdcG0KgDWEEUFLDK9qXxdOz01u6zUzpFpywmj3GwndGR0DxMRCnBenUp6Hjcu\r\nmuvNRUot91Qo9HhQWgs32tff58Vlcw16y9xAE5MpaOIdd/xWvQklM0Fpx5/C1h8u4xRqR6jlLqIh\r\nHJpNJM9e+MswS8qF7CERZQHXpJOxQUwk5h4lccdX0y/TQBPNIdq3ag0I4YN1bhNo5UNzDpJuJxlP\r\np3gizbQbEhXp7BYYPuMK51Otfnmw0mQzSPcwCo69MZ3xBwhKrNmuqgAGRMAJUDWLZkDgSLMkskX9\r\nLTWmnHbNM0VdQ5kc0TRCeUcxyTyDayov3dF3ZQyMu3zOEFAjJHkjHIeqwZpBtbpp2TUyH9Z23bOV\r\nVOQM0lz0TItVVNd0s5g1QtEGlmJ5uSZveFWEGDjN7PAZdS9T7mbBdUvrhLJLQMDL+Dm67jkaguHa\r\nYjDLNeXxKg0rzs6ldu8oJniGa+dpEgbrtwqzS3Ere4RzOBBeqvOD3nLVgmharCt1pF2fJw5Q6o3D\r\naseHTwRwNvEUruAjgw+ympLVlAyu4MsBtIvsuL/j5xeFBJ5nkhJTLyT1AtMoJI1C0iwkzULSKiQt\r\n39Pn4vAtRh2J+15x7A09LD8mz9cW9jec7X8BAAD//wMAUEsDBBQABgAIAAAAIQCcZkZBuwAAACQB\r\nAAAqAAAAY2xpcGJvYXJkL2RyYXdpbmdzL19yZWxzL2RyYXdpbmcxLnhtbC5yZWxzhI/NCsIwEITv\r\ngu8Q9m7SehCRJr2I0KvUBwjJNi02PyRR7Nsb6EVB8LIws+w3s037sjN5YkyTdxxqWgFBp7yenOFw\r\n6y+7I5CUpdNy9g45LJigFdtNc8VZ5nKUxikkUigucRhzDifGkhrRykR9QFc2g49W5iKjYUGquzTI\r\n9lV1YPGTAeKLSTrNIXa6BtIvoST/Z/thmBSevXpYdPlHBMulFxagjAYzB0pXZ501LV2BiYZ9/Sbe\r\nAAAA//8DAFBLAQItABQABgAIAAAAIQApm/tGBAEAAB4CAAATAAAAAAAAAAAAAAAAAAAAAABbQ29u\r\ndGVudF9UeXBlc10ueG1sUEsBAi0AFAAGAAgAAAAhAK0wP/HBAAAAMgEAAAsAAAAAAAAAAAAAAAAA\r\nNQEAAF9yZWxzLy5yZWxzUEsBAi0AFAAGAAgAAAAhAB+7GGs9AwAAlAcAAB8AAAAAAAAAAAAAAAAA\r\nHwIAAGNsaXBib2FyZC9kcmF3aW5ncy9kcmF3aW5nMS54bWxQSwECLQAUAAYACAAAACEAdoVqFVYG\r\nAAAPGgAAGgAAAAAAAAAAAAAAAACZBQAAY2xpcGJvYXJkL3RoZW1lL3RoZW1lMS54bWxQSwECLQAU\r\nAAYACAAAACEAnGZGQbsAAAAkAQAAKgAAAAAAAAAAAAAAAAAnDAAAY2xpcGJvYXJkL2RyYXdpbmdz\r\nL19yZWxzL2RyYXdpbmcxLnhtbC5yZWxzUEsFBgAAAAAFAAUAZwEAACoNAAAAAA==\r\n\" fillcolor=\"#00b0f0\" stroked=\"f\">\r\n <v:textbox style=\"mso-fit-shape-to-text:t\">\r\n  <!--[if !mso]-->\r\n  </v:textbox></v:shape></p><table cellpadding=\"0\" cellspacing=\"0\" width=\"100%\">\r\n   <tbody><tr>\r\n    <td><!--[endif]-->\r\n    <div>\r\n    <p class=\"MsoNormal\" align=\"center\" style=\"text-align:center\"><span style=\"font-size:14.0pt;font-family:&quot;Open Sans&quot;,&quot;sans-serif&quot;;mso-bidi-font-family:\r\n    &quot;Open Sans&quot;;color:black;mso-themecolor:text1;text-transform:uppercase;\r\n    mso-style-textoutline-type:none;mso-style-textoutline-outlinestyle-dpiwidth:\r\n    0pt;mso-style-textoutline-outlinestyle-linecap:flat;mso-style-textoutline-outlinestyle-join:\r\n    round;mso-style-textoutline-outlinestyle-pctmiterlimit:0%;mso-style-textoutline-outlinestyle-dash:\r\n    solid;mso-style-textoutline-outlinestyle-align:center;mso-style-textoutline-outlinestyle-compound:\r\n    simple;mso-effects-shadow-color:black;mso-effects-shadow-themecolor:dark1;\r\n    mso-effects-shadow-alpha:40.0%;mso-effects-shadow-dpiradius:3.0pt;\r\n    mso-effects-shadow-dpidistance:1.5pt;mso-effects-shadow-angledirection:\r\n    2700000;mso-effects-shadow-align:topleft;mso-effects-shadow-pctsx:100.0%;\r\n    mso-effects-shadow-pctsy:100.0%;mso-effects-shadow-anglekx:0;mso-effects-shadow-angleky:\r\n    0\">Solutions Rates<o:p></o:p></span></p>\r\n    </div>\r\n    <!--[if !mso]--></td>\r\n   </tr>\r\n  </tbody></table><p>\r\n\r\n\r\n\r\n\r\n\r\n\r\n\r\n<!--[if !mso]>\r\n<style>\r\nv\\:* {behavior:url(#default#VML);}\r\no\\:* {behavior:url(#default#VML);}\r\nw\\:* {behavior:url(#default#VML);}\r\n.shape {behavior:url(#default#VML);}\r\n</style>\r\n<![endif]--><!--[if gte mso 9]><xml>\r\n <o:OfficeDocumentSettings>\r\n  <o:RelyOnVML/>\r\n  <o:AllowPNG/>\r\n </o:OfficeDocumentSettings>\r\n</xml><![endif]-->\r\n\r\n<!--[if gte mso 9]><xml>\r\n <w:WordDocument>\r\n  <w:View>Normal</w:View>\r\n  <w:Zoom>0</w:Zoom>\r\n  <w:TrackMoves>false</w:TrackMoves>\r\n  <w:TrackFormatting/>\r\n  <w:PunctuationKerning/>\r\n  <w:ValidateAgainstSchemas/>\r\n  <w:SaveIfXMLInvalid>false</w:SaveIfXMLInvalid>\r\n  <w:IgnoreMixedContent>false</w:IgnoreMixedContent>\r\n  <w:AlwaysShowPlaceholderText>false</w:AlwaysShowPlaceholderText>\r\n  <w:DoNotPromoteQF/>\r\n  <w:LidThemeOther>EN-US</w:LidThemeOther>\r\n  <w:LidThemeAsian>X-NONE</w:LidThemeAsian>\r\n  <w:LidThemeComplexScript>KHM</w:LidThemeComplexScript>\r\n  <w:Compatibility>\r\n   <w:BreakWrappedTables/>\r\n   <w:SnapToGridInCell/>\r\n   <w:WrapTextWithPunct/>\r\n   <w:UseAsianBreakRules/>\r\n   <w:DontGrowAutofit/>\r\n   <w:SplitPgBreakAndParaMark/>\r\n   <w:EnableOpenTypeKerning/>\r\n   <w:DontFlipMirrorIndents/>\r\n   <w:OverrideTableStyleHps/>\r\n  </w:Compatibility>\r\n  <m:mathPr>\r\n   <m:mathFont m:val=\"Cambria Math\"/>\r\n   <m:brkBin m:val=\"before\"/>\r\n   <m:brkBinSub m:val=\"&#45;-\"/>\r\n   <m:smallFrac m:val=\"off\"/>\r\n   <m:dispDef/>\r\n   <m:lMargin m:val=\"0\"/>\r\n   <m:rMargin m:val=\"0\"/>\r\n   <m:defJc m:val=\"centerGroup\"/>\r\n   <m:wrapIndent m:val=\"1440\"/>\r\n   <m:intLim m:val=\"subSup\"/>\r\n   <m:naryLim m:val=\"undOvr\"/>\r\n  </m:mathPr></w:WordDocument>\r\n</xml><![endif]--><!--[if gte mso 9]><xml>\r\n <w:LatentStyles DefLockedState=\"false\" DefUnhideWhenUsed=\"false\"\r\n  DefSemiHidden=\"false\" DefQFormat=\"false\" DefPriority=\"99\"\r\n  LatentStyleCount=\"382\">\r\n  <w:LsdException Locked=\"false\" Priority=\"0\" QFormat=\"true\" Name=\"Normal\"/>\r\n  <w:LsdException Locked=\"false\" Priority=\"9\" QFormat=\"true\" Name=\"heading 1\"/>\r\n  <w:LsdException Locked=\"false\" Priority=\"9\" SemiHidden=\"true\"\r\n   UnhideWhenUsed=\"true\" QFormat=\"true\" Name=\"heading 2\"/>\r\n  <w:LsdException Locked=\"false\" Priority=\"9\" SemiHidden=\"true\"\r\n   UnhideWhenUsed=\"true\" QFormat=\"true\" Name=\"heading 3\"/>\r\n  <w:LsdException Locked=\"false\" Priority=\"9\" SemiHidden=\"true\"\r\n   UnhideWhenUsed=\"true\" QFormat=\"true\" Name=\"heading 4\"/>\r\n  <w:LsdException Locked=\"false\" Priority=\"9\" SemiHidden=\"true\"\r\n   UnhideWhenUsed=\"true\" QFormat=\"true\" Name=\"heading 5\"/>\r\n  <w:LsdException Locked=\"false\" Priority=\"9\" SemiHidden=\"true\"\r\n   UnhideWhenUsed=\"true\" QFormat=\"true\" Name=\"heading 6\"/>\r\n  <w:LsdException Locked=\"false\" Priority=\"9\" SemiHidden=\"true\"\r\n   UnhideWhenUsed=\"true\" QFormat=\"true\" Name=\"heading 7\"/>\r\n  <w:LsdException Locked=\"false\" Priority=\"9\" SemiHidden=\"true\"\r\n   UnhideWhenUsed=\"true\" QFormat=\"true\" Name=\"heading 8\"/>\r\n  <w:LsdException Locked=\"false\" Priority=\"9\" SemiHidden=\"true\"\r\n   UnhideWhenUsed=\"true\" QFormat=\"true\" Name=\"heading 9\"/>\r\n  <w:LsdException Locked=\"false\" SemiHidden=\"true\" UnhideWhenUsed=\"true\"\r\n   Name=\"index 1\"/>\r\n  <w:LsdException Locked=\"false\" SemiHidden=\"true\" UnhideWhenUsed=\"true\"\r\n   Name=\"index 2\"/>\r\n  <w:LsdException Locked=\"false\" SemiHidden=\"true\" UnhideWhenUsed=\"true\"\r\n   Name=\"index 3\"/>\r\n  <w:LsdException Locked=\"false\" SemiHidden=\"true\" UnhideWhenUsed=\"true\"\r\n   Name=\"index 4\"/>\r\n  <w:LsdException Locked=\"false\" SemiHidden=\"true\" UnhideWhenUsed=\"true\"\r\n   Name=\"index 5\"/>\r\n  <w:LsdException Locked=\"false\" SemiHidden=\"true\" UnhideWhenUsed=\"true\"\r\n   Name=\"index 6\"/>\r\n  <w:LsdException Locked=\"false\" SemiHidden=\"true\" UnhideWhenUsed=\"true\"\r\n   Name=\"index 7\"/>\r\n  <w:LsdException Locked=\"false\" SemiHidden=\"true\" UnhideWhenUsed=\"true\"\r\n   Name=\"index 8\"/>\r\n  <w:LsdException Locked=\"false\" SemiHidden=\"true\" UnhideWhenUsed=\"true\"\r\n   Name=\"index 9\"/>\r\n  <w:LsdException Locked=\"false\" Priority=\"39\" SemiHidden=\"true\"\r\n   UnhideWhenUsed=\"true\" Name=\"toc 1\"/>\r\n  <w:LsdException Locked=\"false\" Priority=\"39\" SemiHidden=\"true\"\r\n   UnhideWhenUsed=\"true\" Name=\"toc 2\"/>\r\n  <w:LsdException Locked=\"false\" Priority=\"39\" SemiHidden=\"true\"\r\n   UnhideWhenUsed=\"true\" Name=\"toc 3\"/>\r\n  <w:LsdException Locked=\"false\" Priority=\"39\" SemiHidden=\"true\"\r\n   UnhideWhenUsed=\"true\" Name=\"toc 4\"/>\r\n  <w:LsdException Locked=\"false\" Priority=\"39\" SemiHidden=\"true\"\r\n   UnhideWhenUsed=\"true\" Name=\"toc 5\"/>\r\n  <w:LsdException Locked=\"false\" Priority=\"39\" SemiHidden=\"true\"\r\n   UnhideWhenUsed=\"true\" Name=\"toc 6\"/>\r\n  <w:LsdException Locked=\"false\" Priority=\"39\" SemiHidden=\"true\"\r\n   UnhideWhenUsed=\"true\" Name=\"toc 7\"/>\r\n  <w:LsdException Locked=\"false\" Priority=\"39\" SemiHidden=\"true\"\r\n   UnhideWhenUsed=\"true\" Name=\"toc 8\"/>\r\n  <w:LsdException Locked=\"false\" Priority=\"39\" SemiHidden=\"true\"\r\n   UnhideWhenUsed=\"true\" Name=\"toc 9\"/>\r\n  <w:LsdException Locked=\"false\" SemiHidden=\"true\" UnhideWhenUsed=\"true\"\r\n   Name=\"Normal Indent\"/>\r\n  <w:LsdException Locked=\"false\" SemiHidden=\"true\" UnhideWhenUsed=\"true\"\r\n   Name=\"footnote text\"/>\r\n  <w:LsdException Locked=\"false\" SemiHidden=\"true\" UnhideWhenUsed=\"true\"\r\n   Name=\"annotation text\"/>\r\n  <w:LsdException Locked=\"false\" SemiHidden=\"true\" UnhideWhenUsed=\"true\"\r\n   Name=\"header\"/>\r\n  <w:LsdException Locked=\"false\" Priority=\"0\" SemiHidden=\"true\"\r\n   UnhideWhenUsed=\"true\" Name=\"footer\"/>\r\n  <w:LsdException Locked=\"false\" SemiHidden=\"true\" UnhideWhenUsed=\"true\"\r\n   Name=\"index heading\"/>\r\n  <w:LsdException Locked=\"false\" Priority=\"35\" SemiHidden=\"true\"\r\n   UnhideWhenUsed=\"true\" QFormat=\"true\" Name=\"caption\"/>\r\n  <w:LsdException Locked=\"false\" SemiHidden=\"true\" UnhideWhenUsed=\"true\"\r\n   Name=\"table of figures\"/>\r\n  <w:LsdException Locked=\"false\" SemiHidden=\"true\" UnhideWhenUsed=\"true\"\r\n   Name=\"envelope address\"/>\r\n  <w:LsdException Locked=\"false\" SemiHidden=\"true\" UnhideWhenUsed=\"true\"\r\n   Name=\"envelope return\"/>\r\n  <w:LsdException Locked=\"false\" SemiHidden=\"true\" UnhideWhenUsed=\"true\"\r\n   Name=\"footnote reference\"/>\r\n  <w:LsdException Locked=\"false\" SemiHidden=\"true\" UnhideWhenUsed=\"true\"\r\n   Name=\"annotation reference\"/>\r\n  <w:LsdException Locked=\"false\" SemiHidden=\"true\" UnhideWhenUsed=\"true\"\r\n   Name=\"line number\"/>\r\n  <w:LsdException Locked=\"false\" SemiHidden=\"true\" UnhideWhenUsed=\"true\"\r\n   Name=\"page number\"/>\r\n  <w:LsdException Locked=\"false\" SemiHidden=\"true\" UnhideWhenUsed=\"true\"\r\n   Name=\"endnote reference\"/>\r\n  <w:LsdException Locked=\"false\" SemiHidden=\"true\" UnhideWhenUsed=\"true\"\r\n   Name=\"endnote text\"/>\r\n  <w:LsdException Locked=\"false\" SemiHidden=\"true\" UnhideWhenUsed=\"true\"\r\n   Name=\"table of authorities\"/>\r\n  <w:LsdException Locked=\"false\" SemiHidden=\"true\" UnhideWhenUsed=\"true\"\r\n   Name=\"macro\"/>\r\n  <w:LsdException Locked=\"false\" SemiHidden=\"true\" UnhideWhenUsed=\"true\"\r\n   Name=\"toa heading\"/>\r\n  <w:LsdException Locked=\"false\" SemiHidden=\"true\" UnhideWhenUsed=\"true\"\r\n   Name=\"List\"/>\r\n  <w:LsdException Locked=\"false\" SemiHidden=\"true\" UnhideWhenUsed=\"true\"\r\n   Name=\"List Bullet\"/>\r\n  <w:LsdException Locked=\"false\" SemiHidden=\"true\" UnhideWhenUsed=\"true\"\r\n   Name=\"List Number\"/>\r\n  <w:LsdException Locked=\"false\" SemiHidden=\"true\" UnhideWhenUsed=\"true\"\r\n   Name=\"List 2\"/>\r\n  <w:LsdException Locked=\"false\" SemiHidden=\"true\" UnhideWhenUsed=\"true\"\r\n   Name=\"List 3\"/>\r\n  <w:LsdException Locked=\"false\" SemiHidden=\"true\" UnhideWhenUsed=\"true\"\r\n   Name=\"List 4\"/>\r\n  <w:LsdException Locked=\"false\" SemiHidden=\"true\" UnhideWhenUsed=\"true\"\r\n   Name=\"List 5\"/>\r\n  <w:LsdException Locked=\"false\" SemiHidden=\"true\" UnhideWhenUsed=\"true\"\r\n   Name=\"List Bullet 2\"/>\r\n  <w:LsdException Locked=\"false\" SemiHidden=\"true\" UnhideWhenUsed=\"true\"\r\n   Name=\"List Bullet 3\"/>\r\n  <w:LsdException Locked=\"false\" SemiHidden=\"true\" UnhideWhenUsed=\"true\"\r\n   Name=\"List Bullet 4\"/>\r\n  <w:LsdException Locked=\"false\" SemiHidden=\"true\" UnhideWhenUsed=\"true\"\r\n   Name=\"List Bullet 5\"/>\r\n  <w:LsdException Locked=\"false\" SemiHidden=\"true\" UnhideWhenUsed=\"true\"\r\n   Name=\"List Number 2\"/>\r\n  <w:LsdException Locked=\"false\" SemiHidden=\"true\" UnhideWhenUsed=\"true\"\r\n   Name=\"List Number 3\"/>\r\n  <w:LsdException Locked=\"false\" SemiHidden=\"true\" UnhideWhenUsed=\"true\"\r\n   Name=\"List Number 4\"/>\r\n  <w:LsdException Locked=\"false\" SemiHidden=\"true\" UnhideWhenUsed=\"true\"\r\n   Name=\"List Number 5\"/>\r\n  <w:LsdException Locked=\"false\" Priority=\"10\" QFormat=\"true\" Name=\"Title\"/>\r\n  <w:LsdException Locked=\"false\" SemiHidden=\"true\" UnhideWhenUsed=\"true\"\r\n   Name=\"Closing\"/>\r\n  <w:LsdException Locked=\"false\" SemiHidden=\"true\" UnhideWhenUsed=\"true\"\r\n   Name=\"Signature\"/>\r\n  <w:LsdException Locked=\"false\" Priority=\"1\" SemiHidden=\"true\"\r\n   UnhideWhenUsed=\"true\" Name=\"Default Paragraph Font\"/>\r\n  <w:LsdException Locked=\"false\" SemiHidden=\"true\" UnhideWhenUsed=\"true\"\r\n   Name=\"Body Text\"/>\r\n  <w:LsdException Locked=\"false\" SemiHidden=\"true\" UnhideWhenUsed=\"true\"\r\n   Name=\"Body Text Indent\"/>\r\n  <w:LsdException Locked=\"false\" SemiHidden=\"true\" UnhideWhenUsed=\"true\"\r\n   Name=\"List Continue\"/>\r\n  <w:LsdException Locked=\"false\" SemiHidden=\"true\" UnhideWhenUsed=\"true\"\r\n   Name=\"List Continue 2\"/>\r\n  <w:LsdException Locked=\"false\" SemiHidden=\"true\" UnhideWhenUsed=\"true\"\r\n   Name=\"List Continue 3\"/>\r\n  <w:LsdException Locked=\"false\" SemiHidden=\"true\" UnhideWhenUsed=\"true\"\r\n   Name=\"List Continue 4\"/>\r\n  <w:LsdException Locked=\"false\" SemiHidden=\"true\" UnhideWhenUsed=\"true\"\r\n   Name=\"List Continue 5\"/>\r\n  <w:LsdException Locked=\"false\" SemiHidden=\"true\" UnhideWhenUsed=\"true\"\r\n   Name=\"Message Header\"/>\r\n  <w:LsdException Locked=\"false\" Priority=\"11\" QFormat=\"true\" Name=\"Subtitle\"/>\r\n  <w:LsdException Locked=\"false\" SemiHidden=\"true\" UnhideWhenUsed=\"true\"\r\n   Name=\"Salutation\"/>\r\n  <w:LsdException Locked=\"false\" SemiHidden=\"true\" UnhideWhenUsed=\"true\"\r\n   Name=\"Date\"/>\r\n  <w:LsdException Locked=\"false\" SemiHidden=\"true\" UnhideWhenUsed=\"true\"\r\n   Name=\"Body Text First Indent\"/>\r\n  <w:LsdException Locked=\"false\" SemiHidden=\"true\" UnhideWhenUsed=\"true\"\r\n   Name=\"Body Text First Indent 2\"/>\r\n  <w:LsdException Locked=\"false\" SemiHidden=\"true\" UnhideWhenUsed=\"true\"\r\n   Name=\"Note Heading\"/>\r\n  <w:LsdException Locked=\"false\" SemiHidden=\"true\" UnhideWhenUsed=\"true\"\r\n   Name=\"Body Text 2\"/>\r\n  <w:LsdException Locked=\"false\" SemiHidden=\"true\" UnhideWhenUsed=\"true\"\r\n   Name=\"Body Text 3\"/>\r\n  <w:LsdException Locked=\"false\" SemiHidden=\"true\" UnhideWhenUsed=\"true\"\r\n   Name=\"Body Text Indent 2\"/>\r\n  <w:LsdException Locked=\"false\" SemiHidden=\"true\" UnhideWhenUsed=\"true\"\r\n   Name=\"Body Text Indent 3\"/>\r\n  <w:LsdException Locked=\"false\" SemiHidden=\"true\" UnhideWhenUsed=\"true\"\r\n   Name=\"Block Text\"/>\r\n  <w:LsdException Locked=\"false\" SemiHidden=\"true\" UnhideWhenUsed=\"true\"\r\n   Name=\"Hyperlink\"/>\r\n  <w:LsdException Locked=\"false\" SemiHidden=\"true\" UnhideWhenUsed=\"true\"\r\n   Name=\"FollowedHyperlink\"/>\r\n  <w:LsdException Locked=\"false\" Priority=\"22\" QFormat=\"true\" Name=\"Strong\"/>\r\n  <w:LsdException Locked=\"false\" Priority=\"20\" QFormat=\"true\" Name=\"Emphasis\"/>\r\n  <w:LsdException Locked=\"false\" SemiHidden=\"true\" UnhideWhenUsed=\"true\"\r\n   Name=\"Document Map\"/>\r\n  <w:LsdException Locked=\"false\" SemiHidden=\"true\" UnhideWhenUsed=\"true\"\r\n   Name=\"Plain Text\"/>\r\n  <w:LsdException Locked=\"false\" SemiHidden=\"true\" UnhideWhenUsed=\"true\"\r\n   Name=\"E-mail Signature\"/>\r\n  <w:LsdException Locked=\"false\" SemiHidden=\"true\" UnhideWhenUsed=\"true\"\r\n   Name=\"HTML Top of Form\"/>\r\n  <w:LsdException Locked=\"false\" SemiHidden=\"true\" UnhideWhenUsed=\"true\"\r\n   Name=\"HTML Bottom of Form\"/>\r\n  <w:LsdException Locked=\"false\" SemiHidden=\"true\" UnhideWhenUsed=\"true\"\r\n   Name=\"Normal (Web)\"/>\r\n  <w:LsdException Locked=\"false\" SemiHidden=\"true\" UnhideWhenUsed=\"true\"\r\n   Name=\"HTML Acronym\"/>\r\n  <w:LsdException Locked=\"false\" SemiHidden=\"true\" UnhideWhenUsed=\"true\"\r\n   Name=\"HTML Address\"/>\r\n  <w:LsdException Locked=\"false\" SemiHidden=\"true\" UnhideWhenUsed=\"true\"\r\n   Name=\"HTML Cite\"/>\r\n  <w:LsdException Locked=\"false\" SemiHidden=\"true\" UnhideWhenUsed=\"true\"\r\n   Name=\"HTML Code\"/>\r\n  <w:LsdException Locked=\"false\" SemiHidden=\"true\" UnhideWhenUsed=\"true\"\r\n   Name=\"HTML Definition\"/>\r\n  <w:LsdException Locked=\"false\" SemiHidden=\"true\" UnhideWhenUsed=\"true\"\r\n   Name=\"HTML Keyboard\"/>\r\n  <w:LsdException Locked=\"false\" SemiHidden=\"true\" UnhideWhenUsed=\"true\"\r\n   Name=\"HTML Preformatted\"/>\r\n  <w:LsdException Locked=\"false\" SemiHidden=\"true\" UnhideWhenUsed=\"true\"\r\n   Name=\"HTML Sample\"/>\r\n  <w:LsdException Locked=\"false\" SemiHidden=\"true\" UnhideWhenUsed=\"true\"\r\n   Name=\"HTML Typewriter\"/>\r\n  <w:LsdException Locked=\"false\" SemiHidden=\"true\" UnhideWhenUsed=\"true\"\r\n   Name=\"HTML Variable\"/>\r\n  <w:LsdException Locked=\"false\" SemiHidden=\"true\" UnhideWhenUsed=\"true\"\r\n   Name=\"Normal Table\"/>\r\n  <w:LsdException Locked=\"false\" SemiHidden=\"true\" UnhideWhenUsed=\"true\"\r\n   Name=\"annotation subject\"/>\r\n  <w:LsdException Locked=\"false\" SemiHidden=\"true\" UnhideWhenUsed=\"true\"\r\n   Name=\"No List\"/>\r\n  <w:LsdException Locked=\"false\" SemiHidden=\"true\" UnhideWhenUsed=\"true\"\r\n   Name=\"Outline List 1\"/>\r\n  <w:LsdException Locked=\"false\" SemiHidden=\"true\" UnhideWhenUsed=\"true\"\r\n   Name=\"Outline List 2\"/>\r\n  <w:LsdException Locked=\"false\" SemiHidden=\"true\" UnhideWhenUsed=\"true\"\r\n   Name=\"Outline List 3\"/>\r\n  <w:LsdException Locked=\"false\" SemiHidden=\"true\" UnhideWhenUsed=\"true\"\r\n   Name=\"Table Simple 1\"/>\r\n  <w:LsdException Locked=\"false\" SemiHidden=\"true\" UnhideWhenUsed=\"true\"\r\n   Name=\"Table Simple 2\"/>\r\n  <w:LsdException Locked=\"false\" SemiHidden=\"true\" UnhideWhenUsed=\"true\"\r\n   Name=\"Table Simple 3\"/>\r\n  <w:LsdException Locked=\"false\" SemiHidden=\"true\" UnhideWhenUsed=\"true\"\r\n   Name=\"Table Classic 1\"/>\r\n  <w:LsdException Locked=\"false\" SemiHidden=\"true\" UnhideWhenUsed=\"true\"\r\n   Name=\"Table Classic 2\"/>\r\n  <w:LsdException Locked=\"false\" SemiHidden=\"true\" UnhideWhenUsed=\"true\"\r\n   Name=\"Table Classic 3\"/>\r\n  <w:LsdException Locked=\"false\" SemiHidden=\"true\" UnhideWhenUsed=\"true\"\r\n   Name=\"Table Classic 4\"/>\r\n  <w:LsdException Locked=\"false\" SemiHidden=\"true\" UnhideWhenUsed=\"true\"\r\n   Name=\"Table Colorful 1\"/>\r\n  <w:LsdException Locked=\"false\" SemiHidden=\"true\" UnhideWhenUsed=\"true\"\r\n   Name=\"Table Colorful 2\"/>\r\n  <w:LsdException Locked=\"false\" SemiHidden=\"true\" UnhideWhenUsed=\"true\"\r\n   Name=\"Table Colorful 3\"/>\r\n  <w:LsdException Locked=\"false\" SemiHidden=\"true\" UnhideWhenUsed=\"true\"\r\n   Name=\"Table Columns 1\"/>\r\n  <w:LsdException Locked=\"false\" SemiHidden=\"true\" UnhideWhenUsed=\"true\"\r\n   Name=\"Table Columns 2\"/>\r\n  <w:LsdException Locked=\"false\" SemiHidden=\"true\" UnhideWhenUsed=\"true\"\r\n   Name=\"Table Columns 3\"/>\r\n  <w:LsdException Locked=\"false\" SemiHidden=\"true\" UnhideWhenUsed=\"true\"\r\n   Name=\"Table Columns 4\"/>\r\n  <w:LsdException Locked=\"false\" SemiHidden=\"true\" UnhideWhenUsed=\"true\"\r\n   Name=\"Table Columns 5\"/>\r\n  <w:LsdException Locked=\"false\" SemiHidden=\"true\" UnhideWhenUsed=\"true\"\r\n   Name=\"Table Grid 1\"/>\r\n  <w:LsdException Locked=\"false\" SemiHidden=\"true\" UnhideWhenUsed=\"true\"\r\n   Name=\"Table Grid 2\"/>\r\n  <w:LsdException Locked=\"false\" SemiHidden=\"true\" UnhideWhenUsed=\"true\"\r\n   Name=\"Table Grid 3\"/>\r\n  <w:LsdException Locked=\"false\" SemiHidden=\"true\" UnhideWhenUsed=\"true\"\r\n   Name=\"Table Grid 4\"/>\r\n  <w:LsdException Locked=\"false\" SemiHidden=\"true\" UnhideWhenUsed=\"true\"\r\n   Name=\"Table Grid 5\"/>\r\n  <w:LsdException Locked=\"false\" SemiHidden=\"true\" UnhideWhenUsed=\"true\"\r\n   Name=\"Table Grid 6\"/>\r\n  <w:LsdException Locked=\"false\" SemiHidden=\"true\" UnhideWhenUsed=\"true\"\r\n   Name=\"Table Grid 7\"/>\r\n  <w:LsdException Locked=\"false\" SemiHidden=\"true\" UnhideWhenUsed=\"true\"\r\n   Name=\"Table Grid 8\"/>\r\n  <w:LsdException Locked=\"false\" SemiHidden=\"true\" UnhideWhenUsed=\"true\"\r\n   Name=\"Table List 1\"/>\r\n  <w:LsdException Locked=\"false\" SemiHidden=\"true\" UnhideWhenUsed=\"true\"\r\n   Name=\"Table List 2\"/>\r\n  <w:LsdException Locked=\"false\" SemiHidden=\"true\" UnhideWhenUsed=\"true\"\r\n   Name=\"Table List 3\"/>\r\n  <w:LsdException Locked=\"false\" SemiHidden=\"true\" UnhideWhenUsed=\"true\"\r\n   Name=\"Table List 4\"/>\r\n  <w:LsdException Locked=\"false\" SemiHidden=\"true\" UnhideWhenUsed=\"true\"\r\n   Name=\"Table List 5\"/>\r\n  <w:LsdException Locked=\"false\" SemiHidden=\"true\" UnhideWhenUsed=\"true\"\r\n   Name=\"Table List 6\"/>\r\n  <w:LsdException Locked=\"false\" SemiHidden=\"true\" UnhideWhenUsed=\"true\"\r\n   Name=\"Table List 7\"/>\r\n  <w:LsdException Locked=\"false\" SemiHidden=\"true\" UnhideWhenUsed=\"true\"\r\n   Name=\"Table List 8\"/>\r\n  <w:LsdException Locked=\"false\" SemiHidden=\"true\" UnhideWhenUsed=\"true\"\r\n   Name=\"Table 3D effects 1\"/>\r\n  <w:LsdException Locked=\"false\" SemiHidden=\"true\" UnhideWhenUsed=\"true\"\r\n   Name=\"Table 3D effects 2\"/>\r\n  <w:LsdException Locked=\"false\" SemiHidden=\"true\" UnhideWhenUsed=\"true\"\r\n   Name=\"Table 3D effects 3\"/>\r\n  <w:LsdException Locked=\"false\" SemiHidden=\"true\" UnhideWhenUsed=\"true\"\r\n   Name=\"Table Contemporary\"/>\r\n  <w:LsdException Locked=\"false\" SemiHidden=\"true\" UnhideWhenUsed=\"true\"\r\n   Name=\"Table Elegant\"/>\r\n  <w:LsdException Locked=\"false\" SemiHidden=\"true\" UnhideWhenUsed=\"true\"\r\n   Name=\"Table Professional\"/>\r\n  <w:LsdException Locked=\"false\" SemiHidden=\"true\" UnhideWhenUsed=\"true\"\r\n   Name=\"Table Subtle 1\"/>\r\n  <w:LsdException Locked=\"false\" SemiHidden=\"true\" UnhideWhenUsed=\"true\"\r\n   Name=\"Table Subtle 2\"/>\r\n  <w:LsdException Locked=\"false\" SemiHidden=\"true\" UnhideWhenUsed=\"true\"\r\n   Name=\"Table Web 1\"/>\r\n  <w:LsdException Locked=\"false\" SemiHidden=\"true\" UnhideWhenUsed=\"true\"\r\n   Name=\"Table Web 2\"/>\r\n  <w:LsdException Locked=\"false\" SemiHidden=\"true\" UnhideWhenUsed=\"true\"\r\n   Name=\"Table Web 3\"/>\r\n  <w:LsdException Locked=\"false\" SemiHidden=\"true\" UnhideWhenUsed=\"true\"\r\n   Name=\"Balloon Text\"/>\r\n  <w:LsdException Locked=\"false\" Priority=\"39\" Name=\"Table Grid\"/>\r\n  <w:LsdException Locked=\"false\" SemiHidden=\"true\" UnhideWhenUsed=\"true\"\r\n   Name=\"Table Theme\"/>\r\n  <w:LsdException Locked=\"false\" SemiHidden=\"true\" UnhideWhenUsed=\"true\"\r\n   Name=\"Note Level 1\"/>\r\n  <w:LsdException Locked=\"false\" SemiHidden=\"true\" UnhideWhenUsed=\"true\"\r\n   Name=\"Note Level 2\"/>\r\n  <w:LsdException Locked=\"false\" SemiHidden=\"true\" UnhideWhenUsed=\"true\"\r\n   Name=\"Note Level 3\"/>\r\n  <w:LsdException Locked=\"false\" SemiHidden=\"true\" UnhideWhenUsed=\"true\"\r\n   Name=\"Note Level 4\"/>\r\n  <w:LsdException Locked=\"false\" SemiHidden=\"true\" UnhideWhenUsed=\"true\"\r\n   Name=\"Note Level 5\"/>\r\n  <w:LsdException Locked=\"false\" SemiHidden=\"true\" UnhideWhenUsed=\"true\"\r\n   Name=\"Note Level 6\"/>\r\n  <w:LsdException Locked=\"false\" SemiHidden=\"true\" UnhideWhenUsed=\"true\"\r\n   Name=\"Note Level 7\"/>\r\n  <w:LsdException Locked=\"false\" SemiHidden=\"true\" UnhideWhenUsed=\"true\"\r\n   Name=\"Note Level 8\"/>\r\n  <w:LsdException Locked=\"false\" SemiHidden=\"true\" UnhideWhenUsed=\"true\"\r\n   Name=\"Note Level 9\"/>\r\n  <w:LsdException Locked=\"false\" SemiHidden=\"true\" Name=\"Placeholder Text\"/>\r\n  <w:LsdException Locked=\"false\" Priority=\"1\" QFormat=\"true\" Name=\"No Spacing\"/>\r\n  <w:LsdException Locked=\"false\" Priority=\"60\" Name=\"Light Shading\"/>\r\n  <w:LsdException Locked=\"false\" Priority=\"61\" Name=\"Light List\"/>\r\n  <w:LsdException Locked=\"false\" Priority=\"62\" Name=\"Light Grid\"/>\r\n  <w:LsdException Locked=\"false\" Priority=\"63\" Name=\"Medium Shading 1\"/>\r\n  <w:LsdException Locked=\"false\" Priority=\"64\" Name=\"Medium Shading 2\"/>\r\n  <w:LsdException Locked=\"false\" Priority=\"65\" Name=\"Medium List 1\"/>\r\n  <w:LsdException Locked=\"false\" Priority=\"66\" Name=\"Medium List 2\"/>\r\n  <w:LsdException Locked=\"false\" Priority=\"67\" Name=\"Medium Grid 1\"/>\r\n  <w:LsdException Locked=\"false\" Priority=\"68\" Name=\"Medium Grid 2\"/>\r\n  <w:LsdException Locked=\"false\" Priority=\"69\" Name=\"Medium Grid 3\"/>\r\n  <w:LsdException Locked=\"false\" Priority=\"70\" Name=\"Dark List\"/>\r\n  <w:LsdException Locked=\"false\" Priority=\"71\" Name=\"Colorful Shading\"/>\r\n  <w:LsdException Locked=\"false\" Priority=\"72\" Name=\"Colorful List\"/>\r\n  <w:LsdException Locked=\"false\" Priority=\"73\" Name=\"Colorful Grid\"/>\r\n  <w:LsdException Locked=\"false\" Priority=\"60\" Name=\"Light Shading Accent 1\"/>\r\n  <w:LsdException Locked=\"false\" Priority=\"61\" Name=\"Light List Accent 1\"/>\r\n  <w:LsdException Locked=\"false\" Priority=\"62\" Name=\"Light Grid Accent 1\"/>\r\n  <w:LsdException Locked=\"false\" Priority=\"63\" Name=\"Medium Shading 1 Accent 1\"/>\r\n  <w:LsdException Locked=\"false\" Priority=\"64\" Name=\"Medium Shading 2 Accent 1\"/>\r\n  <w:LsdException Locked=\"false\" Priority=\"65\" Name=\"Medium List 1 Accent 1\"/>\r\n  <w:LsdException Locked=\"false\" SemiHidden=\"true\" Name=\"Revision\"/>\r\n  <w:LsdException Locked=\"false\" Priority=\"34\" QFormat=\"true\"\r\n   Name=\"List Paragraph\"/>\r\n  <w:LsdException Locked=\"false\" Priority=\"29\" QFormat=\"true\" Name=\"Quote\"/>\r\n  <w:LsdException Locked=\"false\" Priority=\"30\" QFormat=\"true\"\r\n   Name=\"Intense Quote\"/>\r\n  <w:LsdException Locked=\"false\" Priority=\"66\" Name=\"Medium List 2 Accent 1\"/>\r\n  <w:LsdException Locked=\"false\" Priority=\"67\" Name=\"Medium Grid 1 Accent 1\"/>\r\n  <w:LsdException Locked=\"false\" Priority=\"68\" Name=\"Medium Grid 2 Accent 1\"/>\r\n  <w:LsdException Locked=\"false\" Priority=\"69\" Name=\"Medium Grid 3 Accent 1\"/>\r\n  <w:LsdException Locked=\"false\" Priority=\"70\" Name=\"Dark List Accent 1\"/>\r\n  <w:LsdException Locked=\"false\" Priority=\"71\" Name=\"Colorful Shading Accent 1\"/>\r\n  <w:LsdException Locked=\"false\" Priority=\"72\" Name=\"Colorful List Accent 1\"/>\r\n  <w:LsdException Locked=\"false\" Priority=\"73\" Name=\"Colorful Grid Accent 1\"/>\r\n  <w:LsdException Locked=\"false\" Priority=\"60\" Name=\"Light Shading Accent 2\"/>\r\n  <w:LsdException Locked=\"false\" Priority=\"61\" Name=\"Light List Accent 2\"/>\r\n  <w:LsdException Locked=\"false\" Priority=\"62\" Name=\"Light Grid Accent 2\"/>\r\n  <w:LsdException Locked=\"false\" Priority=\"63\" Name=\"Medium Shading 1 Accent 2\"/>\r\n  <w:LsdException Locked=\"false\" Priority=\"64\" Name=\"Medium Shading 2 Accent 2\"/>\r\n  <w:LsdException Locked=\"false\" Priority=\"65\" Name=\"Medium List 1 Accent 2\"/>\r\n  <w:LsdException Locked=\"false\" Priority=\"66\" Name=\"Medium List 2 Accent 2\"/>\r\n  <w:LsdException Locked=\"false\" Priority=\"67\" Name=\"Medium Grid 1 Accent 2\"/>\r\n  <w:LsdException Locked=\"false\" Priority=\"68\" Name=\"Medium Grid 2 Accent 2\"/>\r\n  <w:LsdException Locked=\"false\" Priority=\"69\" Name=\"Medium Grid 3 Accent 2\"/>\r\n  <w:LsdException Locked=\"false\" Priority=\"70\" Name=\"Dark List Accent 2\"/>\r\n  <w:LsdException Locked=\"false\" Priority=\"71\" Name=\"Colorful Shading Accent 2\"/>\r\n  <w:LsdException Locked=\"false\" Priority=\"72\" Name=\"Colorful List Accent 2\"/>\r\n  <w:LsdException Locked=\"false\" Priority=\"73\" Name=\"Colorful Grid Accent 2\"/>\r\n  <w:LsdException Locked=\"false\" Priority=\"60\" Name=\"Light Shading Accent 3\"/>\r\n  <w:LsdException Locked=\"false\" Priority=\"61\" Name=\"Light List Accent 3\"/>\r\n  <w:LsdException Locked=\"false\" Priority=\"62\" Name=\"Light Grid Accent 3\"/>\r\n  <w:LsdException Locked=\"false\" Priority=\"63\" Name=\"Medium Shading 1 Accent 3\"/>\r\n  <w:LsdException Locked=\"false\" Priority=\"64\" Name=\"Medium Shading 2 Accent 3\"/>\r\n  <w:LsdException Locked=\"false\" Priority=\"65\" Name=\"Medium List 1 Accent 3\"/>\r\n  <w:LsdException Locked=\"false\" Priority=\"66\" Name=\"Medium List 2 Accent 3\"/>\r\n  <w:LsdException Locked=\"false\" Priority=\"67\" Name=\"Medium Grid 1 Accent 3\"/>\r\n  <w:LsdException Locked=\"false\" Priority=\"68\" Name=\"Medium Grid 2 Accent 3\"/>\r\n  <w:LsdException Locked=\"false\" Priority=\"69\" Name=\"Medium Grid 3 Accent 3\"/>\r\n  <w:LsdException Locked=\"false\" Priority=\"70\" Name=\"Dark List Accent 3\"/>\r\n  <w:LsdException Locked=\"false\" Priority=\"71\" Name=\"Colorful Shading Accent 3\"/>\r\n  <w:LsdException Locked=\"false\" Priority=\"72\" Name=\"Colorful List Accent 3\"/>\r\n  <w:LsdException Locked=\"false\" Priority=\"73\" Name=\"Colorful Grid Accent 3\"/>\r\n  <w:LsdException Locked=\"false\" Priority=\"60\" Name=\"Light Shading Accent 4\"/>\r\n  <w:LsdException Locked=\"false\" Priority=\"61\" Name=\"Light List Accent 4\"/>\r\n  <w:LsdException Locked=\"false\" Priority=\"62\" Name=\"Light Grid Accent 4\"/>\r\n  <w:LsdException Locked=\"false\" Priority=\"63\" Name=\"Medium Shading 1 Accent 4\"/>\r\n  <w:LsdException Locked=\"false\" Priority=\"64\" Name=\"Medium Shading 2 Accent 4\"/>\r\n  <w:LsdException Locked=\"false\" Priority=\"65\" Name=\"Medium List 1 Accent 4\"/>\r\n  <w:LsdException Locked=\"false\" Priority=\"66\" Name=\"Medium List 2 Accent 4\"/>\r\n  <w:LsdException Locked=\"false\" Priority=\"67\" Name=\"Medium Grid 1 Accent 4\"/>\r\n  <w:LsdException Locked=\"false\" Priority=\"68\" Name=\"Medium Grid 2 Accent 4\"/>\r\n  <w:LsdException Locked=\"false\" Priority=\"69\" Name=\"Medium Grid 3 Accent 4\"/>\r\n  <w:LsdException Locked=\"false\" Priority=\"70\" Name=\"Dark List Accent 4\"/>\r\n  <w:LsdException Locked=\"false\" Priority=\"71\" Name=\"Colorful Shading Accent 4\"/>\r\n  <w:LsdException Locked=\"false\" Priority=\"72\" Name=\"Colorful List Accent 4\"/>\r\n  <w:LsdException Locked=\"false\" Priority=\"73\" Name=\"Colorful Grid Accent 4\"/>\r\n  <w:LsdException Locked=\"false\" Priority=\"60\" Name=\"Light Shading Accent 5\"/>\r\n  <w:LsdException Locked=\"false\" Priority=\"61\" Name=\"Light List Accent 5\"/>\r\n  <w:LsdException Locked=\"false\" Priority=\"62\" Name=\"Light Grid Accent 5\"/>\r\n  <w:LsdException Locked=\"false\" Priority=\"63\" Name=\"Medium Shading 1 Accent 5\"/>\r\n  <w:LsdException Locked=\"false\" Priority=\"64\" Name=\"Medium Shading 2 Accent 5\"/>\r\n  <w:LsdException Locked=\"false\" Priority=\"65\" Name=\"Medium List 1 Accent 5\"/>\r\n  <w:LsdException Locked=\"false\" Priority=\"66\" Name=\"Medium List 2 Accent 5\"/>\r\n  <w:LsdException Locked=\"false\" Priority=\"67\" Name=\"Medium Grid 1 Accent 5\"/>\r\n  <w:LsdException Locked=\"false\" Priority=\"68\" Name=\"Medium Grid 2 Accent 5\"/>\r\n  <w:LsdException Locked=\"false\" Priority=\"69\" Name=\"Medium Grid 3 Accent 5\"/>\r\n  <w:LsdException Locked=\"false\" Priority=\"70\" Name=\"Dark List Accent 5\"/>\r\n  <w:LsdException Locked=\"false\" Priority=\"71\" Name=\"Colorful Shading Accent 5\"/>\r\n  <w:LsdException Locked=\"false\" Priority=\"72\" Name=\"Colorful List Accent 5\"/>\r\n  <w:LsdException Locked=\"false\" Priority=\"73\" Name=\"Colorful Grid Accent 5\"/>\r\n  <w:LsdException Locked=\"false\" Priority=\"60\" Name=\"Light Shading Accent 6\"/>\r\n  <w:LsdException Locked=\"false\" Priority=\"61\" Name=\"Light List Accent 6\"/>\r\n  <w:LsdException Locked=\"false\" Priority=\"62\" Name=\"Light Grid Accent 6\"/>\r\n  <w:LsdException Locked=\"false\" Priority=\"63\" Name=\"Medium Shading 1 Accent 6\"/>\r\n  <w:LsdException Locked=\"false\" Priority=\"64\" Name=\"Medium Shading 2 Accent 6\"/>\r\n  <w:LsdException Locked=\"false\" Priority=\"65\" Name=\"Medium List 1 Accent 6\"/>\r\n  <w:LsdException Locked=\"false\" Priority=\"66\" Name=\"Medium List 2 Accent 6\"/>\r\n  <w:LsdException Locked=\"false\" Priority=\"67\" Name=\"Medium Grid 1 Accent 6\"/>\r\n  <w:LsdException Locked=\"false\" Priority=\"68\" Name=\"Medium Grid 2 Accent 6\"/>\r\n  <w:LsdException Locked=\"false\" Priority=\"69\" Name=\"Medium Grid 3 Accent 6\"/>\r\n  <w:LsdException Locked=\"false\" Priority=\"70\" Name=\"Dark List Accent 6\"/>\r\n  <w:LsdException Locked=\"false\" Priority=\"71\" Name=\"Colorful Shading Accent 6\"/>\r\n  <w:LsdException Locked=\"false\" Priority=\"72\" Name=\"Colorful List Accent 6\"/>\r\n  <w:LsdException Locked=\"false\" Priority=\"73\" Name=\"Colorful Grid Accent 6\"/>\r\n  <w:LsdException Locked=\"false\" Priority=\"19\" QFormat=\"true\"\r\n   Name=\"Subtle Emphasis\"/>\r\n  <w:LsdException Locked=\"false\" Priority=\"21\" QFormat=\"true\"\r\n   Name=\"Intense Emphasis\"/>\r\n  <w:LsdException Locked=\"false\" Priority=\"31\" QFormat=\"true\"\r\n   Name=\"Subtle Reference\"/>\r\n  <w:LsdException Locked=\"false\" Priority=\"32\" QFormat=\"true\"\r\n   Name=\"Intense Reference\"/>\r\n  <w:LsdException Locked=\"false\" Priority=\"33\" QFormat=\"true\" Name=\"Book Title\"/>\r\n  <w:LsdException Locked=\"false\" Priority=\"37\" SemiHidden=\"true\"\r\n   UnhideWhenUsed=\"true\" Name=\"Bibliography\"/>\r\n  <w:LsdException Locked=\"false\" Priority=\"39\" SemiHidden=\"true\"\r\n   UnhideWhenUsed=\"true\" QFormat=\"true\" Name=\"TOC Heading\"/>\r\n  <w:LsdException Locked=\"false\" Priority=\"41\" Name=\"Plain Table 1\"/>\r\n  <w:LsdException Locked=\"false\" Priority=\"42\" Name=\"Plain Table 2\"/>\r\n  <w:LsdException Locked=\"false\" Priority=\"43\" Name=\"Plain Table 3\"/>\r\n  <w:LsdException Locked=\"false\" Priority=\"44\" Name=\"Plain Table 4\"/>\r\n  <w:LsdException Locked=\"false\" Priority=\"45\" Name=\"Plain Table 5\"/>\r\n  <w:LsdException Locked=\"false\" Priority=\"40\" Name=\"Grid Table Light\"/>\r\n  <w:LsdException Locked=\"false\" Priority=\"46\" Name=\"Grid Table 1 Light\"/>\r\n  <w:LsdException Locked=\"false\" Priority=\"47\" Name=\"Grid Table 2\"/>\r\n  <w:LsdException Locked=\"false\" Priority=\"48\" Name=\"Grid Table 3\"/>\r\n  <w:LsdException Locked=\"false\" Priority=\"49\" Name=\"Grid Table 4\"/>\r\n  <w:LsdException Locked=\"false\" Priority=\"50\" Name=\"Grid Table 5 Dark\"/>\r\n  <w:LsdException Locked=\"false\" Priority=\"51\" Name=\"Grid Table 6 Colorful\"/>\r\n  <w:LsdException Locked=\"false\" Priority=\"52\" Name=\"Grid Table 7 Colorful\"/>\r\n  <w:LsdException Locked=\"false\" Priority=\"46\"\r\n   Name=\"Grid Table 1 Light Accent 1\"/>\r\n  <w:LsdException Locked=\"false\" Priority=\"47\" Name=\"Grid Table 2 Accent 1\"/>\r\n  <w:LsdException Locked=\"false\" Priority=\"48\" Name=\"Grid Table 3 Accent 1\"/>\r\n  <w:LsdException Locked=\"false\" Priority=\"49\" Name=\"Grid Table 4 Accent 1\"/>\r\n  <w:LsdException Locked=\"false\" Priority=\"50\" Name=\"Grid Table 5 Dark Accent 1\"/>\r\n  <w:LsdException Locked=\"false\" Priority=\"51\"\r\n   Name=\"Grid Table 6 Colorful Accent 1\"/>\r\n  <w:LsdException Locked=\"false\" Priority=\"52\"\r\n   Name=\"Grid Table 7 Colorful Accent 1\"/>\r\n  <w:LsdException Locked=\"false\" Priority=\"46\"\r\n   Name=\"Grid Table 1 Light Accent 2\"/>\r\n  <w:LsdException Locked=\"false\" Priority=\"47\" Name=\"Grid Table 2 Accent 2\"/>\r\n  <w:LsdException Locked=\"false\" Priority=\"48\" Name=\"Grid Table 3 Accent 2\"/>\r\n  <w:LsdException Locked=\"false\" Priority=\"49\" Name=\"Grid Table 4 Accent 2\"/>\r\n  <w:LsdException Locked=\"false\" Priority=\"50\" Name=\"Grid Table 5 Dark Accent 2\"/>\r\n  <w:LsdException Locked=\"false\" Priority=\"51\"\r\n   Name=\"Grid Table 6 Colorful Accent 2\"/>\r\n  <w:LsdException Locked=\"false\" Priority=\"52\"\r\n   Name=\"Grid Table 7 Colorful Accent 2\"/>\r\n  <w:LsdException Locked=\"false\" Priority=\"46\"\r\n   Name=\"Grid Table 1 Light Accent 3\"/>\r\n  <w:LsdException Locked=\"false\" Priority=\"47\" Name=\"Grid Table 2 Accent 3\"/>\r\n  <w:LsdException Locked=\"false\" Priority=\"48\" Name=\"Grid Table 3 Accent 3\"/>\r\n  <w:LsdException Locked=\"false\" Priority=\"49\" Name=\"Grid Table 4 Accent 3\"/>\r\n  <w:LsdException Locked=\"false\" Priority=\"50\" Name=\"Grid Table 5 Dark Accent 3\"/>\r\n  <w:LsdException Locked=\"false\" Priority=\"51\"\r\n   Name=\"Grid Table 6 Colorful Accent 3\"/>\r\n  <w:LsdException Locked=\"false\" Priority=\"52\"\r\n   Name=\"Grid Table 7 Colorful Accent 3\"/>\r\n  <w:LsdException Locked=\"false\" Priority=\"46\"\r\n   Name=\"Grid Table 1 Light Accent 4\"/>\r\n  <w:LsdException Locked=\"false\" Priority=\"47\" Name=\"Grid Table 2 Accent 4\"/>\r\n  <w:LsdException Locked=\"false\" Priority=\"48\" Name=\"Grid Table 3 Accent 4\"/>\r\n  <w:LsdException Locked=\"false\" Priority=\"49\" Name=\"Grid Table 4 Accent 4\"/>\r\n  <w:LsdException Locked=\"false\" Priority=\"50\" Name=\"Grid Table 5 Dark Accent 4\"/>\r\n  <w:LsdException Locked=\"false\" Priority=\"51\"\r\n   Name=\"Grid Table 6 Colorful Accent 4\"/>\r\n  <w:LsdException Locked=\"false\" Priority=\"52\"\r\n   Name=\"Grid Table 7 Colorful Accent 4\"/>\r\n  <w:LsdException Locked=\"false\" Priority=\"46\"\r\n   Name=\"Grid Table 1 Light Accent 5\"/>\r\n  <w:LsdException Locked=\"false\" Priority=\"47\" Name=\"Grid Table 2 Accent 5\"/>\r\n  <w:LsdException Locked=\"false\" Priority=\"48\" Name=\"Grid Table 3 Accent 5\"/>\r\n  <w:LsdException Locked=\"false\" Priority=\"49\" Name=\"Grid Table 4 Accent 5\"/>\r\n  <w:LsdException Locked=\"false\" Priority=\"50\" Name=\"Grid Table 5 Dark Accent 5\"/>\r\n  <w:LsdException Locked=\"false\" Priority=\"51\"\r\n   Name=\"Grid Table 6 Colorful Accent 5\"/>\r\n  <w:LsdException Locked=\"false\" Priority=\"52\"\r\n   Name=\"Grid Table 7 Colorful Accent 5\"/>\r\n  <w:LsdException Locked=\"false\" Priority=\"46\"\r\n   Name=\"Grid Table 1 Light Accent 6\"/>\r\n  <w:LsdException Locked=\"false\" Priority=\"47\" Name=\"Grid Table 2 Accent 6\"/>\r\n  <w:LsdException Locked=\"false\" Priority=\"48\" Name=\"Grid Table 3 Accent 6\"/>\r\n  <w:LsdException Locked=\"false\" Priority=\"49\" Name=\"Grid Table 4 Accent 6\"/>\r\n  <w:LsdException Locked=\"false\" Priority=\"50\" Name=\"Grid Table 5 Dark Accent 6\"/>\r\n  <w:LsdException Locked=\"false\" Priority=\"51\"\r\n   Name=\"Grid Table 6 Colorful Accent 6\"/>\r\n  <w:LsdException Locked=\"false\" Priority=\"52\"\r\n   Name=\"Grid Table 7 Colorful Accent 6\"/>\r\n  <w:LsdException Locked=\"false\" Priority=\"46\" Name=\"List Table 1 Light\"/>\r\n  <w:LsdException Locked=\"false\" Priority=\"47\" Name=\"List Table 2\"/>\r\n  <w:LsdException Locked=\"false\" Priority=\"48\" Name=\"List Table 3\"/>\r\n  <w:LsdException Locked=\"false\" Priority=\"49\" Name=\"List Table 4\"/>\r\n  <w:LsdException Locked=\"false\" Priority=\"50\" Name=\"List Table 5 Dark\"/>\r\n  <w:LsdException Locked=\"false\" Priority=\"51\" Name=\"List Table 6 Colorful\"/>\r\n  <w:LsdException Locked=\"false\" Priority=\"52\" Name=\"List Table 7 Colorful\"/>\r\n  <w:LsdException Locked=\"false\" Priority=\"46\"\r\n   Name=\"List Table 1 Light Accent 1\"/>\r\n  <w:LsdException Locked=\"false\" Priority=\"47\" Name=\"List Table 2 Accent 1\"/>\r\n  <w:LsdException Locked=\"false\" Priority=\"48\" Name=\"List Table 3 Accent 1\"/>\r\n  <w:LsdException Locked=\"false\" Priority=\"49\" Name=\"List Table 4 Accent 1\"/>\r\n  <w:LsdException Locked=\"false\" Priority=\"50\" Name=\"List Table 5 Dark Accent 1\"/>\r\n  <w:LsdException Locked=\"false\" Priority=\"51\"\r\n   Name=\"List Table 6 Colorful Accent 1\"/>\r\n  <w:LsdException Locked=\"false\" Priority=\"52\"\r\n   Name=\"List Table 7 Colorful Accent 1\"/>\r\n  <w:LsdException Locked=\"false\" Priority=\"46\"\r\n   Name=\"List Table 1 Light Accent 2\"/>\r\n  <w:LsdException Locked=\"false\" Priority=\"47\" Name=\"List Table 2 Accent 2\"/>\r\n  <w:LsdException Locked=\"false\" Priority=\"48\" Name=\"List Table 3 Accent 2\"/>\r\n  <w:LsdException Locked=\"false\" Priority=\"49\" Name=\"List Table 4 Accent 2\"/>\r\n  <w:LsdException Locked=\"false\" Priority=\"50\" Name=\"List Table 5 Dark Accent 2\"/>\r\n  <w:LsdException Locked=\"false\" Priority=\"51\"\r\n   Name=\"List Table 6 Colorful Accent 2\"/>\r\n  <w:LsdException Locked=\"false\" Priority=\"52\"\r\n   Name=\"List Table 7 Colorful Accent 2\"/>\r\n  <w:LsdException Locked=\"false\" Priority=\"46\"\r\n   Name=\"List Table 1 Light Accent 3\"/>\r\n  <w:LsdException Locked=\"false\" Priority=\"47\" Name=\"List Table 2 Accent 3\"/>\r\n  <w:LsdException Locked=\"false\" Priority=\"48\" Name=\"List Table 3 Accent 3\"/>\r\n  <w:LsdException Locked=\"false\" Priority=\"49\" Name=\"List Table 4 Accent 3\"/>\r\n  <w:LsdException Locked=\"false\" Priority=\"50\" Name=\"List Table 5 Dark Accent 3\"/>\r\n  <w:LsdException Locked=\"false\" Priority=\"51\"\r\n   Name=\"List Table 6 Colorful Accent 3\"/>\r\n  <w:LsdException Locked=\"false\" Priority=\"52\"\r\n   Name=\"List Table 7 Colorful Accent 3\"/>\r\n  <w:LsdException Locked=\"false\" Priority=\"46\"\r\n   Name=\"List Table 1 Light Accent 4\"/>\r\n  <w:LsdException Locked=\"false\" Priority=\"47\" Name=\"List Table 2 Accent 4\"/>\r\n  <w:LsdException Locked=\"false\" Priority=\"48\" Name=\"List Table 3 Accent 4\"/>\r\n  <w:LsdException Locked=\"false\" Priority=\"49\" Name=\"List Table 4 Accent 4\"/>\r\n  <w:LsdException Locked=\"false\" Priority=\"50\" Name=\"List Table 5 Dark Accent 4\"/>\r\n  <w:LsdException Locked=\"false\" Priority=\"51\"\r\n   Name=\"List Table 6 Colorful Accent 4\"/>\r\n  <w:LsdException Locked=\"false\" Priority=\"52\"\r\n   Name=\"List Table 7 Colorful Accent 4\"/>\r\n  <w:LsdException Locked=\"false\" Priority=\"46\"\r\n   Name=\"List Table 1 Light Accent 5\"/>\r\n  <w:LsdException Locked=\"false\" Priority=\"47\" Name=\"List Table 2 Accent 5\"/>\r\n  <w:LsdException Locked=\"false\" Priority=\"48\" Name=\"List Table 3 Accent 5\"/>\r\n  <w:LsdException Locked=\"false\" Priority=\"49\" Name=\"List Table 4 Accent 5\"/>\r\n  <w:LsdException Locked=\"false\" Priority=\"50\" Name=\"List Table 5 Dark Accent 5\"/>\r\n  <w:LsdException Locked=\"false\" Priority=\"51\"\r\n   Name=\"List Table 6 Colorful Accent 5\"/>\r\n  <w:LsdException Locked=\"false\" Priority=\"52\"\r\n   Name=\"List Table 7 Colorful Accent 5\"/>\r\n  <w:LsdException Locked=\"false\" Priority=\"46\"\r\n   Name=\"List Table 1 Light Accent 6\"/>\r\n  <w:LsdException Locked=\"false\" Priority=\"47\" Name=\"List Table 2 Accent 6\"/>\r\n  <w:LsdException Locked=\"false\" Priority=\"48\" Name=\"List Table 3 Accent 6\"/>\r\n  <w:LsdException Locked=\"false\" Priority=\"49\" Name=\"List Table 4 Accent 6\"/>\r\n  <w:LsdException Locked=\"false\" Priority=\"50\" Name=\"List Table 5 Dark Accent 6\"/>\r\n  <w:LsdException Locked=\"false\" Priority=\"51\"\r\n   Name=\"List Table 6 Colorful Accent 6\"/>\r\n  <w:LsdException Locked=\"false\" Priority=\"52\"\r\n   Name=\"List Table 7 Colorful Accent 6\"/>\r\n  <w:LsdException Locked=\"false\" SemiHidden=\"true\" UnhideWhenUsed=\"true\"\r\n   Name=\"Mention\"/>\r\n  <w:LsdException Locked=\"false\" SemiHidden=\"true\" UnhideWhenUsed=\"true\"\r\n   Name=\"Smart Hyperlink\"/>\r\n </w:LatentStyles>\r\n</xml><![endif]-->\r\n<style>\r\n<!--\r\n /* Font Definitions */\r\n@font-face\r\n	{font-family:Wingdings;\r\n	panose-1:5 0 0 0 0 0 0 0 0 0;\r\n	mso-font-charset:2;\r\n	mso-generic-font-family:auto;\r\n	mso-font-pitch:variable;\r\n	mso-font-signature:0 268435456 0 0 -2147483648 0;}\r\n@font-face\r\n	{font-family:\"Cambria Math\";\r\n	panose-1:2 4 5 3 5 4 6 3 2 4;\r\n	mso-font-charset:0;\r\n	mso-generic-font-family:auto;\r\n	mso-font-pitch:variable;\r\n	mso-font-signature:-536870145 1107305727 0 0 415 0;}\r\n@font-face\r\n	{font-family:Calibri;\r\n	panose-1:2 15 5 2 2 2 4 3 2 4;\r\n	mso-font-charset:0;\r\n	mso-generic-font-family:auto;\r\n	mso-font-pitch:variable;\r\n	mso-font-signature:-536870145 1073786111 1 0 415 0;}\r\n@font-face\r\n	{font-family:DaunPenh;\r\n	panose-1:1 1 1 1 1 1 1 1 1 1;\r\n	mso-font-charset:0;\r\n	mso-generic-font-family:auto;\r\n	mso-font-pitch:variable;\r\n	mso-font-signature:3 0 65536 0 1 0;}\r\n@font-face\r\n	{font-family:\"Open Sans\";\r\n	mso-font-alt:Calibri;\r\n	mso-font-charset:0;\r\n	mso-generic-font-family:swiss;\r\n	mso-font-pitch:variable;\r\n	mso-font-signature:-536870161 1073750107 40 0 415 0;}\r\n /* Style Definitions */\r\np.MsoNormal, li.MsoNormal, div.MsoNormal\r\n	{mso-style-unhide:no;\r\n	mso-style-qformat:yes;\r\n	mso-style-parent:\"\";\r\n	margin:0cm;\r\n	margin-bottom:.0001pt;\r\n	mso-pagination:widow-orphan;\r\n	font-size:11.0pt;\r\n	mso-bidi-font-size:18.0pt;\r\n	font-family:Calibri;\r\n	mso-ascii-font-family:Calibri;\r\n	mso-ascii-theme-font:minor-latin;\r\n	mso-fareast-font-family:Calibri;\r\n	mso-fareast-theme-font:minor-latin;\r\n	mso-hansi-font-family:Calibri;\r\n	mso-hansi-theme-font:minor-latin;\r\n	mso-bidi-font-family:DaunPenh;\r\n	mso-bidi-theme-font:minor-bidi;}\r\n.MsoChpDefault\r\n	{mso-style-type:export-only;\r\n	mso-default-props:yes;\r\n	font-size:11.0pt;\r\n	mso-ansi-font-size:11.0pt;\r\n	mso-bidi-font-size:18.0pt;\r\n	font-family:Calibri;\r\n	mso-ascii-font-family:Calibri;\r\n	mso-ascii-theme-font:minor-latin;\r\n	mso-fareast-font-family:Calibri;\r\n	mso-fareast-theme-font:minor-latin;\r\n	mso-hansi-font-family:Calibri;\r\n	mso-hansi-theme-font:minor-latin;\r\n	mso-bidi-font-family:DaunPenh;\r\n	mso-bidi-theme-font:minor-bidi;}\r\n@page WordSection1\r\n	{size:612.0pt 792.0pt;\r\n	margin:72.0pt 72.0pt 72.0pt 72.0pt;\r\n	mso-header-margin:36.0pt;\r\n	mso-footer-margin:36.0pt;\r\n	mso-paper-source:0;}\r\ndiv.WordSection1\r\n	{page:WordSection1;}\r\n-->\r\n</style>\r\n<!--[if gte mso 10]>\r\n<style>\r\n /* Style Definitions */\r\ntable.MsoNormalTable\r\n	{mso-style-name:\"Table Normal\";\r\n	mso-tstyle-rowband-size:0;\r\n	mso-tstyle-colband-size:0;\r\n	mso-style-noshow:yes;\r\n	mso-style-priority:99;\r\n	mso-style-parent:\"\";\r\n	mso-padding-alt:0cm 5.4pt 0cm 5.4pt;\r\n	mso-para-margin:0cm;\r\n	mso-para-margin-bottom:.0001pt;\r\n	mso-pagination:widow-orphan;\r\n	font-size:11.0pt;\r\n	mso-bidi-font-size:18.0pt;\r\n	font-family:Calibri;\r\n	mso-ascii-font-family:Calibri;\r\n	mso-ascii-theme-font:minor-latin;\r\n	mso-hansi-font-family:Calibri;\r\n	mso-hansi-theme-font:minor-latin;}\r\ntable.MsoTableGrid\r\n	{mso-style-name:\"Table Grid\";\r\n	mso-tstyle-rowband-size:0;\r\n	mso-tstyle-colband-size:0;\r\n	mso-style-priority:39;\r\n	mso-style-unhide:no;\r\n	border:solid windowtext 1.0pt;\r\n	mso-border-alt:solid windowtext .5pt;\r\n	mso-padding-alt:0cm 5.4pt 0cm 5.4pt;\r\n	mso-border-insideh:.5pt solid windowtext;\r\n	mso-border-insidev:.5pt solid windowtext;\r\n	mso-para-margin:0cm;\r\n	mso-para-margin-bottom:.0001pt;\r\n	mso-pagination:widow-orphan;\r\n	font-size:11.0pt;\r\n	mso-bidi-font-size:18.0pt;\r\n	font-family:Calibri;\r\n	mso-ascii-font-family:Calibri;\r\n	mso-ascii-theme-font:minor-latin;\r\n	mso-hansi-font-family:Calibri;\r\n	mso-hansi-theme-font:minor-latin;}\r\n</style>\r\n<![endif]--><!--[if gte mso 9]><xml>\r\n <o:shapedefaults v:ext=\"edit\" spidmax=\"1027\"/>\r\n</xml><![endif]--><!--[if gte mso 9]><xml>\r\n <o:shapelayout v:ext=\"edit\">\r\n  <o:idmap v:ext=\"edit\" data=\"1\"/>\r\n </o:shapelayout></xml><![endif]-->\r\n\r\n\r\n\r\n<!--StartFragment-->\r\n\r\n\r\n\r\n\r\n  <!--[endif]-->\r\n<o:p>&nbsp;</o:p></p><table class=\"MsoTableGrid\" border=\"1\" cellspacing=\"0\" cellpadding=\"0\" style=\"border-collapse:collapse;border:none;mso-border-alt:solid #FF6B00 .5pt;\r\n mso-yfti-tbllook:1184;mso-padding-alt:0cm 5.4pt 0cm 5.4pt;mso-border-insideh:\r\n none;mso-border-insidev:none\">\r\n <tbody><tr style=\"mso-yfti-irow:0;mso-yfti-firstrow:yes;height:26.65pt\">\r\n  <td width=\"99\" rowspan=\"3\" style=\"width:99.0pt;border:solid #FF6B00 1.0pt;\r\n  mso-border-alt:solid #FF6B00 .5pt;background:white;mso-background-themecolor:\r\n  background1;padding:0cm 5.4pt 0cm 5.4pt;height:26.65pt\">\r\n  <p class=\"MsoNormal\" align=\"center\" style=\"text-align:center\"><span style=\"font-size:20.0pt;font-family:&quot;Open Sans&quot;,&quot;sans-serif&quot;;mso-bidi-font-family:\r\n  &quot;Open Sans&quot;;color:white;mso-themecolor:background1;mso-no-proof:yes\"><v:shapetype id=\"_x0000_t75\" coordsize=\"21600,21600\" o:spt=\"75\" o:preferrelative=\"t\" path=\"m@4@5l@4@11@9@11@9@5xe\" filled=\"f\" stroked=\"f\">\r\n   <v:stroke joinstyle=\"miter\">\r\n   <v:formulas>\r\n    <v:f eqn=\"if lineDrawn pixelLineWidth 0\">\r\n    <v:f eqn=\"sum @0 1 0\">\r\n    <v:f eqn=\"sum 0 0 @1\">\r\n    <v:f eqn=\"prod @2 1 2\">\r\n    <v:f eqn=\"prod @3 21600 pixelWidth\">\r\n    <v:f eqn=\"prod @3 21600 pixelHeight\">\r\n    <v:f eqn=\"sum @0 0 1\">\r\n    <v:f eqn=\"prod @6 1 2\">\r\n    <v:f eqn=\"prod @7 21600 pixelWidth\">\r\n    <v:f eqn=\"sum @8 21600 0\">\r\n    <v:f eqn=\"prod @7 21600 pixelHeight\">\r\n    <v:f eqn=\"sum @10 21600 0\">\r\n   </v:f></v:f></v:f></v:f></v:f></v:f></v:f></v:f></v:f></v:f></v:f></v:f></v:formulas>\r\n   <v:path o:extrusionok=\"f\" gradientshapeok=\"t\" o:connecttype=\"rect\">\r\n   <o:lock v:ext=\"edit\" aspectratio=\"t\">\r\n  </o:lock></v:path></v:stroke></v:shapetype><v:shape id=\"Picture_x0020_6\" o:spid=\"_x0000_i1025\" type=\"#_x0000_t75\" style=\"width:28pt;height:28pt;visibility:visible;mso-wrap-style:square\">\r\n   <v:imagedata src=\"file://localhost/Users/saody/Library/Group%20Containers/UBF8T346G9.Office/msoclip1/01/clip_image001.emz\" o:title=\"\">\r\n  </v:imagedata></v:shape></span><span style=\"font-size:20.0pt;font-family:&quot;Open Sans&quot;,&quot;sans-serif&quot;;\r\n  mso-bidi-font-family:&quot;Open Sans&quot;;color:white;mso-themecolor:background1;\r\n  mso-style-textoutline-type:none;mso-style-textoutline-outlinestyle-dpiwidth:\r\n  0pt;mso-style-textoutline-outlinestyle-linecap:flat;mso-style-textoutline-outlinestyle-join:\r\n  round;mso-style-textoutline-outlinestyle-pctmiterlimit:0%;mso-style-textoutline-outlinestyle-dash:\r\n  solid;mso-style-textoutline-outlinestyle-align:center;mso-style-textoutline-outlinestyle-compound:\r\n  simple;mso-effects-shadow-color:black;mso-effects-shadow-themecolor:dark1;\r\n  mso-effects-shadow-alpha:40.0%;mso-effects-shadow-dpiradius:3.0pt;mso-effects-shadow-dpidistance:\r\n  1.5pt;mso-effects-shadow-angledirection:2700000;mso-effects-shadow-align:\r\n  topleft;mso-effects-shadow-pctsx:100.0%;mso-effects-shadow-pctsy:100.0%;\r\n  mso-effects-shadow-anglekx:0;mso-effects-shadow-angleky:0\"><span style=\"mso-spacerun:yes\">&nbsp;</span></span><span style=\"font-size:20.0pt;\r\n  font-family:&quot;Open Sans&quot;,&quot;sans-serif&quot;;mso-bidi-font-family:&quot;Open Sans&quot;\"><o:p></o:p></span></p>\r\n  </td>\r\n  <td width=\"170\" rowspan=\"3\" style=\"width:6.0cm;border:solid #FF6B00 1.0pt;\r\n  border-left:none;mso-border-left-alt:solid #FF6B00 .5pt;mso-border-alt:solid #FF6B00 .5pt;\r\n  background:white;mso-background-themecolor:background1;padding:0cm 5.4pt 0cm 5.4pt;\r\n  height:26.65pt\">\r\n  <p class=\"MsoNormal\" align=\"center\" style=\"text-align:center\"><span style=\"font-size:20.0pt;font-family:&quot;Open Sans&quot;,&quot;sans-serif&quot;;mso-bidi-font-family:\r\n  &quot;Open Sans&quot;;color:#FF6B00;mso-style-textoutline-type:none;mso-style-textoutline-outlinestyle-dpiwidth:\r\n  0pt;mso-style-textoutline-outlinestyle-linecap:flat;mso-style-textoutline-outlinestyle-join:\r\n  round;mso-style-textoutline-outlinestyle-pctmiterlimit:0%;mso-style-textoutline-outlinestyle-dash:\r\n  solid;mso-style-textoutline-outlinestyle-align:center;mso-style-textoutline-outlinestyle-compound:\r\n  simple;mso-effects-shadow-color:black;mso-effects-shadow-themecolor:dark1;\r\n  mso-effects-shadow-alpha:40.0%;mso-effects-shadow-dpiradius:3.0pt;mso-effects-shadow-dpidistance:\r\n  1.5pt;mso-effects-shadow-angledirection:2700000;mso-effects-shadow-align:\r\n  topleft;mso-effects-shadow-pctsx:100.0%;mso-effects-shadow-pctsy:100.0%;\r\n  mso-effects-shadow-anglekx:0;mso-effects-shadow-angleky:0\">eO-BMS</span><span style=\"font-size:20.0pt;font-family:&quot;Open Sans&quot;,&quot;sans-serif&quot;;mso-bidi-font-family:\r\n  &quot;Open Sans&quot;\"><o:p></o:p></span></p>\r\n  </td>\r\n  <td width=\"212\" colspan=\"2\" style=\"width:212.3pt;border:solid #FF6B00 1.0pt;\r\n  border-left:none;mso-border-left-alt:solid #FF6B00 .5pt;mso-border-alt:solid #FF6B00 .5pt;\r\n  background:#FF6B00;padding:0cm 5.4pt 0cm 5.4pt;height:26.65pt\">\r\n  <p class=\"MsoNormal\" align=\"center\" style=\"text-align:center\"><span style=\"font-size:12.0pt;font-family:&quot;Open Sans&quot;,&quot;sans-serif&quot;;mso-bidi-font-family:\r\n  &quot;Open Sans&quot;;color:black;mso-themecolor:text1;mso-style-textoutline-type:none;\r\n  mso-style-textoutline-outlinestyle-dpiwidth:0pt;mso-style-textoutline-outlinestyle-linecap:\r\n  flat;mso-style-textoutline-outlinestyle-join:round;mso-style-textoutline-outlinestyle-pctmiterlimit:\r\n  0%;mso-style-textoutline-outlinestyle-dash:solid;mso-style-textoutline-outlinestyle-align:\r\n  center;mso-style-textoutline-outlinestyle-compound:simple;mso-effects-shadow-color:\r\n  black;mso-effects-shadow-themecolor:dark1;mso-effects-shadow-alpha:40.0%;\r\n  mso-effects-shadow-dpiradius:3.0pt;mso-effects-shadow-dpidistance:1.5pt;\r\n  mso-effects-shadow-angledirection:2700000;mso-effects-shadow-align:topleft;\r\n  mso-effects-shadow-pctsx:100.0%;mso-effects-shadow-pctsy:100.0%;mso-effects-shadow-anglekx:\r\n  0;mso-effects-shadow-angleky:0\">RATES</span><span style=\"font-size:12.0pt;\r\n  font-family:&quot;Open Sans&quot;,&quot;sans-serif&quot;;mso-bidi-font-family:&quot;Open Sans&quot;\"><o:p></o:p></span></p>\r\n  </td>\r\n </tr>\r\n <tr style=\"mso-yfti-irow:1;height:22.75pt\">\r\n  <td width=\"106\" style=\"width:106.15pt;border-top:none;border-left:none;\r\n  border-bottom:solid #FF6B00 1.0pt;border-right:solid #FF6B00 1.0pt;\r\n  mso-border-top-alt:solid #FF6B00 .5pt;mso-border-left-alt:solid #FF6B00 .5pt;\r\n  mso-border-alt:solid #FF6B00 .5pt;background:white;mso-background-themecolor:\r\n  background1;padding:0cm 5.4pt 0cm 5.4pt;height:22.75pt\">\r\n  <p class=\"MsoNormal\" align=\"center\" style=\"text-align:center\"><b><span style=\"color:#FF6B00;mso-style-textoutline-type:none;mso-style-textoutline-outlinestyle-dpiwidth:\r\n  0pt;mso-style-textoutline-outlinestyle-linecap:flat;mso-style-textoutline-outlinestyle-join:\r\n  round;mso-style-textoutline-outlinestyle-pctmiterlimit:0%;mso-style-textoutline-outlinestyle-dash:\r\n  solid;mso-style-textoutline-outlinestyle-align:center;mso-style-textoutline-outlinestyle-compound:\r\n  simple\">STANDARD<o:p></o:p></span></b></p>\r\n  </td>\r\n  <td width=\"106\" style=\"width:106.15pt;border-top:none;border-left:none;\r\n  border-bottom:solid #FF6B00 1.0pt;border-right:solid #FF6B00 1.0pt;\r\n  mso-border-top-alt:solid #FF6B00 .5pt;mso-border-left-alt:solid #FF6B00 .5pt;\r\n  mso-border-alt:solid #FF6B00 .5pt;background:white;mso-background-themecolor:\r\n  background1;padding:0cm 5.4pt 0cm 5.4pt;height:22.75pt\">\r\n  <p class=\"MsoNormal\" align=\"center\" style=\"text-align:center\"><b><span style=\"color:#FF6B00;mso-style-textoutline-type:none;mso-style-textoutline-outlinestyle-dpiwidth:\r\n  0pt;mso-style-textoutline-outlinestyle-linecap:flat;mso-style-textoutline-outlinestyle-join:\r\n  round;mso-style-textoutline-outlinestyle-pctmiterlimit:0%;mso-style-textoutline-outlinestyle-dash:\r\n  solid;mso-style-textoutline-outlinestyle-align:center;mso-style-textoutline-outlinestyle-compound:\r\n  simple\">PREMIUM<o:p></o:p></span></b></p>\r\n  </td>\r\n </tr>\r\n <tr style=\"mso-yfti-irow:2;height:25.85pt\">\r\n  <td width=\"106\" style=\"width:106.15pt;border-top:none;border-left:none;\r\n  border-bottom:solid #FF6B00 1.0pt;border-right:solid #FF6B00 1.0pt;\r\n  mso-border-top-alt:solid #FF6B00 .5pt;mso-border-left-alt:solid #FF6B00 .5pt;\r\n  mso-border-alt:solid #FF6B00 .5pt;padding:0cm 5.4pt 0cm 5.4pt;height:25.85pt\">\r\n  <p class=\"MsoNormal\" align=\"center\" style=\"text-align:center\"><span style=\"color:black;mso-themecolor:text1;mso-style-textoutline-type:none;\r\n  mso-style-textoutline-outlinestyle-dpiwidth:0pt;mso-style-textoutline-outlinestyle-linecap:\r\n  flat;mso-style-textoutline-outlinestyle-join:round;mso-style-textoutline-outlinestyle-pctmiterlimit:\r\n  0%;mso-style-textoutline-outlinestyle-dash:solid;mso-style-textoutline-outlinestyle-align:\r\n  center;mso-style-textoutline-outlinestyle-compound:simple;mso-effects-shadow-color:\r\n  black;mso-effects-shadow-themecolor:dark1;mso-effects-shadow-alpha:40.0%;\r\n  mso-effects-shadow-dpiradius:3.0pt;mso-effects-shadow-dpidistance:1.5pt;\r\n  mso-effects-shadow-angledirection:2700000;mso-effects-shadow-align:topleft;\r\n  mso-effects-shadow-pctsx:100.0%;mso-effects-shadow-pctsy:100.0%;mso-effects-shadow-anglekx:\r\n  0;mso-effects-shadow-angleky:0\">USD$ 159 /month<o:p></o:p></span></p>\r\n  </td>\r\n  <td width=\"106\" style=\"width:106.15pt;border-top:none;border-left:none;\r\n  border-bottom:solid #FF6B00 1.0pt;border-right:solid #FF6B00 1.0pt;\r\n  mso-border-top-alt:solid #FF6B00 .5pt;mso-border-left-alt:solid #FF6B00 .5pt;\r\n  mso-border-alt:solid #FF6B00 .5pt;padding:0cm 5.4pt 0cm 5.4pt;height:25.85pt\">\r\n  <p class=\"MsoNormal\" align=\"center\" style=\"text-align:center\"><span style=\"color:black;mso-themecolor:text1;mso-style-textoutline-type:none;\r\n  mso-style-textoutline-outlinestyle-dpiwidth:0pt;mso-style-textoutline-outlinestyle-linecap:\r\n  flat;mso-style-textoutline-outlinestyle-join:round;mso-style-textoutline-outlinestyle-pctmiterlimit:\r\n  0%;mso-style-textoutline-outlinestyle-dash:solid;mso-style-textoutline-outlinestyle-align:\r\n  center;mso-style-textoutline-outlinestyle-compound:simple;mso-effects-shadow-color:\r\n  black;mso-effects-shadow-themecolor:dark1;mso-effects-shadow-alpha:40.0%;\r\n  mso-effects-shadow-dpiradius:3.0pt;mso-effects-shadow-dpidistance:1.5pt;\r\n  mso-effects-shadow-angledirection:2700000;mso-effects-shadow-align:topleft;\r\n  mso-effects-shadow-pctsx:100.0%;mso-effects-shadow-pctsy:100.0%;mso-effects-shadow-anglekx:\r\n  0;mso-effects-shadow-angleky:0\">USD$ 299 /month<o:p></o:p></span></p>\r\n  </td>\r\n </tr>\r\n <tr style=\"mso-yfti-irow:3;height:25.85pt\">\r\n  <td width=\"481\" colspan=\"4\" style=\"width:481.4pt;border-top:none;border-left:\r\n  solid #FF6B00 1.0pt;border-bottom:none;border-right:solid #FF6B00 1.0pt;\r\n  mso-border-left-alt:solid #FF6B00 .5pt;mso-border-right-alt:solid #FF6B00 .5pt;\r\n  background:#00B0F0;padding:0cm 5.4pt 0cm 5.4pt;height:25.85pt\">\r\n  <p class=\"MsoNormal\" style=\"margin-left:15.8pt\"><span style=\"font-size:16.0pt;\r\n  color:white;mso-themecolor:background1;mso-style-textoutline-type:none;\r\n  mso-style-textoutline-outlinestyle-dpiwidth:0pt;mso-style-textoutline-outlinestyle-linecap:\r\n  flat;mso-style-textoutline-outlinestyle-join:round;mso-style-textoutline-outlinestyle-pctmiterlimit:\r\n  0%;mso-style-textoutline-outlinestyle-dash:solid;mso-style-textoutline-outlinestyle-align:\r\n  center;mso-style-textoutline-outlinestyle-compound:simple;mso-effects-shadow-color:\r\n  black;mso-effects-shadow-themecolor:dark1;mso-effects-shadow-alpha:40.0%;\r\n  mso-effects-shadow-dpiradius:3.0pt;mso-effects-shadow-dpidistance:1.5pt;\r\n  mso-effects-shadow-angledirection:2700000;mso-effects-shadow-align:topleft;\r\n  mso-effects-shadow-pctsx:100.0%;mso-effects-shadow-pctsy:100.0%;mso-effects-shadow-anglekx:\r\n  0;mso-effects-shadow-angleky:0\">Essential</span><span style=\"color:black;\r\n  mso-themecolor:text1;mso-style-textoutline-type:none;mso-style-textoutline-outlinestyle-dpiwidth:\r\n  0pt;mso-style-textoutline-outlinestyle-linecap:flat;mso-style-textoutline-outlinestyle-join:\r\n  round;mso-style-textoutline-outlinestyle-pctmiterlimit:0%;mso-style-textoutline-outlinestyle-dash:\r\n  solid;mso-style-textoutline-outlinestyle-align:center;mso-style-textoutline-outlinestyle-compound:\r\n  simple;mso-effects-shadow-color:black;mso-effects-shadow-themecolor:dark1;\r\n  mso-effects-shadow-alpha:40.0%;mso-effects-shadow-dpiradius:3.0pt;mso-effects-shadow-dpidistance:\r\n  1.5pt;mso-effects-shadow-angledirection:2700000;mso-effects-shadow-align:\r\n  topleft;mso-effects-shadow-pctsx:100.0%;mso-effects-shadow-pctsy:100.0%;\r\n  mso-effects-shadow-anglekx:0;mso-effects-shadow-angleky:0\"><o:p></o:p></span></p>\r\n  </td>\r\n </tr>\r\n <tr style=\"mso-yfti-irow:4;height:25.85pt\">\r\n  <td width=\"269\" colspan=\"2\" style=\"width:269.1pt;border:solid #FF6B00 1.0pt;\r\n  mso-border-alt:solid #FF6B00 .5pt;padding:0cm 5.4pt 0cm 5.4pt;height:25.85pt\">\r\n  <p class=\"MsoNormal\" style=\"margin-left:15.8pt\"><span style=\"font-size:12.0pt;\r\n  color:black;mso-themecolor:text1;mso-style-textoutline-type:none;mso-style-textoutline-outlinestyle-dpiwidth:\r\n  0pt;mso-style-textoutline-outlinestyle-linecap:flat;mso-style-textoutline-outlinestyle-join:\r\n  round;mso-style-textoutline-outlinestyle-pctmiterlimit:0%;mso-style-textoutline-outlinestyle-dash:\r\n  solid;mso-style-textoutline-outlinestyle-align:center;mso-style-textoutline-outlinestyle-compound:\r\n  simple;mso-effects-shadow-color:black;mso-effects-shadow-themecolor:dark1;\r\n  mso-effects-shadow-alpha:40.0%;mso-effects-shadow-dpiradius:3.0pt;mso-effects-shadow-dpidistance:\r\n  1.5pt;mso-effects-shadow-angledirection:2700000;mso-effects-shadow-align:\r\n  topleft;mso-effects-shadow-pctsx:100.0%;mso-effects-shadow-pctsy:100.0%;\r\n  mso-effects-shadow-anglekx:0;mso-effects-shadow-angleky:0\">First setup<o:p></o:p></span></p>\r\n  </td>\r\n  <td width=\"106\" style=\"width:106.15pt;border:solid #FF6B00 1.0pt;border-left:\r\n  none;mso-border-left-alt:solid #FF6B00 .5pt;mso-border-alt:solid #FF6B00 .5pt;\r\n  padding:0cm 5.4pt 0cm 5.4pt;height:25.85pt\">\r\n  <p class=\"MsoNormal\" align=\"center\" style=\"text-align:center\"><span style=\"font-size:12.0pt;color:#833C0B;mso-themecolor:accent2;mso-themeshade:\r\n  128;mso-style-textoutline-type:none;mso-style-textoutline-outlinestyle-dpiwidth:\r\n  0pt;mso-style-textoutline-outlinestyle-linecap:flat;mso-style-textoutline-outlinestyle-join:\r\n  round;mso-style-textoutline-outlinestyle-pctmiterlimit:0%;mso-style-textoutline-outlinestyle-dash:\r\n  solid;mso-style-textoutline-outlinestyle-align:center;mso-style-textoutline-outlinestyle-compound:\r\n  simple;mso-effects-shadow-color:black;mso-effects-shadow-themecolor:dark1;\r\n  mso-effects-shadow-alpha:40.0%;mso-effects-shadow-dpiradius:3.0pt;mso-effects-shadow-dpidistance:\r\n  1.5pt;mso-effects-shadow-angledirection:2700000;mso-effects-shadow-align:\r\n  topleft;mso-effects-shadow-pctsx:100.0%;mso-effects-shadow-pctsy:100.0%;\r\n  mso-effects-shadow-anglekx:0;mso-effects-shadow-angleky:0\">USD$ 250<o:p></o:p></span></p>\r\n  </td>\r\n  <td width=\"106\" style=\"width:106.15pt;border:solid #FF6B00 1.0pt;border-left:\r\n  none;mso-border-left-alt:solid #FF6B00 .5pt;mso-border-alt:solid #FF6B00 .5pt;\r\n  padding:0cm 5.4pt 0cm 5.4pt;height:25.85pt\">\r\n  <p class=\"MsoNormal\" align=\"center\" style=\"text-align:center\"><span style=\"font-size:12.0pt;color:#833C0B;mso-themecolor:accent2;mso-themeshade:\r\n  128;mso-style-textoutline-type:none;mso-style-textoutline-outlinestyle-dpiwidth:\r\n  0pt;mso-style-textoutline-outlinestyle-linecap:flat;mso-style-textoutline-outlinestyle-join:\r\n  round;mso-style-textoutline-outlinestyle-pctmiterlimit:0%;mso-style-textoutline-outlinestyle-dash:\r\n  solid;mso-style-textoutline-outlinestyle-align:center;mso-style-textoutline-outlinestyle-compound:\r\n  simple;mso-effects-shadow-color:black;mso-effects-shadow-themecolor:dark1;\r\n  mso-effects-shadow-alpha:40.0%;mso-effects-shadow-dpiradius:3.0pt;mso-effects-shadow-dpidistance:\r\n  1.5pt;mso-effects-shadow-angledirection:2700000;mso-effects-shadow-align:\r\n  topleft;mso-effects-shadow-pctsx:100.0%;mso-effects-shadow-pctsy:100.0%;\r\n  mso-effects-shadow-anglekx:0;mso-effects-shadow-angleky:0\">USD$ 300<o:p></o:p></span></p>\r\n  </td>\r\n </tr>\r\n <tr style=\"mso-yfti-irow:5;height:25.85pt\">\r\n  <td width=\"269\" colspan=\"2\" style=\"width:269.1pt;border:solid #FF6B00 1.0pt;\r\n  border-top:none;mso-border-top-alt:solid #FF6B00 .5pt;mso-border-alt:solid #FF6B00 .5pt;\r\n  padding:0cm 5.4pt 0cm 5.4pt;height:25.85pt\">\r\n  <p class=\"MsoNormal\" style=\"margin-left:15.8pt\"><span style=\"font-size:12.0pt;\r\n  color:black;mso-themecolor:text1;mso-style-textoutline-type:none;mso-style-textoutline-outlinestyle-dpiwidth:\r\n  0pt;mso-style-textoutline-outlinestyle-linecap:flat;mso-style-textoutline-outlinestyle-join:\r\n  round;mso-style-textoutline-outlinestyle-pctmiterlimit:0%;mso-style-textoutline-outlinestyle-dash:\r\n  solid;mso-style-textoutline-outlinestyle-align:center;mso-style-textoutline-outlinestyle-compound:\r\n  simple;mso-effects-shadow-color:black;mso-effects-shadow-themecolor:dark1;\r\n  mso-effects-shadow-alpha:40.0%;mso-effects-shadow-dpiradius:3.0pt;mso-effects-shadow-dpidistance:\r\n  1.5pt;mso-effects-shadow-angledirection:2700000;mso-effects-shadow-', 1, '2019-08-26', 14, '2019-08-29', 22);
INSERT INTO `standard_operation_procedure_article` VALUES (6, 'Testing', 1, NULL, '', '<p class=\"MsoNormal\"><v:shapetype id=\"_x0000_t202\" coordsize=\"21600,21600\" o:spt=\"202\" path=\"m0,0l0,21600,21600,21600,21600,0xe\">\r\n <v:stroke joinstyle=\"miter\">\r\n <v:path gradientshapeok=\"t\" o:connecttype=\"rect\">\r\n</v:path></v:stroke></v:shapetype><v:shape id=\"Text_x0020_Box_x0020_2\" o:spid=\"_x0000_s2073\" type=\"#_x0000_t202\" style=\"position:absolute;margin-left:-69.9pt;margin-top:12.25pt;\r\n width:551.5pt;height:55pt;z-index:251658240;visibility:visible;\r\n mso-wrap-style:square;mso-width-percent:0;mso-height-percent:0;\r\n mso-wrap-distance-left:9pt;mso-wrap-distance-top:3.6pt;\r\n mso-wrap-distance-right:9pt;mso-wrap-distance-bottom:3.6pt;\r\n mso-position-horizontal:absolute;mso-position-horizontal-relative:text;\r\n mso-position-vertical:absolute;mso-position-vertical-relative:text;\r\n mso-width-percent:0;mso-height-percent:0;mso-width-relative:margin;\r\n mso-height-relative:margin;v-text-anchor:middle\" o:gfxdata=\"UEsDBBQABgAIAAAAIQApm/tGBAEAAB4CAAATAAAAW0NvbnRlbnRfVHlwZXNdLnhtbKSRzU7DMBCE\r\n70i8g+UrSpxyQAgl6YGfI3AoD7DYm8TCsS2vW9q3Z5OmF1RVSFws2+uZ+TSu1/vRiR0mssE3clVW\r\nUqDXwVjfN/Jj81LcS0EZvAEXPDbygCTX7fVVvTlEJMFqT40cco4PSpEecAQqQ0TPky6kETIfU68i\r\n6C/oUd1W1Z3SwWf0uciTh2zrJ+xg67J43vP1kYTlUjwe301RjYQYndWQGVRNU3VWl9DRBeHOm190\r\nxUJWsnI2p8FGulkS3riaZA2Kd0j5FUbmUNrZ+BkgGWUSfHNRdNqsysvYZ9JD11mNJujtyI2Ui+Pf\r\n4jO3jWpe/58825xy1fy77Q8AAAD//wMAUEsDBBQABgAIAAAAIQCtMD/xwQAAADIBAAALAAAAX3Jl\r\nbHMvLnJlbHOEj80KwjAQhO+C7xD2btN6EJGmvYjgVfQB1mTbBtskZOPf25uLoCB4m2XYb2bq9jGN\r\n4kaRrXcKqqIEQU57Y12v4HTcLdYgOKEzOHpHCp7E0DbzWX2gEVN+4sEGFpniWMGQUthIyXqgCbnw\r\ngVx2Oh8nTPmMvQyoL9iTXJblSsZPBjRfTLE3CuLeVCCOz5CT/7N911lNW6+vE7n0I0KaiPe8LCMx\r\n9pQU6NGGs8do3ha/RVXk5iCbWn4tbV4AAAD//wMAUEsDBBQABgAIAAAAIQCXNYLuSQMAAKQHAAAf\r\nAAAAY2xpcGJvYXJkL2RyYXdpbmdzL2RyYXdpbmcxLnhtbKxV23LTMBB9Z4Z/0Ogd4oSkl0xdpoTL\r\nMFNoaNoP2EhyrEGWjKTc+vXsSk6aBsoDkJdorfXZs2eP5Iu3m8awlfJBO1vy/uuCM2WFk9ouSn5/\r\n9/HVGWchgpVgnFUl36rA316+fHEB44WHttaCIYINYyh5HWM77vWCqFUD4bVrlcW9yvkGIoZ+0ZMe\r\n1ojcmN6gKE56DWjLLx+h3kMEtvT6L6CME9+VnIBdQUBII8aHTzqORvw7Mozt6pNvZ+3UE3PxdTX1\r\nTMuSo3IWGpSI97qNLg3D3tFbi0eATeUbyndVxTY4gcFpgUhbXI1Oz076RUZTm8gEbuPmsBhhgsCM\r\nk/OzESbncvXNHwFE/eHPEEgxU8HFAb3QEjm7+rXfQf901/Ed0XvnNmyw753yWdzgQ+wkzTi01zij\r\nwKyb1GAX6sp7t64VyEAZWSRUMxdKgu1qBsKar784ierCMrqE91+E23cN49aH+Em5htGi5F6JmOrA\r\n6jrETG+XQpIEZ7T8qI1JAVleTYxnKzDIUQhlYxIDCzzJNJatS34+GowSuHUEkSbY6Kg8M7op+VlB\r\nv6wlKfTBypQSQZu8Rlhjk69IHKIQN7M0KtJcbunJHP9ROO+wG3QMHnJc1M4/cLbGo1vy8GMJXnFm\r\nPlucwXl/OMS0mILh6HSAgT/cmR/ugBUIVXIRPWc5mESMi66tKxxTpTvdMhPiZEKcxa1RqZ3El2bb\r\ngL/GrvvF4ASLaitRPTRFMewTIzALvJqoUJK6FVdV7FbTGLLiSSzSutvFZadLEsdjEYOmK7myr+5n\r\neKU9lByvoMyWlESP70bRaXs0uOAX8/2A03z2NQ+doKoKjYOOIUi3xJHOarlmc7P0tyBL/ga7xJ6k\r\nJo/1z9NZlhqFo3NPhLp2o8ndPjWW/J7PEpi2htz5ML2V/ZluXrJhcsa+eoqeEDMQtWVx26oKBB6q\r\nG7yq2QxswIulBh8Ukuv8p+AgbwJGz73+NUuEg6xn0VBZnAQpEy+/3d/cXd19vvlKlyOqRXu0o6yc\r\ngofb302sT9qlpJ3KyUfH3TzL8i96eQ9LO1W2Pm4Z6T4yTezRzdTJ/vgtg5q1t2iGPJt8PjGDbtTe\r\n0fcpvdp9T+kjeBhf/gQAAP//AwBQSwMEFAAGAAgAAAAhAHaFahVWBgAADxoAABoAAABjbGlwYm9h\r\ncmQvdGhlbWUvdGhlbWUxLnhtbOxZS28bNxC+F+h/WOy9sd6KjciBrUfcxE6CSEmRI6WldhlzlwuS\r\nsqNbkZx6KVAgLXpogN56KIoGaIAGvfTHGHDQpj+iQ+5DpETFD7hAUMQCjN3Zb4bDmdlvSO6Nm09j\r\n6h1hLghLOn71WsX3cDJhAUnCjv9wNPjsuu8JiZIAUZbgjj/Hwr+5/eknN9DWhJJ0zBAPRhGOsQeG\r\nErGFOn4kZbq1sSEmIEbiGktxAs+mjMdIwi0PNwKOjmGAmG7UKpXWRoxI4m+DRakM9Sn8S6RQggnl\r\nQ2UGewmKYfR70ymZYI0NDqsKIeaiS7l3hGjHB5sBOx7hp9L3KBISHnT8iv7zN7ZvbKCtXInKNbqG\r\n3kD/5Xq5QnBY02PycFwO2mg0G62d0r4GULmK67f7rX6rtKcBaDKBmWa+2DbbtW4jxxqg7NJhu9fu\r\n1asW3rBfX/F5p6l+Fl6DMvuNFfxg0IUoWngNyvDNFXxzd3O3Z9vXoAzfWsG3Kzu9Rtuyr0ERJcnh\r\nCrrSbNW7xWxLyJTRPSd8s9kYtGu58QUKqqGsLjXElCVyXa3F6AnjAwAoIEWSJJ6cp3iKJlCTXUTJ\r\nmBNvn4QRFF6KEiZAXKlVBpU6/Fe/hr7SGUVbGBnayi/wRKyIlD+emHCSyo5/G6z6BuT0zZuTZ69P\r\nnv1+8vz5ybNf87G1KUtvDyWhqffup2/+efml9/dvP7578W029DJemPi3v3z19o8/32ceZrwIxel3\r\nr96+fnX6/dd//fzCYX2Ho7EJH5EYC+8uPvYesBgm6PAfj/nFNEYRIqbGThIKlCA1isN+X0YW+u4c\r\nUeTA7WI7jo84UI0LeGv2xHJ4GPGZJA6Ld6LYAh4wRncZd0bhjhrLCPNoloTuwfnMxD1A6Mg1dhcl\r\nVpb7sxQ4lrhMdiNsuXmfokSiECdYeuoZO8TYMbvHhFhxPSATzgSbSu8x8XYRcYZkRMZWNS2U9kgM\r\neZm7HIR8W7E5eOTtMuqadQ8f2Uh4NxB1OD/C1ArjLTSTKHaZHKGYmgHfRzJyOTmc84mJ6wsJmQ4x\r\nZV4/wEK4dO5xmK+R9DtAM+60H9B5bCO5JIcum/uIMRPZY4fdCMWpCzskSWRiPxeHUKLIu8+kC37A\r\n7DdE3UMeULI23Y8IttJ9Nhs8BIY1XVoUiHoy445c3sLMqt/hnE4R1lQDDcDi9ZgkZ5L8Er03/zt6\r\nBxI9/eGlY0ZXQ+luw1Y+LkjmO5w436a9JQpfh1sm7i7jAfnwebuHZsl9DK/KavP6SNsfadv/39P2\r\nuvf56sl6wc9A3WrZmi3X9eI9Xrt2nxJKh3JO8b7Qy3cBXSkYgFDp6T0qLvdyaQSX6k2GASxcyJHW\r\n8TiTXxAZDSOUwhq/6isjochNh8JLmYClvxY7bSs8ncUHLMi2rNWq2p5m5CGQXMgrzVIO2w2ZoVvt\r\nxTasNK+9DfV2uXBA6V7ECWMw24m6w4l2IVRB0ptzCJrDCT2zK/Fi0+HFdWW+SNWKF+BamRVYNnmw\r\n2Or4zQaogBLsqhDFgcpTluoiuzqZV5npdcG0KgDWEEUFLDK9qXxdOz01u6zUzpFpywmj3GwndGR0\r\nDxMRCnBenUp6HjcumuvNRUot91Qo9HhQWgs32tff58Vlcw16y9xAE5MpaOIdd/xWvQklM0Fpx5/C\r\n1h8u4xRqR6jlLqIhHJpNJM9e+MswS8qF7CERZQHXpJOxQUwk5h4lccdX0y/TQBPNIdq3ag0I4YN1\r\nbhNo5UNzDpJuJxlPp3gizbQbEhXp7BYYPuMK51Otfnmw0mQzSPcwCo69MZ3xBwhKrNmuqgAGRMAJ\r\nUDWLZkDgSLMkskX9LTWmnHbNM0VdQ5kc0TRCeUcxyTyDayov3dF3ZQyMu3zOEFAjJHkjHIeqwZpB\r\ntbpp2TUyH9Z23bOVVOQM0lz0TItVVNd0s5g1QtEGlmJ5uSZveFWEGDjN7PAZdS9T7mbBdUvrhLJL\r\nQMDL+Dm67jkaguHaYjDLNeXxKg0rzs6ldu8oJniGa+dpEgbrtwqzS3Ere4RzOBBeqvOD3nLVgmha\r\nrCt1pF2fJw5Q6o3DaseHTwRwNvEUruAjgw+ympLVlAyu4MsBtIvsuL/j5xeFBJ5nkhJTLyT1AtMo\r\nJI1C0iwkzULSKiQt39Pn4vAtRh2J+15x7A09LD8mz9cW9jec7X8BAAD//wMAUEsDBBQABgAIAAAA\r\nIQCcZkZBuwAAACQBAAAqAAAAY2xpcGJvYXJkL2RyYXdpbmdzL19yZWxzL2RyYXdpbmcxLnhtbC5y\r\nZWxzhI/NCsIwEITvgu8Q9m7SehCRJr2I0KvUBwjJNi02PyRR7Nsb6EVB8LIws+w3s037sjN5YkyT\r\ndxxqWgFBp7yenOFw6y+7I5CUpdNy9g45LJigFdtNc8VZ5nKUxikkUigucRhzDifGkhrRykR9QFc2\r\ng49W5iKjYUGquzTI9lV1YPGTAeKLSTrNIXa6BtIvoST/Z/thmBSevXpYdPlHBMulFxagjAYzB0pX\r\nZ501LV2BiYZ9/SbeAAAA//8DAFBLAQItABQABgAIAAAAIQApm/tGBAEAAB4CAAATAAAAAAAAAAAA\r\nAAAAAAAAAABbQ29udGVudF9UeXBlc10ueG1sUEsBAi0AFAAGAAgAAAAhAK0wP/HBAAAAMgEAAAsA\r\nAAAAAAAAAAAAAAAANQEAAF9yZWxzLy5yZWxzUEsBAi0AFAAGAAgAAAAhAJc1gu5JAwAApAcAAB8A\r\nAAAAAAAAAAAAAAAAHwIAAGNsaXBib2FyZC9kcmF3aW5ncy9kcmF3aW5nMS54bWxQSwECLQAUAAYA\r\nCAAAACEAdoVqFVYGAAAPGgAAGgAAAAAAAAAAAAAAAAClBQAAY2xpcGJvYXJkL3RoZW1lL3RoZW1l\r\nMS54bWxQSwECLQAUAAYACAAAACEAnGZGQbsAAAAkAQAAKgAAAAAAAAAAAAAAAAAzDAAAY2xpcGJv\r\nYXJkL2RyYXdpbmdzL19yZWxzL2RyYXdpbmcxLnhtbC5yZWxzUEsFBgAAAAAFAAUAZwEAADYNAAAA\r\nAA==\r\n\" fillcolor=\"#ed7d31 [3205]\" stroked=\"f\">\r\n <v:textbox>\r\n  <!--[if !mso]-->\r\n  </v:textbox></v:shape></p><table cellpadding=\"0\" cellspacing=\"0\" width=\"100%\">\r\n   <tbody><tr>\r\n    <td><!--[endif]-->\r\n    <div>\r\n    <p class=\"MsoNormal\" align=\"center\" style=\"margin-left:63.8pt;text-align:center;\r\n    text-indent:8.2pt\"><span style=\"font-size:20.0pt;font-family:&quot;Open Sans&quot;,&quot;sans-serif&quot;;\r\n    mso-bidi-font-family:&quot;Open Sans&quot;;color:black;mso-themecolor:text1;\r\n    mso-style-textoutline-type:none;mso-style-textoutline-outlinestyle-dpiwidth:\r\n    0pt;mso-style-textoutline-outlinestyle-linecap:flat;mso-style-textoutline-outlinestyle-join:\r\n    round;mso-style-textoutline-outlinestyle-pctmiterlimit:0%;mso-style-textoutline-outlinestyle-dash:\r\n    solid;mso-style-textoutline-outlinestyle-align:center;mso-style-textoutline-outlinestyle-compound:\r\n    simple;mso-effects-shadow-color:black;mso-effects-shadow-themecolor:dark1;\r\n    mso-effects-shadow-alpha:40.0%;mso-effects-shadow-dpiradius:3.0pt;\r\n    mso-effects-shadow-dpidistance:1.5pt;mso-effects-shadow-angledirection:\r\n    2700000;mso-effects-shadow-align:topleft;mso-effects-shadow-pctsx:100.0%;\r\n    mso-effects-shadow-pctsy:100.0%;mso-effects-shadow-anglekx:0;mso-effects-shadow-angleky:\r\n    0\">QUOTATION</span><o:p></o:p></p>\r\n    </div>\r\n    <!--[if !mso]--></td>\r\n   </tr>\r\n  </tbody></table><p>\r\n\r\n\r\n\r\n\r\n\r\n\r\n\r\n<!--[if !mso]>\r\n<style>\r\nv\\:* {behavior:url(#default#VML);}\r\no\\:* {behavior:url(#default#VML);}\r\nw\\:* {behavior:url(#default#VML);}\r\n.shape {behavior:url(#default#VML);}\r\n</style>\r\n<![endif]--><!--[if gte mso 9]><xml>\r\n <o:OfficeDocumentSettings>\r\n  <o:RelyOnVML/>\r\n  <o:AllowPNG/>\r\n </o:OfficeDocumentSettings>\r\n</xml><![endif]-->\r\n\r\n<!--[if gte mso 9]><xml>\r\n <w:WordDocument>\r\n  <w:View>Normal</w:View>\r\n  <w:Zoom>0</w:Zoom>\r\n  <w:TrackMoves>false</w:TrackMoves>\r\n  <w:TrackFormatting/>\r\n  <w:PunctuationKerning/>\r\n  <w:ValidateAgainstSchemas/>\r\n  <w:SaveIfXMLInvalid>false</w:SaveIfXMLInvalid>\r\n  <w:IgnoreMixedContent>false</w:IgnoreMixedContent>\r\n  <w:AlwaysShowPlaceholderText>false</w:AlwaysShowPlaceholderText>\r\n  <w:DoNotPromoteQF/>\r\n  <w:LidThemeOther>EN-US</w:LidThemeOther>\r\n  <w:LidThemeAsian>X-NONE</w:LidThemeAsian>\r\n  <w:LidThemeComplexScript>KHM</w:LidThemeComplexScript>\r\n  <w:Compatibility>\r\n   <w:BreakWrappedTables/>\r\n   <w:SnapToGridInCell/>\r\n   <w:WrapTextWithPunct/>\r\n   <w:UseAsianBreakRules/>\r\n   <w:DontGrowAutofit/>\r\n   <w:SplitPgBreakAndParaMark/>\r\n   <w:EnableOpenTypeKerning/>\r\n   <w:DontFlipMirrorIndents/>\r\n   <w:OverrideTableStyleHps/>\r\n  </w:Compatibility>\r\n  <m:mathPr>\r\n   <m:mathFont m:val=\"Cambria Math\"/>\r\n   <m:brkBin m:val=\"before\"/>\r\n   <m:brkBinSub m:val=\"&#45;-\"/>\r\n   <m:smallFrac m:val=\"off\"/>\r\n   <m:dispDef/>\r\n   <m:lMargin m:val=\"0\"/>\r\n   <m:rMargin m:val=\"0\"/>\r\n   <m:defJc m:val=\"centerGroup\"/>\r\n   <m:wrapIndent m:val=\"1440\"/>\r\n   <m:intLim m:val=\"subSup\"/>\r\n   <m:naryLim m:val=\"undOvr\"/>\r\n  </m:mathPr></w:WordDocument>\r\n</xml><![endif]--><!--[if gte mso 9]><xml>\r\n <w:LatentStyles DefLockedState=\"false\" DefUnhideWhenUsed=\"false\"\r\n  DefSemiHidden=\"false\" DefQFormat=\"false\" DefPriority=\"99\"\r\n  LatentStyleCount=\"382\">\r\n  <w:LsdException Locked=\"false\" Priority=\"0\" QFormat=\"true\" Name=\"Normal\"/>\r\n  <w:LsdException Locked=\"false\" Priority=\"9\" QFormat=\"true\" Name=\"heading 1\"/>\r\n  <w:LsdException Locked=\"false\" Priority=\"9\" SemiHidden=\"true\"\r\n   UnhideWhenUsed=\"true\" QFormat=\"true\" Name=\"heading 2\"/>\r\n  <w:LsdException Locked=\"false\" Priority=\"9\" SemiHidden=\"true\"\r\n   UnhideWhenUsed=\"true\" QFormat=\"true\" Name=\"heading 3\"/>\r\n  <w:LsdException Locked=\"false\" Priority=\"9\" SemiHidden=\"true\"\r\n   UnhideWhenUsed=\"true\" QFormat=\"true\" Name=\"heading 4\"/>\r\n  <w:LsdException Locked=\"false\" Priority=\"9\" SemiHidden=\"true\"\r\n   UnhideWhenUsed=\"true\" QFormat=\"true\" Name=\"heading 5\"/>\r\n  <w:LsdException Locked=\"false\" Priority=\"9\" SemiHidden=\"true\"\r\n   UnhideWhenUsed=\"true\" QFormat=\"true\" Name=\"heading 6\"/>\r\n  <w:LsdException Locked=\"false\" Priority=\"9\" SemiHidden=\"true\"\r\n   UnhideWhenUsed=\"true\" QFormat=\"true\" Name=\"heading 7\"/>\r\n  <w:LsdException Locked=\"false\" Priority=\"9\" SemiHidden=\"true\"\r\n   UnhideWhenUsed=\"true\" QFormat=\"true\" Name=\"heading 8\"/>\r\n  <w:LsdException Locked=\"false\" Priority=\"9\" SemiHidden=\"true\"\r\n   UnhideWhenUsed=\"true\" QFormat=\"true\" Name=\"heading 9\"/>\r\n  <w:LsdException Locked=\"false\" SemiHidden=\"true\" UnhideWhenUsed=\"true\"\r\n   Name=\"index 1\"/>\r\n  <w:LsdException Locked=\"false\" SemiHidden=\"true\" UnhideWhenUsed=\"true\"\r\n   Name=\"index 2\"/>\r\n  <w:LsdException Locked=\"false\" SemiHidden=\"true\" UnhideWhenUsed=\"true\"\r\n   Name=\"index 3\"/>\r\n  <w:LsdException Locked=\"false\" SemiHidden=\"true\" UnhideWhenUsed=\"true\"\r\n   Name=\"index 4\"/>\r\n  <w:LsdException Locked=\"false\" SemiHidden=\"true\" UnhideWhenUsed=\"true\"\r\n   Name=\"index 5\"/>\r\n  <w:LsdException Locked=\"false\" SemiHidden=\"true\" UnhideWhenUsed=\"true\"\r\n   Name=\"index 6\"/>\r\n  <w:LsdException Locked=\"false\" SemiHidden=\"true\" UnhideWhenUsed=\"true\"\r\n   Name=\"index 7\"/>\r\n  <w:LsdException Locked=\"false\" SemiHidden=\"true\" UnhideWhenUsed=\"true\"\r\n   Name=\"index 8\"/>\r\n  <w:LsdException Locked=\"false\" SemiHidden=\"true\" UnhideWhenUsed=\"true\"\r\n   Name=\"index 9\"/>\r\n  <w:LsdException Locked=\"false\" Priority=\"39\" SemiHidden=\"true\"\r\n   UnhideWhenUsed=\"true\" Name=\"toc 1\"/>\r\n  <w:LsdException Locked=\"false\" Priority=\"39\" SemiHidden=\"true\"\r\n   UnhideWhenUsed=\"true\" Name=\"toc 2\"/>\r\n  <w:LsdException Locked=\"false\" Priority=\"39\" SemiHidden=\"true\"\r\n   UnhideWhenUsed=\"true\" Name=\"toc 3\"/>\r\n  <w:LsdException Locked=\"false\" Priority=\"39\" SemiHidden=\"true\"\r\n   UnhideWhenUsed=\"true\" Name=\"toc 4\"/>\r\n  <w:LsdException Locked=\"false\" Priority=\"39\" SemiHidden=\"true\"\r\n   UnhideWhenUsed=\"true\" Name=\"toc 5\"/>\r\n  <w:LsdException Locked=\"false\" Priority=\"39\" SemiHidden=\"true\"\r\n   UnhideWhenUsed=\"true\" Name=\"toc 6\"/>\r\n  <w:LsdException Locked=\"false\" Priority=\"39\" SemiHidden=\"true\"\r\n   UnhideWhenUsed=\"true\" Name=\"toc 7\"/>\r\n  <w:LsdException Locked=\"false\" Priority=\"39\" SemiHidden=\"true\"\r\n   UnhideWhenUsed=\"true\" Name=\"toc 8\"/>\r\n  <w:LsdException Locked=\"false\" Priority=\"39\" SemiHidden=\"true\"\r\n   UnhideWhenUsed=\"true\" Name=\"toc 9\"/>\r\n  <w:LsdException Locked=\"false\" SemiHidden=\"true\" UnhideWhenUsed=\"true\"\r\n   Name=\"Normal Indent\"/>\r\n  <w:LsdException Locked=\"false\" SemiHidden=\"true\" UnhideWhenUsed=\"true\"\r\n   Name=\"footnote text\"/>\r\n  <w:LsdException Locked=\"false\" SemiHidden=\"true\" UnhideWhenUsed=\"true\"\r\n   Name=\"annotation text\"/>\r\n  <w:LsdException Locked=\"false\" SemiHidden=\"true\" UnhideWhenUsed=\"true\"\r\n   Name=\"header\"/>\r\n  <w:LsdException Locked=\"false\" Priority=\"0\" SemiHidden=\"true\"\r\n   UnhideWhenUsed=\"true\" Name=\"footer\"/>\r\n  <w:LsdException Locked=\"false\" SemiHidden=\"true\" UnhideWhenUsed=\"true\"\r\n   Name=\"index heading\"/>\r\n  <w:LsdException Locked=\"false\" Priority=\"35\" SemiHidden=\"true\"\r\n   UnhideWhenUsed=\"true\" QFormat=\"true\" Name=\"caption\"/>\r\n  <w:LsdException Locked=\"false\" SemiHidden=\"true\" UnhideWhenUsed=\"true\"\r\n   Name=\"table of figures\"/>\r\n  <w:LsdException Locked=\"false\" SemiHidden=\"true\" UnhideWhenUsed=\"true\"\r\n   Name=\"envelope address\"/>\r\n  <w:LsdException Locked=\"false\" SemiHidden=\"true\" UnhideWhenUsed=\"true\"\r\n   Name=\"envelope return\"/>\r\n  <w:LsdException Locked=\"false\" SemiHidden=\"true\" UnhideWhenUsed=\"true\"\r\n   Name=\"footnote reference\"/>\r\n  <w:LsdException Locked=\"false\" SemiHidden=\"true\" UnhideWhenUsed=\"true\"\r\n   Name=\"annotation reference\"/>\r\n  <w:LsdException Locked=\"false\" SemiHidden=\"true\" UnhideWhenUsed=\"true\"\r\n   Name=\"line number\"/>\r\n  <w:LsdException Locked=\"false\" SemiHidden=\"true\" UnhideWhenUsed=\"true\"\r\n   Name=\"page number\"/>\r\n  <w:LsdException Locked=\"false\" SemiHidden=\"true\" UnhideWhenUsed=\"true\"\r\n   Name=\"endnote reference\"/>\r\n  <w:LsdException Locked=\"false\" SemiHidden=\"true\" UnhideWhenUsed=\"true\"\r\n   Name=\"endnote text\"/>\r\n  <w:LsdException Locked=\"false\" SemiHidden=\"true\" UnhideWhenUsed=\"true\"\r\n   Name=\"table of authorities\"/>\r\n  <w:LsdException Locked=\"false\" SemiHidden=\"true\" UnhideWhenUsed=\"true\"\r\n   Name=\"macro\"/>\r\n  <w:LsdException Locked=\"false\" SemiHidden=\"true\" UnhideWhenUsed=\"true\"\r\n   Name=\"toa heading\"/>\r\n  <w:LsdException Locked=\"false\" SemiHidden=\"true\" UnhideWhenUsed=\"true\"\r\n   Name=\"List\"/>\r\n  <w:LsdException Locked=\"false\" SemiHidden=\"true\" UnhideWhenUsed=\"true\"\r\n   Name=\"List Bullet\"/>\r\n  <w:LsdException Locked=\"false\" SemiHidden=\"true\" UnhideWhenUsed=\"true\"\r\n   Name=\"List Number\"/>\r\n  <w:LsdException Locked=\"false\" SemiHidden=\"true\" UnhideWhenUsed=\"true\"\r\n   Name=\"List 2\"/>\r\n  <w:LsdException Locked=\"false\" SemiHidden=\"true\" UnhideWhenUsed=\"true\"\r\n   Name=\"List 3\"/>\r\n  <w:LsdException Locked=\"false\" SemiHidden=\"true\" UnhideWhenUsed=\"true\"\r\n   Name=\"List 4\"/>\r\n  <w:LsdException Locked=\"false\" SemiHidden=\"true\" UnhideWhenUsed=\"true\"\r\n   Name=\"List 5\"/>\r\n  <w:LsdException Locked=\"false\" SemiHidden=\"true\" UnhideWhenUsed=\"true\"\r\n   Name=\"List Bullet 2\"/>\r\n  <w:LsdException Locked=\"false\" SemiHidden=\"true\" UnhideWhenUsed=\"true\"\r\n   Name=\"List Bullet 3\"/>\r\n  <w:LsdException Locked=\"false\" SemiHidden=\"true\" UnhideWhenUsed=\"true\"\r\n   Name=\"List Bullet 4\"/>\r\n  <w:LsdException Locked=\"false\" SemiHidden=\"true\" UnhideWhenUsed=\"true\"\r\n   Name=\"List Bullet 5\"/>\r\n  <w:LsdException Locked=\"false\" SemiHidden=\"true\" UnhideWhenUsed=\"true\"\r\n   Name=\"List Number 2\"/>\r\n  <w:LsdException Locked=\"false\" SemiHidden=\"true\" UnhideWhenUsed=\"true\"\r\n   Name=\"List Number 3\"/>\r\n  <w:LsdException Locked=\"false\" SemiHidden=\"true\" UnhideWhenUsed=\"true\"\r\n   Name=\"List Number 4\"/>\r\n  <w:LsdException Locked=\"false\" SemiHidden=\"true\" UnhideWhenUsed=\"true\"\r\n   Name=\"List Number 5\"/>\r\n  <w:LsdException Locked=\"false\" Priority=\"10\" QFormat=\"true\" Name=\"Title\"/>\r\n  <w:LsdException Locked=\"false\" SemiHidden=\"true\" UnhideWhenUsed=\"true\"\r\n   Name=\"Closing\"/>\r\n  <w:LsdException Locked=\"false\" SemiHidden=\"true\" UnhideWhenUsed=\"true\"\r\n   Name=\"Signature\"/>\r\n  <w:LsdException Locked=\"false\" Priority=\"1\" SemiHidden=\"true\"\r\n   UnhideWhenUsed=\"true\" Name=\"Default Paragraph Font\"/>\r\n  <w:LsdException Locked=\"false\" SemiHidden=\"true\" UnhideWhenUsed=\"true\"\r\n   Name=\"Body Text\"/>\r\n  <w:LsdException Locked=\"false\" SemiHidden=\"true\" UnhideWhenUsed=\"true\"\r\n   Name=\"Body Text Indent\"/>\r\n  <w:LsdException Locked=\"false\" SemiHidden=\"true\" UnhideWhenUsed=\"true\"\r\n   Name=\"List Continue\"/>\r\n  <w:LsdException Locked=\"false\" SemiHidden=\"true\" UnhideWhenUsed=\"true\"\r\n   Name=\"List Continue 2\"/>\r\n  <w:LsdException Locked=\"false\" SemiHidden=\"true\" UnhideWhenUsed=\"true\"\r\n   Name=\"List Continue 3\"/>\r\n  <w:LsdException Locked=\"false\" SemiHidden=\"true\" UnhideWhenUsed=\"true\"\r\n   Name=\"List Continue 4\"/>\r\n  <w:LsdException Locked=\"false\" SemiHidden=\"true\" UnhideWhenUsed=\"true\"\r\n   Name=\"List Continue 5\"/>\r\n  <w:LsdException Locked=\"false\" SemiHidden=\"true\" UnhideWhenUsed=\"true\"\r\n   Name=\"Message Header\"/>\r\n  <w:LsdException Locked=\"false\" Priority=\"11\" QFormat=\"true\" Name=\"Subtitle\"/>\r\n  <w:LsdException Locked=\"false\" SemiHidden=\"true\" UnhideWhenUsed=\"true\"\r\n   Name=\"Salutation\"/>\r\n  <w:LsdException Locked=\"false\" SemiHidden=\"true\" UnhideWhenUsed=\"true\"\r\n   Name=\"Date\"/>\r\n  <w:LsdException Locked=\"false\" SemiHidden=\"true\" UnhideWhenUsed=\"true\"\r\n   Name=\"Body Text First Indent\"/>\r\n  <w:LsdException Locked=\"false\" SemiHidden=\"true\" UnhideWhenUsed=\"true\"\r\n   Name=\"Body Text First Indent 2\"/>\r\n  <w:LsdException Locked=\"false\" SemiHidden=\"true\" UnhideWhenUsed=\"true\"\r\n   Name=\"Note Heading\"/>\r\n  <w:LsdException Locked=\"false\" SemiHidden=\"true\" UnhideWhenUsed=\"true\"\r\n   Name=\"Body Text 2\"/>\r\n  <w:LsdException Locked=\"false\" SemiHidden=\"true\" UnhideWhenUsed=\"true\"\r\n   Name=\"Body Text 3\"/>\r\n  <w:LsdException Locked=\"false\" SemiHidden=\"true\" UnhideWhenUsed=\"true\"\r\n   Name=\"Body Text Indent 2\"/>\r\n  <w:LsdException Locked=\"false\" SemiHidden=\"true\" UnhideWhenUsed=\"true\"\r\n   Name=\"Body Text Indent 3\"/>\r\n  <w:LsdException Locked=\"false\" SemiHidden=\"true\" UnhideWhenUsed=\"true\"\r\n   Name=\"Block Text\"/>\r\n  <w:LsdException Locked=\"false\" SemiHidden=\"true\" UnhideWhenUsed=\"true\"\r\n   Name=\"Hyperlink\"/>\r\n  <w:LsdException Locked=\"false\" SemiHidden=\"true\" UnhideWhenUsed=\"true\"\r\n   Name=\"FollowedHyperlink\"/>\r\n  <w:LsdException Locked=\"false\" Priority=\"22\" QFormat=\"true\" Name=\"Strong\"/>\r\n  <w:LsdException Locked=\"false\" Priority=\"20\" QFormat=\"true\" Name=\"Emphasis\"/>\r\n  <w:LsdException Locked=\"false\" SemiHidden=\"true\" UnhideWhenUsed=\"true\"\r\n   Name=\"Document Map\"/>\r\n  <w:LsdException Locked=\"false\" SemiHidden=\"true\" UnhideWhenUsed=\"true\"\r\n   Name=\"Plain Text\"/>\r\n  <w:LsdException Locked=\"false\" SemiHidden=\"true\" UnhideWhenUsed=\"true\"\r\n   Name=\"E-mail Signature\"/>\r\n  <w:LsdException Locked=\"false\" SemiHidden=\"true\" UnhideWhenUsed=\"true\"\r\n   Name=\"HTML Top of Form\"/>\r\n  <w:LsdException Locked=\"false\" SemiHidden=\"true\" UnhideWhenUsed=\"true\"\r\n   Name=\"HTML Bottom of Form\"/>\r\n  <w:LsdException Locked=\"false\" SemiHidden=\"true\" UnhideWhenUsed=\"true\"\r\n   Name=\"Normal (Web)\"/>\r\n  <w:LsdException Locked=\"false\" SemiHidden=\"true\" UnhideWhenUsed=\"true\"\r\n   Name=\"HTML Acronym\"/>\r\n  <w:LsdException Locked=\"false\" SemiHidden=\"true\" UnhideWhenUsed=\"true\"\r\n   Name=\"HTML Address\"/>\r\n  <w:LsdException Locked=\"false\" SemiHidden=\"true\" UnhideWhenUsed=\"true\"\r\n   Name=\"HTML Cite\"/>\r\n  <w:LsdException Locked=\"false\" SemiHidden=\"true\" UnhideWhenUsed=\"true\"\r\n   Name=\"HTML Code\"/>\r\n  <w:LsdException Locked=\"false\" SemiHidden=\"true\" UnhideWhenUsed=\"true\"\r\n   Name=\"HTML Definition\"/>\r\n  <w:LsdException Locked=\"false\" SemiHidden=\"true\" UnhideWhenUsed=\"true\"\r\n   Name=\"HTML Keyboard\"/>\r\n  <w:LsdException Locked=\"false\" SemiHidden=\"true\" UnhideWhenUsed=\"true\"\r\n   Name=\"HTML Preformatted\"/>\r\n  <w:LsdException Locked=\"false\" SemiHidden=\"true\" UnhideWhenUsed=\"true\"\r\n   Name=\"HTML Sample\"/>\r\n  <w:LsdException Locked=\"false\" SemiHidden=\"true\" UnhideWhenUsed=\"true\"\r\n   Name=\"HTML Typewriter\"/>\r\n  <w:LsdException Locked=\"false\" SemiHidden=\"true\" UnhideWhenUsed=\"true\"\r\n   Name=\"HTML Variable\"/>\r\n  <w:LsdException Locked=\"false\" SemiHidden=\"true\" UnhideWhenUsed=\"true\"\r\n   Name=\"Normal Table\"/>\r\n  <w:LsdException Locked=\"false\" SemiHidden=\"true\" UnhideWhenUsed=\"true\"\r\n   Name=\"annotation subject\"/>\r\n  <w:LsdException Locked=\"false\" SemiHidden=\"true\" UnhideWhenUsed=\"true\"\r\n   Name=\"No List\"/>\r\n  <w:LsdException Locked=\"false\" SemiHidden=\"true\" UnhideWhenUsed=\"true\"\r\n   Name=\"Outline List 1\"/>\r\n  <w:LsdException Locked=\"false\" SemiHidden=\"true\" UnhideWhenUsed=\"true\"\r\n   Name=\"Outline List 2\"/>\r\n  <w:LsdException Locked=\"false\" SemiHidden=\"true\" UnhideWhenUsed=\"true\"\r\n   Name=\"Outline List 3\"/>\r\n  <w:LsdException Locked=\"false\" SemiHidden=\"true\" UnhideWhenUsed=\"true\"\r\n   Name=\"Table Simple 1\"/>\r\n  <w:LsdException Locked=\"false\" SemiHidden=\"true\" UnhideWhenUsed=\"true\"\r\n   Name=\"Table Simple 2\"/>\r\n  <w:LsdException Locked=\"false\" SemiHidden=\"true\" UnhideWhenUsed=\"true\"\r\n   Name=\"Table Simple 3\"/>\r\n  <w:LsdException Locked=\"false\" SemiHidden=\"true\" UnhideWhenUsed=\"true\"\r\n   Name=\"Table Classic 1\"/>\r\n  <w:LsdException Locked=\"false\" SemiHidden=\"true\" UnhideWhenUsed=\"true\"\r\n   Name=\"Table Classic 2\"/>\r\n  <w:LsdException Locked=\"false\" SemiHidden=\"true\" UnhideWhenUsed=\"true\"\r\n   Name=\"Table Classic 3\"/>\r\n  <w:LsdException Locked=\"false\" SemiHidden=\"true\" UnhideWhenUsed=\"true\"\r\n   Name=\"Table Classic 4\"/>\r\n  <w:LsdException Locked=\"false\" SemiHidden=\"true\" UnhideWhenUsed=\"true\"\r\n   Name=\"Table Colorful 1\"/>\r\n  <w:LsdException Locked=\"false\" SemiHidden=\"true\" UnhideWhenUsed=\"true\"\r\n   Name=\"Table Colorful 2\"/>\r\n  <w:LsdException Locked=\"false\" SemiHidden=\"true\" UnhideWhenUsed=\"true\"\r\n   Name=\"Table Colorful 3\"/>\r\n  <w:LsdException Locked=\"false\" SemiHidden=\"true\" UnhideWhenUsed=\"true\"\r\n   Name=\"Table Columns 1\"/>\r\n  <w:LsdException Locked=\"false\" SemiHidden=\"true\" UnhideWhenUsed=\"true\"\r\n   Name=\"Table Columns 2\"/>\r\n  <w:LsdException Locked=\"false\" SemiHidden=\"true\" UnhideWhenUsed=\"true\"\r\n   Name=\"Table Columns 3\"/>\r\n  <w:LsdException Locked=\"false\" SemiHidden=\"true\" UnhideWhenUsed=\"true\"\r\n   Name=\"Table Columns 4\"/>\r\n  <w:LsdException Locked=\"false\" SemiHidden=\"true\" UnhideWhenUsed=\"true\"\r\n   Name=\"Table Columns 5\"/>\r\n  <w:LsdException Locked=\"false\" SemiHidden=\"true\" UnhideWhenUsed=\"true\"\r\n   Name=\"Table Grid 1\"/>\r\n  <w:LsdException Locked=\"false\" SemiHidden=\"true\" UnhideWhenUsed=\"true\"\r\n   Name=\"Table Grid 2\"/>\r\n  <w:LsdException Locked=\"false\" SemiHidden=\"true\" UnhideWhenUsed=\"true\"\r\n   Name=\"Table Grid 3\"/>\r\n  <w:LsdException Locked=\"false\" SemiHidden=\"true\" UnhideWhenUsed=\"true\"\r\n   Name=\"Table Grid 4\"/>\r\n  <w:LsdException Locked=\"false\" SemiHidden=\"true\" UnhideWhenUsed=\"true\"\r\n   Name=\"Table Grid 5\"/>\r\n  <w:LsdException Locked=\"false\" SemiHidden=\"true\" UnhideWhenUsed=\"true\"\r\n   Name=\"Table Grid 6\"/>\r\n  <w:LsdException Locked=\"false\" SemiHidden=\"true\" UnhideWhenUsed=\"true\"\r\n   Name=\"Table Grid 7\"/>\r\n  <w:LsdException Locked=\"false\" SemiHidden=\"true\" UnhideWhenUsed=\"true\"\r\n   Name=\"Table Grid 8\"/>\r\n  <w:LsdException Locked=\"false\" SemiHidden=\"true\" UnhideWhenUsed=\"true\"\r\n   Name=\"Table List 1\"/>\r\n  <w:LsdException Locked=\"false\" SemiHidden=\"true\" UnhideWhenUsed=\"true\"\r\n   Name=\"Table List 2\"/>\r\n  <w:LsdException Locked=\"false\" SemiHidden=\"true\" UnhideWhenUsed=\"true\"\r\n   Name=\"Table List 3\"/>\r\n  <w:LsdException Locked=\"false\" SemiHidden=\"true\" UnhideWhenUsed=\"true\"\r\n   Name=\"Table List 4\"/>\r\n  <w:LsdException Locked=\"false\" SemiHidden=\"true\" UnhideWhenUsed=\"true\"\r\n   Name=\"Table List 5\"/>\r\n  <w:LsdException Locked=\"false\" SemiHidden=\"true\" UnhideWhenUsed=\"true\"\r\n   Name=\"Table List 6\"/>\r\n  <w:LsdException Locked=\"false\" SemiHidden=\"true\" UnhideWhenUsed=\"true\"\r\n   Name=\"Table List 7\"/>\r\n  <w:LsdException Locked=\"false\" SemiHidden=\"true\" UnhideWhenUsed=\"true\"\r\n   Name=\"Table List 8\"/>\r\n  <w:LsdException Locked=\"false\" SemiHidden=\"true\" UnhideWhenUsed=\"true\"\r\n   Name=\"Table 3D effects 1\"/>\r\n  <w:LsdException Locked=\"false\" SemiHidden=\"true\" UnhideWhenUsed=\"true\"\r\n   Name=\"Table 3D effects 2\"/>\r\n  <w:LsdException Locked=\"false\" SemiHidden=\"true\" UnhideWhenUsed=\"true\"\r\n   Name=\"Table 3D effects 3\"/>\r\n  <w:LsdException Locked=\"false\" SemiHidden=\"true\" UnhideWhenUsed=\"true\"\r\n   Name=\"Table Contemporary\"/>\r\n  <w:LsdException Locked=\"false\" SemiHidden=\"true\" UnhideWhenUsed=\"true\"\r\n   Name=\"Table Elegant\"/>\r\n  <w:LsdException Locked=\"false\" SemiHidden=\"true\" UnhideWhenUsed=\"true\"\r\n   Name=\"Table Professional\"/>\r\n  <w:LsdException Locked=\"false\" SemiHidden=\"true\" UnhideWhenUsed=\"true\"\r\n   Name=\"Table Subtle 1\"/>\r\n  <w:LsdException Locked=\"false\" SemiHidden=\"true\" UnhideWhenUsed=\"true\"\r\n   Name=\"Table Subtle 2\"/>\r\n  <w:LsdException Locked=\"false\" SemiHidden=\"true\" UnhideWhenUsed=\"true\"\r\n   Name=\"Table Web 1\"/>\r\n  <w:LsdException Locked=\"false\" SemiHidden=\"true\" UnhideWhenUsed=\"true\"\r\n   Name=\"Table Web 2\"/>\r\n  <w:LsdException Locked=\"false\" SemiHidden=\"true\" UnhideWhenUsed=\"true\"\r\n   Name=\"Table Web 3\"/>\r\n  <w:LsdException Locked=\"false\" SemiHidden=\"true\" UnhideWhenUsed=\"true\"\r\n   Name=\"Balloon Text\"/>\r\n  <w:LsdException Locked=\"false\" Priority=\"39\" Name=\"Table Grid\"/>\r\n  <w:LsdException Locked=\"false\" SemiHidden=\"true\" UnhideWhenUsed=\"true\"\r\n   Name=\"Table Theme\"/>\r\n  <w:LsdException Locked=\"false\" SemiHidden=\"true\" UnhideWhenUsed=\"true\"\r\n   Name=\"Note Level 1\"/>\r\n  <w:LsdException Locked=\"false\" SemiHidden=\"true\" UnhideWhenUsed=\"true\"\r\n   Name=\"Note Level 2\"/>\r\n  <w:LsdException Locked=\"false\" SemiHidden=\"true\" UnhideWhenUsed=\"true\"\r\n   Name=\"Note Level 3\"/>\r\n  <w:LsdException Locked=\"false\" SemiHidden=\"true\" UnhideWhenUsed=\"true\"\r\n   Name=\"Note Level 4\"/>\r\n  <w:LsdException Locked=\"false\" SemiHidden=\"true\" UnhideWhenUsed=\"true\"\r\n   Name=\"Note Level 5\"/>\r\n  <w:LsdException Locked=\"false\" SemiHidden=\"true\" UnhideWhenUsed=\"true\"\r\n   Name=\"Note Level 6\"/>\r\n  <w:LsdException Locked=\"false\" SemiHidden=\"true\" UnhideWhenUsed=\"true\"\r\n   Name=\"Note Level 7\"/>\r\n  <w:LsdException Locked=\"false\" SemiHidden=\"true\" UnhideWhenUsed=\"true\"\r\n   Name=\"Note Level 8\"/>\r\n  <w:LsdException Locked=\"false\" SemiHidden=\"true\" UnhideWhenUsed=\"true\"\r\n   Name=\"Note Level 9\"/>\r\n  <w:LsdException Locked=\"false\" SemiHidden=\"true\" Name=\"Placeholder Text\"/>\r\n  <w:LsdException Locked=\"false\" Priority=\"1\" QFormat=\"true\" Name=\"No Spacing\"/>\r\n  <w:LsdException Locked=\"false\" Priority=\"60\" Name=\"Light Shading\"/>\r\n  <w:LsdException Locked=\"false\" Priority=\"61\" Name=\"Light List\"/>\r\n  <w:LsdException Locked=\"false\" Priority=\"62\" Name=\"Light Grid\"/>\r\n  <w:LsdException Locked=\"false\" Priority=\"63\" Name=\"Medium Shading 1\"/>\r\n  <w:LsdException Locked=\"false\" Priority=\"64\" Name=\"Medium Shading 2\"/>\r\n  <w:LsdException Locked=\"false\" Priority=\"65\" Name=\"Medium List 1\"/>\r\n  <w:LsdException Locked=\"false\" Priority=\"66\" Name=\"Medium List 2\"/>\r\n  <w:LsdException Locked=\"false\" Priority=\"67\" Name=\"Medium Grid 1\"/>\r\n  <w:LsdException Locked=\"false\" Priority=\"68\" Name=\"Medium Grid 2\"/>\r\n  <w:LsdException Locked=\"false\" Priority=\"69\" Name=\"Medium Grid 3\"/>\r\n  <w:LsdException Locked=\"false\" Priority=\"70\" Name=\"Dark List\"/>\r\n  <w:LsdException Locked=\"false\" Priority=\"71\" Name=\"Colorful Shading\"/>\r\n  <w:LsdException Locked=\"false\" Priority=\"72\" Name=\"Colorful List\"/>\r\n  <w:LsdException Locked=\"false\" Priority=\"73\" Name=\"Colorful Grid\"/>\r\n  <w:LsdException Locked=\"false\" Priority=\"60\" Name=\"Light Shading Accent 1\"/>\r\n  <w:LsdException Locked=\"false\" Priority=\"61\" Name=\"Light List Accent 1\"/>\r\n  <w:LsdException Locked=\"false\" Priority=\"62\" Name=\"Light Grid Accent 1\"/>\r\n  <w:LsdException Locked=\"false\" Priority=\"63\" Name=\"Medium Shading 1 Accent 1\"/>\r\n  <w:LsdException Locked=\"false\" Priority=\"64\" Name=\"Medium Shading 2 Accent 1\"/>\r\n  <w:LsdException Locked=\"false\" Priority=\"65\" Name=\"Medium List 1 Accent 1\"/>\r\n  <w:LsdException Locked=\"false\" SemiHidden=\"true\" Name=\"Revision\"/>\r\n  <w:LsdException Locked=\"false\" Priority=\"34\" QFormat=\"true\"\r\n   Name=\"List Paragraph\"/>\r\n  <w:LsdException Locked=\"false\" Priority=\"29\" QFormat=\"true\" Name=\"Quote\"/>\r\n  <w:LsdException Locked=\"false\" Priority=\"30\" QFormat=\"true\"\r\n   Name=\"Intense Quote\"/>\r\n  <w:LsdException Locked=\"false\" Priority=\"66\" Name=\"Medium List 2 Accent 1\"/>\r\n  <w:LsdException Locked=\"false\" Priority=\"67\" Name=\"Medium Grid 1 Accent 1\"/>\r\n  <w:LsdException Locked=\"false\" Priority=\"68\" Name=\"Medium Grid 2 Accent 1\"/>\r\n  <w:LsdException Locked=\"false\" Priority=\"69\" Name=\"Medium Grid 3 Accent 1\"/>\r\n  <w:LsdException Locked=\"false\" Priority=\"70\" Name=\"Dark List Accent 1\"/>\r\n  <w:LsdException Locked=\"false\" Priority=\"71\" Name=\"Colorful Shading Accent 1\"/>\r\n  <w:LsdException Locked=\"false\" Priority=\"72\" Name=\"Colorful List Accent 1\"/>\r\n  <w:LsdException Locked=\"false\" Priority=\"73\" Name=\"Colorful Grid Accent 1\"/>\r\n  <w:LsdException Locked=\"false\" Priority=\"60\" Name=\"Light Shading Accent 2\"/>\r\n  <w:LsdException Locked=\"false\" Priority=\"61\" Name=\"Light List Accent 2\"/>\r\n  <w:LsdException Locked=\"false\" Priority=\"62\" Name=\"Light Grid Accent 2\"/>\r\n  <w:LsdException Locked=\"false\" Priority=\"63\" Name=\"Medium Shading 1 Accent 2\"/>\r\n  <w:LsdException Locked=\"false\" Priority=\"64\" Name=\"Medium Shading 2 Accent 2\"/>\r\n  <w:LsdException Locked=\"false\" Priority=\"65\" Name=\"Medium List 1 Accent 2\"/>\r\n  <w:LsdException Locked=\"false\" Priority=\"66\" Name=\"Medium List 2 Accent 2\"/>\r\n  <w:LsdException Locked=\"false\" Priority=\"67\" Name=\"Medium Grid 1 Accent 2\"/>\r\n  <w:LsdException Locked=\"false\" Priority=\"68\" Name=\"Medium Grid 2 Accent 2\"/>\r\n  <w:LsdException Locked=\"false\" Priority=\"69\" Name=\"Medium Grid 3 Accent 2\"/>\r\n  <w:LsdException Locked=\"false\" Priority=\"70\" Name=\"Dark List Accent 2\"/>\r\n  <w:LsdException Locked=\"false\" Priority=\"71\" Name=\"Colorful Shading Accent 2\"/>\r\n  <w:LsdException Locked=\"false\" Priority=\"72\" Name=\"Colorful List Accent 2\"/>\r\n  <w:LsdException Locked=\"false\" Priority=\"73\" Name=\"Colorful Grid Accent 2\"/>\r\n  <w:LsdException Locked=\"false\" Priority=\"60\" Name=\"Light Shading Accent 3\"/>\r\n  <w:LsdException Locked=\"false\" Priority=\"61\" Name=\"Light List Accent 3\"/>\r\n  <w:LsdException Locked=\"false\" Priority=\"62\" Name=\"Light Grid Accent 3\"/>\r\n  <w:LsdException Locked=\"false\" Priority=\"63\" Name=\"Medium Shading 1 Accent 3\"/>\r\n  <w:LsdException Locked=\"false\" Priority=\"64\" Name=\"Medium Shading 2 Accent 3\"/>\r\n  <w:LsdException Locked=\"false\" Priority=\"65\" Name=\"Medium List 1 Accent 3\"/>\r\n  <w:LsdException Locked=\"false\" Priority=\"66\" Name=\"Medium List 2 Accent 3\"/>\r\n  <w:LsdException Locked=\"false\" Priority=\"67\" Name=\"Medium Grid 1 Accent 3\"/>\r\n  <w:LsdException Locked=\"false\" Priority=\"68\" Name=\"Medium Grid 2 Accent 3\"/>\r\n  <w:LsdException Locked=\"false\" Priority=\"69\" Name=\"Medium Grid 3 Accent 3\"/>\r\n  <w:LsdException Locked=\"false\" Priority=\"70\" Name=\"Dark List Accent 3\"/>\r\n  <w:LsdException Locked=\"false\" Priority=\"71\" Name=\"Colorful Shading Accent 3\"/>\r\n  <w:LsdException Locked=\"false\" Priority=\"72\" Name=\"Colorful List Accent 3\"/>\r\n  <w:LsdException Locked=\"false\" Priority=\"73\" Name=\"Colorful Grid Accent 3\"/>\r\n  <w:LsdException Locked=\"false\" Priority=\"60\" Name=\"Light Shading Accent 4\"/>\r\n  <w:LsdException Locked=\"false\" Priority=\"61\" Name=\"Light List Accent 4\"/>\r\n  <w:LsdException Locked=\"false\" Priority=\"62\" Name=\"Light Grid Accent 4\"/>\r\n  <w:LsdException Locked=\"false\" Priority=\"63\" Name=\"Medium Shading 1 Accent 4\"/>\r\n  <w:LsdException Locked=\"false\" Priority=\"64\" Name=\"Medium Shading 2 Accent 4\"/>\r\n  <w:LsdException Locked=\"false\" Priority=\"65\" Name=\"Medium List 1 Accent 4\"/>\r\n  <w:LsdException Locked=\"false\" Priority=\"66\" Name=\"Medium List 2 Accent 4\"/>\r\n  <w:LsdException Locked=\"false\" Priority=\"67\" Name=\"Medium Grid 1 Accent 4\"/>\r\n  <w:LsdException Locked=\"false\" Priority=\"68\" Name=\"Medium Grid 2 Accent 4\"/>\r\n  <w:LsdException Locked=\"false\" Priority=\"69\" Name=\"Medium Grid 3 Accent 4\"/>\r\n  <w:LsdException Locked=\"false\" Priority=\"70\" Name=\"Dark List Accent 4\"/>\r\n  <w:LsdException Locked=\"false\" Priority=\"71\" Name=\"Colorful Shading Accent 4\"/>\r\n  <w:LsdException Locked=\"false\" Priority=\"72\" Name=\"Colorful List Accent 4\"/>\r\n  <w:LsdException Locked=\"false\" Priority=\"73\" Name=\"Colorful Grid Accent 4\"/>\r\n  <w:LsdException Locked=\"false\" Priority=\"60\" Name=\"Light Shading Accent 5\"/>\r\n  <w:LsdException Locked=\"false\" Priority=\"61\" Name=\"Light List Accent 5\"/>\r\n  <w:LsdException Locked=\"false\" Priority=\"62\" Name=\"Light Grid Accent 5\"/>\r\n  <w:LsdException Locked=\"false\" Priority=\"63\" Name=\"Medium Shading 1 Accent 5\"/>\r\n  <w:LsdException Locked=\"false\" Priority=\"64\" Name=\"Medium Shading 2 Accent 5\"/>\r\n  <w:LsdException Locked=\"false\" Priority=\"65\" Name=\"Medium List 1 Accent 5\"/>\r\n  <w:LsdException Locked=\"false\" Priority=\"66\" Name=\"Medium List 2 Accent 5\"/>\r\n  <w:LsdException Locked=\"false\" Priority=\"67\" Name=\"Medium Grid 1 Accent 5\"/>\r\n  <w:LsdException Locked=\"false\" Priority=\"68\" Name=\"Medium Grid 2 Accent 5\"/>\r\n  <w:LsdException Locked=\"false\" Priority=\"69\" Name=\"Medium Grid 3 Accent 5\"/>\r\n  <w:LsdException Locked=\"false\" Priority=\"70\" Name=\"Dark List Accent 5\"/>\r\n  <w:LsdException Locked=\"false\" Priority=\"71\" Name=\"Colorful Shading Accent 5\"/>\r\n  <w:LsdException Locked=\"false\" Priority=\"72\" Name=\"Colorful List Accent 5\"/>\r\n  <w:LsdException Locked=\"false\" Priority=\"73\" Name=\"Colorful Grid Accent 5\"/>\r\n  <w:LsdException Locked=\"false\" Priority=\"60\" Name=\"Light Shading Accent 6\"/>\r\n  <w:LsdException Locked=\"false\" Priority=\"61\" Name=\"Light List Accent 6\"/>\r\n  <w:LsdException Locked=\"false\" Priority=\"62\" Name=\"Light Grid Accent 6\"/>\r\n  <w:LsdException Locked=\"false\" Priority=\"63\" Name=\"Medium Shading 1 Accent 6\"/>\r\n  <w:LsdException Locked=\"false\" Priority=\"64\" Name=\"Medium Shading 2 Accent 6\"/>\r\n  <w:LsdException Locked=\"false\" Priority=\"65\" Name=\"Medium List 1 Accent 6\"/>\r\n  <w:LsdException Locked=\"false\" Priority=\"66\" Name=\"Medium List 2 Accent 6\"/>\r\n  <w:LsdException Locked=\"false\" Priority=\"67\" Name=\"Medium Grid 1 Accent 6\"/>\r\n  <w:LsdException Locked=\"false\" Priority=\"68\" Name=\"Medium Grid 2 Accent 6\"/>\r\n  <w:LsdException Locked=\"false\" Priority=\"69\" Name=\"Medium Grid 3 Accent 6\"/>\r\n  <w:LsdException Locked=\"false\" Priority=\"70\" Name=\"Dark List Accent 6\"/>\r\n  <w:LsdException Locked=\"false\" Priority=\"71\" Name=\"Colorful Shading Accent 6\"/>\r\n  <w:LsdException Locked=\"false\" Priority=\"72\" Name=\"Colorful List Accent 6\"/>\r\n  <w:LsdException Locked=\"false\" Priority=\"73\" Name=\"Colorful Grid Accent 6\"/>\r\n  <w:LsdException Locked=\"false\" Priority=\"19\" QFormat=\"true\"\r\n   Name=\"Subtle Emphasis\"/>\r\n  <w:LsdException Locked=\"false\" Priority=\"21\" QFormat=\"true\"\r\n   Name=\"Intense Emphasis\"/>\r\n  <w:LsdException Locked=\"false\" Priority=\"31\" QFormat=\"true\"\r\n   Name=\"Subtle Reference\"/>\r\n  <w:LsdException Locked=\"false\" Priority=\"32\" QFormat=\"true\"\r\n   Name=\"Intense Reference\"/>\r\n  <w:LsdException Locked=\"false\" Priority=\"33\" QFormat=\"true\" Name=\"Book Title\"/>\r\n  <w:LsdException Locked=\"false\" Priority=\"37\" SemiHidden=\"true\"\r\n   UnhideWhenUsed=\"true\" Name=\"Bibliography\"/>\r\n  <w:LsdException Locked=\"false\" Priority=\"39\" SemiHidden=\"true\"\r\n   UnhideWhenUsed=\"true\" QFormat=\"true\" Name=\"TOC Heading\"/>\r\n  <w:LsdException Locked=\"false\" Priority=\"41\" Name=\"Plain Table 1\"/>\r\n  <w:LsdException Locked=\"false\" Priority=\"42\" Name=\"Plain Table 2\"/>\r\n  <w:LsdException Locked=\"false\" Priority=\"43\" Name=\"Plain Table 3\"/>\r\n  <w:LsdException Locked=\"false\" Priority=\"44\" Name=\"Plain Table 4\"/>\r\n  <w:LsdException Locked=\"false\" Priority=\"45\" Name=\"Plain Table 5\"/>\r\n  <w:LsdException Locked=\"false\" Priority=\"40\" Name=\"Grid Table Light\"/>\r\n  <w:LsdException Locked=\"false\" Priority=\"46\" Name=\"Grid Table 1 Light\"/>\r\n  <w:LsdException Locked=\"false\" Priority=\"47\" Name=\"Grid Table 2\"/>\r\n  <w:LsdException Locked=\"false\" Priority=\"48\" Name=\"Grid Table 3\"/>\r\n  <w:LsdException Locked=\"false\" Priority=\"49\" Name=\"Grid Table 4\"/>\r\n  <w:LsdException Locked=\"false\" Priority=\"50\" Name=\"Grid Table 5 Dark\"/>\r\n  <w:LsdException Locked=\"false\" Priority=\"51\" Name=\"Grid Table 6 Colorful\"/>\r\n  <w:LsdException Locked=\"false\" Priority=\"52\" Name=\"Grid Table 7 Colorful\"/>\r\n  <w:LsdException Locked=\"false\" Priority=\"46\"\r\n   Name=\"Grid Table 1 Light Accent 1\"/>\r\n  <w:LsdException Locked=\"false\" Priority=\"47\" Name=\"Grid Table 2 Accent 1\"/>\r\n  <w:LsdException Locked=\"false\" Priority=\"48\" Name=\"Grid Table 3 Accent 1\"/>\r\n  <w:LsdException Locked=\"false\" Priority=\"49\" Name=\"Grid Table 4 Accent 1\"/>\r\n  <w:LsdException Locked=\"false\" Priority=\"50\" Name=\"Grid Table 5 Dark Accent 1\"/>\r\n  <w:LsdException Locked=\"false\" Priority=\"51\"\r\n   Name=\"Grid Table 6 Colorful Accent 1\"/>\r\n  <w:LsdException Locked=\"false\" Priority=\"52\"\r\n   Name=\"Grid Table 7 Colorful Accent 1\"/>\r\n  <w:LsdException Locked=\"false\" Priority=\"46\"\r\n   Name=\"Grid Table 1 Light Accent 2\"/>\r\n  <w:LsdException Locked=\"false\" Priority=\"47\" Name=\"Grid Table 2 Accent 2\"/>\r\n  <w:LsdException Locked=\"false\" Priority=\"48\" Name=\"Grid Table 3 Accent 2\"/>\r\n  <w:LsdException Locked=\"false\" Priority=\"49\" Name=\"Grid Table 4 Accent 2\"/>\r\n  <w:LsdException Locked=\"false\" Priority=\"50\" Name=\"Grid Table 5 Dark Accent 2\"/>\r\n  <w:LsdException Locked=\"false\" Priority=\"51\"\r\n   Name=\"Grid Table 6 Colorful Accent 2\"/>\r\n  <w:LsdException Locked=\"false\" Priority=\"52\"\r\n   Name=\"Grid Table 7 Colorful Accent 2\"/>\r\n  <w:LsdException Locked=\"false\" Priority=\"46\"\r\n   Name=\"Grid Table 1 Light Accent 3\"/>\r\n  <w:LsdException Locked=\"false\" Priority=\"47\" Name=\"Grid Table 2 Accent 3\"/>\r\n  <w:LsdException Locked=\"false\" Priority=\"48\" Name=\"Grid Table 3 Accent 3\"/>\r\n  <w:LsdException Locked=\"false\" Priority=\"49\" Name=\"Grid Table 4 Accent 3\"/>\r\n  <w:LsdException Locked=\"false\" Priority=\"50\" Name=\"Grid Table 5 Dark Accent 3\"/>\r\n  <w:LsdException Locked=\"false\" Priority=\"51\"\r\n   Name=\"Grid Table 6 Colorful Accent 3\"/>\r\n  <w:LsdException Locked=\"false\" Priority=\"52\"\r\n   Name=\"Grid Table 7 Colorful Accent 3\"/>\r\n  <w:LsdException Locked=\"false\" Priority=\"46\"\r\n   Name=\"Grid Table 1 Light Accent 4\"/>\r\n  <w:LsdException Locked=\"false\" Priority=\"47\" Name=\"Grid Table 2 Accent 4\"/>\r\n  <w:LsdException Locked=\"false\" Priority=\"48\" Name=\"Grid Table 3 Accent 4\"/>\r\n  <w:LsdException Locked=\"false\" Priority=\"49\" Name=\"Grid Table 4 Accent 4\"/>\r\n  <w:LsdException Locked=\"false\" Priority=\"50\" Name=\"Grid Table 5 Dark Accent 4\"/>\r\n  <w:LsdException Locked=\"false\" Priority=\"51\"\r\n   Name=\"Grid Table 6 Colorful Accent 4\"/>\r\n  <w:LsdException Locked=\"false\" Priority=\"52\"\r\n   Name=\"Grid Table 7 Colorful Accent 4\"/>\r\n  <w:LsdException Locked=\"false\" Priority=\"46\"\r\n   Name=\"Grid Table 1 Light Accent 5\"/>\r\n  <w:LsdException Locked=\"false\" Priority=\"47\" Name=\"Grid Table 2 Accent 5\"/>\r\n  <w:LsdException Locked=\"false\" Priority=\"48\" Name=\"Grid Table 3 Accent 5\"/>\r\n  <w:LsdException Locked=\"false\" Priority=\"49\" Name=\"Grid Table 4 Accent 5\"/>\r\n  <w:LsdException Locked=\"false\" Priority=\"50\" Name=\"Grid Table 5 Dark Accent 5\"/>\r\n  <w:LsdException Locked=\"false\" Priority=\"51\"\r\n   Name=\"Grid Table 6 Colorful Accent 5\"/>\r\n  <w:LsdException Locked=\"false\" Priority=\"52\"\r\n   Name=\"Grid Table 7 Colorful Accent 5\"/>\r\n  <w:LsdException Locked=\"false\" Priority=\"46\"\r\n   Name=\"Grid Table 1 Light Accent 6\"/>\r\n  <w:LsdException Locked=\"false\" Priority=\"47\" Name=\"Grid Table 2 Accent 6\"/>\r\n  <w:LsdException Locked=\"false\" Priority=\"48\" Name=\"Grid Table 3 Accent 6\"/>\r\n  <w:LsdException Locked=\"false\" Priority=\"49\" Name=\"Grid Table 4 Accent 6\"/>\r\n  <w:LsdException Locked=\"false\" Priority=\"50\" Name=\"Grid Table 5 Dark Accent 6\"/>\r\n  <w:LsdException Locked=\"false\" Priority=\"51\"\r\n   Name=\"Grid Table 6 Colorful Accent 6\"/>\r\n  <w:LsdException Locked=\"false\" Priority=\"52\"\r\n   Name=\"Grid Table 7 Colorful Accent 6\"/>\r\n  <w:LsdException Locked=\"false\" Priority=\"46\" Name=\"List Table 1 Light\"/>\r\n  <w:LsdException Locked=\"false\" Priority=\"47\" Name=\"List Table 2\"/>\r\n  <w:LsdException Locked=\"false\" Priority=\"48\" Name=\"List Table 3\"/>\r\n  <w:LsdException Locked=\"false\" Priority=\"49\" Name=\"List Table 4\"/>\r\n  <w:LsdException Locked=\"false\" Priority=\"50\" Name=\"List Table 5 Dark\"/>\r\n  <w:LsdException Locked=\"false\" Priority=\"51\" Name=\"List Table 6 Colorful\"/>\r\n  <w:LsdException Locked=\"false\" Priority=\"52\" Name=\"List Table 7 Colorful\"/>\r\n  <w:LsdException Locked=\"false\" Priority=\"46\"\r\n   Name=\"List Table 1 Light Accent 1\"/>\r\n  <w:LsdException Locked=\"false\" Priority=\"47\" Name=\"List Table 2 Accent 1\"/>\r\n  <w:LsdException Locked=\"false\" Priority=\"48\" Name=\"List Table 3 Accent 1\"/>\r\n  <w:LsdException Locked=\"false\" Priority=\"49\" Name=\"List Table 4 Accent 1\"/>\r\n  <w:LsdException Locked=\"false\" Priority=\"50\" Name=\"List Table 5 Dark Accent 1\"/>\r\n  <w:LsdException Locked=\"false\" Priority=\"51\"\r\n   Name=\"List Table 6 Colorful Accent 1\"/>\r\n  <w:LsdException Locked=\"false\" Priority=\"52\"\r\n   Name=\"List Table 7 Colorful Accent 1\"/>\r\n  <w:LsdException Locked=\"false\" Priority=\"46\"\r\n   Name=\"List Table 1 Light Accent 2\"/>\r\n  <w:LsdException Locked=\"false\" Priority=\"47\" Name=\"List Table 2 Accent 2\"/>\r\n  <w:LsdException Locked=\"false\" Priority=\"48\" Name=\"List Table 3 Accent 2\"/>\r\n  <w:LsdException Locked=\"false\" Priority=\"49\" Name=\"List Table 4 Accent 2\"/>\r\n  <w:LsdException Locked=\"false\" Priority=\"50\" Name=\"List Table 5 Dark Accent 2\"/>\r\n  <w:LsdException Locked=\"false\" Priority=\"51\"\r\n   Name=\"List Table 6 Colorful Accent 2\"/>\r\n  <w:LsdException Locked=\"false\" Priority=\"52\"\r\n   Name=\"List Table 7 Colorful Accent 2\"/>\r\n  <w:LsdException Locked=\"false\" Priority=\"46\"\r\n   Name=\"List Table 1 Light Accent 3\"/>\r\n  <w:LsdException Locked=\"false\" Priority=\"47\" Name=\"List Table 2 Accent 3\"/>\r\n  <w:LsdException Locked=\"false\" Priority=\"48\" Name=\"List Table 3 Accent 3\"/>\r\n  <w:LsdException Locked=\"false\" Priority=\"49\" Name=\"List Table 4 Accent 3\"/>\r\n  <w:LsdException Locked=\"false\" Priority=\"50\" Name=\"List Table 5 Dark Accent 3\"/>\r\n  <w:LsdException Locked=\"false\" Priority=\"51\"\r\n   Name=\"List Table 6 Colorful Accent 3\"/>\r\n  <w:LsdException Locked=\"false\" Priority=\"52\"\r\n   Name=\"List Table 7 Colorful Accent 3\"/>\r\n  <w:LsdException Locked=\"false\" Priority=\"46\"\r\n   Name=\"List Table 1 Light Accent 4\"/>\r\n  <w:LsdException Locked=\"false\" Priority=\"47\" Name=\"List Table 2 Accent 4\"/>\r\n  <w:LsdException Locked=\"false\" Priority=\"48\" Name=\"List Table 3 Accent 4\"/>\r\n  <w:LsdException Locked=\"false\" Priority=\"49\" Name=\"List Table 4 Accent 4\"/>\r\n  <w:LsdException Locked=\"false\" Priority=\"50\" Name=\"List Table 5 Dark Accent 4\"/>\r\n  <w:LsdException Locked=\"false\" Priority=\"51\"\r\n   Name=\"List Table 6 Colorful Accent 4\"/>\r\n  <w:LsdException Locked=\"false\" Priority=\"52\"\r\n   Name=\"List Table 7 Colorful Accent 4\"/>\r\n  <w:LsdException Locked=\"false\" Priority=\"46\"\r\n   Name=\"List Table 1 Light Accent 5\"/>\r\n  <w:LsdException Locked=\"false\" Priority=\"47\" Name=\"List Table 2 Accent 5\"/>\r\n  <w:LsdException Locked=\"false\" Priority=\"48\" Name=\"List Table 3 Accent 5\"/>\r\n  <w:LsdException Locked=\"false\" Priority=\"49\" Name=\"List Table 4 Accent 5\"/>\r\n  <w:LsdException Locked=\"false\" Priority=\"50\" Name=\"List Table 5 Dark Accent 5\"/>\r\n  <w:LsdException Locked=\"false\" Priority=\"51\"\r\n   Name=\"List Table 6 Colorful Accent 5\"/>\r\n  <w:LsdException Locked=\"false\" Priority=\"52\"\r\n   Name=\"List Table 7 Colorful Accent 5\"/>\r\n  <w:LsdException Locked=\"false\" Priority=\"46\"\r\n   Name=\"List Table 1 Light Accent 6\"/>\r\n  <w:LsdException Locked=\"false\" Priority=\"47\" Name=\"List Table 2 Accent 6\"/>\r\n  <w:LsdException Locked=\"false\" Priority=\"48\" Name=\"List Table 3 Accent 6\"/>\r\n  <w:LsdException Locked=\"false\" Priority=\"49\" Name=\"List Table 4 Accent 6\"/>\r\n  <w:LsdException Locked=\"false\" Priority=\"50\" Name=\"List Table 5 Dark Accent 6\"/>\r\n  <w:LsdException Locked=\"false\" Priority=\"51\"\r\n   Name=\"List Table 6 Colorful Accent 6\"/>\r\n  <w:LsdException Locked=\"false\" Priority=\"52\"\r\n   Name=\"List Table 7 Colorful Accent 6\"/>\r\n  <w:LsdException Locked=\"false\" SemiHidden=\"true\" UnhideWhenUsed=\"true\"\r\n   Name=\"Mention\"/>\r\n  <w:LsdException Locked=\"false\" SemiHidden=\"true\" UnhideWhenUsed=\"true\"\r\n   Name=\"Smart Hyperlink\"/>\r\n </w:LatentStyles>\r\n</xml><![endif]-->\r\n<style>\r\n<!--\r\n /* Font Definitions */\r\n@font-face\r\n	{font-family:Arial;\r\n	panose-1:2 11 6 4 2 2 2 2 2 4;\r\n	mso-font-charset:0;\r\n	mso-generic-font-family:auto;\r\n	mso-font-pitch:variable;\r\n	mso-font-signature:-536859905 -1073711037 9 0 511 0;}\r\n@font-face\r\n	{font-family:\"Courier New\";\r\n	panose-1:2 7 3 9 2 2 5 2 4 4;\r\n	mso-font-charset:0;\r\n	mso-generic-font-family:auto;\r\n	mso-font-pitch:variable;\r\n	mso-font-signature:-536859905 -1073711037 9 0 511 0;}\r\n@font-face\r\n	{font-family:Wingdings;\r\n	panose-1:5 0 0 0 0 0 0 0 0 0;\r\n	mso-font-charset:2;\r\n	mso-generic-font-family:auto;\r\n	mso-font-pitch:variable;\r\n	mso-font-signature:0 268435456 0 0 -2147483648 0;}\r\n@font-face\r\n	{font-family:\"Cambria Math\";\r\n	panose-1:2 4 5 3 5 4 6 3 2 4;\r\n	mso-font-charset:0;\r\n	mso-generic-font-family:auto;\r\n	mso-font-pitch:variable;\r\n	mso-font-signature:-536870145 1107305727 0 0 415 0;}\r\n@font-face\r\n	{font-family:Calibri;\r\n	panose-1:2 15 5 2 2 2 4 3 2 4;\r\n	mso-font-charset:0;\r\n	mso-generic-font-family:auto;\r\n	mso-font-pitch:variable;\r\n	mso-font-signature:-536870145 1073786111 1 0 415 0;}\r\n@font-face\r\n	{font-family:DaunPenh;\r\n	panose-1:1 1 1 1 1 1 1 1 1 1;\r\n	mso-font-charset:0;\r\n	mso-generic-font-family:auto;\r\n	mso-font-pitch:variable;\r\n	mso-font-signature:3 0 65536 0 1 0;}\r\n@font-face\r\n	{font-family:\"Open Sans\";\r\n	mso-font-alt:Calibri;\r\n	mso-font-charset:0;\r\n	mso-generic-font-family:swiss;\r\n	mso-font-pitch:variable;\r\n	mso-font-signature:-536870161 1073750107 40 0 415 0;}\r\n@font-face\r\n	{font-family:\"Comic Sans MS\";\r\n	panose-1:3 15 7 2 3 3 2 2 2 4;\r\n	mso-font-charset:0;\r\n	mso-generic-font-family:auto;\r\n	mso-font-pitch:variable;\r\n	mso-font-signature:647 0 0 0 159 0;}\r\n /* Style Definitions */\r\np.MsoNormal, li.MsoNormal, div.MsoNormal\r\n	{mso-style-unhide:no;\r\n	mso-style-qformat:yes;\r\n	mso-style-parent:\"\";\r\n	margin:0cm;\r\n	margin-bottom:.0001pt;\r\n	mso-pagination:widow-orphan;\r\n	font-size:11.0pt;\r\n	mso-bidi-font-size:18.0pt;\r\n	font-family:Calibri;\r\n	mso-ascii-font-family:Calibri;\r\n	mso-ascii-theme-font:minor-latin;\r\n	mso-fareast-font-family:Calibri;\r\n	mso-fareast-theme-font:minor-latin;\r\n	mso-hansi-font-family:Calibri;\r\n	mso-hansi-theme-font:minor-latin;\r\n	mso-bidi-font-family:DaunPenh;\r\n	mso-bidi-theme-font:minor-bidi;}\r\np.MsoFooter, li.MsoFooter, div.MsoFooter\r\n	{mso-style-link:\"Footer Char\";\r\n	margin:0cm;\r\n	margin-bottom:.0001pt;\r\n	mso-pagination:widow-orphan;\r\n	tab-stops:center 234.0pt right 468.0pt;\r\n	font-size:11.0pt;\r\n	mso-bidi-font-size:18.0pt;\r\n	font-family:Calibri;\r\n	mso-ascii-font-family:Calibri;\r\n	mso-ascii-theme-font:minor-latin;\r\n	mso-fareast-font-family:Calibri;\r\n	mso-fareast-theme-font:minor-latin;\r\n	mso-hansi-font-family:Calibri;\r\n	mso-hansi-theme-font:minor-latin;\r\n	mso-bidi-font-family:DaunPenh;\r\n	mso-bidi-theme-font:minor-bidi;}\r\np.MsoListParagraph, li.MsoListParagraph, div.MsoListParagraph\r\n	{mso-style-priority:34;\r\n	mso-style-unhide:no;\r\n	mso-style-qformat:yes;\r\n	margin-top:0cm;\r\n	margin-right:0cm;\r\n	margin-bottom:0cm;\r\n	margin-left:36.0pt;\r\n	margin-bottom:.0001pt;\r\n	mso-add-space:auto;\r\n	mso-pagination:widow-orphan;\r\n	font-size:11.0pt;\r\n	mso-bidi-font-size:18.0pt;\r\n	font-family:Calibri;\r\n	mso-ascii-font-family:Calibri;\r\n	mso-ascii-theme-font:minor-latin;\r\n	mso-fareast-font-family:Calibri;\r\n	mso-fareast-theme-font:minor-latin;\r\n	mso-hansi-font-family:Calibri;\r\n	mso-hansi-theme-font:minor-latin;\r\n	mso-bidi-font-family:DaunPenh;\r\n	mso-bidi-theme-font:minor-bidi;}\r\np.MsoListParagraphCxSpFirst, li.MsoListParagraphCxSpFirst, div.MsoListParagraphCxSpFirst\r\n	{mso-style-priority:34;\r\n	mso-style-unhide:no;\r\n	mso-style-qformat:yes;\r\n	mso-style-type:export-only;\r\n	margin-top:0cm;\r\n	margin-right:0cm;\r\n	margin-bottom:0cm;\r\n	margin-left:36.0pt;\r\n	margin-bottom:.0001pt;\r\n	mso-add-space:auto;\r\n	mso-pagination:widow-orphan;\r\n	font-size:11.0pt;\r\n	mso-bidi-font-size:18.0pt;\r\n	font-family:Calibri;\r\n	mso-ascii-font-family:Calibri;\r\n	mso-ascii-theme-font:minor-latin;\r\n	mso-fareast-font-family:Calibri;\r\n	mso-fareast-theme-font:minor-latin;\r\n	mso-hansi-font-family:Calibri;\r\n	mso-hansi-theme-font:minor-latin;\r\n	mso-bidi-font-family:DaunPenh;\r\n	mso-bidi-theme-font:minor-bidi;}\r\np.MsoListParagraphCxSpMiddle, li.MsoListParagraphCxSpMiddle, div.MsoListParagraphCxSpMiddle\r\n	{mso-style-priority:34;\r\n	mso-style-unhide:no;\r\n	mso-style-qformat:yes;\r\n	mso-style-type:export-only;\r\n	margin-top:0cm;\r\n	margin-right:0cm;\r\n	margin-bottom:0cm;\r\n	margin-left:36.0pt;\r\n	margin-bottom:.0001pt;\r\n	mso-add-space:auto;\r\n	mso-pagination:widow-orphan;\r\n	font-size:11.0pt;\r\n	mso-bidi-font-size:18.0pt;\r\n	font-family:Calibri;\r\n	mso-ascii-font-family:Calibri;\r\n	mso-ascii-theme-font:minor-latin;\r\n	mso-fareast-font-family:Calibri;\r\n	mso-fareast-theme-font:minor-latin;\r\n	mso-hansi-font-family:Calibri;\r\n	mso-hansi-theme-font:minor-latin;\r\n	mso-bidi-font-family:DaunPenh;\r\n	mso-bidi-theme-font:minor-bidi;}\r\np.MsoListParagraphCxSpLast, li.MsoListParagraphCxSpLast, div.MsoListParagraphCxSpLast\r\n	{mso-style-priority:34;\r\n	mso-style-unhide:no;\r\n	mso-style-qformat:yes;\r\n	mso-style-type:export-only;\r\n	margin-top:0cm;\r\n	margin-right:0cm;\r\n	margin-bottom:0cm;\r\n	margin-left:36.0pt;\r\n	margin-bottom:.0001pt;\r\n	mso-add-space:auto;\r\n	mso-pagination:widow-orphan;\r\n	font-size:11.0pt;\r\n	mso-bidi-font-size:18.0pt;\r\n	font-family:Calibri;\r\n	mso-ascii-font-family:Calibri;\r\n	mso-ascii-theme-font:minor-latin;\r\n	mso-fareast-font-family:Calibri;\r\n	mso-fareast-theme-font:minor-latin;\r\n	mso-hansi-font-family:Calibri;\r\n	mso-hansi-theme-font:minor-latin;\r\n	mso-bidi-font-family:DaunPenh;\r\n	mso-bidi-theme-font:minor-bidi;}\r\nspan.FooterChar\r\n	{mso-style-name:\"Footer Char\";\r\n	mso-style-unhide:no;\r\n	mso-style-locked:yes;\r\n	mso-style-link:Footer;}\r\n.MsoChpDefault\r\n	{mso-style-type:export-only;\r\n	mso-default-props:yes;\r\n	font-size:11.0pt;\r\n	mso-ansi-font-size:11.0pt;\r\n	mso-bidi-font-size:18.0pt;\r\n	font-family:Calibri;\r\n	mso-ascii-font-family:Calibri;\r\n	mso-ascii-theme-font:minor-latin;\r\n	mso-fareast-font-family:Calibri;\r\n	mso-fareast-theme-font:minor-latin;\r\n	mso-hansi-font-family:Calibri;\r\n	mso-hansi-theme-font:minor-latin;\r\n	mso-bidi-font-family:DaunPenh;\r\n	mso-bidi-theme-font:minor-bidi;}\r\n@page WordSection1\r\n	{size:21.0cm 842.0pt;\r\n	margin:42.55pt 42.55pt 42.55pt 70.9pt;\r\n	mso-header-margin:36.0pt;\r\n	mso-footer-margin:36.0pt;\r\n	mso-page-numbers-chapter-style:header-1;\r\n	mso-paper-source:0;}\r\ndiv.WordSection1\r\n	{page:WordSection1;}\r\n /* List Definitions */\r\n@list l0\r\n	{mso-list-id:154154697;\r\n	mso-list-type:hybrid;\r\n	mso-list-template-ids:465863960 1850219098 67698691 67698693 67698689 67698691 67698693 67698689 67698691 67698693;}\r\n@list l0:level1\r\n	{mso-level-start-at:0;\r\n	mso-level-number-format:bullet;\r\n	mso-level-text:*;\r\n	mso-level-tab-stop:none;\r\n	mso-level-number-position:left;\r\n	text-indent:-18.0pt;\r\n	font-family:Calibri;\r\n	mso-fareast-font-family:\"Times New Roman\";\r\n	mso-effects-shadow-color:black;\r\n	mso-effects-shadow-alpha:100.0%;\r\n	mso-effects-shadow-dpiradius:0pt;\r\n	mso-effects-shadow-dpidistance:0pt;\r\n	mso-effects-shadow-angledirection:0;\r\n	mso-effects-shadow-align:none;\r\n	mso-effects-shadow-pctsx:0%;\r\n	mso-effects-shadow-pctsy:0%;\r\n	mso-effects-shadow-anglekx:0;\r\n	mso-effects-shadow-angleky:0;}\r\n@list l0:level2\r\n	{mso-level-number-format:bullet;\r\n	mso-level-text:o;\r\n	mso-level-tab-stop:none;\r\n	mso-level-number-position:left;\r\n	text-indent:-18.0pt;\r\n	font-family:\"Courier New\";\r\n	mso-bidi-font-family:\"Courier New\";}\r\n@list l0:level3\r\n	{mso-level-number-format:bullet;\r\n	mso-level-text:?;\r\n	mso-level-tab-stop:none;\r\n	mso-level-number-position:left;\r\n	text-indent:-18.0pt;\r\n	font-family:Wingdings;}\r\n@list l0:level4\r\n	{mso-level-number-format:bullet;\r\n	mso-level-text:?;\r\n	mso-level-tab-stop:none;\r\n	mso-level-number-position:left;\r\n	text-indent:-18.0pt;\r\n	font-family:Symbol;}\r\n@list l0:level5\r\n	{mso-level-number-format:bullet;\r\n	mso-level-text:o;\r\n	mso-level-tab-stop:none;\r\n	mso-level-number-position:left;\r\n	text-indent:-18.0pt;\r\n	font-family:\"Courier New\";\r\n	mso-bidi-font-family:\"Courier New\";}\r\n@list l0:level6\r\n	{mso-level-number-format:bullet;\r\n	mso-level-text:?;\r\n	mso-level-tab-stop:none;\r\n	mso-level-number-position:left;\r\n	text-indent:-18.0pt;\r\n	font-family:Wingdings;}\r\n@list l0:level7\r\n	{mso-level-number-format:bullet;\r\n	mso-level-text:?;\r\n	mso-level-tab-stop:none;\r\n	mso-level-number-position:left;\r\n	text-indent:-18.0pt;\r\n	font-family:Symbol;}\r\n@list l0:level8\r\n	{mso-level-number-format:bullet;\r\n	mso-level-text:o;\r\n	mso-level-tab-stop:none;\r\n	mso-level-number-position:left;\r\n	text-indent:-18.0pt;\r\n	font-family:\"Courier New\";\r\n	mso-bidi-font-family:\"Courier New\";}\r\n@list l0:level9\r\n	{mso-level-number-format:bullet;\r\n	mso-level-text:?;\r\n	mso-level-tab-stop:none;\r\n	mso-level-number-position:left;\r\n	text-indent:-18.0pt;\r\n	font-family:Wingdings;}\r\n@list l1\r\n	{mso-list-id:514030239;\r\n	mso-list-type:hybrid;\r\n	mso-list-template-ids:2084484034 -1212013532 67698691 67698693 67698689 67698691 67698693 67698689 67698691 67698693;}\r\n@list l1:level1\r\n	{mso-level-number-format:bullet;\r\n	mso-level-text:?;\r\n	mso-level-tab-stop:none;\r\n	mso-level-number-position:left;\r\n	margin-left:38.8pt;\r\n	text-indent:-18.0pt;\r\n	mso-ansi-font-size:10.0pt;\r\n	mso-bidi-font-size:10.0pt;\r\n	font-family:Symbol;}\r\n@list l1:level2\r\n	{mso-level-number-format:bullet;\r\n	mso-level-text:o;\r\n	mso-level-tab-stop:none;\r\n	mso-level-number-position:left;\r\n	margin-left:74.8pt;\r\n	text-indent:-18.0pt;\r\n	font-family:\"Courier New\";\r\n	mso-bidi-font-family:\"Courier New\";}\r\n@list l1:level3\r\n	{mso-level-number-format:bullet;\r\n	mso-level-text:?;\r\n	mso-level-tab-stop:none;\r\n	mso-level-number-position:left;\r\n	margin-left:110.8pt;\r\n	text-indent:-18.0pt;\r\n	font-family:Wingdings;}\r\n@list l1:level4\r\n	{mso-level-number-format:bullet;\r\n	mso-level-text:?;\r\n	mso-level-tab-stop:none;\r\n	mso-level-number-position:left;\r\n	margin-left:146.8pt;\r\n	text-indent:-18.0pt;\r\n	font-family:Symbol;}\r\n@list l1:level5\r\n	{mso-level-number-format:bullet;\r\n	mso-level-text:o;\r\n	mso-level-tab-stop:none;\r\n	mso-level-number-position:left;\r\n	margin-left:182.8pt;\r\n	text-indent:-18.0pt;\r\n	font-family:\"Courier New\";\r\n	mso-bidi-font-family:\"Courier New\";}\r\n@list l1:level6\r\n	{mso-level-number-format:bullet;\r\n	mso-level-text:?;\r\n	mso-level-tab-stop:none;\r\n	mso-level-number-position:left;\r\n	margin-left:218.8pt;\r\n	text-indent:-18.0pt;\r\n	font-family:Wingdings;}\r\n@list l1:level7\r\n	{mso-level-number-format:bullet;\r\n	mso-level-text:?;\r\n	mso-level-tab-stop:none;\r\n	mso-level-number-position:left;\r\n	margin-left:254.8pt;\r\n	text-indent:-18.0pt;\r\n	font-family:Symbol;}\r\n@list l1:level8\r\n	{mso-level-number-format:bullet;\r\n	mso-level-text:o;\r\n	mso-level-tab-stop:none;\r\n	mso-level-number-position:left;\r\n	margin-left:290.8pt;\r\n	text-indent:-18.0pt;\r\n	font-family:\"Courier New\";\r\n	mso-bidi-font-family:\"Courier New\";}\r\n@list l1:level9\r\n	{mso-level-number-format:bullet;\r\n	mso-level-text:?;\r\n	mso-level-tab-stop:none;\r\n	mso-level-number-position:left;\r\n	margin-left:326.8pt;\r\n	text-indent:-18.0pt;\r\n	font-family:Wingdings;}\r\n@list l2\r\n	{mso-list-id:753865375;\r\n	mso-list-type:hybrid;\r\n	mso-list-template-ids:150652532 -1665518566 67698691 67698693 67698689 67698691 67698693 67698689 67698691 67698693;}\r\n@list l2:level1\r\n	{mso-level-start-at:0;\r\n	mso-level-number-format:bullet;\r\n	mso-level-text:*;\r\n	mso-level-tab-stop:none;\r\n	mso-level-number-position:left;\r\n	margin-left:108.0pt;\r\n	text-indent:-18.0pt;\r\n	font-family:Calibri;\r\n	mso-fareast-font-family:\"Times New Roman\";}\r\n@list l2:level2\r\n	{mso-level-number-format:bullet;\r\n	mso-level-text:o;\r\n	mso-level-tab-stop:none;\r\n	mso-level-number-position:left;\r\n	margin-left:144.0pt;\r\n	text-indent:-18.0pt;\r\n	font-family:\"Courier New\";\r\n	mso-bidi-font-family:\"Courier New\";}\r\n@list l2:level3\r\n	{mso-level-number-format:bullet;\r\n	mso-level-text:?;\r\n	mso-level-tab-stop:none;\r\n	mso-level-number-position:left;\r\n	margin-left:180.0pt;\r\n	text-indent:-18.0pt;\r\n	font-family:Wingdings;}\r\n@list l2:level4\r\n	{mso-level-number-format:bullet;\r\n	mso-level-text:?;\r\n	mso-level-tab-stop:none;\r\n	mso-level-number-position:left;\r\n	margin-left:216.0pt;\r\n	text-indent:-18.0pt;\r\n	font-family:Symbol;}\r\n@list l2:level5\r\n	{mso-level-number-format:bullet;\r\n	mso-level-text:o;\r\n	mso-level-tab-stop:none;\r\n	mso-level-number-position:left;\r\n	margin-left:252.0pt;\r\n	text-indent:-18.0pt;\r\n	font-family:\"Courier New\";\r\n	mso-bidi-font-family:\"Courier New\";}\r\n@list l2:level6\r\n	{mso-level-number-format:bullet;\r\n	mso-level-text:?;\r\n	mso-level-tab-stop:none;\r\n	mso-level-number-position:left;\r\n	margin-left:288.0pt;\r\n	text-indent:-18.0pt;\r\n	font-family:Wingdings;}\r\n@list l2:level7\r\n	{mso-level-number-format:bullet;\r\n	mso-level-text:?;\r\n	mso-level-tab-stop:none;\r\n	mso-level-number-position:left;\r\n	margin-left:324.0pt;\r\n	text-indent:-18.0pt;\r\n	font-family:Symbol;}\r\n@list l2:level8\r\n	{mso-level-number-format:bullet;\r\n	mso-level-text:o;\r\n	mso-level-tab-stop:none;\r\n	mso-level-number-position:left;\r\n	margin-left:360.0pt;\r\n	text-indent:-18.0pt;\r\n	font-family:\"Courier New\";\r\n	mso-bidi-font-family:\"Courier New\";}\r\n@list l2:level9\r\n	{mso-level-number-format:bullet;\r\n	mso-level-text:?;\r\n	mso-level-tab-stop:none;\r\n	mso-level-number-position:left;\r\n	margin-left:396.0pt;\r\n	text-indent:-18.0pt;\r\n	font-family:Wingdings;}\r\n@list l3\r\n	{mso-list-id:802229862;\r\n	mso-list-type:hybrid;\r\n	mso-list-template-ids:-2089750780 -60783398 67698691 67698693 67698689 67698691 67698693 67698689 67698691 67698693;}\r\n@list l3:level1\r\n	{mso-level-number-format:bullet;\r\n	mso-level-text:?;\r\n	mso-level-tab-stop:none;\r\n	mso-level-number-position:left;\r\n	text-indent:-18.0pt;\r\n	mso-ansi-font-size:8.0pt;\r\n	mso-bidi-font-size:8.0pt;\r\n	font-family:Symbol;}\r\n@list l3:level2\r\n	{mso-level-number-format:bullet;\r\n	mso-level-text:o;\r\n	mso-level-tab-stop:none;\r\n	mso-level-number-position:left;\r\n	text-indent:-18.0pt;\r\n	font-family:\"Courier New\";\r\n	mso-bidi-font-family:\"Courier New\";}\r\n@list l3:level3\r\n	{mso-level-number-format:bullet;\r\n	mso-level-text:?;\r\n	mso-level-tab-stop:none;\r\n	mso-level-number-position:left;\r\n	text-indent:-18.0pt;\r\n	font-family:Wingdings;}\r\n@list l3:level4\r\n	{mso-level-number-format:bullet;\r\n	mso-level-text:?;\r\n	mso-level-tab-stop:none;\r\n	mso-level-number-position:left;\r\n	text-indent:-18.0pt;\r\n	font-family:Symbol;}\r\n@list l3:level5\r\n	{mso-level-number-format:bullet;\r\n	mso-level-text:o;\r\n	mso-level-tab-stop:none;\r\n	mso-level-number-position:left;\r\n	text-indent:-18.0pt;\r\n	font-family:\"Courier New\";\r\n	mso-bidi-font-family:\"Courier New\";}\r\n@list l3:level6\r\n	{mso-level-number-format:bullet;\r\n	mso-level-text:?;\r\n	mso-level-tab-stop:none;\r\n	mso-level-number-position:left;\r\n	text-indent:-18.0pt;\r\n	font-family:Wingdings;}\r\n@list l3:level7\r\n	{mso-level-number-format:bullet;\r\n	mso-level-text:?;\r\n	mso-level-tab-stop:none;\r\n	mso-level-number-position:left;\r\n	text-indent:-18.0pt;\r\n	font-family:Symbol;}\r\n@list l3:level8\r\n	{mso-level-number-format:bullet;\r\n	mso-level-text:o;\r\n	mso-level-tab-stop:none;\r\n	mso-level-number-position:left;\r\n	text-indent:-18.0pt;\r\n	font-family:\"Courier New\";\r\n	mso-bidi-font-family:\"Courier New\";}\r\n@list l3:level9\r\n	{mso-level-number-format:bullet;\r\n	mso-level-text:?;\r\n	mso-level-tab-stop:none;\r\n	mso-level-number-position:left;\r\n	text-indent:-18.0pt;\r\n	font-family:Wingdings;}\r\n@list l4\r\n	{mso-list-id:1640069627;\r\n	mso-list-type:hybrid;\r\n	mso-list-template-ids:-837763916 67698699 67698691 67698693 67698689 67698691 67698693 67698689 67698691 67698693;}\r\n@list l4:level1\r\n	{mso-level-number-format:bullet;\r\n	mso-level-text:?;\r\n	mso-level-tab-stop:none;\r\n	mso-level-number-position:left;\r\n	margin-left:72.0pt;\r\n	text-indent:-18.0pt;\r\n	font-family:Wingdings;}\r\n@list l4:level2\r\n	{mso-level-number-format:bullet;\r\n	mso-level-text:o;\r\n	mso-level-tab-stop:none;\r\n	mso-level-number-position:left;\r\n	margin-left:108.0pt;\r\n	text-indent:-18.0pt;\r\n	font-family:\"Courier New\";\r\n	mso-bidi-font-family:\"Courier New\";}\r\n@list l4:level3\r\n	{mso-level-number-format:bullet;\r\n	mso-level-text:?;\r\n	mso-level-tab-stop:none;\r\n	mso-level-number-position:left;\r\n	margin-left:144.0pt;\r\n	text-indent:-18.0pt;\r\n	font-family:Wingdings;}\r\n@list l4:level4\r\n	{mso-level-number-format:bullet;\r\n	mso-level-text:?;\r\n	mso-level-tab-stop:none;\r\n	mso-level-number-position:left;\r\n	margin-left:180.0pt;\r\n	text-indent:-18.0pt;\r\n	font-family:Symbol;}\r\n@list l4:level5\r\n	{mso-level-number-format:bullet;\r\n	mso-level-text:o;\r\n	mso-level-tab-stop:none;\r\n	mso-level-number-position:left;\r\n	margin-left:216.0pt;\r\n	text-indent:-18.0pt;\r\n	font-family:\"Courier New\";\r\n	mso-bidi-font-family:\"Courier New\";}\r\n@list l4:level6\r\n	{mso-level-number-format:bullet;\r\n	mso-level-text:?;\r\n	mso-level-tab-stop:none;\r\n	mso-level-number-position:left;\r\n	margin-left:252.0pt;\r\n	text-indent:-18.0pt;\r\n	font-family:Wingdings;}\r\n@list l4:level7\r\n	{mso-level-number-format:bullet;\r\n	mso-level-text:?;\r\n	mso-level-tab-stop:none;\r\n	mso-level-number-position:left;\r\n	margin-left:288.0pt;\r\n	text-indent:-18.0pt;\r\n	font-family:Symbol;}\r\n@list l4:level8\r\n	{mso-level-number-format:bullet;\r\n	mso-level-text:o;\r\n	mso-level-tab-stop:none;\r\n	mso-level-number-position:left;\r\n	margin-left:324.0pt;\r\n	text-indent:-18.0pt;\r\n	font-family:\"Courier New\";\r\n	mso-bidi-font-family:\"Courier New\";}\r\n@list l4:level9\r\n	{mso-level-number-format:bullet;\r\n	mso-level-text:?;\r\n	mso-level-tab-stop:none;\r\n	mso-level-number-position:left;\r\n	margin-left:360.0pt;\r\n	text-indent:-18.0pt;\r\n	font-family:Wingdings;}\r\nol\r\n	{margin-bottom:0cm;}\r\nul\r\n	{margin-bottom:0cm;}\r\n-->\r\n</style>\r\n<!--[if gte mso 10]>\r\n<style>\r\n /* Style Definitions */\r\ntable.MsoNormalTable\r\n	{mso-style-name:\"Table Normal\";\r\n	mso-tstyle-rowband-size:0;\r\n	mso-tstyle-colband-size:0;\r\n	mso-style-noshow:yes;\r\n	mso-style-priority:99;\r\n	mso-style-parent:\"\";\r\n	mso-padding-alt:0cm 5.4pt 0cm 5.4pt;\r\n	mso-para-margin:0cm;\r\n	mso-para-margin-bottom:.0001pt;\r\n	mso-pagination:widow-orphan;\r\n	font-size:11.0pt;\r\n	mso-bidi-font-size:18.0pt;\r\n	font-family:Calibri;\r\n	mso-ascii-font-family:Calibri;\r\n	mso-ascii-theme-font:minor-latin;\r\n	mso-hansi-font-family:Calibri;\r\n	mso-hansi-theme-font:minor-latin;}\r\ntable.MsoTableGrid\r\n	{mso-style-name:\"Table Grid\";\r\n	mso-tstyle-rowband-size:0;\r\n	mso-tstyle-colband-size:0;\r\n	mso-style-priority:39;\r\n	mso-style-unhide:no;\r\n	border:solid windowtext 1.0pt;\r\n	mso-border-alt:solid windowtext .5pt;\r\n	mso-padding-alt:0cm 5.4pt 0cm 5.4pt;\r\n	mso-border-insideh:.5pt solid windowtext;\r\n	mso-border-insidev:.5pt solid windowtext;\r\n	mso-para-margin:0cm;\r\n	mso-para-margin-bottom:.0001pt;\r\n	mso-pagination:widow-orphan;\r\n	font-size:11.0pt;\r\n	mso-bidi-font-size:18.0pt;\r\n	font-family:Calibri;\r\n	mso-ascii-font-family:Calibri;\r\n	mso-ascii-theme-font:minor-latin;\r\n	mso-hansi-font-family:Calibri;\r\n	mso-hansi-theme-font:minor-latin;}\r\n</style>\r\n<![endif]--><!--[if gte mso 9]><xml>\r\n <o:shapedefaults v:ext=\"edit\" spidmax=\"2074\"/>\r\n</xml><![endif]--><!--[if gte mso 9]><xml>\r\n <o:shapelayout v:ext=\"edit\">\r\n  <o:idmap v:ext=\"edit\" data=\"2\"/>\r\n </o:shapelayout></xml><![endif]-->\r\n\r\n\r\n\r\n<!--StartFragment-->\r\n\r\n\r\n  <!--[endif]-->\r\n<o:p>&nbsp;</o:p></p><p></p><p class=\"MsoNormal\"><o:p>&nbsp;</o:p></p><p class=\"MsoNormal\"><o:p>&nbsp;</o:p></p><p class=\"MsoNormal\"><o:p>&nbsp;</o:p></p><p class=\"MsoNormal\"><o:p>&nbsp;</o:p></p><p>\r\n\r\n\r\n\r\n\r\n\r\n\r\n\r\n\r\n\r\n<br clear=\"ALL\">\r\n\r\n</p><p class=\"MsoNormal\" style=\"margin-top:6.0pt\">&nbsp;&nbsp;&nbsp;&nbsp;&nbsp;&nbsp;&nbsp;&nbsp;&nbsp;&nbsp;&nbsp;&nbsp;&nbsp;&nbsp;&nbsp;&nbsp;&nbsp; <span lang=\"EN-AU\" style=\"font-size: 16pt; font-family: &quot;Open Sans&quot;, sans-serif;\">EOCAMBO TECHNOLOGY to</span><v:line id=\"Straight_x0020_Connector_x0020_7\" o:spid=\"_x0000_s2072\" style=\"position:absolute;z-index:251664384;visibility:visible;\r\n mso-wrap-style:square;mso-width-percent:0;mso-height-percent:0;\r\n mso-wrap-distance-left:9pt;mso-wrap-distance-top:0;mso-wrap-distance-right:9pt;\r\n mso-wrap-distance-bottom:0;mso-position-horizontal:absolute;\r\n mso-position-horizontal-relative:text;mso-position-vertical:absolute;\r\n mso-position-vertical-relative:text;mso-width-percent:0;mso-height-percent:0;\r\n mso-width-relative:margin;mso-height-relative:margin\" from=\"36.7pt,29.1pt\" to=\"481.75pt,29.1pt\" o:gfxdata=\"UEsDBBQABgAIAAAAIQApm/tGBAEAAB4CAAATAAAAW0NvbnRlbnRfVHlwZXNdLnhtbKSRzU7DMBCE\r\n70i8g+UrSpxyQAgl6YGfI3AoD7DYm8TCsS2vW9q3Z5OmF1RVSFws2+uZ+TSu1/vRiR0mssE3clVW\r\nUqDXwVjfN/Jj81LcS0EZvAEXPDbygCTX7fVVvTlEJMFqT40cco4PSpEecAQqQ0TPky6kETIfU68i\r\n6C/oUd1W1Z3SwWf0uciTh2zrJ+xg67J43vP1kYTlUjwe301RjYQYndWQGVRNU3VWl9DRBeHOm190\r\nxUJWsnI2p8FGulkS3riaZA2Kd0j5FUbmUNrZ+BkgGWUSfHNRdNqsysvYZ9JD11mNJujtyI2Ui+Pf\r\n4jO3jWpe/58825xy1fy77Q8AAAD//wMAUEsDBBQABgAIAAAAIQCtMD/xwQAAADIBAAALAAAAX3Jl\r\nbHMvLnJlbHOEj80KwjAQhO+C7xD2btN6EJGmvYjgVfQB1mTbBtskZOPf25uLoCB4m2XYb2bq9jGN\r\n4kaRrXcKqqIEQU57Y12v4HTcLdYgOKEzOHpHCp7E0DbzWX2gEVN+4sEGFpniWMGQUthIyXqgCbnw\r\ngVx2Oh8nTPmMvQyoL9iTXJblSsZPBjRfTLE3CuLeVCCOz5CT/7N911lNW6+vE7n0I0KaiPe8LCMx\r\n9pQU6NGGs8do3ha/RVXk5iCbWn4tbV4AAAD//wMAUEsDBBQABgAIAAAAIQBIVRKe3wEAAIoEAAAf\r\nAAAAY2xpcGJvYXJkL2RyYXdpbmdzL2RyYXdpbmcxLnhtbKRUTW+cMBS8V+p/sHxvWGjYrVDYHLZN\r\nLv2Ius0PsIwBq+YZ2Q5h/32fsZdFaFUp7QXZj5l5M/aDu/uxU2QQxkoNJU1vNpQI4LqS0JT0+dfD\r\nh0+UWMegYkqDKOlJWHq/f//ujhWNYX0rOUEFsAUraetcXySJ5a3omL3RvQB8V2vTMYdb0ySVYa+o\r\n3Kkk22y2Scck0P1F6jNzjLwY+Q9SSvPfojowGJhFScWLZSV6VPz/lVkBw6Ppj/2T8c759+HJEFmV\r\nFE8OWIdHRJP4IsJwm6xYzUVgrE3n8bquyTipnPxz0hCjIzwU+aXK2x9XsLz9cgWNjUMDXCya8hGO\r\nve8Kw8Ev11l25yxHZ5hsWkcOGkBwpw3Zzfki9ZxvoWSj4ipc+nG7zTM8KAyTbW/z23QVNN/mab5B\r\nwBx3DsCK3lj3KHRH/KKkSoKYhocNX60LJs4QH00BecWJznao5/dWK1k9SKWmjZ9RcVCGDEyVlHEu\r\nwGUTTr1033QV6ugF2UF7GmtPma5zoYYWFYRijG3dSYng4aeocTrwDtNg4lrfNHZQgGhPq9HlTIzu\r\n/0aMeE8VdY3X9BbyzJg6a7iQOwnaXLPtxrPlOuBD+pAajyOOV7L6CidU/Gv4T3253/8BAAD//wMA\r\nUEsDBBQABgAIAAAAIQB2hWoVVgYAAA8aAAAaAAAAY2xpcGJvYXJkL3RoZW1lL3RoZW1lMS54bWzs\r\nWUtvGzcQvhfof1jsvbHeio3Iga1H3MROgkhJkSOlpXYZc5cLkrKjW5GceilQIC16aIDeeiiKBmiA\r\nBr30xxhw0KY/okPuQ6RExQ+4QFDEAozd2W+Gw5nZb0jujZtPY+odYS4ISzp+9VrF93AyYQFJwo7/\r\ncDT47LrvCYmSAFGW4I4/x8K/uf3pJzfQ1oSSdMwQD0YRjrEHhhKxh', 1, '2019-08-29', 22, NULL, NULL);
COMMIT;

-- ----------------------------
-- Table structure for standard_operation_procedure_set_up
-- ----------------------------
DROP TABLE IF EXISTS `standard_operation_procedure_set_up`;
CREATE TABLE `standard_operation_procedure_set_up` (
  `id` int(11) NOT NULL AUTO_INCREMENT,
  `name` varchar(255) NOT NULL,
  `id_position` int(11) DEFAULT NULL,
  `status` int(1) DEFAULT NULL,
  `created_date` date DEFAULT NULL,
  `created_by` int(11) DEFAULT NULL,
  `updated_date` date DEFAULT NULL,
  `updated_by` int(11) DEFAULT NULL,
  `description` text,
  PRIMARY KEY (`id`)
) ENGINE=InnoDB AUTO_INCREMENT=20 DEFAULT CHARSET=utf8;

-- ----------------------------
-- Records of standard_operation_procedure_set_up
-- ----------------------------
BEGIN;
INSERT INTO `standard_operation_procedure_set_up` VALUES (3, 'DAILY Briefing', 7, 1, '2019-08-27', 1, '2019-08-30', 1, '<style class=\"WebKit-mso-list-quirks-style\">\r\n<!--\r\n/* Style Definitions */\r\n p.MsoNormal, li.MsoNormal, div.MsoNormal\r\n	{mso-style-unhide:no;\r\n	mso-style-qformat:yes;\r\n	mso-style-parent:\"\";\r\n	margin-top:0in;\r\n	margin-right:0in;\r\n	margin-bottom:0in;\r\n	margin-left:-.05pt;\r\n	margin-bottom:.0001pt;\r\n	mso-para-margin-top:0in;\r\n	mso-para-margin-right:0in;\r\n	mso-para-margin-bottom:0in;\r\n	mso-para-margin-left:-.01gd;\r\n	mso-para-margin-bottom:.0001pt;\r\n	text-indent:-.05pt;\r\n	mso-char-indent-count:-.01;\r\n	mso-line-height-alt:.05pt;\r\n	mso-pagination:widow-orphan;\r\n	mso-outline-level:1;\r\n	mso-hyphenate:none;\r\n	font-size:10.0pt;\r\n	font-family:\"Calibri\",sans-serif;\r\n	mso-fareast-font-family:Calibri;\r\n	position:relative;\r\n	top:.5pt;\r\n	mso-text-raise:-.5pt;\r\n	mso-bidi-language:AR-SA;}\r\n.MsoChpDefault\r\n	{mso-style-type:export-only;\r\n	mso-default-props:yes;\r\n	font-size:10.0pt;\r\n	mso-ansi-font-size:10.0pt;\r\n	mso-bidi-font-size:10.0pt;\r\n	font-family:\"Calibri\",sans-serif;\r\n	mso-ascii-font-family:Calibri;\r\n	mso-fareast-font-family:Calibri;\r\n	mso-hansi-font-family:Calibri;\r\n	mso-bidi-font-family:Calibri;}\r\n@page WordSection1\r\n	{size:8.5in 11.0in;\r\n	margin:1.0in 1.0in 1.0in 1.0in;\r\n	mso-header-margin:.5in;\r\n	mso-footer-margin:.5in;\r\n	mso-paper-source:0;}\r\ndiv.WordSection1\r\n	{page:WordSection1;}\r\n /* List Definitions */\r\n @list l0\r\n	{mso-list-id:10;\r\n	mso-list-type:hybrid;\r\n	mso-list-template-ids:1548233366 -1 -1 -1 -1 -1 -1 -1 -1 -1;}\r\n@list l0:level1\r\n	{mso-level-tab-stop:none;\r\n	mso-level-number-position:left;\r\n	margin-left:0in;\r\n	text-indent:0in;}\r\n@list l0:level2\r\n	{mso-level-number-format:alpha-lower;\r\n	mso-level-tab-stop:none;\r\n	mso-level-number-position:left;\r\n	margin-left:0in;\r\n	text-indent:0in;}\r\n@list l0:level3\r\n	{mso-level-number-format:bullet;\r\n	mso-level-text:\"\";\r\n	mso-level-tab-stop:none;\r\n	mso-level-number-position:left;\r\n	margin-left:0in;\r\n	text-indent:0in;}\r\n@list l0:level4\r\n	{mso-level-number-format:bullet;\r\n	mso-level-text:\"\";\r\n	mso-level-tab-stop:none;\r\n	mso-level-number-position:left;\r\n	margin-left:0in;\r\n	text-indent:0in;}\r\n@list l0:level5\r\n	{mso-level-number-format:bullet;\r\n	mso-level-text:\"\";\r\n	mso-level-tab-stop:none;\r\n	mso-level-number-position:left;\r\n	margin-left:0in;\r\n	text-indent:0in;}\r\n@list l0:level6\r\n	{mso-level-number-format:bullet;\r\n	mso-level-text:\"\";\r\n	mso-level-tab-stop:none;\r\n	mso-level-number-position:left;\r\n	margin-left:0in;\r\n	text-indent:0in;}\r\n@list l0:level7\r\n	{mso-level-number-format:bullet;\r\n	mso-level-text:\"\";\r\n	mso-level-tab-stop:none;\r\n	mso-level-number-position:left;\r\n	margin-left:0in;\r\n	text-indent:0in;}\r\n@list l0:level8\r\n	{mso-level-number-format:bullet;\r\n	mso-level-text:\"\";\r\n	mso-level-tab-stop:none;\r\n	mso-level-number-position:left;\r\n	margin-left:0in;\r\n	text-indent:0in;}\r\n@list l0:level9\r\n	{mso-level-number-format:bullet;\r\n	mso-level-text:\"\";\r\n	mso-level-tab-stop:none;\r\n	mso-level-number-position:left;\r\n	margin-left:0in;\r\n	text-indent:0in;}\r\n\r\n-->\r\n</style><p class=\"MsoNormal\" style=\"text-align: center; margin-left: 0in; text-indent: 0in; line-height: normal;\"><b><span style=\"font-size: 12pt; font-family: &quot;Times New Roman&quot;, serif;\">&nbsp;<u>DAILY Briefing:&nbsp;</u><o:p></o:p></span></b></p><p class=\"MsoNormal\" style=\"margin-left: 0in; text-indent: -0.1pt;\"><span style=\"font-size: 12pt; font-family: &quot;Times New Roman&quot;, serif;\"><o:p>&nbsp;</o:p></span></p><p class=\"MsoNormal\" style=\"margin-left: 0in; text-indent: -0.1pt;\"><b><span style=\"font-size: 9.5pt; font-family: Tahoma, sans-serif;\">Standard:<o:p></o:p></span></b></p><p class=\"MsoNormal\" style=\"margin-left: 0in; text-indent: -0.1pt; line-height: 1.5pt;\"><span style=\"font-family: &quot;Times New Roman&quot;, serif;\"><o:p>&nbsp;</o:p></span></p><p class=\"MsoNormal\" style=\"margin-left: 0in; text-indent: -0.1pt;\"><span style=\"font-size: 9pt; font-family: Tahoma, sans-serif;\">A daily morning brief must be conducted with the entire Sales Team at a fixed stipulated time<o:p></o:p></span></p><p class=\"MsoNormal\" style=\"margin-left: 0in; text-indent: -0.1pt; line-height: 11.3pt;\"><span style=\"font-family: &quot;Times New Roman&quot;, serif;\"><o:p>&nbsp;</o:p></span></p><p class=\"MsoNormal\" style=\"margin-left: 0in; text-indent: -0.1pt;\"><span style=\"font-size: 9.5pt; font-family: Tahoma, sans-serif;\">Rationale:<o:p></o:p></span></p><p class=\"MsoNormal\" style=\"margin-left: 0in; text-indent: -0.1pt; line-height: 1.6pt;\"><span style=\"font-family: &quot;Times New Roman&quot;, serif;\"><o:p>&nbsp;</o:p></span></p><p class=\"MsoNormal\" style=\"margin-right: 12pt; margin-left: 0in; text-indent: -0.1pt; text-align: justify; line-height: 14.533332824707031px;\"><span style=\"font-size: 9pt; line-height: 13.079999923706055px; font-family: Tahoma, sans-serif;\">The Daily Line-up allows members of the team to share progress information, and offers a platform for the Director Of Market to motivate production, address challenges and encourage open communication between team members.&nbsp;<o:p></o:p></span></p><p class=\"MsoNormal\" style=\"margin-left: 0in; text-indent: -0.1pt; line-height: 11.25pt;\"><span style=\"font-family: &quot;Times New Roman&quot;, serif;\"><o:p>&nbsp;</o:p></span></p><p class=\"MsoNormal\" style=\"margin-left: 0in; text-indent: -0.1pt;\"><b><span style=\"font-size: 9.5pt; font-family: Tahoma, sans-serif;\">Procedure:<o:p></o:p></span></b></p><p class=\"MsoNormal\" style=\"margin-left: 0in; text-indent: -0.1pt; line-height: 1.6pt;\"><span style=\"font-family: &quot;Times New Roman&quot;, serif;\"><o:p>&nbsp;</o:p></span></p><p class=\"MsoNormal\" style=\"margin-right: 0.25in; margin-left: 46pt; text-indent: -17.55pt; line-height: 110%;\"><!--[if !supportLists]--><span style=\"font-size:9.0pt;mso-bidi-font-size:10.0pt;line-height:110%;font-family:\r\n&quot;Tahoma&quot;,sans-serif;mso-fareast-font-family:Tahoma;mso-bidi-font-weight:bold\">1.<span style=\"font-stretch: normal; font-size: 7pt; line-height: normal; font-family: &quot;Times New Roman&quot;;\">&nbsp;&nbsp;</span></span><!--[endif]--><span style=\"font-size: 9pt; line-height: 13.199999809265137px; font-family: Tahoma, sans-serif;\">The Daily Line-up is to be conducted by the Director of Market or a designated affiliate in absentia, and must encompass the following:<o:p></o:p></span></p><p class=\"MsoNormal\" style=\"margin-left: 0in; text-indent: -0.1pt; line-height: 0.05pt;\"><span style=\"font-size: 9pt; font-family: Tahoma, sans-serif;\"><o:p>&nbsp;</o:p></span></p><p class=\"MsoNormal\" style=\"margin-left:86.0pt;mso-para-margin-left:0gd;\r\ntext-indent:-21.55pt;mso-char-indent-count:0;mso-line-height-alt:0pt;\r\nmso-outline-level:body-text;mso-list:l0 level2 lfo1;mso-hyphenate:auto;\r\ntab-stops:86.0pt;mso-vertical-align-alt:auto\"><!--[if !supportLists]--><span style=\"font-size:9.0pt;mso-bidi-font-size:10.0pt;font-family:&quot;Tahoma&quot;,sans-serif;\r\nmso-fareast-font-family:Tahoma;mso-bidi-font-weight:bold\">a.<span style=\"font-stretch: normal; font-size: 7pt; line-height: normal; font-family: &quot;Times New Roman&quot;;\">&nbsp;&nbsp;&nbsp;&nbsp;&nbsp;&nbsp;</span></span><!--[endif]--><span style=\"font-size: 9pt; font-family: Tahoma, sans-serif;\">Daily Dashboard &amp; Pick-up Review<o:p></o:p></span></p><p class=\"MsoNormal\" style=\"margin-left: 0in; text-indent: -0.1pt; line-height: 1.7pt;\"><span style=\"font-size: 9pt; font-family: Tahoma, sans-serif;\"><o:p>&nbsp;</o:p></span></p><p class=\"MsoNormal\" style=\"margin-left:86.0pt;mso-para-margin-left:0gd;\r\ntext-indent:-21.55pt;mso-char-indent-count:0;mso-line-height-alt:0pt;\r\nmso-outline-level:body-text;mso-list:l0 level2 lfo1;mso-hyphenate:auto;\r\ntab-stops:86.0pt;mso-vertical-align-alt:auto\"><!--[if !supportLists]--><span style=\"font-size:9.0pt;mso-bidi-font-size:10.0pt;font-family:&quot;Tahoma&quot;,sans-serif;\r\nmso-fareast-font-family:Tahoma;mso-bidi-font-weight:bold\">b.<span style=\"font-stretch: normal; font-size: 7pt; line-height: normal; font-family: &quot;Times New Roman&quot;;\">&nbsp;&nbsp;&nbsp;&nbsp;&nbsp;&nbsp;</span></span><!--[endif]--><span style=\"font-size: 9pt; font-family: Tahoma, sans-serif;\">Individual Daily Activity<o:p></o:p></span></p><p class=\"MsoNormal\" style=\"margin-left: 0in; text-indent: -0.1pt; line-height: 0.75pt;\"><span style=\"font-size: 9pt; font-family: Tahoma, sans-serif;\"><o:p>&nbsp;</o:p></span></p><p class=\"MsoNormal\" style=\"margin-left:86.0pt;mso-para-margin-left:0gd;\r\ntext-indent:-21.55pt;mso-char-indent-count:0;mso-line-height-alt:0pt;\r\nmso-outline-level:body-text;mso-list:l0 level2 lfo1;mso-hyphenate:auto;\r\ntab-stops:86.0pt;mso-vertical-align-alt:auto\"><!--[if !supportLists]--><span style=\"font-size:9.0pt;mso-bidi-font-size:10.0pt;font-family:&quot;Tahoma&quot;,sans-serif;\r\nmso-fareast-font-family:Tahoma;mso-bidi-font-weight:bold\">c.<span style=\"font-stretch: normal; font-size: 7pt; line-height: normal; font-family: &quot;Times New Roman&quot;;\">&nbsp;&nbsp;&nbsp;&nbsp;&nbsp;&nbsp;&nbsp;</span></span><!--[endif]--><span style=\"font-size: 9pt; font-family: Tahoma, sans-serif;\">SA\'s Entertainment Schedule<o:p></o:p></span></p><p class=\"MsoNormal\" style=\"margin-left: 0in; text-indent: -0.1pt; line-height: 0.05pt;\"><span style=\"font-size: 9pt; font-family: Tahoma, sans-serif;\"><o:p>&nbsp;</o:p></span></p><p class=\"MsoNormal\" style=\"margin-left:86.0pt;mso-para-margin-left:0gd;\r\ntext-indent:-21.55pt;mso-char-indent-count:0;mso-line-height-alt:0pt;\r\nmso-outline-level:body-text;mso-list:l0 level2 lfo1;mso-hyphenate:auto;\r\ntab-stops:86.0pt;mso-vertical-align-alt:auto\"><!--[if !supportLists]--><span style=\"font-size:9.0pt;mso-bidi-font-size:10.0pt;font-family:&quot;Tahoma&quot;,sans-serif;\r\nmso-fareast-font-family:Tahoma;mso-bidi-font-weight:bold\">d.<span style=\"font-stretch: normal; font-size: 7pt; line-height: normal; font-family: &quot;Times New Roman&quot;;\">&nbsp;&nbsp;&nbsp;&nbsp;&nbsp;&nbsp;</span></span><!--[endif]--><span style=\"font-size: 9pt; font-family: Tahoma, sans-serif;\">News &amp; Update<o:p></o:p></span></p><p class=\"MsoNormal\" style=\"margin-left: 0in; text-indent: 0in; line-height: normal;\"><span style=\"font-size: 12pt; font-family: &quot;Times New Roman&quot;, serif;\"><o:p>&nbsp;</o:p></span><span style=\"font-size: 10pt; text-indent: -0.1pt;\">&nbsp;&nbsp;</span></p><w:sdt sdttag=\"goog_rdk_5\" id=\"-1100641388\" style=\"font-family: -webkit-standard;\"><p class=\"MsoNormal\" align=\"center\" style=\"margin-left: 0in; text-indent: -0.1pt; text-align: center;\"><b><i><span style=\"font-size: 9.5pt; font-family: Tahoma, sans-serif;\">End of S.O.P. ? daily briefing</span></i></b><span style=\"font-size: 12pt; font-family: &quot;Times New Roman&quot;, serif;\"><o:p></o:p></span><span style=\"font-family: &quot;Times New Roman&quot;, serif;\"><w:sdtpr></w:sdtpr></span></p></w:sdt><span style=\"font-family: -webkit-standard; font-size: medium;\"></span>');
INSERT INTO `standard_operation_procedure_set_up` VALUES (4, 'SALES REPORT', 7, 1, '2019-08-27', 1, '2019-08-30', 1, '<style class=\"WebKit-mso-list-quirks-style\">\r\n<!--\r\n/* Style Definitions */\r\n p.MsoNormal, li.MsoNormal, div.MsoNormal\r\n	{mso-style-unhide:no;\r\n	mso-style-qformat:yes;\r\n	mso-style-parent:\"\";\r\n	margin-top:0in;\r\n	margin-right:0in;\r\n	margin-bottom:0in;\r\n	margin-left:-.05pt;\r\n	margin-bottom:.0001pt;\r\n	mso-para-margin-top:0in;\r\n	mso-para-margin-right:0in;\r\n	mso-para-margin-bottom:0in;\r\n	mso-para-margin-left:-.01gd;\r\n	mso-para-margin-bottom:.0001pt;\r\n	text-indent:-.05pt;\r\n	mso-char-indent-count:-.01;\r\n	mso-line-height-alt:.05pt;\r\n	mso-pagination:widow-orphan;\r\n	mso-outline-level:1;\r\n	mso-hyphenate:none;\r\n	font-size:10.0pt;\r\n	font-family:\"Calibri\",sans-serif;\r\n	mso-fareast-font-family:Calibri;\r\n	position:relative;\r\n	top:.5pt;\r\n	mso-text-raise:-.5pt;\r\n	mso-bidi-language:AR-SA;}\r\n.MsoChpDefault\r\n	{mso-style-type:export-only;\r\n	mso-default-props:yes;\r\n	font-size:10.0pt;\r\n	mso-ansi-font-size:10.0pt;\r\n	mso-bidi-font-size:10.0pt;\r\n	font-family:\"Calibri\",sans-serif;\r\n	mso-ascii-font-family:Calibri;\r\n	mso-fareast-font-family:Calibri;\r\n	mso-hansi-font-family:Calibri;\r\n	mso-bidi-font-family:Calibri;}\r\n@page WordSection1\r\n	{size:8.5in 11.0in;\r\n	margin:1.0in 1.0in 1.0in 1.0in;\r\n	mso-header-margin:.5in;\r\n	mso-footer-margin:.5in;\r\n	mso-paper-source:0;}\r\ndiv.WordSection1\r\n	{page:WordSection1;}\r\n /* List Definitions */\r\n @list l0\r\n	{mso-list-id:11;\r\n	mso-list-type:hybrid;\r\n	mso-list-template-ids:610515434 -1 -1 -1 -1 -1 -1 -1 -1 -1;}\r\n@list l0:level1\r\n	{mso-level-number-format:alpha-lower;\r\n	mso-level-tab-stop:none;\r\n	mso-level-number-position:left;\r\n	margin-left:0in;\r\n	text-indent:0in;}\r\n@list l0:level2\r\n	{mso-level-number-format:bullet;\r\n	mso-level-text:\"\";\r\n	mso-level-tab-stop:none;\r\n	mso-level-number-position:left;\r\n	margin-left:0in;\r\n	text-indent:0in;}\r\n@list l0:level3\r\n	{mso-level-number-format:bullet;\r\n	mso-level-text:\"\";\r\n	mso-level-tab-stop:none;\r\n	mso-level-number-position:left;\r\n	margin-left:0in;\r\n	text-indent:0in;}\r\n@list l0:level4\r\n	{mso-level-number-format:bullet;\r\n	mso-level-text:\"\";\r\n	mso-level-tab-stop:none;\r\n	mso-level-number-position:left;\r\n	margin-left:0in;\r\n	text-indent:0in;}\r\n@list l0:level5\r\n	{mso-level-number-format:bullet;\r\n	mso-level-text:\"\";\r\n	mso-level-tab-stop:none;\r\n	mso-level-number-position:left;\r\n	margin-left:0in;\r\n	text-indent:0in;}\r\n@list l0:level6\r\n	{mso-level-number-format:bullet;\r\n	mso-level-text:\"\";\r\n	mso-level-tab-stop:none;\r\n	mso-level-number-position:left;\r\n	margin-left:0in;\r\n	text-indent:0in;}\r\n@list l0:level7\r\n	{mso-level-number-format:bullet;\r\n	mso-level-text:\"\";\r\n	mso-level-tab-stop:none;\r\n	mso-level-number-position:left;\r\n	margin-left:0in;\r\n	text-indent:0in;}\r\n@list l0:level8\r\n	{mso-level-number-format:bullet;\r\n	mso-level-text:\"\";\r\n	mso-level-tab-stop:none;\r\n	mso-level-number-position:left;\r\n	margin-left:0in;\r\n	text-indent:0in;}\r\n@list l0:level9\r\n	{mso-level-number-format:bullet;\r\n	mso-level-text:\"\";\r\n	mso-level-tab-stop:none;\r\n	mso-level-number-position:left;\r\n	margin-left:0in;\r\n	text-indent:0in;}\r\n@list l1\r\n	{mso-list-id:12;\r\n	mso-list-type:hybrid;\r\n	mso-list-template-ids:1585990364 -1 -1 -1 -1 -1 -1 -1 -1 -1;}\r\n@list l1:level1\r\n	{mso-level-number-format:alpha-lower;\r\n	mso-level-tab-stop:none;\r\n	mso-level-number-position:left;\r\n	margin-left:0in;\r\n	text-indent:0in;}\r\n@list l1:level2\r\n	{mso-level-number-format:bullet;\r\n	mso-level-text:\"\";\r\n	mso-level-tab-stop:none;\r\n	mso-level-number-position:left;\r\n	margin-left:0in;\r\n	text-indent:0in;}\r\n@list l1:level3\r\n	{mso-level-number-format:bullet;\r\n	mso-level-text:\"\";\r\n	mso-level-tab-stop:none;\r\n	mso-level-number-position:left;\r\n	margin-left:0in;\r\n	text-indent:0in;}\r\n@list l1:level4\r\n	{mso-level-number-format:bullet;\r\n	mso-level-text:\"\";\r\n	mso-level-tab-stop:none;\r\n	mso-level-number-position:left;\r\n	margin-left:0in;\r\n	text-indent:0in;}\r\n@list l1:level5\r\n	{mso-level-number-format:bullet;\r\n	mso-level-text:\"\";\r\n	mso-level-tab-stop:none;\r\n	mso-level-number-position:left;\r\n	margin-left:0in;\r\n	text-indent:0in;}\r\n@list l1:level6\r\n	{mso-level-number-format:bullet;\r\n	mso-level-text:\"\";\r\n	mso-level-tab-stop:none;\r\n	mso-level-number-position:left;\r\n	margin-left:0in;\r\n	text-indent:0in;}\r\n@list l1:level7\r\n	{mso-level-number-format:bullet;\r\n	mso-level-text:\"\";\r\n	mso-level-tab-stop:none;\r\n	mso-level-number-position:left;\r\n	margin-left:0in;\r\n	text-indent:0in;}\r\n@list l1:level8\r\n	{mso-level-number-format:bullet;\r\n	mso-level-text:\"\";\r\n	mso-level-tab-stop:none;\r\n	mso-level-number-position:left;\r\n	margin-left:0in;\r\n	text-indent:0in;}\r\n@list l1:level9\r\n	{mso-level-number-format:bullet;\r\n	mso-level-text:\"\";\r\n	mso-level-tab-stop:none;\r\n	mso-level-number-position:left;\r\n	margin-left:0in;\r\n	text-indent:0in;}\r\n\r\n-->\r\n</style><p class=\"MsoNormal\" align=\"center\" style=\"margin-left: 0in; text-indent: 0in; text-align: center;\"><b><u><span style=\"font-family: &quot;Times New Roman&quot;, serif;\">SALES REPORT</span></u></b></p><p class=\"MsoNormal\" style=\"margin-left: 0in; text-indent: -0.1pt;\"><b><span style=\"font-size: 9.5pt; font-family: Tahoma, sans-serif;\">Standard:<o:p></o:p></span></b></p><p class=\"MsoNormal\" style=\"margin-left: 0in; text-indent: -0.1pt; line-height: 1.6pt;\"><span style=\"font-family: &quot;Times New Roman&quot;, serif;\"><o:p>&nbsp;</o:p></span></p><p class=\"MsoNormal\" style=\"margin-right: 43pt; margin-left: 0in; text-indent: -0.1pt; line-height: 14.399999618530273px;\"><span style=\"font-size: 9pt; line-height: 12.960000038146973px; font-family: Tahoma, sans-serif;\">A Weekly &amp; Quarterly Sales Report must be completed by the individual SA to detail completed &amp; forthcoming sales activities.<o:p></o:p></span></p><p class=\"MsoNormal\" style=\"margin-left: 0in; text-indent: -0.1pt; line-height: 11.45pt;\"><span style=\"font-family: &quot;Times New Roman&quot;, serif;\"><o:p>&nbsp;</o:p></span></p><p class=\"MsoNormal\" style=\"margin-left: 0in; text-indent: -0.1pt;\"><b><span style=\"font-size: 9.5pt; font-family: Tahoma, sans-serif;\">Rationale:<o:p></o:p></span></b></p><p class=\"MsoNormal\" style=\"margin-left: 0in; text-indent: -0.1pt; line-height: 1.6pt;\"><span style=\"font-family: &quot;Times New Roman&quot;, serif;\"><o:p>&nbsp;</o:p></span></p><p class=\"MsoNormal\" style=\"margin-right: 0.25in; margin-left: 0in; text-indent: -0.1pt; text-align: justify; line-height: 14.666666030883789px;\"><span style=\"font-size: 9pt; line-height: 13.199999809265137px; font-family: Tahoma, sans-serif;\">Sales Reports enable the DOM (Director Of Market) to measure the productivity of the individual SA. Constant updates also provide a platform for the team to have a consolidated understanding of the industry and market in general.<o:p></o:p></span></p><p class=\"MsoNormal\" style=\"margin-left: 0in; text-indent: -0.1pt; line-height: 11.45pt;\"><span style=\"font-family: &quot;Times New Roman&quot;, serif;\"><o:p>&nbsp;</o:p></span></p><p class=\"MsoNormal\" style=\"margin-left: 0in; text-indent: -0.1pt;\"><b><span style=\"font-size: 9.5pt; font-family: Tahoma, sans-serif;\">Procedure:<o:p></o:p></span></b></p><p class=\"MsoNormal\" style=\"margin-left: 0in; text-indent: -0.1pt; line-height: 12.35pt;\"><span style=\"font-family: &quot;Times New Roman&quot;, serif;\"><o:p>&nbsp;</o:p></span></p><p class=\"MsoNormal\" style=\"margin-left: 0in; text-indent: -0.1pt;\"><b><span style=\"font-size: 9pt; font-family: Tahoma, sans-serif;\">1. Weekly Sales Report<o:p></o:p></span></b></p><p class=\"MsoNormal\" style=\"margin-left: 0in; text-indent: -0.1pt; line-height: 1.8pt;\"><span style=\"font-family: &quot;Times New Roman&quot;, serif;\"><o:p>&nbsp;</o:p></span></p><p class=\"MsoNormal\" style=\"margin-right: 40pt; margin-left: 0in; text-indent: -0.1pt; line-height: 14.666666030883789px;\"><span style=\"font-size: 9pt; line-height: 13.199999809265137px; font-family: Tahoma, sans-serif;\">The weekly report will be submitted on Monday each week, and must encompass the following:<o:p></o:p></span></p><p class=\"MsoNormal\" style=\"margin-left: 0in; text-indent: -0.1pt; line-height: 0.1pt;\"><span style=\"font-family: &quot;Times New Roman&quot;, serif;\"><o:p>&nbsp;</o:p></span></p><p class=\"MsoNormal\" style=\"margin-left:81.0pt;mso-para-margin-left:0gd;\r\ntext-indent:-21.95pt;mso-char-indent-count:0;mso-line-height-alt:0pt;\r\nmso-outline-level:body-text;mso-list:l0 level1 lfo1;mso-hyphenate:auto;\r\ntab-stops:81.0pt;mso-vertical-align-alt:auto\"><!--[if !supportLists]--><span style=\"font-size:9.0pt;mso-bidi-font-size:10.0pt;font-family:&quot;Tahoma&quot;,sans-serif;\r\nmso-fareast-font-family:Tahoma;mso-bidi-font-weight:bold\">a.<span style=\"font-stretch: normal; font-size: 7pt; line-height: normal; font-family: &quot;Times New Roman&quot;;\">&nbsp;&nbsp;&nbsp;&nbsp;&nbsp;&nbsp;</span></span><!--[endif]--><span style=\"font-size: 9pt; font-family: Tahoma, sans-serif;\">Key Business Activities<o:p></o:p></span></p><p class=\"MsoNormal\" style=\"margin-left: 0in; text-indent: -0.1pt; line-height: 0.05pt;\"><span style=\"font-size: 9pt; font-family: Tahoma, sans-serif;\"><o:p>&nbsp;</o:p></span></p><p class=\"MsoNormal\" style=\"margin-left:81.0pt;mso-para-margin-left:0gd;\r\ntext-indent:-21.95pt;mso-char-indent-count:0;mso-line-height-alt:0pt;\r\nmso-outline-level:body-text;mso-list:l0 level1 lfo1;mso-hyphenate:auto;\r\ntab-stops:81.0pt;mso-vertical-align-alt:auto\"><!--[if !supportLists]--><span style=\"font-size:9.0pt;mso-bidi-font-size:10.0pt;font-family:&quot;Tahoma&quot;,sans-serif;\r\nmso-fareast-font-family:Tahoma;mso-bidi-font-weight:bold\">b.<span style=\"font-stretch: normal; font-size: 7pt; line-height: normal; font-family: &quot;Times New Roman&quot;;\">&nbsp;&nbsp;&nbsp;&nbsp;&nbsp;&nbsp;</span></span><!--[endif]--><span style=\"font-size: 9pt; font-family: Tahoma, sans-serif;\">Key Business Confirmed<o:p></o:p></span></p><p class=\"MsoNormal\" style=\"margin-left: 0in; text-indent: -0.1pt; line-height: 1.85pt;\"><span style=\"font-size: 9pt; font-family: Tahoma, sans-serif;\"><o:p>&nbsp;</o:p></span></p><p class=\"MsoNormal\" style=\"margin-left:81.0pt;mso-para-margin-left:0gd;\r\ntext-indent:-21.95pt;mso-char-indent-count:0;mso-line-height-alt:0pt;\r\nmso-outline-level:body-text;mso-list:l0 level1 lfo1;mso-hyphenate:auto;\r\ntab-stops:81.0pt;mso-vertical-align-alt:auto\"><!--[if !supportLists]--><span style=\"font-size:9.0pt;mso-bidi-font-size:10.0pt;font-family:&quot;Tahoma&quot;,sans-serif;\r\nmso-fareast-font-family:Tahoma;mso-bidi-font-weight:bold\">c.<span style=\"font-stretch: normal; font-size: 7pt; line-height: normal; font-family: &quot;Times New Roman&quot;;\">&nbsp;&nbsp;&nbsp;&nbsp;&nbsp;&nbsp;&nbsp;</span></span><!--[endif]--><span style=\"font-size: 9pt; font-family: Tahoma, sans-serif;\">Key Business Lost&nbsp;</span><span style=\"font-size: 7.5pt; font-family: Tahoma, sans-serif;\">(with reasons if any)</span><span style=\"font-size: 9pt; font-family: Tahoma, sans-serif;\"><o:p></o:p></span></p><p class=\"MsoNormal\" style=\"margin-left: 0in; text-indent: -0.1pt; line-height: 0.75pt;\"><span style=\"font-size: 9pt; font-family: Tahoma, sans-serif;\"><o:p>&nbsp;</o:p></span></p><p class=\"MsoNormal\" style=\"margin-left:81.0pt;mso-para-margin-left:0gd;\r\ntext-indent:-21.95pt;mso-char-indent-count:0;mso-line-height-alt:0pt;\r\nmso-outline-level:body-text;mso-list:l0 level1 lfo1;mso-hyphenate:auto;\r\ntab-stops:81.0pt;mso-vertical-align-alt:auto\"><!--[if !supportLists]--><span style=\"font-size:9.0pt;mso-bidi-font-size:10.0pt;font-family:&quot;Tahoma&quot;,sans-serif;\r\nmso-fareast-font-family:Tahoma;mso-bidi-font-weight:bold\">d.<span style=\"font-stretch: normal; font-size: 7pt; line-height: normal; font-family: &quot;Times New Roman&quot;;\">&nbsp;&nbsp;&nbsp;&nbsp;&nbsp;&nbsp;</span></span><!--[endif]--><span style=\"font-size: 9pt; font-family: Tahoma, sans-serif;\">New Sales Leads<o:p></o:p></span></p><p class=\"MsoNormal\" style=\"margin-left: 0in; text-indent: -0.1pt; line-height: 1.7pt;\"><span style=\"font-size: 9pt; font-family: Tahoma, sans-serif;\"><o:p>&nbsp;</o:p></span></p><p class=\"MsoNormal\" style=\"margin-left:81.0pt;mso-para-margin-left:0gd;\r\ntext-indent:-21.95pt;mso-char-indent-count:0;mso-line-height-alt:0pt;\r\nmso-outline-level:body-text;mso-list:l0 level1 lfo1;mso-hyphenate:auto;\r\ntab-stops:81.0pt;mso-vertical-align-alt:auto\"><!--[if !supportLists]--><span style=\"font-size:9.0pt;mso-bidi-font-size:10.0pt;font-family:&quot;Tahoma&quot;,sans-serif;\r\nmso-fareast-font-family:Tahoma;mso-bidi-font-weight:bold\">e.<span style=\"font-stretch: normal; font-size: 7pt; line-height: normal; font-family: &quot;Times New Roman&quot;;\">&nbsp;&nbsp;&nbsp;&nbsp;&nbsp;&nbsp;</span></span><!--[endif]--><span style=\"font-size: 9pt; font-family: Tahoma, sans-serif;\">Upcoming Week Action Plan<o:p></o:p></span></p><p class=\"MsoNormal\" style=\"margin-left: 0in; text-indent: -0.1pt; line-height: 12.55pt;\"><span style=\"font-family: &quot;Times New Roman&quot;, serif;\"><o:p>&nbsp;</o:p></span></p><p class=\"MsoNormal\" style=\"margin-left: 0in; text-indent: -0.1pt;\"><b><span style=\"font-size: 9pt; font-family: Tahoma, sans-serif;\">2. Quarterly Sales Report<o:p></o:p></span></b></p><p class=\"MsoNormal\" style=\"margin-left: 0in; text-indent: -0.1pt; line-height: 1.9pt;\"><span style=\"font-family: &quot;Times New Roman&quot;, serif;\"><o:p>&nbsp;</o:p></span></p><p class=\"MsoNormal\" style=\"margin-right: 43pt; margin-left: 0in; text-indent: -0.1pt; line-height: 11.866665840148926px;\"><span style=\"font-size: 9pt; line-height: 10.680000305175781px; font-family: Tahoma, sans-serif;\">The quarterly report will be submitted by the 7th&nbsp;</span><span style=\"font-size: 9pt; line-height: 10.680000305175781px; font-family: Tahoma, sans-serif;\">of the following month, and must encompass the following:<o:p></o:p></span></p><p class=\"MsoNormal\" style=\"margin-left: 0in; text-indent: -0.1pt; line-height: 1.25pt;\"><span style=\"font-family: &quot;Times New Roman&quot;, serif;\"><o:p>&nbsp;</o:p></span></p><p class=\"MsoNormal\" style=\"margin-left:81.0pt;mso-para-margin-left:0gd;\r\ntext-indent:-21.95pt;mso-char-indent-count:0;mso-line-height-alt:0pt;\r\nmso-outline-level:body-text;mso-list:l1 level1 lfo2;mso-hyphenate:auto;\r\ntab-stops:81.0pt;mso-vertical-align-alt:auto\"><!--[if !supportLists]--><span style=\"font-size:9.0pt;mso-bidi-font-size:10.0pt;font-family:&quot;Tahoma&quot;,sans-serif;\r\nmso-fareast-font-family:Tahoma;mso-bidi-font-weight:bold\">a.<span style=\"font-stretch: normal; font-size: 7pt; line-height: normal; font-family: &quot;Times New Roman&quot;;\">&nbsp;&nbsp;&nbsp;&nbsp;&nbsp;&nbsp;</span></span><!--[endif]--><span style=\"font-size: 9pt; font-family: Tahoma, sans-serif;\">Market Overview &amp; Intelligence<o:p></o:p></span></p><p class=\"MsoNormal\" style=\"margin-left: 0in; text-indent: -0.1pt; line-height: 1.85pt;\"><span style=\"font-size: 9pt; font-family: Tahoma, sans-serif;\"><o:p>&nbsp;</o:p></span></p><p class=\"MsoNormal\" style=\"margin-left:81.0pt;mso-para-margin-left:0gd;\r\ntext-indent:-21.95pt;mso-char-indent-count:0;mso-line-height-alt:0pt;\r\nmso-outline-level:body-text;mso-list:l1 level1 lfo2;mso-hyphenate:auto;\r\ntab-stops:81.0pt;mso-vertical-align-alt:auto\"><!--[if !supportLists]--><span style=\"font-size:9.0pt;mso-bidi-font-size:10.0pt;font-family:&quot;Tahoma&quot;,sans-serif;\r\nmso-fareast-font-family:Tahoma;mso-bidi-font-weight:bold\">b.<span style=\"font-stretch: normal; font-size: 7pt; line-height: normal; font-family: &quot;Times New Roman&quot;;\">&nbsp;&nbsp;&nbsp;&nbsp;&nbsp;&nbsp;</span></span><!--[endif]--><span style=\"font-size: 9pt; font-family: Tahoma, sans-serif;\">Key Business Activities<o:p></o:p></span></p><p class=\"MsoNormal\" style=\"margin-left:81.0pt;mso-para-margin-left:0gd;\r\ntext-indent:-21.95pt;mso-char-indent-count:0;line-height:99%;mso-outline-level:\r\nbody-text;mso-list:l1 level1 lfo2;mso-hyphenate:auto;tab-stops:81.0pt;\r\nmso-vertical-align-alt:auto\"><!--[if !supportLists]--><span style=\"font-size:9.0pt;\r\nmso-bidi-font-size:10.0pt;line-height:99%;font-family:&quot;Tahoma&quot;,sans-serif;\r\nmso-fareast-font-family:Tahoma;mso-bidi-font-weight:bold\">c.<span style=\"font-stretch: normal; font-size: 7pt; line-height: normal; font-family: &quot;Times New Roman&quot;;\">&nbsp;&nbsp;&nbsp;&nbsp;&nbsp;&nbsp;&nbsp;</span></span><!--[endif]--><span style=\"font-size: 9pt; line-height: 11.880000114440918px; font-family: Tahoma, sans-serif;\">Trade Shows / Road Shows / Events happen in the region&nbsp;<o:p></o:p></span></p><p class=\"MsoNormal\" style=\"margin-left: 0in; text-indent: -0.1pt; line-height: 2.7pt;\"><span style=\"font-size: 9pt; font-family: Tahoma, sans-serif;\"><o:p>&nbsp;</o:p></span></p><p class=\"MsoNormal\" style=\"margin-left:81.0pt;mso-para-margin-left:0gd;\r\ntext-indent:-21.95pt;mso-char-indent-count:0;mso-line-height-alt:0pt;\r\nmso-outline-level:body-text;mso-list:l1 level1 lfo2;mso-hyphenate:auto;\r\ntab-stops:81.0pt;mso-vertical-align-alt:auto\"><!--[if !supportLists]--><span style=\"font-size:9.0pt;mso-bidi-font-size:10.0pt;font-family:&quot;Tahoma&quot;,sans-serif;\r\nmso-fareast-font-family:Tahoma;mso-bidi-font-weight:bold\">d.<span style=\"font-stretch: normal; font-size: 7pt; line-height: normal; font-family: &quot;Times New Roman&quot;;\">&nbsp;&nbsp;&nbsp;&nbsp;&nbsp;&nbsp;</span></span><!--[endif]--><span style=\"font-size: 9pt; font-family: Tahoma, sans-serif;\">New Business Generated<o:p></o:p></span></p><p class=\"MsoNormal\" style=\"margin-left: 0in; text-indent: -0.1pt; line-height: 0.25pt;\"><span style=\"font-size: 9pt; font-family: Tahoma, sans-serif;\"><o:p>&nbsp;</o:p></span></p><p class=\"MsoNormal\" style=\"margin-left:81.0pt;mso-para-margin-left:0gd;\r\ntext-indent:-21.95pt;mso-char-indent-count:0;mso-line-height-alt:0pt;\r\nmso-outline-level:body-text;mso-list:l1 level1 lfo2;mso-hyphenate:auto;\r\ntab-stops:81.0pt;mso-vertical-align-alt:auto\"><!--[if !supportLists]--><span style=\"font-size:9.0pt;mso-bidi-font-size:10.0pt;font-family:&quot;Tahoma&quot;,sans-serif;\r\nmso-fareast-font-family:Tahoma;mso-bidi-font-weight:bold\">e.<span style=\"font-stretch: normal; font-size: 7pt; line-height: normal; font-family: &quot;Times New Roman&quot;;\">&nbsp;&nbsp;&nbsp;&nbsp;&nbsp;&nbsp;</span></span><!--[endif]--><span style=\"font-size: 9pt; font-family: Tahoma, sans-serif;\">Lost Business<o:p></o:p></span></p><p class=\"MsoNormal\" style=\"margin-left: 0in; text-indent: -0.1pt; line-height: 1.6pt;\"><span style=\"font-size: 9pt; font-family: Tahoma, sans-serif;\"><o:p>&nbsp;</o:p></span></p><p class=\"MsoNormal\" style=\"margin-left:81.0pt;mso-para-margin-left:0gd;\r\ntext-indent:-21.95pt;mso-char-indent-count:0;mso-line-height-alt:0pt;\r\nmso-outline-level:body-text;mso-list:l1 level1 lfo2;mso-hyphenate:auto;\r\ntab-stops:81.0pt;mso-vertical-align-alt:auto\"><!--[if !supportLists]--><span style=\"font-size:9.0pt;mso-bidi-font-size:10.0pt;font-family:&quot;Tahoma&quot;,sans-serif;\r\nmso-fareast-font-family:Tahoma;mso-bidi-font-weight:bold\">f.<span style=\"font-stretch: normal; font-size: 7pt; line-height: normal; font-family: &quot;Times New Roman&quot;;\">&nbsp;&nbsp;&nbsp;&nbsp;&nbsp;&nbsp;&nbsp;</span></span><!--[endif]--><span style=\"font-size: 9pt; font-family: Tahoma, sans-serif;\">Pending Sales Leads<o:p></o:p></span></p><p class=\"MsoNormal\" style=\"margin-left: 0in; text-indent: -0.1pt; line-height: 1.85pt;\"><span style=\"font-size: 9pt; font-family: Tahoma, sans-serif;\"><o:p>&nbsp;</o:p></span></p><p class=\"MsoNormal\" style=\"margin-left:81.0pt;mso-para-margin-left:0gd;\r\ntext-indent:-21.95pt;mso-char-indent-count:0;mso-line-height-alt:0pt;\r\nmso-outline-level:body-text;mso-list:l1 level1 lfo2;mso-hyphenate:auto;\r\ntab-stops:81.0pt;mso-vertical-align-alt:auto\"><!--[if !supportLists]--><span style=\"font-size:9.0pt;mso-bidi-font-size:10.0pt;font-family:&quot;Tahoma&quot;,sans-serif;\r\nmso-fareast-font-family:Tahoma;mso-bidi-font-weight:bold\">g.<span style=\"font-stretch: normal; font-size: 7pt; line-height: normal; font-family: &quot;Times New Roman&quot;;\">&nbsp;&nbsp;&nbsp;&nbsp;&nbsp;&nbsp;</span></span><!--[endif]--><span style=\"font-size: 9pt; font-family: Tahoma, sans-serif;\">Upcoming Quarter Activities<o:p></o:p></span></p><p class=\"MsoNormal\" style=\"margin-left:81.0pt;mso-para-margin-left:0gd;\r\ntext-indent:-21.95pt;mso-char-indent-count:0;line-height:99%;mso-outline-level:\r\nbody-text;mso-list:l1 level1 lfo2;mso-hyphenate:auto;tab-stops:81.0pt;\r\nmso-vertical-align-alt:auto\"><!--[if !supportLists]--><span style=\"font-size:9.0pt;\r\nmso-bidi-font-size:10.0pt;line-height:99%;font-family:&quot;Tahoma&quot;,sans-serif;\r\nmso-fareast-font-family:Tahoma;mso-bidi-font-weight:bold\">h.<span style=\"font-stretch: normal; font-size: 7pt; line-height: normal; font-family: &quot;Times New Roman&quot;;\">&nbsp;&nbsp;&nbsp;&nbsp;&nbsp;&nbsp;</span></span><!--[endif]--><span style=\"font-size: 9pt; line-height: 11.880000114440918px; font-family: Tahoma, sans-serif;\">Upcoming Quarter Action Plan<o:p></o:p></span></p><p class=\"MsoNormal\" style=\"margin-left: 0in; text-indent: 0in;\"><br></p><p class=\"MsoNormal\" align=\"center\" style=\"margin-left: 0in; text-indent: 0in; text-align: center;\"><b><i><span style=\"font-size: 9.5pt; font-family: Tahoma, sans-serif;\">End of S.O.P. - SALES REPORT<o:p></o:p></span></i></b></p><p class=\"MsoNormal\" align=\"center\" style=\"margin-left: 0in; text-indent: 0in; text-align: center;\"><b><i><span style=\"font-size: 9.5pt; font-family: Tahoma, sans-serif;\"><o:p>&nbsp;</o:p></span></i></b></p><p class=\"MsoNormal\" align=\"center\" style=\"margin-left: 0in; text-indent: 0in; text-align: center;\"><b><i><span style=\"font-size: 9.5pt; font-family: Tahoma, sans-serif;\"><o:p>&nbsp;</o:p></span></i></b></p>');
INSERT INTO `standard_operation_procedure_set_up` VALUES (5, 'TELEPHONE ETIQUETTE', 7, 1, '2019-08-27', 1, '2019-08-30', 1, '<style class=\"WebKit-mso-list-quirks-style\">\r\n<!--\r\n/* Style Definitions */\r\n p.MsoNormal, li.MsoNormal, div.MsoNormal\r\n	{mso-style-unhide:no;\r\n	mso-style-qformat:yes;\r\n	mso-style-parent:\"\";\r\n	margin-top:0in;\r\n	margin-right:0in;\r\n	margin-bottom:0in;\r\n	margin-left:-.05pt;\r\n	margin-bottom:.0001pt;\r\n	mso-para-margin-top:0in;\r\n	mso-para-margin-right:0in;\r\n	mso-para-margin-bottom:0in;\r\n	mso-para-margin-left:-.01gd;\r\n	mso-para-margin-bottom:.0001pt;\r\n	text-indent:-.05pt;\r\n	mso-char-indent-count:-.01;\r\n	mso-line-height-alt:.05pt;\r\n	mso-pagination:widow-orphan;\r\n	mso-outline-level:1;\r\n	mso-hyphenate:none;\r\n	font-size:10.0pt;\r\n	font-family:\"Calibri\",sans-serif;\r\n	mso-fareast-font-family:Calibri;\r\n	position:relative;\r\n	top:.5pt;\r\n	mso-text-raise:-.5pt;\r\n	mso-bidi-language:AR-SA;}\r\np.MsoListParagraph, li.MsoListParagraph, div.MsoListParagraph\r\n	{mso-style-priority:34;\r\n	mso-style-unhide:no;\r\n	mso-style-qformat:yes;\r\n	margin-top:0in;\r\n	margin-right:0in;\r\n	margin-bottom:0in;\r\n	margin-left:.5in;\r\n	margin-bottom:.0001pt;\r\n	mso-add-space:auto;\r\n	mso-para-margin-top:0in;\r\n	mso-para-margin-right:0in;\r\n	mso-para-margin-bottom:0in;\r\n	mso-para-margin-left:-.01gd;\r\n	mso-para-margin-bottom:.0001pt;\r\n	mso-add-space:auto;\r\n	text-indent:-.05pt;\r\n	mso-char-indent-count:-.01;\r\n	mso-line-height-alt:.05pt;\r\n	mso-pagination:widow-orphan;\r\n	mso-outline-level:1;\r\n	mso-hyphenate:none;\r\n	font-size:10.0pt;\r\n	font-family:\"Calibri\",sans-serif;\r\n	mso-fareast-font-family:Calibri;\r\n	position:relative;\r\n	top:.5pt;\r\n	mso-text-raise:-.5pt;\r\n	mso-bidi-language:AR-SA;}\r\np.MsoListParagraphCxSpFirst, li.MsoListParagraphCxSpFirst, div.MsoListParagraphCxSpFirst\r\n	{mso-style-priority:34;\r\n	mso-style-unhide:no;\r\n	mso-style-qformat:yes;\r\n	mso-style-type:export-only;\r\n	margin-top:0in;\r\n	margin-right:0in;\r\n	margin-bottom:0in;\r\n	margin-left:.5in;\r\n	margin-bottom:.0001pt;\r\n	mso-add-space:auto;\r\n	mso-para-margin-top:0in;\r\n	mso-para-margin-right:0in;\r\n	mso-para-margin-bottom:0in;\r\n	mso-para-margin-left:-.01gd;\r\n	mso-para-margin-bottom:.0001pt;\r\n	mso-add-space:auto;\r\n	text-indent:-.05pt;\r\n	mso-char-indent-count:-.01;\r\n	mso-line-height-alt:.05pt;\r\n	mso-pagination:widow-orphan;\r\n	mso-outline-level:1;\r\n	mso-hyphenate:none;\r\n	font-size:10.0pt;\r\n	font-family:\"Calibri\",sans-serif;\r\n	mso-fareast-font-family:Calibri;\r\n	position:relative;\r\n	top:.5pt;\r\n	mso-text-raise:-.5pt;\r\n	mso-bidi-language:AR-SA;}\r\np.MsoListParagraphCxSpMiddle, li.MsoListParagraphCxSpMiddle, div.MsoListParagraphCxSpMiddle\r\n	{mso-style-priority:34;\r\n	mso-style-unhide:no;\r\n	mso-style-qformat:yes;\r\n	mso-style-type:export-only;\r\n	margin-top:0in;\r\n	margin-right:0in;\r\n	margin-bottom:0in;\r\n	margin-left:.5in;\r\n	margin-bottom:.0001pt;\r\n	mso-add-space:auto;\r\n	mso-para-margin-top:0in;\r\n	mso-para-margin-right:0in;\r\n	mso-para-margin-bottom:0in;\r\n	mso-para-margin-left:-.01gd;\r\n	mso-para-margin-bottom:.0001pt;\r\n	mso-add-space:auto;\r\n	text-indent:-.05pt;\r\n	mso-char-indent-count:-.01;\r\n	mso-line-height-alt:.05pt;\r\n	mso-pagination:widow-orphan;\r\n	mso-outline-level:1;\r\n	mso-hyphenate:none;\r\n	font-size:10.0pt;\r\n	font-family:\"Calibri\",sans-serif;\r\n	mso-fareast-font-family:Calibri;\r\n	position:relative;\r\n	top:.5pt;\r\n	mso-text-raise:-.5pt;\r\n	mso-bidi-language:AR-SA;}\r\np.MsoListParagraphCxSpLast, li.MsoListParagraphCxSpLast, div.MsoListParagraphCxSpLast\r\n	{mso-style-priority:34;\r\n	mso-style-unhide:no;\r\n	mso-style-qformat:yes;\r\n	mso-style-type:export-only;\r\n	margin-top:0in;\r\n	margin-right:0in;\r\n	margin-bottom:0in;\r\n	margin-left:.5in;\r\n	margin-bottom:.0001pt;\r\n	mso-add-space:auto;\r\n	mso-para-margin-top:0in;\r\n	mso-para-margin-right:0in;\r\n	mso-para-margin-bottom:0in;\r\n	mso-para-margin-left:-.01gd;\r\n	mso-para-margin-bottom:.0001pt;\r\n	mso-add-space:auto;\r\n	text-indent:-.05pt;\r\n	mso-char-indent-count:-.01;\r\n	mso-line-height-alt:.05pt;\r\n	mso-pagination:widow-orphan;\r\n	mso-outline-level:1;\r\n	mso-hyphenate:none;\r\n	font-size:10.0pt;\r\n	font-family:\"Calibri\",sans-serif;\r\n	mso-fareast-font-family:Calibri;\r\n	position:relative;\r\n	top:.5pt;\r\n	mso-text-raise:-.5pt;\r\n	mso-bidi-language:AR-SA;}\r\n.MsoChpDefault\r\n	{mso-style-type:export-only;\r\n	mso-default-props:yes;\r\n	font-size:10.0pt;\r\n	mso-ansi-font-size:10.0pt;\r\n	mso-bidi-font-size:10.0pt;\r\n	font-family:\"Calibri\",sans-serif;\r\n	mso-ascii-font-family:Calibri;\r\n	mso-fareast-font-family:Calibri;\r\n	mso-hansi-font-family:Calibri;\r\n	mso-bidi-font-family:Calibri;}\r\n@page WordSection1\r\n	{size:8.5in 11.0in;\r\n	margin:1.0in 1.0in 1.0in 1.0in;\r\n	mso-header-margin:.5in;\r\n	mso-footer-margin:.5in;\r\n	mso-paper-source:0;}\r\ndiv.WordSection1\r\n	{page:WordSection1;}\r\n /* List Definitions */\r\n @list l0\r\n	{mso-list-id:13;\r\n	mso-list-type:hybrid;\r\n	mso-list-template-ids:1374344042 -1 -1 -1 -1 -1 -1 -1 -1 -1;}\r\n@list l0:level1\r\n	{mso-level-text:%1;\r\n	mso-level-tab-stop:none;\r\n	mso-level-number-position:left;\r\n	margin-left:0in;\r\n	text-indent:0in;}\r\n@list l0:level2\r\n	{mso-level-tab-stop:none;\r\n	mso-level-number-position:left;\r\n	margin-left:0in;\r\n	text-indent:0in;}\r\n@list l0:level3\r\n	{mso-level-number-format:bullet;\r\n	mso-level-text:\" \";\r\n	mso-level-tab-stop:none;\r\n	mso-level-number-position:left;\r\n	margin-left:0in;\r\n	text-indent:0in;}\r\n@list l0:level4\r\n	{mso-level-number-format:bullet;\r\n	mso-level-text:\"\";\r\n	mso-level-tab-stop:none;\r\n	mso-level-number-position:left;\r\n	margin-left:0in;\r\n	text-indent:0in;}\r\n@list l0:level5\r\n	{mso-level-number-format:bullet;\r\n	mso-level-text:\"\";\r\n	mso-level-tab-stop:none;\r\n	mso-level-number-position:left;\r\n	margin-left:0in;\r\n	text-indent:0in;}\r\n@list l0:level6\r\n	{mso-level-number-format:bullet;\r\n	mso-level-text:\"\";\r\n	mso-level-tab-stop:none;\r\n	mso-level-number-position:left;\r\n	margin-left:0in;\r\n	text-indent:0in;}\r\n@list l0:level7\r\n	{mso-level-number-format:bullet;\r\n	mso-level-text:\"\";\r\n	mso-level-tab-stop:none;\r\n	mso-level-number-position:left;\r\n	margin-left:0in;\r\n	text-indent:0in;}\r\n@list l0:level8\r\n	{mso-level-number-format:bullet;\r\n	mso-level-text:\"\";\r\n	mso-level-tab-stop:none;\r\n	mso-level-number-position:left;\r\n	margin-left:0in;\r\n	text-indent:0in;}\r\n@list l0:level9\r\n	{mso-level-number-format:bullet;\r\n	mso-level-text:\"\";\r\n	mso-level-tab-stop:none;\r\n	mso-level-number-position:left;\r\n	margin-left:0in;\r\n	text-indent:0in;}\r\n@list l1\r\n	{mso-list-id:14;\r\n	mso-list-type:hybrid;\r\n	mso-list-template-ids:760313750 -1 -1 -1 -1 -1 -1 -1 -1 -1;}\r\n@list l1:level1\r\n	{mso-level-start-at:3;\r\n	mso-level-tab-stop:none;\r\n	mso-level-number-position:left;\r\n	margin-left:0in;\r\n	text-indent:0in;}\r\n@list l1:level2\r\n	{mso-level-text:%2;\r\n	mso-level-tab-stop:none;\r\n	mso-level-number-position:left;\r\n	margin-left:0in;\r\n	text-indent:0in;}\r\n@list l1:level3\r\n	{mso-level-number-format:bullet;\r\n	mso-level-text:\" \";\r\n	mso-level-tab-stop:none;\r\n	mso-level-number-position:left;\r\n	margin-left:0in;\r\n	text-indent:0in;}\r\n@list l1:level4\r\n	{mso-level-number-format:bullet;\r\n	mso-level-text:\"\";\r\n	mso-level-tab-stop:none;\r\n	mso-level-number-position:left;\r\n	margin-left:0in;\r\n	text-indent:0in;}\r\n@list l1:level5\r\n	{mso-level-number-format:bullet;\r\n	mso-level-text:\"\";\r\n	mso-level-tab-stop:none;\r\n	mso-level-number-position:left;\r\n	margin-left:0in;\r\n	text-indent:0in;}\r\n@list l1:level6\r\n	{mso-level-number-format:bullet;\r\n	mso-level-text:\"\";\r\n	mso-level-tab-stop:none;\r\n	mso-level-number-position:left;\r\n	margin-left:0in;\r\n	text-indent:0in;}\r\n@list l1:level7\r\n	{mso-level-number-format:bullet;\r\n	mso-level-text:\"\";\r\n	mso-level-tab-stop:none;\r\n	mso-level-number-position:left;\r\n	margin-left:0in;\r\n	text-indent:0in;}\r\n@list l1:level8\r\n	{mso-level-number-format:bullet;\r\n	mso-level-text:\"\";\r\n	mso-level-tab-stop:none;\r\n	mso-level-number-position:left;\r\n	margin-left:0in;\r\n	text-indent:0in;}\r\n@list l1:level9\r\n	{mso-level-number-format:bullet;\r\n	mso-level-text:\"\";\r\n	mso-level-tab-stop:none;\r\n	mso-level-number-position:left;\r\n	margin-left:0in;\r\n	text-indent:0in;}\r\n@list l2\r\n	{mso-list-id:18;\r\n	mso-list-type:hybrid;\r\n	mso-list-template-ids:1889947178 -1 -1 -1 -1 -1 -1 -1 -1 -1;}\r\n@list l2:level1\r\n	{mso-level-start-at:5;\r\n	mso-level-tab-stop:none;\r\n	mso-level-number-position:left;\r\n	margin-left:0in;\r\n	text-indent:0in;}\r\n@list l2:level2\r\n	{mso-level-number-format:bullet;\r\n	mso-level-text:\" \";\r\n	mso-level-tab-stop:none;\r\n	mso-level-number-position:left;\r\n	margin-left:0in;\r\n	text-indent:0in;}\r\n@list l2:level3\r\n	{mso-level-number-format:bullet;\r\n	mso-level-text:\"\";\r\n	mso-level-tab-stop:none;\r\n	mso-level-number-position:left;\r\n	margin-left:0in;\r\n	text-indent:0in;}\r\n@list l2:level4\r\n	{mso-level-number-format:bullet;\r\n	mso-level-text:\"\";\r\n	mso-level-tab-stop:none;\r\n	mso-level-number-position:left;\r\n	margin-left:0in;\r\n	text-indent:0in;}\r\n@list l2:level5\r\n	{mso-level-number-format:bullet;\r\n	mso-level-text:\"\";\r\n	mso-level-tab-stop:none;\r\n	mso-level-number-position:left;\r\n	margin-left:0in;\r\n	text-indent:0in;}\r\n@list l2:level6\r\n	{mso-level-number-format:bullet;\r\n	mso-level-text:\"\";\r\n	mso-level-tab-stop:none;\r\n	mso-level-number-position:left;\r\n	margin-left:0in;\r\n	text-indent:0in;}\r\n@list l2:level7\r\n	{mso-level-number-format:bullet;\r\n	mso-level-text:\"\";\r\n	mso-level-tab-stop:none;\r\n	mso-level-number-position:left;\r\n	margin-left:0in;\r\n	text-indent:0in;}\r\n@list l2:level8\r\n	{mso-level-number-format:bullet;\r\n	mso-level-text:\"\";\r\n	mso-level-tab-stop:none;\r\n	mso-level-number-position:left;\r\n	margin-left:0in;\r\n	text-indent:0in;}\r\n@list l2:level9\r\n	{mso-level-number-format:bullet;\r\n	mso-level-text:\"\";\r\n	mso-level-tab-stop:none;\r\n	mso-level-number-position:left;\r\n	margin-left:0in;\r\n	text-indent:0in;}\r\n@list l3\r\n	{mso-list-id:21;\r\n	mso-list-type:hybrid;\r\n	mso-list-template-ids:491705402 -1 -1 -1 -1 -1 -1 -1 -1 -1;}\r\n@list l3:level1\r\n	{mso-level-start-at:6;\r\n	mso-level-tab-stop:none;\r\n	mso-level-number-position:left;\r\n	margin-left:0in;\r\n	text-indent:0in;}\r\n@list l3:level2\r\n	{mso-level-number-format:bullet;\r\n	mso-level-text:\" \";\r\n	mso-level-tab-stop:none;\r\n	mso-level-number-position:left;\r\n	margin-left:0in;\r\n	text-indent:0in;}\r\n@list l3:level3\r\n	{mso-level-number-format:bullet;\r\n	mso-level-text:\"\";\r\n	mso-level-tab-stop:none;\r\n	mso-level-number-position:left;\r\n	margin-left:0in;\r\n	text-indent:0in;}\r\n@list l3:level4\r\n	{mso-level-number-format:bullet;\r\n	mso-level-text:\"\";\r\n	mso-level-tab-stop:none;\r\n	mso-level-number-position:left;\r\n	margin-left:0in;\r\n	text-indent:0in;}\r\n@list l3:level5\r\n	{mso-level-number-format:bullet;\r\n	mso-level-text:\"\";\r\n	mso-level-tab-stop:none;\r\n	mso-level-number-position:left;\r\n	margin-left:0in;\r\n	text-indent:0in;}\r\n@list l3:level6\r\n	{mso-level-number-format:bullet;\r\n	mso-level-text:\"\";\r\n	mso-level-tab-stop:none;\r\n	mso-level-number-position:left;\r\n	margin-left:0in;\r\n	text-indent:0in;}\r\n@list l3:level7\r\n	{mso-level-number-format:bullet;\r\n	mso-level-text:\"\";\r\n	mso-level-tab-stop:none;\r\n	mso-level-number-position:left;\r\n	margin-left:0in;\r\n	text-indent:0in;}\r\n@list l3:level8\r\n	{mso-level-number-format:bullet;\r\n	mso-level-text:\"\";\r\n	mso-level-tab-stop:none;\r\n	mso-level-number-position:left;\r\n	margin-left:0in;\r\n	text-indent:0in;}\r\n@list l3:level9\r\n	{mso-level-number-format:bullet;\r\n	mso-level-text:\"\";\r\n	mso-level-tab-stop:none;\r\n	mso-level-number-position:left;\r\n	margin-left:0in;\r\n	text-indent:0in;}\r\n@list l4\r\n	{mso-list-id:1821998185;\r\n	mso-list-type:hybrid;\r\n	mso-list-template-ids:1299739776 67698689 67698691 67698693 67698689 67698691 67698693 67698689 67698691 67698693;}\r\n@list l4:level1\r\n	{mso-level-number-format:bullet;\r\n	mso-level-text:?;\r\n	mso-level-tab-stop:none;\r\n	mso-level-number-position:left;\r\n	margin-left:35.9pt;\r\n	text-indent:-.25in;\r\n	font-family:Symbol;}\r\n@list l4:level2\r\n	{mso-level-number-format:bullet;\r\n	mso-level-text:o;\r\n	mso-level-tab-stop:none;\r\n	mso-level-number-position:left;\r\n	margin-left:71.9pt;\r\n	text-indent:-.25in;\r\n	font-family:\"Courier New\";\r\n	mso-bidi-font-family:\"Times New Roman\";}\r\n@list l4:level3\r\n	{mso-level-number-format:bullet;\r\n	mso-level-text:?;\r\n	mso-level-tab-stop:none;\r\n	mso-level-number-position:left;\r\n	margin-left:107.9pt;\r\n	text-indent:-.25in;\r\n	font-family:Wingdings;}\r\n@list l4:level4\r\n	{mso-level-number-format:bullet;\r\n	mso-level-text:?;\r\n	mso-level-tab-stop:none;\r\n	mso-level-number-position:left;\r\n	margin-left:143.9pt;\r\n	text-indent:-.25in;\r\n	font-family:Symbol;}\r\n@list l4:level5\r\n	{mso-level-number-format:bullet;\r\n	mso-level-text:o;\r\n	mso-level-tab-stop:none;\r\n	mso-level-number-position:left;\r\n	margin-left:179.9pt;\r\n	text-indent:-.25in;\r\n	font-family:\"Courier New\";\r\n	mso-bidi-font-family:\"Times New Roman\";}\r\n@list l4:level6\r\n	{mso-level-number-format:bullet;\r\n	mso-level-text:?;\r\n	mso-level-tab-stop:none;\r\n	mso-level-number-position:left;\r\n	margin-left:215.9pt;\r\n	text-indent:-.25in;\r\n	font-family:Wingdings;}\r\n@list l4:level7\r\n	{mso-level-number-format:bullet;\r\n	mso-level-text:?;\r\n	mso-level-tab-stop:none;\r\n	mso-level-number-position:left;\r\n	margin-left:251.9pt;\r\n	text-indent:-.25in;\r\n	font-family:Symbol;}\r\n@list l4:level8\r\n	{mso-level-number-format:bullet;\r\n	mso-level-text:o;\r\n	mso-level-tab-stop:none;\r\n	mso-level-number-position:left;\r\n	margin-left:287.9pt;\r\n	text-indent:-.25in;\r\n	font-family:\"Courier New\";\r\n	mso-bidi-font-family:\"Times New Roman\";}\r\n@list l4:level9\r\n	{mso-level-number-format:bullet;\r\n	mso-level-text:?;\r\n	mso-level-tab-stop:none;\r\n	mso-level-number-position:left;\r\n	margin-left:323.9pt;\r\n	text-indent:-.25in;\r\n	font-family:Wingdings;}\r\n\r\n-->\r\n</style><p class=\"MsoNormal\" align=\"center\" style=\"margin-left: 0in; text-indent: 0in; text-align: center;\"><b><u><span style=\"font-size: 9pt; font-family: Tahoma, sans-serif;\">TELEPHONE ETIQUETTE</span></u></b></p><p class=\"MsoNormal\" style=\"margin-left: 0in; text-indent: -0.1pt;\"><b><span style=\"font-size: 9.5pt; font-family: Tahoma, sans-serif;\">Standard:<o:p></o:p></span></b></p><p class=\"MsoNormal\" style=\"margin-left: 0in; text-indent: -0.1pt; line-height: 1.6pt;\"><span style=\"font-family: &quot;Times New Roman&quot;, serif;\"><o:p>&nbsp;</o:p></span></p><p class=\"MsoNormal\" style=\"margin-right: 15pt; margin-left: 0in; text-indent: -0.1pt; line-height: 14.533332824707031px;\"><span style=\"font-size: 9pt; line-height: 13.079999923706055px; font-family: Tahoma, sans-serif;\">To ensure a consistently high level of corporate etiquette when handling enquiries received through the telephone.<o:p></o:p></span></p><p class=\"MsoNormal\" style=\"margin-left: 0in; text-indent: -0.1pt; line-height: 11.25pt;\"><span style=\"font-family: &quot;Times New Roman&quot;, serif;\"><o:p>&nbsp;</o:p></span></p><p class=\"MsoNormal\" style=\"margin-left: 0in; text-indent: -0.1pt;\"><b><span style=\"font-size: 9.5pt; font-family: Tahoma, sans-serif;\">Rationale:<o:p></o:p></span></b></p><p class=\"MsoNormal\" style=\"margin-left: 0in; text-indent: -0.1pt; line-height: 1.6pt;\"><span style=\"font-family: &quot;Times New Roman&quot;, serif;\"><o:p>&nbsp;</o:p></span></p><p class=\"MsoNormal\" style=\"margin-right: 12pt; margin-left: 0in; text-indent: -0.1pt; text-align: justify; line-height: 14.666666030883789px;\"><span style=\"font-size: 9pt; line-height: 13.199999809265137px; font-family: Tahoma, sans-serif;\">It is often through the telephone that potential clients first make contact with our sales team. Professionally managed telephone conversations with a systematic flow of information acquisition would effectively reinforce the positive image of the organization.<o:p></o:p></span></p><p class=\"MsoNormal\" style=\"margin-left: 0in; text-indent: -0.1pt; line-height: 11.35pt;\"><span style=\"font-family: &quot;Times New Roman&quot;, serif;\"><o:p>&nbsp;</o:p></span></p><p class=\"MsoNormal\" style=\"margin-left: 0in; text-indent: -0.1pt;\"><b><span style=\"font-size: 9.5pt; font-family: Tahoma, sans-serif;\">Procedure:<o:p></o:p></span></b></p><p class=\"MsoNormal\" style=\"margin-left: 0in; text-indent: -0.1pt; line-height: 12.35pt;\"><span style=\"font-family: &quot;Times New Roman&quot;, serif;\"><o:p>&nbsp;</o:p></span></p><p class=\"MsoNormal\" style=\"margin-left:50.0pt;mso-para-margin-left:0gd;\r\ntext-indent:-17.6pt;mso-char-indent-count:0;mso-line-height-alt:0pt;mso-outline-level:\r\nbody-text;mso-list:l0 level2 lfo1;mso-hyphenate:auto;tab-stops:50.0pt;\r\nmso-vertical-align-alt:auto\"><!--[if !supportLists]--><span style=\"font-size:9.0pt;\r\nmso-bidi-font-size:10.0pt;font-family:&quot;Tahoma&quot;,sans-serif;mso-fareast-font-family:\r\nTahoma;mso-bidi-font-weight:bold\">1.<span style=\"font-stretch: normal; font-size: 7pt; line-height: normal; font-family: &quot;Times New Roman&quot;;\">&nbsp;&nbsp;&nbsp;&nbsp;&nbsp;</span></span><!--[endif]--><span style=\"font-size: 9pt; font-family: Tahoma, sans-serif;\">Telephone calls must be answered within four (4) rings<o:p></o:p></span></p><p class=\"MsoNormal\" style=\"margin-left: 0in; text-indent: -0.1pt; line-height: 1.85pt;\"><span style=\"font-size: 9pt; font-family: Tahoma, sans-serif;\"><o:p>&nbsp;</o:p></span></p><p class=\"MsoNormal\" style=\"margin-left:50.0pt;mso-para-margin-left:0gd;\r\ntext-indent:-17.6pt;mso-char-indent-count:0;mso-line-height-alt:0pt;mso-outline-level:\r\nbody-text;mso-list:l0 level2 lfo1;mso-hyphenate:auto;tab-stops:50.0pt;\r\nmso-vertical-align-alt:auto\"><!--[if !supportLists]--><span style=\"font-size:9.0pt;\r\nmso-bidi-font-size:10.0pt;font-family:&quot;Tahoma&quot;,sans-serif;mso-fareast-font-family:\r\nTahoma;mso-bidi-font-weight:bold\">2.<span style=\"font-stretch: normal; font-size: 7pt; line-height: normal; font-family: &quot;Times New Roman&quot;;\">&nbsp;&nbsp;&nbsp;&nbsp;&nbsp;</span></span><!--[endif]--><span style=\"font-size: 9pt; font-family: Tahoma, sans-serif;\">When speaking over the telephone:<o:p></o:p></span></p><p class=\"MsoNormal\" style=\"margin-left: 0in; text-indent: -0.1pt; line-height: 0.7pt;\"><span style=\"font-size: 9pt; font-family: Tahoma, sans-serif;\"><o:p>&nbsp;</o:p></span></p><p class=\"MsoNormal\" style=\"margin-left: 0in; text-indent: -0.1pt;\"><span style=\"font-size: 9pt; font-family: Tahoma, sans-serif;\">Be attentive and focus attention on the call<o:p></o:p></span></p><p class=\"MsoNormal\" style=\"margin-left: 0in; text-indent: -0.1pt; line-height: 1.65pt;\"><span style=\"font-size: 9pt; font-family: Tahoma, sans-serif;\"><o:p>&nbsp;</o:p></span></p><p class=\"MsoNormal\" style=\"margin-right: 264pt; margin-left: 0in; text-indent: -0.1pt; line-height: 14.266666412353516px;\"><span style=\"font-size: 9pt; line-height: 12.84000015258789px; font-family: Tahoma, sans-serif;\">Do not attempt to multi-task Smile<o:p></o:p></span></p><p class=\"MsoNormal\" style=\"margin-left: 0in; text-indent: -0.1pt; line-height: 0.8pt;\"><span style=\"font-size: 9pt; font-family: Tahoma, sans-serif;\"><o:p>&nbsp;</o:p></span></p><p class=\"MsoNormal\" style=\"margin-left: 0in; text-indent: -0.1pt;\"><span style=\"font-size: 9pt; font-family: Tahoma, sans-serif;\">Have pen and paper in hand to take notes<o:p></o:p></span></p><p class=\"MsoNormal\" style=\"margin-left: 0in; text-indent: -0.1pt; line-height: 0.1pt;\"><span style=\"font-size: 9pt; font-family: Tahoma, sans-serif;\"><o:p>&nbsp;</o:p></span></p><p class=\"MsoNormal\" style=\"margin-left:40.0pt;mso-para-margin-left:0gd;\r\ntext-indent:-11.2pt;mso-char-indent-count:0;mso-line-height-alt:0pt;mso-outline-level:\r\nbody-text;mso-list:l1 level1 lfo2;mso-hyphenate:auto;tab-stops:40.0pt;\r\nmso-vertical-align-alt:auto\"><!--[if !supportLists]--><span style=\"font-size:9.0pt;\r\nmso-bidi-font-size:10.0pt;font-family:&quot;Tahoma&quot;,sans-serif;mso-fareast-font-family:\r\nTahoma;mso-bidi-font-weight:bold\">3.<span style=\"font-stretch: normal; font-size: 7pt; line-height: normal; font-family: &quot;Times New Roman&quot;;\">&nbsp;&nbsp;</span></span><!--[endif]--><span style=\"font-size: 9pt; font-family: Tahoma, sans-serif;\">Standardized Greeting<o:p></o:p></span></p><p class=\"MsoNormal\" style=\"margin-left: 0in; text-indent: -0.1pt; line-height: 1.7pt;\"><span style=\"font-size: 9pt; font-family: Tahoma, sans-serif;\"><o:p>&nbsp;</o:p></span></p><p class=\"MsoNormal\" style=\"margin-right: 26pt; margin-left: 0in; text-indent: -0.1pt; line-height: 13.199999809265137px;\"><span style=\"font-size: 9pt; line-height: 11.880000114440918px; font-family: Tahoma, sans-serif;\">Good morning / afternoon / evening. eOcambo Technology. This is&nbsp;</span><span style=\"font-size: 7.5pt; line-height: 9.899999618530273px; font-family: Tahoma, sans-serif;\">&lt;</span><i><span style=\"font-size: 9pt; line-height: 11.880000114440918px; font-family: Tahoma, sans-serif;\">Staff</span></i><span style=\"font-size: 9pt; line-height: 11.880000114440918px; font-family: Tahoma, sans-serif;\"><i><u>Name</u></i></span><u><span style=\"font-size: 7.5pt; line-height: 9.899999618530273px; font-family: Tahoma, sans-serif;\">&gt;.</span></u><i><span style=\"font-size: 9pt; line-height: 11.880000114440918px; font-family: Tahoma, sans-serif;\"></span></i><span style=\"font-size: 9pt; line-height: 11.880000114440918px; font-family: Tahoma, sans-serif;\">How may I help you?<o:p></o:p></span></p><p class=\"MsoNormal\" style=\"margin-left: 0in; text-indent: -0.1pt; line-height: 2.7pt;\"><span style=\"font-size: 9pt; font-family: Tahoma, sans-serif;\"><o:p>&nbsp;</o:p></span></p><p class=\"MsoNormal\" style=\"margin-left:40.0pt;mso-para-margin-left:0gd;\r\ntext-indent:-11.2pt;mso-char-indent-count:0;mso-line-height-alt:0pt;mso-outline-level:\r\nbody-text;mso-list:l1 level1 lfo2;mso-hyphenate:auto;tab-stops:40.0pt;\r\nmso-vertical-align-alt:auto\"><!--[if !supportLists]--><span style=\"font-size:9.0pt;\r\nmso-bidi-font-size:10.0pt;font-family:&quot;Tahoma&quot;,sans-serif;mso-fareast-font-family:\r\nTahoma;mso-bidi-font-weight:bold\">4.<span style=\"font-stretch: normal; font-size: 7pt; line-height: normal; font-family: &quot;Times New Roman&quot;;\">&nbsp;&nbsp;</span></span><!--[endif]--><span style=\"font-size: 9pt; font-family: Tahoma, sans-serif;\">Gather Information<o:p></o:p></span></p><p class=\"MsoNormal\" style=\"margin-left: 0in; text-indent: -0.1pt; line-height: 0.7pt;\"><span style=\"font-size: 9pt; font-family: Tahoma, sans-serif;\"><o:p>&nbsp;</o:p></span></p><p class=\"MsoNormal\" style=\"margin-left: 0in; text-indent: -0.1pt;\"><span style=\"font-size: 9pt; font-family: Tahoma, sans-serif;\">Caller\'s Name<o:p></o:p></span></p><p class=\"MsoNormal\" style=\"margin-left: 0in; text-indent: -0.1pt; line-height: 1pt;\"><span style=\"font-family: &quot;Times New Roman&quot;, serif;\"><o:p></o:p></span></p><p class=\"MsoNormal\" style=\"margin-left: 0in; text-indent: -0.1pt; line-height: 0.6pt;\"><span style=\"font-family: &quot;Times New Roman&quot;, serif;\"><o:p>&nbsp;</o:p></span></p><p class=\"MsoNormal\" style=\"margin-left: 0in; text-indent: -0.1pt;\"><span style=\"font-size: 9pt; font-family: Tahoma, sans-serif;\">How may I address you, sir / madam?<o:p></o:p></span></p><p class=\"MsoNormal\" style=\"margin-left: 0in; text-indent: -0.1pt; line-height: 13.199999809265137px;\"><span style=\"font-size: 9pt; line-height: 11.880000114440918px; font-family: Tahoma, sans-serif;\">Caller\'s Company<o:p></o:p></span></p><p class=\"MsoNormal\" style=\"margin-left: 0in; text-indent: -0.1pt; line-height: 1.95pt;\"><span style=\"font-family: &quot;Times New Roman&quot;, serif;\"><o:p>&nbsp;</o:p></span></p><p class=\"MsoNormal\" style=\"margin-left: 0in; text-indent: -0.1pt;\"><span style=\"font-size: 9pt; font-family: Tahoma, sans-serif;\">May I know which company you are calling from?<o:p></o:p></span></p><p class=\"MsoNormal\" style=\"margin-left: 0in; text-indent: -0.1pt; line-height: 1.9pt;\"><span style=\"font-family: &quot;Times New Roman&quot;, serif;\"><o:p>&nbsp;</o:p></span></p><p class=\"MsoNormal\" style=\"margin-right: 121pt; margin-left: 0in; text-indent: -0.1pt; line-height: 13.199999809265137px;\"><span style=\"font-size: 9pt; line-height: 11.880000114440918px; font-family: Tahoma, sans-serif;\">Caller\'s Contact Detail May I have your contact number and email address please?<o:p></o:p></span></p><p class=\"MsoNormal\" style=\"margin-left: 0in; text-indent: -0.1pt; line-height: 0.1pt;\"><span style=\"font-family: &quot;Times New Roman&quot;, serif;\"><o:p>&nbsp;</o:p></span></p><p class=\"MsoNormal\" style=\"margin-left: 0in; text-indent: -0.1pt; line-height: 13.199999809265137px;\"><span style=\"font-size: 9pt; line-height: 11.880000114440918px; font-family: Tahoma, sans-serif;\">?Our solutions/system? Requirement How many system/solutions would you require?<o:p></o:p></span></p><p class=\"MsoNormal\" style=\"margin-left: 0in; text-indent: -0.1pt; line-height: 2.95pt;\"><span style=\"font-family: &quot;Times New Roman&quot;, serif;\"><o:p>&nbsp;</o:p></span></p><p class=\"MsoNormal\" style=\"margin-left: 0in; text-indent: -0.1pt; line-height: 3.6pt;\"><span style=\"font-family: &quot;Times New Roman&quot;, serif;\"><o:p>&nbsp;</o:p></span></p><p class=\"MsoNormal\" style=\"margin-left: 0in; text-indent: -0.1pt;\"><span style=\"font-size: 9pt; font-family: Tahoma, sans-serif;\">Budget<o:p></o:p></span></p><p class=\"MsoNormal\" style=\"margin-left: 0in; text-indent: -0.1pt; line-height: 0.1pt;\"><span style=\"font-family: &quot;Times New Roman&quot;, serif;\"><o:p>&nbsp;</o:p></span></p><p class=\"MsoNormal\" style=\"margin-left: 0in; text-indent: -0.1pt;\"><span style=\"font-size: 9pt; font-family: Tahoma, sans-serif;\">Is there a budget you would like us to work within for you?<o:p></o:p></span></p><p class=\"MsoNormal\" style=\"margin-left: 0in; text-indent: -0.1pt;\"><span style=\"font-size: 9pt; font-family: Tahoma, sans-serif;\"><o:p>&nbsp;</o:p></span></p><p class=\"MsoNormal\" style=\"margin-left:33.0pt;mso-para-margin-left:0gd;\r\ntext-indent:-11.5pt;mso-char-indent-count:0;mso-line-height-alt:0pt;mso-outline-level:\r\nbody-text;mso-list:l2 level1 lfo3;mso-hyphenate:auto;tab-stops:33.0pt;\r\nmso-vertical-align-alt:auto\"><!--[if !supportLists]--><span style=\"font-size:9.0pt;\r\nmso-bidi-font-size:10.0pt;font-family:&quot;Tahoma&quot;,sans-serif;mso-fareast-font-family:\r\nTahoma;mso-bidi-font-weight:bold\">5.<span style=\"font-stretch: normal; font-size: 7pt; line-height: normal; font-family: &quot;Times New Roman&quot;;\">&nbsp;&nbsp;</span></span><!--[endif]--><span style=\"font-size: 9pt; font-family: Tahoma, sans-serif;\">Closing the Call<o:p></o:p></span></p><p class=\"MsoNormal\" style=\"margin-left: 0in; text-indent: -0.1pt; line-height: 0.7pt;\"><span style=\"font-size: 9pt; font-family: Tahoma, sans-serif;\"><o:p>&nbsp;</o:p></span></p><p class=\"MsoNormal\" style=\"margin-left: 0in; text-indent: -0.1pt;\"><span style=\"font-size: 9pt; font-family: Tahoma, sans-serif;\">Confirm all details<o:p></o:p></span></p><p class=\"MsoNormal\" style=\"margin-left: 0in; text-indent: -0.1pt; line-height: 12.4pt;\"><span style=\"font-family: &quot;Times New Roman&quot;, serif;\"><o:p>&nbsp;</o:p></span></p><p class=\"MsoNormal\" style=\"margin-left: 0in; text-indent: -0.1pt;\"><span style=\"font-size: 9pt; font-family: Tahoma, sans-serif;\">Proposal<o:p></o:p></span></p><p class=\"MsoNormal\" style=\"margin-left: 0in; text-indent: -0.1pt; line-height: 1.95pt;\"><span style=\"font-family: &quot;Times New Roman&quot;, serif;\"><o:p>&nbsp;</o:p></span></p><p class=\"MsoNormal\" style=\"margin-right: 19pt; margin-left: 0in; text-indent: -0.1pt; text-align: justify; line-height: 14.399999618530273px;\"><span style=\"font-size: 9pt; line-height: 12.960000038146973px; font-family: Tahoma, sans-serif;\">Mr/Ms &lt;Caller Name&gt;, based on the information we have gathered from you, we shall be tailoring a proposal for your consideration. Once the proposal has been sent to you, I shall follow up with a call to you to finalize on the details as proposed.<o:p></o:p></span></p><p class=\"MsoNormal\" style=\"margin-left: 0in; text-indent: -0.1pt; line-height: 0.1pt;\"><span style=\"font-family: &quot;Times New Roman&quot;, serif;\"><o:p>&nbsp;</o:p></span></p><p class=\"MsoNormal\" style=\"margin-left: 0in; text-indent: -0.1pt;\"><span style=\"font-size: 9pt; font-family: Tahoma, sans-serif;\">Farewell<o:p></o:p></span></p><p class=\"MsoNormal\" style=\"margin-left: 0in; text-indent: -0.1pt; line-height: 1.75pt;\"><span style=\"font-family: &quot;Times New Roman&quot;, serif;\"><o:p>&nbsp;</o:p></span></p><p class=\"MsoNormal\" style=\"margin-right: 19pt; margin-left: 0in; text-indent: -0.1pt; text-align: justify; line-height: 14.666666030883789px;\"><span style=\"font-size: 9pt; line-height: 13.199999809265137px; font-family: Tahoma, sans-serif;\">Thank you for your call, and once again, my name is &lt;Staff Name&gt; and I may be reached at &lt;Phone number&gt; or at &lt;email address&gt; should you require anything further. Have a great day ahead!<o:p></o:p></span></p><p class=\"MsoNormal\" style=\"margin-left:33.0pt;mso-para-margin-left:0gd;\r\ntext-indent:-11.5pt;mso-char-indent-count:0;mso-line-height-alt:0pt;mso-outline-level:\r\nbody-text;mso-list:l3 level1 lfo4;mso-hyphenate:auto;tab-stops:33.0pt;\r\nmso-vertical-align-alt:auto\"><!--[if !supportLists]--><span style=\"font-size:9.0pt;\r\nmso-bidi-font-size:10.0pt;font-family:&quot;Tahoma&quot;,sans-serif;mso-fareast-font-family:\r\nTahoma;mso-bidi-font-weight:bold\">6.<span style=\"font-stretch: normal; font-size: 7pt; line-height: normal; font-family: &quot;Times New Roman&quot;;\">&nbsp;&nbsp;</span></span><!--[endif]--><span style=\"font-size: 9pt; font-family: Tahoma, sans-serif;\">Follow-up<o:p></o:p></span></p><p class=\"MsoNormal\" style=\"margin-right: 20pt; margin-left: 0in; text-indent: -0.1pt; line-height: 14.533332824707031px;\"><span style=\"font-size: 9pt; line-height: 13.079999923706055px; font-family: Tahoma, sans-serif;\">Good morning / afternoon / evening, Mr / Ms&nbsp;</span><span style=\"font-size: 7.5pt; line-height: 10.899999618530273px; font-family: Tahoma, sans-serif;\">&lt;</span><i><span style=\"font-size: 9pt; line-height: 13.079999923706055px; font-family: Tahoma, sans-serif;\">Client Name</span></i><span style=\"font-size: 7.5pt; line-height: 10.899999618530273px; font-family: Tahoma, sans-serif;\">&gt;.</span><span style=\"font-size: 9pt; line-height: 13.079999923706055px; font-family: Tahoma, sans-serif;\">This is&nbsp;</span><span style=\"font-size: 7.5pt; line-height: 10.899999618530273px; font-family: Tahoma, sans-serif;\">&lt;</span><i><span style=\"font-size: 9pt; line-height: 13.079999923706055px; font-family: Tahoma, sans-serif;\">Staff Name</span></i><span style=\"font-size: 7.5pt; line-height: 10.899999618530273px; font-family: Tahoma, sans-serif;\">&gt;</span><span style=\"font-size: 9pt; line-height: 13.079999923706055px; font-family: Tahoma, sans-serif;\">calling from eOcambo Technology</span><u><span style=\"font-size: 7.5pt; line-height: 10.899999618530273px; font-family: Tahoma, sans-serif;\">.</span></u><span style=\"font-size: 9pt; line-height: 13.079999923706055px; font-family: Tahoma, sans-serif;\">I am following up on the proposal we had sent on&nbsp;</span><span style=\"font-size: 7.5pt; line-height: 10.899999618530273px; font-family: Tahoma, sans-serif;\">&lt;</span><span style=\"font-size: 9pt; line-height: 13.079999923706055px; font-family: Tahoma, sans-serif;\"><i>Date Proposal was Sent</i></span><span style=\"font-size: 7.5pt; line-height: 10.899999618530273px; font-family: Tahoma, sans-serif;\">&gt;<o:p></o:p></span></p><p class=\"MsoNormal\" style=\"margin-left: 0in; text-indent: -0.1pt; line-height: 0.15pt;\"><span style=\"font-size: 9pt; font-family: Tahoma, sans-serif;\"><o:p>&nbsp;</o:p></span></p><p class=\"MsoNormal\" style=\"margin-right: 19pt; margin-left: 0in; text-indent: -0.1pt; line-height: 14.533332824707031px;\"><span style=\"font-size: 9pt; line-height: 13.079999923706055px; font-family: Tahoma, sans-serif;\">Thank you for your time. We shall make the necessary revisions as discussed, following which we shall be sending you a finalized contract for your signature. We look forward to your final decision and cooperate with your company. Have a great day ahead!<o:p></o:p></span></p><p class=\"MsoNormal\" style=\"margin-left: 0in; text-indent: -0.1pt; line-height: 1pt;\"><span style=\"font-family: &quot;Times New Roman&quot;, serif;\"><o:p></o:p></span></p><p class=\"MsoNormal\" style=\"margin-left: 0in; text-indent: 0in;\"><br></p><p class=\"MsoNormal\" style=\"margin-left: 0in; text-indent: -0.1pt;\"><b><span style=\"font-size: 9pt; font-family: Tahoma, sans-serif;\">When the phone rings:<o:p></o:p></span></b></p><p class=\"MsoNormal\" style=\"margin-left: 0in; text-indent: -0.1pt; line-height: 1.9pt;\"><span style=\"font-family: &quot;Times New Roman&quot;, serif;\"><o:p>&nbsp;</o:p></span></p><p class=\"MsoListParagraph\" style=\"margin-right: 293pt; margin-left: 35.9pt; text-indent: -0.25in; line-height: 107%;\"><!--[if !supportLists]--><span style=\"font-size:9.0pt;mso-bidi-font-size:10.0pt;line-height:107%;font-family:\r\nSymbol;mso-fareast-font-family:Symbol;mso-bidi-font-family:Symbol;mso-bidi-font-weight:\r\nbold\"><span style=\"font-stretch: normal; font-size: 7pt; line-height: normal; font-family: &quot;Times New Roman&quot;;\">&nbsp;&nbsp;&nbsp;&nbsp;&nbsp;&nbsp;</span></span><!--[endif]--><span style=\"font-size: 9pt; line-height: 12.84000015258789px; font-family: Tahoma, sans-serif;\">stop other activities smile<o:p></o:p></span></p><p class=\"MsoNormal\" style=\"margin-left: 0in; text-indent: -0.1pt; line-height: 0.75pt;\"><span style=\"font-family: &quot;Times New Roman&quot;, serif;\"><o:p>&nbsp;</o:p></span></p><p class=\"MsoListParagraph\" style=\"margin-right: 236pt; margin-left: 35.9pt; text-indent: -0.25in; line-height: 106%;\"><!--[if !supportLists]--><span style=\"font-size:8.5pt;mso-bidi-font-size:10.0pt;line-height:106%;font-family:\r\nSymbol;mso-fareast-font-family:Symbol;mso-bidi-font-family:Symbol;mso-bidi-font-weight:\r\nbold\"><span style=\"font-stretch: normal; font-size: 7pt; line-height: normal; font-family: &quot;Times New Roman&quot;;\">&nbsp;&nbsp;&nbsp;&nbsp;&nbsp;&nbsp;</span></span><!--[endif]--><span style=\"font-size: 8.5pt; line-height: 12.01333236694336px; font-family: Tahoma, sans-serif;\">answer the phone within 4 rings use standardized greeting<o:p></o:p></span></p><p class=\"MsoNormal\" style=\"margin-left: 0in; text-indent: -0.1pt; line-height: 0.05pt;\"><span style=\"font-family: &quot;Times New Roman&quot;, serif;\"><o:p>&nbsp;</o:p></span></p><p class=\"MsoListParagraph\" style=\"margin-left:35.9pt;mso-add-space:auto;\r\nmso-para-margin-left:0gd;mso-add-space:auto;text-indent:-.25in;mso-char-indent-count:\r\n0;line-height:99%;mso-list:l4 level1 lfo5\"><!--[if !supportLists]--><span style=\"font-size:9.0pt;mso-bidi-font-size:10.0pt;line-height:99%;font-family:\r\nSymbol;mso-fareast-font-family:Symbol;mso-bidi-font-family:Symbol;mso-bidi-font-weight:\r\nbold\"><span style=\"font-stretch: normal; font-size: 7pt; line-height: normal; font-family: &quot;Times New Roman&quot;;\">&nbsp;&nbsp;&nbsp;&nbsp;&nbsp;&nbsp;</span></span><!--[endif]--><span style=\"font-size: 9pt; line-height: 11.880000114440918px; font-family: Tahoma, sans-serif;\">have pen and paper ready to take notes</span></p><p class=\"MsoNormal\" style=\"margin-left: 0in; text-indent: -0.1pt;\"><b><span style=\"font-size: 9pt; font-family: Tahoma, sans-serif;\">During the call:<o:p></o:p></span></b></p><p class=\"MsoNormal\" style=\"margin-left: 0in; text-indent: -0.1pt; line-height: 1pt;\"><span style=\"font-family: &quot;Times New Roman&quot;, serif;\"><o:p>&nbsp;</o:p></span></p><p class=\"MsoNormal\" style=\"margin-left: 0in; text-indent: -0.1pt; line-height: 0.85pt;\"><span style=\"font-family: &quot;Times New Roman&quot;, serif;\"><o:p>&nbsp;</o:p></span></p><p class=\"MsoListParagraphCxSpFirst\" style=\"margin-right: 236pt; margin-left: 35.9pt; text-indent: -0.25in; line-height: 106%;\"><!--[if !supportLists]--><span style=\"font-size:8.5pt;mso-bidi-font-size:10.0pt;line-height:106%;font-family:\r\nSymbol;mso-fareast-font-family:Symbol;mso-bidi-font-family:Symbol;mso-bidi-font-weight:\r\nbold\"><span style=\"font-stretch: normal; font-size: 7pt; line-height: normal; font-family: &quot;Times New Roman&quot;;\">&nbsp;&nbsp;&nbsp;&nbsp;&nbsp;&nbsp;</span></span><!--[endif]--><span style=\"font-size: 8.5pt; line-height: 12.01333236694336px; font-family: Tahoma, sans-serif;\">ascertain caller\'s name, company/department<o:p></o:p></span></p><p class=\"MsoListParagraphCxSpMiddle\" style=\"margin-right: 236pt; margin-left: 35.9pt; text-indent: -0.25in; line-height: 106%;\"><!--[if !supportLists]--><span style=\"font-size:8.5pt;mso-bidi-font-size:10.0pt;line-height:106%;font-family:\r\nSymbol;mso-fareast-font-family:Symbol;mso-bidi-font-family:Symbol;mso-bidi-font-weight:\r\nbold\"><span style=\"font-stretch: normal; font-size: 7pt; line-height: normal; font-family: &quot;Times New Roman&quot;;\">&nbsp;&nbsp;&nbsp;&nbsp;&nbsp;&nbsp;</span></span><!--[endif]--><span style=\"font-size: 8.5pt; line-height: 12.01333236694336px; font-family: Tahoma, sans-serif;\">listen attentively to caller\'s requirements gather details as necessary<o:p></o:p></span></p><p class=\"MsoListParagraphCxSpMiddle\" style=\"margin-right: 236pt; margin-left: 35.9pt; text-indent: -0.25in; line-height: 106%;\"><!--[if !supportLists]--><span style=\"font-size:8.5pt;mso-bidi-font-size:10.0pt;line-height:106%;font-family:\r\nSymbol;mso-fareast-font-family:Symbol;mso-bidi-font-family:Symbol;mso-bidi-font-weight:\r\nbold\"><span style=\"font-stretch: normal; font-size: 7pt; line-height: normal; font-family: &quot;Times New Roman&quot;;\">&nbsp;&nbsp;&nbsp;&nbsp;&nbsp;&nbsp;</span></span><!--[endif]--><span style=\"font-size: 8.5pt; line-height: 12.01333236694336px; font-family: Tahoma, sans-serif;\">confirm all details by repeating back to caller<o:p></o:p></span></p><p class=\"MsoListParagraphCxSpLast\" style=\"margin-right: 236pt; margin-left: 35.9pt; text-indent: -0.25in; line-height: 106%;\"><!--[if !supportLists]--><span style=\"font-size:8.5pt;mso-bidi-font-size:10.0pt;line-height:106%;font-family:\r\nSymbol;mso-fareast-font-family:Symbol;mso-bidi-font-family:Symbol;mso-bidi-font-weight:\r\nbold\"><span style=\"font-stretch: normal; font-size: 7pt; line-height: normal; font-family: &quot;Times New Roman&quot;;\">&nbsp;&nbsp;&nbsp;&nbsp;&nbsp;&nbsp;</span></span><!--[endif]--><span style=\"font-size: 8.5pt; line-height: 12.01333236694336px; font-family: Tahoma, sans-serif;\">when transferring calls, inform caller of the other party\'s name &amp; phone number</span></p><p class=\"MsoNormal\" style=\"margin-left: 0in; text-indent: -0.1pt;\"><b><span style=\"font-size: 9pt; font-family: Tahoma, sans-serif;\">When ending the call:<o:p></o:p></span></b></p><p class=\"MsoListParagraphCxSpFirst\" style=\"margin-right: 236pt; margin-left: 35.9pt; text-indent: -0.25in; line-height: 106%;\"><!--[if !supportLists]--><span style=\"font-size:8.5pt;mso-bidi-font-size:10.0pt;line-height:106%;font-family:\r\nSymbol;mso-fareast-font-family:Symbol;mso-bidi-font-family:Symbol;mso-bidi-font-weight:\r\nbold\"><span style=\"font-stretch: normal; font-size: 7pt; line-height: normal; font-family: &quot;Times New Roman&quot;;\">&nbsp;&nbsp;&nbsp;&nbsp;&nbsp;&nbsp;</span></span><!--[endif]--><span style=\"font-size: 8.5pt; line-height: 12.01333236694336px; font-family: Tahoma, sans-serif;\">use standardized ending<o:p></o:p></span></p><p class=\"MsoListParagraphCxSpLast\" style=\"margin-right: 236pt; margin-left: 35.9pt; text-indent: -0.25in; line-height: 106%;\"><!--[if !supportLists]--><span style=\"font-size:8.5pt;mso-bidi-font-size:10.0pt;line-height:106%;font-family:\r\nSymbol;mso-fareast-font-family:Symbol;mso-bidi-font-family:Symbol;mso-bidi-font-weight:\r\nbold\"><span style=\"font-stretch: normal; font-size: 7pt; line-height: normal; font-family: &quot;Times New Roman&quot;;\">&nbsp;&nbsp;&nbsp;&nbsp;&nbsp;&nbsp;</span></span><!--[endif]--><span style=\"font-size: 8.5pt; line-height: 12.01333236694336px; font-family: Tahoma, sans-serif;\">wait for caller to hang up first<o:p></o:p></span></p><p class=\"MsoNormal\" style=\"margin-left: 0in; text-indent: 0in;\"><br></p><p class=\"MsoNormal\" align=\"center\" style=\"margin-left: 0in; text-indent: 0in; text-align: center;\"><b><i><span style=\"font-family: Tahoma, sans-serif;\">End of S.O.P. ? TELEPHONE ETIQUETTE<o:p></o:p></span></i></b></p>');
INSERT INTO `standard_operation_procedure_set_up` VALUES (6, 'FIELD SALES AND MARKETING STANDARD PROCEDURE ', 7, 1, '2019-08-30', 1, NULL, NULL, '<p class=\"MsoNormal\" align=\"center\" style=\"margin-left: 0in; text-indent: -0.1pt; text-align: center;\"><b><u><span style=\"font-size: 9pt; font-family: Tahoma, sans-serif;\">FIELD SALES AND MARKETING STANDARD PROCEDURE&nbsp;<o:p></o:p></span></u></b></p><p class=\"MsoNormal\" style=\"margin: 0in 0in 0.0001pt; text-indent: -0.1pt; font-size: 10pt; font-family: Calibri, sans-serif; position: relative; top: 0.5pt; caret-color: rgb(0, 0, 0); color: rgb(0, 0, 0); font-style: normal; font-variant-caps: normal; font-weight: normal; letter-spacing: normal; orphans: auto; text-align: start; text-transform: none; white-space: normal; widows: auto; word-spacing: 0px; -webkit-text-size-adjust: auto; -webkit-text-stroke-width: 0px; text-decoration: none;\"><b><span style=\"font-size: 9pt; font-family: Tahoma, sans-serif;\">SA must:<o:p></o:p></span></b></p><p class=\"MsoNormal\" style=\"margin-left:45.0pt;mso-para-margin-left:0gd;\r\ntext-indent:-18.35pt;mso-char-indent-count:0;line-height:99%;mso-outline-level:\r\nbody-text;mso-list:l0 level1 lfo1;mso-hyphenate:auto;tab-stops:45.0pt;\r\nmso-vertical-align-alt:auto\"><!--[if !supportLists]--><span style=\"font-size:9.0pt;\r\nmso-bidi-font-size:10.0pt;line-height:99%;font-family:&quot;Tahoma&quot;,sans-serif;\r\nmso-fareast-font-family:Tahoma;mso-bidi-font-weight:bold\"><span style=\"mso-list:Ignore\">1.<span style=\"font:7.0pt &quot;Times New Roman&quot;\">&nbsp;&nbsp;&nbsp;&nbsp;&nbsp;</span></span></span><!--[endif]--><span style=\"font-size: 9pt; line-height: 11.880000114440918px; font-family: Tahoma, sans-serif;\">have a clear understanding of the Sales Management Cycle<o:p></o:p></span></p><p class=\"MsoNormal\" style=\"margin: 0in 0in 0.0001pt; text-indent: -0.1pt; font-size: 10pt; font-family: Calibri, sans-serif; position: relative; top: 0.5pt; caret-color: rgb(0, 0, 0); color: rgb(0, 0, 0); font-style: normal; font-variant-caps: normal; font-weight: normal; letter-spacing: normal; orphans: auto; text-align: start; text-transform: none; white-space: normal; widows: auto; word-spacing: 0px; -webkit-text-size-adjust: auto; -webkit-text-stroke-width: 0px; text-decoration: none; line-height: 1.9pt;\"><span style=\"font-size: 9pt; font-family: Tahoma, sans-serif;\"><o:p>&nbsp;</o:p></span></p><p class=\"MsoNormal\" style=\"margin-top:0in;margin-right:23.0pt;margin-bottom:\r\n0in;margin-left:45.0pt;margin-bottom:.0001pt;mso-para-margin-top:0in;\r\nmso-para-margin-right:23.0pt;mso-para-margin-bottom:0in;mso-para-margin-left:\r\n0gd;mso-para-margin-bottom:.0001pt;text-indent:-18.35pt;mso-char-indent-count:\r\n0;line-height:109%;mso-outline-level:body-text;mso-list:l0 level1 lfo1;\r\nmso-hyphenate:auto;tab-stops:45.0pt;mso-vertical-align-alt:auto\"><!--[if !supportLists]--><span style=\"font-size:9.0pt;mso-bidi-font-size:10.0pt;line-height:109%;font-family:\r\n&quot;Tahoma&quot;,sans-serif;mso-fareast-font-family:Tahoma;mso-bidi-font-weight:bold\"><span style=\"mso-list:Ignore\">2.<span style=\"font:7.0pt &quot;Times New Roman&quot;\">&nbsp;&nbsp;&nbsp;&nbsp;&nbsp;</span></span></span><!--[endif]--><span style=\"font-size: 9pt; line-height: 13.079999923706055px; font-family: Tahoma, sans-serif;\">achieve 1 quality Sales Calls daily or a minimum of 40 Sales Calls monthly (excludes tele-sales)<o:p></o:p></span></p><p class=\"MsoNormal\" style=\"margin: 0in 0in 0.0001pt; text-indent: -0.1pt; font-size: 10pt; font-family: Calibri, sans-serif; position: relative; top: 0.5pt; caret-color: rgb(0, 0, 0); color: rgb(0, 0, 0); font-style: normal; font-variant-caps: normal; font-weight: normal; letter-spacing: normal; orphans: auto; text-align: start; text-transform: none; white-space: normal; widows: auto; word-spacing: 0px; -webkit-text-size-adjust: auto; -webkit-text-stroke-width: 0px; text-decoration: none; line-height: 11.4pt;\"><span style=\"font-family: &quot;Times New Roman&quot;, serif;\"><o:p>&nbsp;</o:p></span></p><p class=\"MsoNormal\" style=\"margin: 0in 0in 0.0001pt; text-indent: -0.1pt; font-size: 10pt; font-family: Calibri, sans-serif; position: relative; top: 0.5pt; caret-color: rgb(0, 0, 0); color: rgb(0, 0, 0); font-style: normal; font-variant-caps: normal; font-weight: normal; letter-spacing: normal; orphans: auto; text-align: start; text-transform: none; white-space: normal; widows: auto; word-spacing: 0px; -webkit-text-size-adjust: auto; -webkit-text-stroke-width: 0px; text-decoration: none;\"><b><span style=\"font-size: 9.5pt; font-family: Tahoma, sans-serif;\">Rationale:<o:p></o:p></span></b></p><p class=\"MsoNormal\" style=\"margin: 0in 0in 0.0001pt; text-indent: -0.1pt; font-size: 10pt; font-family: Calibri, sans-serif; position: relative; top: 0.5pt; caret-color: rgb(0, 0, 0); color: rgb(0, 0, 0); font-style: normal; font-variant-caps: normal; font-weight: normal; letter-spacing: normal; orphans: auto; text-align: start; text-transform: none; white-space: normal; widows: auto; word-spacing: 0px; -webkit-text-size-adjust: auto; -webkit-text-stroke-width: 0px; text-decoration: none; line-height: 1.6pt;\"><span style=\"font-family: &quot;Times New Roman&quot;, serif;\"><o:p>&nbsp;</o:p></span></p><p class=\"MsoNormal\" style=\"margin: 0in 25pt 0.0001pt 0in; text-indent: -0.1pt; font-size: 10pt; font-family: Calibri, sans-serif; position: relative; top: 0.5pt; caret-color: rgb(0, 0, 0); color: rgb(0, 0, 0); font-style: normal; font-variant-caps: normal; font-weight: normal; letter-spacing: normal; orphans: auto; text-align: start; text-transform: none; white-space: normal; widows: auto; word-spacing: 0px; -webkit-text-size-adjust: auto; -webkit-text-stroke-width: 0px; text-decoration: none; line-height: 14.533332824707031px;\"><span style=\"font-size: 9pt; line-height: 13.079999923706055px; font-family: Tahoma, sans-serif;\">A structured sales cycle with clear deliverables ensures that the SM covers all areas when managing their clients.<o:p></o:p></span></p><p class=\"MsoNormal\" style=\"margin: 0in 0in 0.0001pt; text-indent: -0.1pt; font-size: 10pt; font-family: Calibri, sans-serif; position: relative; top: 0.5pt; caret-color: rgb(0, 0, 0); color: rgb(0, 0, 0); font-style: normal; font-variant-caps: normal; font-weight: normal; letter-spacing: normal; orphans: auto; text-align: start; text-transform: none; white-space: normal; widows: auto; word-spacing: 0px; -webkit-text-size-adjust: auto; -webkit-text-stroke-width: 0px; text-decoration: none; line-height: 11.25pt;\"><span style=\"font-family: &quot;Times New Roman&quot;, serif;\"><o:p>&nbsp;</o:p></span></p><p class=\"MsoNormal\" style=\"margin: 0in 0in 0.0001pt; text-indent: -0.1pt; font-size: 10pt; font-family: Calibri, sans-serif; position: relative; top: 0.5pt; caret-color: rgb(0, 0, 0); color: rgb(0, 0, 0); font-style: normal; font-variant-caps: normal; font-weight: normal; letter-spacing: normal; orphans: auto; text-align: start; text-transform: none; white-space: normal; widows: auto; word-spacing: 0px; -webkit-text-size-adjust: auto; -webkit-text-stroke-width: 0px; text-decoration: none;\"><b><span style=\"font-size: 9.5pt; font-family: Tahoma, sans-serif;\">Procedure:<o:p></o:p></span></b></p><p class=\"MsoNormal\" style=\"margin: 0in 0in 0.0001pt; text-indent: -0.1pt; font-size: 10pt; font-family: Calibri, sans-serif; position: relative; top: 0.5pt; caret-color: rgb(0, 0, 0); color: rgb(0, 0, 0); font-style: normal; font-variant-caps: normal; font-weight: normal; letter-spacing: normal; orphans: auto; text-align: start; text-transform: none; white-space: normal; widows: auto; word-spacing: 0px; -webkit-text-size-adjust: auto; -webkit-text-stroke-width: 0px; text-decoration: none; line-height: 12.35pt;\"><span style=\"font-family: &quot;Times New Roman&quot;, serif;\"><o:p>&nbsp;</o:p></span></p><p class=\"MsoNormal\" style=\"margin: 0in 0in 0.0001pt; text-indent: -0.1pt; font-size: 10pt; font-family: Calibri, sans-serif; position: relative; top: 0.5pt; caret-color: rgb(0, 0, 0); color: rgb(0, 0, 0); font-style: normal; font-variant-caps: normal; font-weight: normal; letter-spacing: normal; orphans: auto; text-align: start; text-transform: none; white-space: normal; widows: auto; word-spacing: 0px; -webkit-text-size-adjust: auto; -webkit-text-stroke-width: 0px; text-decoration: none;\"><b><span style=\"font-size: 9pt; font-family: Tahoma, sans-serif;\">Sales Management Cycle<o:p></o:p></span></b></p><p class=\"MsoNormal\" style=\"margin: 0in 0in 0.0001pt; text-indent: -0.1pt; font-size: 10pt; font-family: Calibri, sans-serif; position: relative; top: 0.5pt; caret-color: rgb(0, 0, 0); color: rgb(0, 0, 0); font-style: normal; font-variant-caps: normal; font-weight: normal; letter-spacing: normal; orphans: auto; text-align: start; text-transform: none; white-space: normal; widows: auto; word-spacing: 0px; -webkit-text-size-adjust: auto; -webkit-text-stroke-width: 0px; text-decoration: none; line-height: 2.6pt;\"><span style=\"font-family: &quot;Times New Roman&quot;, serif;\"><o:p>&nbsp;</o:p></span></p><p class=\"MsoNormal\" style=\"margin-left:35.0pt;mso-para-margin-left:0gd;\r\ntext-indent:-11.95pt;mso-char-indent-count:0;mso-line-height-alt:0pt;\r\nmso-outline-level:body-text;mso-list:l1 level1 lfo2;mso-hyphenate:auto;\r\ntab-stops:35.0pt;mso-vertical-align-alt:auto\"><!--[if !supportLists]--><span style=\"font-size:9.0pt;mso-bidi-font-size:10.0pt;font-family:&quot;Tahoma&quot;,sans-serif;\r\nmso-fareast-font-family:Tahoma;mso-bidi-font-weight:bold\"><span style=\"mso-list:Ignore\">1.<span style=\"font:7.0pt &quot;Times New Roman&quot;\">&nbsp;&nbsp;</span></span></span><!--[endif]--><span style=\"font-size: 9pt; font-family: Tahoma, sans-serif;\">Pre Sales Call<o:p></o:p></span></p><p class=\"MsoNormal\" style=\"margin-left:67.0pt;mso-para-margin-left:0gd;\r\ntext-indent:-11.55pt;mso-char-indent-count:0;line-height:99%;mso-outline-level:\r\nbody-text;mso-list:l1 level2 lfo2;mso-hyphenate:auto;tab-stops:67.0pt;\r\nmso-vertical-align-alt:auto\"><!--[if !supportLists]--><span style=\"font-size:9.0pt;\r\nmso-bidi-font-size:10.0pt;line-height:99%;font-family:&quot;Tahoma&quot;,sans-serif;\r\nmso-fareast-font-family:Tahoma;mso-bidi-font-weight:bold\"><span style=\"mso-list:Ignore\">a.<span style=\"font:7.0pt &quot;Times New Roman&quot;\">&nbsp;&nbsp;</span></span></span><!--[endif]--><span style=\"font-size: 9pt; line-height: 11.880000114440918px; font-family: Tahoma, sans-serif;\">Prospecting<o:p></o:p></span></p><p class=\"MsoNormal\" style=\"margin: 0in 0in 0.0001pt; text-indent: -0.1pt; font-size: 10pt; font-family: Calibri, sans-serif; position: relative; top: 0.5pt; caret-color: rgb(0, 0, 0); color: rgb(0, 0, 0); font-style: normal; font-variant-caps: normal; font-weight: normal; letter-spacing: normal; orphans: auto; text-align: start; text-transform: none; white-space: normal; widows: auto; word-spacing: 0px; -webkit-text-size-adjust: auto; -webkit-text-stroke-width: 0px; text-decoration: none; line-height: 1.85pt;\"><span style=\"font-size: 9pt; font-family: Tahoma, sans-serif;\"><o:p>&nbsp;</o:p></span></p><p class=\"MsoNormal\" style=\"margin-left:113.0pt;mso-para-margin-left:0gd;\r\ntext-indent:-53.95pt;mso-char-indent-count:0;mso-line-height-alt:0pt;\r\nmso-outline-level:body-text;mso-list:l1 level3 lfo2;mso-hyphenate:auto;\r\ntab-stops:113.0pt;mso-vertical-align-alt:auto\"><!--[if !supportLists]--><span style=\"font-size:9.0pt;mso-bidi-font-size:10.0pt;font-family:&quot;Tahoma&quot;,sans-serif;\r\nmso-fareast-font-family:Tahoma;mso-bidi-font-weight:bold\"><span style=\"mso-list:Ignore\">i.<span style=\"font:7.0pt &quot;Times New Roman&quot;\">&nbsp;&nbsp;&nbsp;&nbsp;&nbsp;&nbsp;&nbsp;&nbsp;&nbsp;&nbsp;&nbsp;&nbsp;&nbsp;&nbsp;&nbsp;&nbsp;&nbsp;&nbsp;&nbsp;&nbsp;&nbsp;&nbsp;&nbsp;&nbsp;</span></span></span><!--[endif]--><span style=\"font-size: 9pt; font-family: Tahoma, sans-serif;\">Identification of potential customers<o:p></o:p></span></p><p class=\"MsoNormal\" style=\"margin: 0in 0in 0.0001pt; text-indent: -0.1pt; font-size: 10pt; font-family: Calibri, sans-serif; position: relative; top: 0.5pt; caret-color: rgb(0, 0, 0); color: rgb(0, 0, 0); font-style: normal; font-variant-caps: normal; font-weight: normal; letter-spacing: normal; orphans: auto; text-align: start; text-transform: none; white-space: normal; widows: auto; word-spacing: 0px; -webkit-text-size-adjust: auto; -webkit-text-stroke-width: 0px; text-decoration: none; line-height: 1.7pt;\"><span style=\"font-size: 9pt; font-family: Tahoma, sans-serif;\"><o:p>&nbsp;</o:p></span></p><p class=\"MsoNormal\" style=\"margin-left:68.0pt;mso-para-margin-left:0gd;\r\ntext-indent:-12.55pt;mso-char-indent-count:0;mso-line-height-alt:0pt;\r\nmso-outline-level:body-text;mso-list:l1 level2 lfo2;mso-hyphenate:auto;\r\ntab-stops:68.0pt;mso-vertical-align-alt:auto\"><!--[if !supportLists]--><span style=\"font-size:9.0pt;mso-bidi-font-size:10.0pt;font-family:&quot;Tahoma&quot;,sans-serif;\r\nmso-fareast-font-family:Tahoma;mso-bidi-font-weight:bold\"><span style=\"mso-list:Ignore\">b.<span style=\"font:7.0pt &quot;Times New Roman&quot;\">&nbsp;&nbsp;</span></span></span><!--[endif]--><span style=\"font-size: 9pt; font-family: Tahoma, sans-serif;\">Approach<o:p></o:p></span></p><p class=\"MsoNormal\" style=\"margin: 0in 0in 0.0001pt; text-indent: -0.1pt; font-size: 10pt; font-family: Calibri, sans-serif; position: relative; top: 0.5pt; caret-color: rgb(0, 0, 0); color: rgb(0, 0, 0); font-style: normal; font-variant-caps: normal; font-weight: normal; letter-spacing: normal; orphans: auto; text-align: start; text-transform: none; white-space: normal; widows: auto; word-spacing: 0px; -webkit-text-size-adjust: auto; -webkit-text-stroke-width: 0px; text-decoration: none; line-height: 0.05pt;\"><span style=\"font-size: 9pt; font-family: Tahoma, sans-serif;\"><o:p>&nbsp;</o:p></span></p><p class=\"MsoNormal\" style=\"margin-left:104.0pt;mso-para-margin-left:0gd;\r\ntext-indent:-8.95pt;mso-char-indent-count:0;mso-line-height-alt:0pt;mso-outline-level:\r\nbody-text;mso-list:l1 level4 lfo2;mso-hyphenate:auto;tab-stops:104.0pt;\r\nmso-vertical-align-alt:auto\"><!--[if !supportLists]--><span style=\"font-size:9.0pt;\r\nmso-bidi-font-size:10.0pt;font-family:&quot;Tahoma&quot;,sans-serif;mso-fareast-font-family:\r\nTahoma;mso-bidi-font-weight:bold\"><span style=\"mso-list:Ignore\">i.<span style=\"font:7.0pt &quot;Times New Roman&quot;\">&nbsp;&nbsp;</span></span></span><!--[endif]--><span style=\"font-size: 9pt; font-family: Tahoma, sans-serif;\">Making the appointment<o:p></o:p></span></p><p class=\"MsoNormal\" style=\"margin: 0in 0in 0.0001pt; text-indent: -0.1pt; font-size: 10pt; font-family: Calibri, sans-serif; position: relative; top: 0.5pt; caret-color: rgb(0, 0, 0); color: rgb(0, 0, 0); font-style: normal; font-variant-caps: normal; font-weight: normal; letter-spacing: normal; orphans: auto; text-align: start; text-transform: none; white-space: normal; widows: auto; word-spacing: 0px; -webkit-text-size-adjust: auto; -webkit-text-stroke-width: 0px; text-decoration: none; line-height: 1.85pt;\"><span style=\"font-size: 9pt; font-family: Tahoma, sans-serif;\"><o:p>&nbsp;</o:p></span></p><p class=\"MsoNormal\" style=\"margin-left:66.0pt;mso-para-margin-left:0gd;\r\ntext-indent:-10.55pt;mso-char-indent-count:0;mso-line-height-alt:0pt;\r\nmso-outline-level:body-text;mso-list:l1 level2 lfo2;mso-hyphenate:auto;\r\ntab-stops:66.0pt;mso-vertical-align-alt:auto\"><!--[if !supportLists]--><span style=\"font-size:9.0pt;mso-bidi-font-size:10.0pt;font-family:&quot;Tahoma&quot;,sans-serif;\r\nmso-fareast-font-family:Tahoma;mso-bidi-font-weight:bold\"><span style=\"mso-list:Ignore\">c.<span style=\"font:7.0pt &quot;Times New Roman&quot;\">&nbsp;&nbsp;</span></span></span><!--[endif]--><span style=\"font-size: 9pt; font-family: Tahoma, sans-serif;\">Preparation<o:p></o:p></span></p><p class=\"MsoNormal\" style=\"margin: 0in 0in 0.0001pt; text-indent: -0.1pt; font-size: 10pt; font-family: Calibri, sans-serif; position: relative; top: 0.5pt; caret-color: rgb(0, 0, 0); color: rgb(0, 0, 0); font-style: normal; font-variant-caps: normal; font-weight: normal; letter-spacing: normal; orphans: auto; text-align: start; text-transform: none; white-space: normal; widows: auto; word-spacing: 0px; -webkit-text-size-adjust: auto; -webkit-text-stroke-width: 0px; text-decoration: none; line-height: 1.7pt;\"><span style=\"font-size: 9pt; font-family: Tahoma, sans-serif;\"><o:p>&nbsp;</o:p></span></p><p class=\"MsoNormal\" style=\"margin-left:113.0pt;mso-para-margin-left:0gd;\r\ntext-indent:-17.95pt;mso-char-indent-count:0;mso-line-height-alt:0pt;\r\nmso-outline-level:body-text;mso-list:l1 level4 lfo2;mso-hyphenate:auto;\r\ntab-stops:113.0pt;mso-vertical-align-alt:auto\"><!--[if !supportLists]--><span style=\"font-size:9.0pt;mso-bidi-font-size:10.0pt;font-family:&quot;Tahoma&quot;,sans-serif;\r\nmso-fareast-font-family:Tahoma;mso-bidi-font-weight:bold\"><span style=\"mso-list:Ignore\">i.<span style=\"font:7.0pt &quot;Times New Roman&quot;\">&nbsp;&nbsp;&nbsp;&nbsp;&nbsp;&nbsp;</span></span></span><!--[endif]--><span style=\"font-size: 9pt; font-family: Tahoma, sans-serif;\">Research background of company/individual<o:p></o:p></span></p><p class=\"MsoNormal\" style=\"margin: 0in 0in 0.0001pt; text-indent: -0.1pt; font-size: 10pt; font-family: Calibri, sans-serif; position: relative; top: 0.5pt; caret-color: rgb(0, 0, 0); color: rgb(0, 0, 0); font-style: normal; font-variant-caps: normal; font-weight: normal; letter-spacing: normal; orphans: auto; text-align: start; text-transform: none; white-space: normal; widows: auto; word-spacing: 0px; -webkit-text-size-adjust: auto; -webkit-text-stroke-width: 0px; text-decoration: none; line-height: 0.05pt;\"><span style=\"font-size: 9pt; font-family: Tahoma, sans-serif;\"><o:p>&nbsp;</o:p></span></p><p class=\"MsoNormal\" style=\"margin-left:113.0pt;mso-para-margin-left:0gd;\r\ntext-indent:-17.95pt;mso-char-indent-count:0;mso-line-height-alt:0pt;\r\nmso-outline-level:body-text;mso-list:l1 level4 lfo2;mso-hyphenate:auto;\r\ntab-stops:113.0pt;mso-vertical-align-alt:auto\"><!--[if !supportLists]--><span style=\"font-size:9.0pt;mso-bidi-font-size:10.0pt;font-family:&quot;Tahoma&quot;,sans-serif;\r\nmso-fareast-font-family:Tahoma;mso-bidi-font-weight:bold\"><span style=\"mso-list:Ignore\">ii.<span style=\"font:7.0pt &quot;Times New Roman&quot;\">&nbsp;&nbsp;&nbsp;&nbsp;&nbsp;</span></span></span><!--[endif]--><span style=\"font-size: 9pt; font-family: Tahoma, sans-serif;\">Understand competitors &amp; market conditions<o:p></o:p></span></p><p class=\"MsoNormal\" style=\"margin: 0in 0in 0.0001pt; text-indent: -0.1pt; font-size: 10pt; font-family: Calibri, sans-serif; position: relative; top: 0.5pt; caret-color: rgb(0, 0, 0); color: rgb(0, 0, 0); font-style: normal; font-variant-caps: normal; font-weight: normal; letter-spacing: normal; orphans: auto; text-align: start; text-transform: none; white-space: normal; widows: auto; word-spacing: 0px; -webkit-text-size-adjust: auto; -webkit-text-stroke-width: 0px; text-decoration: none; line-height: 1.65pt;\"><span style=\"font-size: 9pt; font-family: Tahoma, sans-serif;\"><o:p>&nbsp;</o:p></span></p><p class=\"MsoNormal\" style=\"margin-left:145.0pt;mso-para-margin-left:0gd;\r\ntext-indent:-21.1pt;mso-char-indent-count:0;mso-line-height-alt:0pt;mso-outline-level:\r\nbody-text;mso-list:l1 level5 lfo2;mso-hyphenate:auto;tab-stops:145.0pt;\r\nmso-vertical-align-alt:auto\"><!--[if !supportLists]--><span style=\"font-size:9.0pt;\r\nmso-bidi-font-size:10.0pt;font-family:Wingdings;mso-fareast-font-family:Wingdings;\r\nmso-bidi-font-family:Wingdings;mso-bidi-font-weight:bold\"><span style=\"mso-list:Ignore\">n<span style=\"font:7.0pt &quot;Times New Roman&quot;\">&nbsp;&nbsp;</span></span></span><!--[endif]--><span style=\"font-size: 9pt; font-family: Tahoma, sans-serif;\">Competitive Set</span><span style=\"font-size: 9pt; font-family: Wingdings;\"><o:p></o:p></span></p><p class=\"MsoNormal\" style=\"margin: 0in 0in 0.0001pt; text-indent: -0.1pt; font-size: 10pt; font-family: Calibri, sans-serif; position: relative; top: 0.5pt; caret-color: rgb(0, 0, 0); color: rgb(0, 0, 0); font-style: normal; font-variant-caps: normal; font-weight: normal; letter-spacing: normal; orphans: auto; text-align: start; text-transform: none; white-space: normal; widows: auto; word-spacing: 0px; -webkit-text-size-adjust: auto; -webkit-text-stroke-width: 0px; text-decoration: none; line-height: 1.8pt;\"><span style=\"font-size: 9pt; font-family: Wingdings;\"><o:p>&nbsp;</o:p></span></p><p class=\"MsoNormal\" style=\"margin-left:145.0pt;mso-para-margin-left:0gd;\r\ntext-indent:-21.1pt;mso-char-indent-count:0;mso-line-height-alt:0pt;mso-outline-level:\r\nbody-text;mso-list:l1 level5 lfo2;mso-hyphenate:auto;tab-stops:145.0pt;\r\nmso-vertical-align-alt:auto\"><!--[if !supportLists]--><span style=\"font-size:9.0pt;\r\nmso-bidi-font-size:10.0pt;font-family:Wingdings;mso-fareast-font-family:Wingdings;\r\nmso-bidi-font-family:Wingdings;mso-bidi-font-weight:bold\"><span style=\"mso-list:Ignore\">n<span style=\"font:7.0pt &quot;Times New Roman&quot;\">&nbsp;&nbsp;</span></span></span><!--[endif]--><span style=\"font-size: 9pt; font-family: Tahoma, sans-serif;\">Monthly Sales Report</span><span style=\"font-size: 9pt; font-family: Wingdings;\"><o:p></o:p></span></p><p class=\"MsoNormal\" style=\"margin-left:113.0pt;mso-para-margin-left:0gd;\r\ntext-indent:-17.95pt;mso-char-indent-count:0;line-height:99%;mso-outline-level:\r\nbody-text;mso-list:l1 level4 lfo2;mso-hyphenate:auto;tab-stops:113.0pt;\r\nmso-vertical-align-alt:auto\"><!--[if !supportLists]--><span style=\"font-size:9.0pt;\r\nmso-bidi-font-size:10.0pt;line-height:99%;font-family:&quot;Tahoma&quot;,sans-serif;\r\nmso-fareast-font-family:Tahoma;mso-bidi-font-weight:bold\"><span style=\"mso-list:Ignore\">iii.<span style=\"font:7.0pt &quot;Times New Roman&quot;\">&nbsp;&nbsp;&nbsp;&nbsp;</span></span></span><!--[endif]--><span style=\"font-size: 9pt; line-height: 11.880000114440918px; font-family: Tahoma, sans-serif;\">Ensure presentation kit is up-to-date<o:p></o:p></span></p><p class=\"MsoNormal\" style=\"margin: 0in 0in 0.0001pt; text-indent: -0.1pt; font-size: 10pt; font-family: Calibri, sans-serif; position: relative; top: 0.5pt; caret-color: rgb(0, 0, 0); color: rgb(0, 0, 0); font-style: normal; font-variant-caps: normal; font-weight: normal; letter-spacing: normal; orphans: auto; text-align: start; text-transform: none; white-space: normal; widows: auto; word-spacing: 0px; -webkit-text-size-adjust: auto; -webkit-text-stroke-width: 0px; text-decoration: none; line-height: 1.85pt;\"><span style=\"font-size: 9pt; font-family: Tahoma, sans-serif;\"><o:p>&nbsp;</o:p></span></p><p class=\"MsoNormal\" style=\"margin-left:113.0pt;mso-para-margin-left:0gd;\r\ntext-indent:-17.95pt;mso-char-indent-count:0;mso-line-height-alt:0pt;\r\nmso-outline-level:body-text;mso-list:l1 level4 lfo2;mso-hyphenate:auto;\r\ntab-stops:113.0pt;mso-vertical-align-alt:auto\"><!--[if !supportLists]--><span style=\"font-size:9.0pt;mso-bidi-font-size:10.0pt;font-family:&quot;Tahoma&quot;,sans-serif;\r\nmso-fareast-font-family:Tahoma;mso-bidi-font-weight:bold\"><span style=\"mso-list:Ignore\">iv.<span style=\"font:7.0pt &quot;Times New Roman&quot;\">&nbsp;&nbsp;&nbsp;&nbsp;</span></span></span><!--[endif]--><span style=\"font-size: 9pt; font-family: Tahoma, sans-serif;\">Ensure support materials are sufficient<o:p></o:p></span></p><p class=\"MsoNormal\" style=\"margin: 0in 0in 0.0001pt; text-indent: -0.1pt; font-size: 10pt; font-family: Calibri, sans-serif; position: relative; top: 0.5pt; caret-color: rgb(0, 0, 0); color: rgb(0, 0, 0); font-style: normal; font-variant-caps: normal; font-weight: normal; letter-spacing: normal; orphans: auto; text-align: start; text-transform: none; white-space: normal; widows: auto; word-spacing: 0px; -webkit-text-size-adjust: auto; -webkit-text-stroke-width: 0px; text-decoration: none; line-height: 1.7pt;\"><span style=\"font-size: 9pt; font-family: Tahoma, sans-serif;\"><o:p>&nbsp;</o:p></span></p><p class=\"MsoNormal\" style=\"margin-left:145.0pt;mso-para-margin-left:0gd;\r\ntext-indent:-21.1pt;mso-char-indent-count:0;mso-line-height-alt:0pt;mso-outline-level:\r\nbody-text;mso-list:l1 level5 lfo2;mso-hyphenate:auto;tab-stops:145.0pt;\r\nmso-vertical-align-alt:auto\"><!--[if !supportLists]--><span style=\"font-size:9.0pt;\r\nmso-bidi-font-size:10.0pt;font-family:Wingdings;mso-fareast-font-family:Wingdings;\r\nmso-bidi-font-family:Wingdings;mso-bidi-font-weight:bold\"><span style=\"mso-list:Ignore\">n<span style=\"font:7.0pt &quot;Times New Roman&quot;\">&nbsp;&nbsp;</span></span></span><!--[endif]--><span style=\"font-size: 9pt; font-family: Tahoma, sans-serif;\">Laptop / Presenter</span><span style=\"font-size: 9pt; font-family: Wingdings;\"><o:p></o:p></span></p><p class=\"MsoNormal\" style=\"margin: 0in 0in 0.0001pt; text-indent: -0.1pt; font-size: 10pt; font-family: Calibri, sans-serif; position: relative; top: 0.5pt; caret-color: rgb(0, 0, 0); color: rgb(0, 0, 0); font-style: normal; font-variant-caps: normal; font-weight: normal; letter-spacing: normal; orphans: auto; text-align: start; text-transform: none; white-space: normal; widows: auto; word-spacing: 0px; -webkit-text-size-adjust: auto; -webkit-text-stroke-width: 0px; text-decoration: none; line-height: 4.3pt;\"><span style=\"font-size: 9pt; font-family: Wingdings;\"><o:p>&nbsp;</o:p></span></p><p class=\"MsoNormal\" style=\"margin-left:145.0pt;mso-para-margin-left:0gd;\r\ntext-indent:-21.1pt;mso-char-indent-count:0;mso-line-height-alt:0pt;mso-outline-level:\r\nbody-text;mso-list:l1 level5 lfo2;mso-hyphenate:auto;tab-stops:145.0pt;\r\nmso-vertical-align-alt:auto\"><!--[if !supportLists]--><span style=\"font-size:9.0pt;\r\nmso-bidi-font-size:10.0pt;font-family:Wingdings;mso-fareast-font-family:Wingdings;\r\nmso-bidi-font-family:Wingdings;mso-bidi-font-weight:bold\"><span style=\"mso-list:Ignore\">n<span style=\"font:7.0pt &quot;Times New Roman&quot;\">&nbsp;&nbsp;</span></span></span><!--[endif]--><span style=\"font-size: 9pt; font-family: Tahoma, sans-serif;\">Name Cards</span><span style=\"font-size: 9pt; font-family: Wingdings;\"><o:p></o:p></span></p><p class=\"MsoNormal\" style=\"margin: 0in 0in 0.0001pt; text-indent: -0.1pt; font-size: 10pt; font-family: Calibri, sans-serif; position: relative; top: 0.5pt; caret-color: rgb(0, 0, 0); color: rgb(0, 0, 0); font-style: normal; font-variant-caps: normal; font-weight: normal; letter-spacing: normal; orphans: auto; text-align: start; text-transform: none; white-space: normal; widows: auto; word-spacing: 0px; -webkit-text-size-adjust: auto; -webkit-text-stroke-width: 0px; text-decoration: none; line-height: 2.4pt;\"><span style=\"font-size: 9pt; font-family: Wingdings;\"><o:p>&nbsp;</o:p></span></p><p class=\"MsoNormal\" style=\"margin-left:145.0pt;mso-para-margin-left:0gd;\r\ntext-indent:-21.1pt;mso-char-indent-count:0;mso-line-height-alt:0pt;mso-outline-level:\r\nbody-text;mso-list:l1 level5 lfo2;mso-hyphenate:auto;tab-stops:145.0pt;\r\nmso-vertical-align-alt:auto\"><!--[if !supportLists]--><span style=\"font-size:9.0pt;\r\nmso-bidi-font-size:10.0pt;font-family:Wingdings;mso-fareast-font-family:Wingdings;\r\nmso-bidi-font-family:Wingdings;mso-bidi-font-weight:bold\"><span style=\"mso-list:Ignore\">n<span style=\"font:7.0pt &quot;Times New Roman&quot;\">&nbsp;&nbsp;</span></span></span><!--[endif]--><span style=\"font-size: 9pt; font-family: Tahoma, sans-serif;\">Promotional Materials</span><span style=\"font-size: 9pt; font-family: Wingdings;\"><o:p></o:p></span></p><p class=\"MsoNormal\" style=\"margin: 0in 0in 0.0001pt; text-indent: -0.1pt; font-size: 10pt; font-family: Calibri, sans-serif; position: relative; top: 0.5pt; caret-color: rgb(0, 0, 0); color: rgb(0, 0, 0); font-style: normal; font-variant-caps: normal; font-weight: normal; letter-spacing: normal; orphans: auto; text-align: start; text-transform: none; white-space: normal; widows: auto; word-spacing: 0px; -webkit-text-size-adjust: auto; -webkit-text-stroke-width: 0px; text-decoration: none; line-height: 1.55pt;\"><span style=\"font-size: 9pt; font-family: Wingdings;\"><o:p>&nbsp;</o:p></span></p><p class=\"MsoNormal\" style=\"margin-left:178.0pt;mso-para-margin-left:0gd;\r\ntext-indent:-18.1pt;mso-char-indent-count:0;mso-line-height-alt:0pt;mso-outline-level:\r\nbody-text;mso-list:l1 level6 lfo2;mso-hyphenate:auto;tab-stops:178.0pt;\r\nmso-vertical-align-alt:auto\"><!--[if !supportLists]--><span style=\"font-size:9.0pt;\r\nmso-bidi-font-size:10.0pt;font-family:Wingdings;mso-fareast-font-family:Wingdings;\r\nmso-bidi-font-family:Wingdings;mso-bidi-font-weight:bold\"><span style=\"mso-list:Ignore\"><span style=\"font:7.0pt &quot;Times New Roman&quot;\">&nbsp;&nbsp;</span></span></span><!--[endif]--><span style=\"font-size: 9pt; font-family: Tahoma, sans-serif;\">Property Fact Sheet</span><span style=\"font-size: 9pt; font-family: Wingdings;\"><o:p></o:p></span></p><p class=\"MsoNormal\" style=\"margin: 0in 0in 0.0001pt; text-indent: -0.1pt; font-size: 10pt; font-family: Calibri, sans-serif; position: relative; top: 0.5pt; caret-color: rgb(0, 0, 0); color: rgb(0, 0, 0); font-style: normal; font-variant-caps: normal; font-weight: normal; letter-spacing: normal; orphans: auto; text-align: start; text-transform: none; white-space: normal; widows: auto; word-spacing: 0px; -webkit-text-size-adjust: auto; -webkit-text-stroke-width: 0px; text-decoration: none; line-height: 1.2pt;\"><span style=\"font-size: 9pt; font-family: Wingdings;\"><o:p>&nbsp;</o:p></span></p><p class=\"MsoNormal\" style=\"margin-left:178.0pt;mso-para-margin-left:0gd;\r\ntext-indent:-18.1pt;mso-char-indent-count:0;mso-line-height-alt:0pt;mso-outline-level:\r\nbody-text;mso-list:l1 level6 lfo2;mso-hyphenate:auto;tab-stops:178.0pt;\r\nmso-vertical-align-alt:auto\"><!--[if !supportLists]--><span style=\"font-size:9.0pt;\r\nmso-bidi-font-size:10.0pt;font-family:Wingdings;mso-fareast-font-family:Wingdings;\r\nmso-bidi-font-family:Wingdings;mso-bidi-font-weight:bold\"><span style=\"mso-list:Ignore\"><span style=\"font:7.0pt &quot;Times New Roman&quot;\">&nbsp;&nbsp;</span></span></span><!--[endif]--><span style=\"font-size: 9pt; font-family: Tahoma, sans-serif;\">Promotional Brochures</span><span style=\"font-size: 9pt; font-family: Wingdings;\"><o:p></o:p></span></p><p class=\"MsoNormal\" style=\"margin-left:178.0pt;mso-para-margin-left:0gd;\r\ntext-indent:-18.1pt;mso-char-indent-count:0;line-height:98%;mso-outline-level:\r\nbody-text;mso-list:l1 level6 lfo2;mso-hyphenate:auto;tab-stops:178.0pt;\r\nmso-vertical-align-alt:auto\"><!--[if !supportLists]--><span style=\"font-size:9.0pt;\r\nmso-bidi-font-size:10.0pt;line-height:98%;font-family:Wingdings;mso-fareast-font-family:\r\nWingdings;mso-bidi-font-family:Wingdings;mso-bidi-font-weight:bold\"><span style=\"mso-list:Ignore\"><span style=\"font:7.0pt &quot;Times New Roman&quot;\">&nbsp;&nbsp;</span></span></span><!--[endif]--><span style=\"font-size: 9pt; line-height: 11.760000228881836px; font-family: Tahoma, sans-serif;\">Sales Kit with Press Release</span><span style=\"font-size: 9pt; line-height: 11.760000228881836px; font-family: Wingdings;\"><o:p></o:p></span></p><p class=\"MsoNormal\" style=\"margin: 0in 0in 0.0001pt; text-indent: -0.1pt; font-size: 10pt; font-family: Calibri, sans-serif; position: relative; top: 0.5pt; caret-color: rgb(0, 0, 0); color: rgb(0, 0, 0); font-style: normal; font-variant-caps: normal; font-weight: normal; letter-spacing: normal; orphans: auto; text-align: start; text-transform: none; white-space: normal; widows: auto; word-spacing: 0px; -webkit-text-size-adjust: auto; -webkit-text-stroke-width: 0px; text-decoration: none; line-height: 13.5pt;\"><b><span style=\"font-size: 9pt; font-family: Wingdings;\"><o:p>&nbsp;</o:p></span></b></p><p class=\"MsoNormal\" style=\"margin-left:35.0pt;mso-para-margin-left:0gd;\r\ntext-indent:-11.95pt;mso-char-indent-count:0;mso-line-height-alt:0pt;\r\nmso-outline-level:body-text;mso-list:l1 level1 lfo2;mso-hyphenate:auto;\r\ntab-stops:35.0pt;mso-vertical-align-alt:auto\"><!--[if !supportLists]--><b style=\"mso-bidi-font-weight:normal\"><span style=\"font-size:9.0pt;mso-bidi-font-size:\r\n10.0pt;font-family:&quot;Tahoma&quot;,sans-serif;mso-fareast-font-family:Tahoma\"><span style=\"mso-list:Ignore\">2.<span style=\"font:7.0pt &quot;Times New Roman&quot;\">&nbsp;&nbsp;</span></span></span></b><!--[endif]--><b><span style=\"font-size: 9pt; font-family: Tahoma, sans-serif;\">Sales Call<o:p></o:p></span></b></p><p class=\"MsoNormal\" style=\"margin: 0in 0in 0.0001pt; text-indent: -0.1pt; font-size: 10pt; font-family: Calibri, sans-serif; position: relative; top: 0.5pt; caret-color: rgb(0, 0, 0); color: rgb(0, 0, 0); font-style: normal; font-variant-caps: normal; font-weight: normal; letter-spacing: normal; orphans: auto; text-align: start; text-transform: none; white-space: normal; widows: auto; word-spacing: 0px; -webkit-text-size-adjust: auto; -webkit-text-stroke-width: 0px; text-decoration: none; line-height: 1.7pt;\"><span style=\"font-family: &quot;Times New Roman&quot;, serif;\"><o:p>&nbsp;</o:p></span></p><p class=\"MsoNormal\" style=\"margin-top:0in;margin-right:37.0pt;margin-bottom:\r\n0in;margin-left:81.0pt;margin-bottom:.0001pt;mso-para-margin-top:0in;\r\nmso-para-margin-right:37.0pt;mso-para-margin-bottom:0in;mso-para-margin-left:\r\n0gd;mso-para-margin-bottom:.0001pt;text-indent:-21.95pt;mso-char-indent-count:\r\n0;line-height:110%;mso-outline-level:body-text;mso-list:l2 level1 lfo3;\r\nmso-hyphenate:auto;tab-stops:81.0pt;mso-vertical-align-alt:auto\"><!--[if !supportLists]--><span style=\"font-size:9.0pt;mso-bidi-font-size:10.0pt;line-height:110%;font-family:\r\n&quot;Tahoma&quot;,sans-serif;mso-fareast-font-family:Tahoma;mso-bidi-font-weight:bold\"><span style=\"mso-list:Ignore\">a.<span style=\"font:7.0pt &quot;Times New Roman&quot;\">&nbsp;&nbsp;&nbsp;&nbsp;&nbsp;&nbsp;</span></span></span><!--[endif]--><span style=\"font-size: 9pt; line-height: 13.199999809265137px; font-family: Tahoma, sans-serif;\">Be professionally groomed according to corporate standards &amp; arrive at least 10 minutes before the appointment<o:p></o:p></span></p><p class=\"MsoNormal\" style=\"margin: 0in 0in 0.0001pt; text-indent: -0.1pt; font-size: 10pt; font-family: Calibri, sans-serif; position: relative; top: 0.5pt; caret-color: rgb(0, 0, 0); color: rgb(0, 0, 0); font-style: normal; font-variant-caps: normal; font-weight: normal; letter-spacing: normal; orphans: auto; text-align: start; text-transform: none; white-space: normal; widows: auto; word-spacing: 0px; -webkit-text-size-adjust: auto; -webkit-text-stroke-width: 0px; text-decoration: none; line-height: 0.15pt;\"><span style=\"font-size: 9pt; font-family: Tahoma, sans-serif;\"><o:p>&nbsp;</o:p></span></p><p class=\"MsoNormal\" style=\"margin-top:0in;margin-right:40.0pt;margin-bottom:\r\n0in;margin-left:81.0pt;margin-bottom:.0001pt;mso-para-margin-top:0in;\r\nmso-para-margin-right:40.0pt;mso-para-margin-bottom:0in;mso-para-margin-left:\r\n0gd;mso-para-margin-bottom:.0001pt;text-indent:-21.95pt;mso-char-indent-count:\r\n0;line-height:112%;mso-outline-level:body-text;mso-list:l2 level1 lfo3;\r\nmso-hyphenate:auto;tab-stops:81.0pt;mso-vertical-align-alt:auto\"><!--[if !supportLists]--><span style=\"font-size:9.0pt;mso-bidi-font-size:10.0pt;line-height:112%;font-family:\r\n&quot;Tahoma&quot;,sans-serif;mso-fareast-font-family:Tahoma;mso-bidi-font-weight:bold\"><span style=\"mso-list:Ignore\">b.<span style=\"font:7.0pt &quot;Times New Roman&quot;\">&nbsp;&nbsp;&nbsp;&nbsp;&nbsp;&nbsp;</span></span></span><!--[endif]--><span style=\"font-size: 9pt; line-height: 13.4399995803833px; font-family: Tahoma, sans-serif;\">Check with the client &amp; be mindful of the allocated time for the duration of the appointment<o:p></o:p></span></p><p class=\"MsoNormal\" style=\"margin-left:81.0pt;mso-para-margin-left:0gd;\r\ntext-indent:-21.95pt;mso-char-indent-count:0;mso-line-height-alt:0pt;\r\nmso-outline-level:body-text;mso-list:l2 level1 lfo3;mso-hyphenate:auto;\r\ntab-stops:81.0pt;mso-vertical-align-alt:auto\"><!--[if !supportLists]--><span style=\"font-size:9.0pt;mso-bidi-font-size:10.0pt;font-family:&quot;Tahoma&quot;,sans-serif;\r\nmso-fareast-font-family:Tahoma;mso-bidi-font-weight:bold\"><span style=\"mso-list:Ignore\">c.<span style=\"font:7.0pt &quot;Times New Roman&quot;\">&nbsp;&nbsp;&nbsp;&nbsp;&nbsp;&nbsp;&nbsp;</span></span></span><!--[endif]--><span style=\"font-size: 9pt; font-family: Tahoma, sans-serif;\">Establish relationship by listening to the customer\'s needs &amp; desires<o:p></o:p></span></p><p class=\"MsoNormal\" style=\"margin: 0in 0in 0.0001pt; text-indent: -0.1pt; font-size: 10pt; font-family: Calibri, sans-serif; position: relative; top: 0.5pt; caret-color: rgb(0, 0, 0); color: rgb(0, 0, 0); font-style: normal; font-variant-caps: normal; font-weight: normal; letter-spacing: normal; orphans: auto; text-align: start; text-transform: none; white-space: normal; widows: auto; word-spacing: 0px; -webkit-text-size-adjust: auto; -webkit-text-stroke-width: 0px; text-decoration: none; line-height: 0.75pt;\"><span style=\"font-size: 9pt; font-family: Tahoma, sans-serif;\"><o:p>&nbsp;</o:p></span></p><p class=\"MsoNormal\" style=\"margin-left:81.0pt;mso-para-margin-left:0gd;\r\ntext-indent:-21.95pt;mso-char-indent-count:0;mso-line-height-alt:0pt;\r\nmso-outline-level:body-text;mso-list:l2 level1 lfo3;mso-hyphenate:auto;\r\ntab-stops:81.0pt;mso-vertical-align-alt:auto\"><!--[if !supportLists]--><span style=\"font-size:9.0pt;mso-bidi-font-size:10.0pt;font-family:&quot;Tahoma&quot;,sans-serif;\r\nmso-fareast-font-family:Tahoma;mso-bidi-font-weight:bold\"><span style=\"mso-list:Ignore\">d.<span style=\"font:7.0pt &quot;Times New Roman&quot;\">&nbsp;&nbsp;&nbsp;&nbsp;&nbsp;&nbsp;</span></span></span><!--[endif]--><span style=\"font-size: 9pt; font-family: Tahoma, sans-serif;\">Be sure to take notes<o:p></o:p></span></p><p class=\"MsoNormal\" style=\"margin: 0in 0in 0.0001pt; text-indent: -0.1pt; font-size: 10pt; font-family: Calibri, sans-serif; position: relative; top: 0.5pt; caret-color: rgb(0, 0, 0); color: rgb(0, 0, 0); font-style: normal; font-variant-caps: normal; font-weight: normal; letter-spacing: normal; orphans: auto; text-align: start; text-transform: none; white-space: normal; widows: auto; word-spacing: 0px; -webkit-text-size-adjust: auto; -webkit-text-stroke-width: 0px; text-decoration: none; line-height: 1.75pt;\"><span style=\"font-size: 9pt; font-family: Tahoma, sans-serif;\"><o:p>&nbsp;</o:p></span></p><p class=\"MsoNormal\" style=\"margin-left:81.0pt;mso-para-margin-left:0gd;\r\ntext-indent:-21.95pt;mso-char-indent-count:0;mso-line-height-alt:0pt;\r\nmso-outline-level:body-text;mso-list:l2 level1 lfo3;mso-hyphenate:auto;\r\ntab-stops:81.0pt;mso-vertical-align-alt:auto\"><!--[if !supportLists]--><span style=\"font-size:9.0pt;mso-bidi-font-size:10.0pt;font-family:&quot;Tahoma&quot;,sans-serif;\r\nmso-fareast-font-family:Tahoma;mso-bidi-font-weight:bold\"><span style=\"mso-list:Ignore\">e.<span style=\"font:7.0pt &quot;Times New Roman&quot;\">&nbsp;&nbsp;&nbsp;&nbsp;&nbsp;&nbsp;</span></span></span><!--[endif]--><span style=\"font-size: 9pt; font-family: Tahoma, sans-serif;\">Product presentation to customer, keeping in mind their specific needs<o:p></o:p></span></p><p class=\"MsoNormal\" style=\"margin-left:81.0pt;mso-para-margin-left:0gd;\r\ntext-indent:-21.95pt;mso-char-indent-count:0;line-height:99%;mso-outline-level:\r\nbody-text;mso-list:l2 level1 lfo3;mso-hyphenate:auto;tab-stops:81.0pt;\r\nmso-vertical-align-alt:auto\"><!--[if !supportLists]--><span style=\"font-size:9.0pt;\r\nmso-bidi-font-size:10.0pt;line-height:99%;font-family:&quot;Tahoma&quot;,sans-serif;\r\nmso-fareast-font-family:Tahoma;mso-bidi-font-weight:bold\"><span style=\"mso-list:Ignore\">f.<span style=\"font:7.0pt &quot;Times New Roman&quot;\">&nbsp;&nbsp;&nbsp;&nbsp;&nbsp;&nbsp;&nbsp;</span></span></span><!--[endif]--><span style=\"font-size: 9pt; line-height: 11.880000114440918px; font-family: Tahoma, sans-serif;\">Identify &amp; overcome objections/resistance<o:p></o:p></span></p><p class=\"MsoNormal\" style=\"margin: 0in 0in 0.0001pt; text-indent: -0.1pt; font-size: 10pt; font-family: Calibri, sans-serif; position: relative; top: 0.5pt; caret-color: rgb(0, 0, 0); color: rgb(0, 0, 0); font-style: normal; font-variant-caps: normal; font-weight: normal; letter-spacing: normal; orphans: auto; text-align: start; text-transform: none; white-space: normal; widows: auto; word-spacing: 0px; -webkit-text-size-adjust: auto; -webkit-text-stroke-width: 0px; text-decoration: none; line-height: 0.05pt;\"><span style=\"font-size: 9pt; font-family: Tahoma, sans-serif;\"><o:p>&nbsp;</o:p></span></p><p class=\"MsoNormal\" style=\"margin-left:81.0pt;mso-para-margin-left:0gd;\r\ntext-indent:-21.95pt;mso-char-indent-count:0;mso-line-height-alt:0pt;\r\nmso-outline-level:body-text;mso-list:l2 level1 lfo3;mso-hyphenate:auto;\r\ntab-stops:81.0pt;mso-vertical-align-alt:auto\"><!--[if !supportLists]--><span style=\"font-size:9.0pt;mso-bidi-font-size:10.0pt;font-family:&quot;Tahoma&quot;,sans-serif;\r\nmso-fareast-font-family:Tahoma;mso-bidi-font-weight:bold\"><span style=\"mso-list:Ignore\">g.<span style=\"font:7.0pt &quot;Times New Roman&quot;\">&nbsp;&nbsp;&nbsp;&nbsp;&nbsp;&nbsp;</span></span></span><!--[endif]--><span style=\"font-size: 9pt; font-family: Tahoma, sans-serif;\">Recap information/requirement from your notes with the client<o:p></o:p></span></p><p class=\"MsoNormal\" style=\"margin: 0in 0in 0.0001pt; text-indent: -0.1pt; font-size: 10pt; font-family: Calibri, sans-serif; position: relative; top: 0.5pt; caret-color: rgb(0, 0, 0); color: rgb(0, 0, 0); font-style: normal; font-variant-caps: normal; font-weight: normal; letter-spacing: normal; orphans: auto; text-align: start; text-transform: none; white-space: normal; widows: auto; word-spacing: 0px; -webkit-text-size-adjust: auto; -webkit-text-stroke-width: 0px; text-decoration: none; line-height: 1pt;\"><span style=\"font-size: 9pt; font-family: Tahoma, sans-serif;\"><o:p>&nbsp;</o:p></span></p><p class=\"MsoNormal\" style=\"margin-left:81.0pt;mso-para-margin-left:0gd;\r\ntext-indent:-21.95pt;mso-char-indent-count:0;mso-line-height-alt:0pt;\r\nmso-outline-level:body-text;mso-list:l2 level1 lfo3;mso-hyphenate:auto;\r\ntab-stops:81.0pt;mso-vertical-align-alt:auto\"><!--[if !supportLists]--><span style=\"font-size:9.0pt;mso-bidi-font-size:10.0pt;font-family:&quot;Tahoma&quot;,sans-serif;\r\nmso-fareast-font-family:Tahoma;mso-bidi-font-weight:bold\"><span style=\"mso-list:Ignore\">h.<span style=\"font:7.0pt &quot;Times New Roman&quot;\">&nbsp;&nbsp;&nbsp;&nbsp;&nbsp;&nbsp;</span></span></span><!--[endif]--><span style=\"font-size: 9pt; font-family: Tahoma, sans-serif;\">Conclude meeting with a specific reversion timeframe<o:p></o:p></span></p><p class=\"MsoNormal\" style=\"margin: 0in 0in 0.0001pt; text-indent: 0in; font-size: 10pt; font-family: Calibri, sans-serif; position: relative; top: 0.5pt; caret-color: rgb(0, 0, 0); color: rgb(0, 0, 0); font-style: normal; font-variant-caps: normal; font-weight: normal; letter-spacing: normal; orphans: auto; text-align: start; text-transform: none; white-space: normal; widows: auto; word-spacing: 0px; -webkit-text-size-adjust: auto; -webkit-text-stroke-width: 0px; text-decoration: none;\"><u><span style=\"font-family: &quot;Times New Roman&quot;, serif;\"><o:p><span style=\"text-decoration: none;\">&nbsp;</span></o:p></span></u></p><p class=\"MsoNormal\" style=\"margin-left:39.0pt;mso-para-margin-left:0gd;\r\ntext-indent:-12.0pt;mso-char-indent-count:0;mso-line-height-alt:0pt;mso-outline-level:\r\nbody-text;mso-list:l3 level1 lfo4;mso-hyphenate:auto;tab-stops:39.0pt;\r\nmso-vertical-align-alt:auto\"><!--[if !supportLists]--><b style=\"mso-bidi-font-weight:\r\nnormal\"><span style=\"font-size:9.0pt;mso-bidi-font-size:10.0pt;font-family:\r\n&quot;Tahoma&quot;,sans-serif;mso-fareast-font-family:Tahoma\"><span style=\"mso-list:Ignore\">3.<span style=\"font:7.0pt &quot;Times New Roman&quot;\">&nbsp;&nbsp;</span></span></span></b><!--[endif]--><b><span style=\"font-size: 9pt; font-family: Tahoma, sans-serif;\">Post Sales Call<o:p></o:p></span></b></p><p class=\"MsoNormal\" style=\"margin: 0in 0in 0.0001pt; text-indent: -0.1pt; font-size: 10pt; font-family: Calibri, sans-serif; position: relative; top: 0.5pt; caret-color: rgb(0, 0, 0); color: rgb(0, 0, 0); font-style: normal; font-variant-caps: normal; font-weight: normal; letter-spacing: normal; orphans: auto; text-align: start; text-transform: none; white-space: normal; widows: auto; word-spacing: 0px; -webkit-text-size-adjust: auto; -webkit-text-stroke-width: 0px; text-decoration: none; line-height: 1.6pt;\"><b><span style=\"font-size: 9pt; font-family: Tahoma, sans-serif;\"><o:p>&nbsp;</o:p></span></b></p><p class=\"MsoNormal\" style=\"margin-left:85.0pt;mso-para-margin-left:0gd;\r\ntext-indent:-18.4pt;mso-char-indent-count:0;mso-line-height-alt:0pt;mso-outline-level:\r\nbody-text;mso-list:l3 level2 lfo4;mso-hyphenate:auto;tab-stops:85.0pt;\r\nmso-vertical-align-alt:auto\"><!--[if !supportLists]--><span style=\"font-size:9.0pt;\r\nmso-bidi-font-size:10.0pt;font-family:&quot;Tahoma&quot;,sans-serif;mso-fareast-font-family:\r\nTahoma;mso-bidi-font-weight:bold\"><span style=\"mso-list:Ignore\">a.<span style=\"font:7.0pt &quot;Times New Roman&quot;\">&nbsp;&nbsp;&nbsp;&nbsp;&nbsp;&nbsp;</span></span></span><!--[endif]--><span style=\"font-size: 9pt; font-family: Tahoma, sans-serif;\">Send cursory note of thanks to the client<o:p></o:p></span></p><p class=\"MsoNormal\" style=\"margin: 0in 0in 0.0001pt; text-indent: -0.1pt; font-size: 10pt; font-family: Calibri, sans-serif; position: relative; top: 0.5pt; caret-color: rgb(0, 0, 0); color: rgb(0, 0, 0); font-style: normal; font-variant-caps: normal; font-weight: normal; letter-spacing: normal; orphans: auto; text-align: start; text-transform: none; white-space: normal; widows: auto; word-spacing: 0px; -webkit-text-size-adjust: auto; -webkit-text-stroke-width: 0px; text-decoration: none; line-height: 1.85pt;\"><span style=\"font-size: 9pt; font-family: Tahoma, sans-serif;\"><o:p>&nbsp;</o:p></span></p><p class=\"MsoNormal\" style=\"margin-left:85.0pt;mso-para-margin-left:0gd;\r\ntext-indent:-18.4pt;mso-char-indent-count:0;mso-line-height-alt:0pt;mso-outline-level:\r\nbody-text;mso-list:l3 level2 lfo4;mso-hyphenate:auto;tab-stops:85.0pt;\r\nmso-vertical-align-alt:auto\"><!--[if !supportLists]--><span style=\"font-size:9.0pt;\r\nmso-bidi-font-size:10.0pt;font-family:&quot;Tahoma&quot;,sans-serif;mso-fareast-font-family:\r\nTahoma;mso-bidi-font-weight:bold\"><span style=\"mso-list:Ignore\">b.<span style=\"font:7.0pt &quot;Times New Roman&quot;\">&nbsp;&nbsp;&nbsp;&nbsp;&nbsp;&nbsp;</span></span></span><!--[endif]--><span style=\"font-size: 9pt; font-family: Tahoma, sans-serif;\">Send proposal by date as specified or within 48 hours of meeting<o:p></o:p></span></p><p class=\"MsoNormal\" style=\"margin-left:85.0pt;mso-para-margin-left:0gd;\r\ntext-indent:-18.4pt;mso-char-indent-count:0;line-height:99%;mso-outline-level:\r\nbody-text;mso-list:l3 level2 lfo4;mso-hyphenate:auto;tab-stops:85.0pt;\r\nmso-vertical-align-alt:auto\"><!--[if !supportLists]--><span style=\"font-size:9.0pt;\r\nmso-bidi-font-size:10.0pt;line-height:99%;font-family:&quot;Tahoma&quot;,sans-serif;\r\nmso-fareast-font-family:Tahoma;mso-bidi-font-weight:bold\"><span style=\"mso-list:Ignore\">c.<span style=\"font:7.0pt &quot;Times New Roman&quot;\">&nbsp;&nbsp;&nbsp;&nbsp;&nbsp;</span></span></span><!--[endif]--><span style=\"font-size: 9pt; line-height: 11.880000114440918px; font-family: Tahoma, sans-serif;\">Follow-up call to client within 72 hours after sending the proposal<o:p></o:p></span></p><p class=\"MsoNormal\" style=\"margin: 0in 0in 0.0001pt; text-indent: -0.1pt; font-size: 10pt; font-family: Calibri, sans-serif; position: relative; top: 0.5pt; caret-color: rgb(0, 0, 0); color: rgb(0, 0, 0); font-style: normal; font-variant-caps: normal; font-weight: normal; letter-spacing: normal; orphans: auto; text-align: start; text-transform: none; white-space: normal; widows: auto; word-spacing: 0px; -webkit-text-size-adjust: auto; -webkit-text-stroke-width: 0px; text-decoration: none; line-height: 1.85pt;\"><span style=\"font-size: 9pt; font-family: Tahoma, sans-serif;\"><o:p>&nbsp;</o:p></span></p><p class=\"MsoNormal\" style=\"margin-left:85.0pt;mso-para-margin-left:0gd;\r\ntext-indent:-18.4pt;mso-char-indent-count:0;mso-line-height-alt:0pt;mso-outline-level:\r\nbody-text;mso-list:l3 level2 lfo4;mso-hyphenate:auto;tab-stops:85.0pt;\r\nmso-vertical-align-alt:auto\"><!--[if !supportLists]--><span style=\"font-size:9.0pt;\r\nmso-bidi-font-size:10.0pt;font-family:&quot;Tahoma&quot;,sans-serif;mso-fareast-font-family:\r\nTahoma;mso-bidi-font-weight:bold\"><span style=\"mso-list:Ignore\">d.<span style=\"font:7.0pt &quot;Times New Roman&quot;\">&nbsp;&nbsp;&nbsp;&nbsp;&nbsp;&nbsp;</span></span></span><!--[endif]--><span style=\"font-size: 9pt; font-family: Tahoma, sans-serif;\">Prepare contract if necessary</span></p><p class=\"MsoNormal\" style=\"margin-left:85.0pt;mso-para-margin-left:0gd;\r\ntext-indent:-18.4pt;mso-char-indent-count:0;mso-line-height-alt:0pt;mso-outline-level:\r\nbody-text;mso-list:l3 level2 lfo4;mso-hyphenate:auto;tab-stops:85.0pt;\r\nmso-vertical-align-alt:auto\"><span style=\"font-size: 9pt; font-family: Tahoma, sans-serif;\"><br></span></p><p class=\"MsoNormal\" style=\"margin-left:39.0pt;mso-para-margin-left:0gd;\r\ntext-indent:-12.0pt;mso-char-indent-count:0;mso-line-height-alt:0pt;mso-outline-level:\r\nbody-text;mso-list:l3 level1 lfo4;mso-hyphenate:auto;tab-stops:39.0pt;\r\nmso-vertical-align-alt:auto\"><!--[if !supportLists]--><b style=\"mso-bidi-font-weight:\r\nnormal\"><span style=\"font-size:9.0pt;mso-bidi-font-size:10.0pt;font-family:\r\n&quot;Tahoma&quot;,sans-serif;mso-fareast-font-family:Tahoma\"><span style=\"mso-list:Ignore\">4.<span style=\"font:7.0pt &quot;Times New Roman&quot;\">&nbsp;&nbsp;</span></span></span></b><!--[endif]--><b><span style=\"font-size: 9pt; font-family: Tahoma, sans-serif;\">Documentation &amp; Communication<o:p></o:p></span></b></p><p class=\"MsoNormal\" style=\"margin-top:0in;margin-right:.5in;margin-bottom:0in;\r\nmargin-left:81.0pt;margin-bottom:.0001pt;mso-para-margin-top:0in;mso-para-margin-right:\r\n.5in;mso-para-margin-bottom:0in;mso-para-margin-left:0gd;mso-para-margin-bottom:\r\n.0001pt;text-indent:-.2in;mso-char-indent-count:0;line-height:108%;mso-outline-level:\r\nbody-text;mso-list:l3 level2 lfo4;mso-hyphenate:auto;tab-stops:81.0pt;\r\nmso-vertical-align-alt:auto\"><!--[if !supportLists]--><span style=\"font-size:9.0pt;\r\nmso-bidi-font-size:10.0pt;line-height:108%;font-family:&quot;Tahoma&quot;,sans-serif;\r\nmso-fareast-font-family:Tahoma;mso-bidi-font-weight:bold\"><span style=\"mso-list:Ignore\">a.<span style=\"font:7.0pt &quot;Times New Roman&quot;\">&nbsp;&nbsp;&nbsp;</span></span></span><!--[endif]--><span style=\"font-size: 9pt; line-height: 12.960000038146973px; font-family: Tahoma, sans-serif;\">At the end of each contact, points of matters discussed /or agreed must be clearly documented for future reference<o:p></o:p></span></p><p class=\"MsoNormal\" style=\"margin: 0in 0in 0.0001pt; text-indent: -0.1pt; font-size: 10pt; font-family: Calibri, sans-serif; position: relative; top: 0.5pt; caret-color: rgb(0, 0, 0); color: rgb(0, 0, 0); font-style: normal; font-variant-caps: normal; font-weight: normal; letter-spacing: normal; orphans: auto; text-align: start; text-transform: none; white-space: normal; widows: auto; word-spacing: 0px; -webkit-text-size-adjust: auto; -webkit-text-stroke-width: 0px; text-decoration: none; line-height: 0.25pt;\"><span style=\"font-size: 9pt; font-family: Tahoma, sans-serif;\"><o:p>&nbsp;</o:p></span></p><p class=\"MsoNormal\" style=\"margin-top:0in;margin-right:28.0pt;margin-bottom:\r\n0in;margin-left:81.0pt;margin-bottom:.0001pt;mso-para-margin-top:0in;\r\nmso-para-margin-right:28.0pt;mso-para-margin-bottom:0in;mso-para-margin-left:\r\n0gd;mso-para-margin-bottom:.0001pt;text-indent:-.2in;mso-char-indent-count:\r\n0;line-height:110%;mso-outline-level:body-text;mso-list:l3 level2 lfo4;\r\nmso-hyphenate:auto;tab-stops:81.0pt;mso-vertical-align-alt:auto\"><!--[if !supportLists]--><span style=\"font-size:9.0pt;mso-bidi-font-size:10.0pt;line-height:110%;font-family:\r\n&quot;Tahoma&quot;,sans-serif;mso-fareast-font-family:Tahoma;mso-bidi-font-weight:bold\"><span style=\"mso-list:Ignore\">b.<span style=\"font:7.0pt &quot;Times New Roman&quot;\">&nbsp;&nbsp;&nbsp;</span></span></span><!--[endif]--><span style=\"font-size: 9pt; line-height: 13.199999809265137px; font-family: Tahoma, sans-serif;\">Pertinent points of the documentation must be included in the weekly report and stored on a designated drive on the property server<o:p></o:p></span></p><p class=\"MsoNormal\" style=\"margin: 0in 0in 0.0001pt; text-indent: -0.1pt; font-size: 10pt; font-family: Calibri, sans-serif; position: relative; top: 0.5pt; caret-color: rgb(0, 0, 0); color: rgb(0, 0, 0); font-style: normal; font-variant-caps: normal; font-weight: normal; letter-spacing: normal; orphans: auto; text-align: start; text-transform: none; white-space: normal; widows: auto; word-spacing: 0px; -webkit-text-size-adjust: auto; -webkit-text-stroke-width: 0px; text-decoration: none; line-height: 0.15pt;\"><span style=\"font-size: 9pt; font-family: Tahoma, sans-serif;\"><o:p>&nbsp;</o:p></span></p><p class=\"MsoNormal\" style=\"margin-top:0in;margin-right:.5in;margin-bottom:0in;\r\nmargin-left:81.0pt;margin-bottom:.0001pt;mso-para-margin-top:0in;mso-para-margin-right:\r\n.5in;mso-para-margin-bottom:0in;mso-para-margin-left:0gd;mso-para-margin-bottom:\r\n.0001pt;text-indent:-.2in;mso-char-indent-count:0;line-height:110%;mso-outline-level:\r\nbody-text;mso-list:l3 level2 lfo4;mso-hyphenate:auto;tab-stops:81.0pt;\r\nmso-vertical-align-alt:auto\"><!--[if !supportLists]--><span style=\"font-size:9.0pt;\r\nmso-bidi-font-size:10.0pt;line-height:110%;font-family:&quot;Tahoma&quot;,sans-serif;\r\nmso-fareast-font-family:Tahoma;mso-bidi-font-weight:bold\"><span style=\"mso-list:Ignore\">c.<span style=\"font:7.0pt &quot;Times New Roman&quot;\">&nbsp;&nbsp;&nbsp;</span></span></span><!--[endif]--><span style=\"font-size: 9pt; line-height: 13.199999809265137px; font-family: Tahoma, sans-serif;\">All communication pertaining to rates /or commitments outside of the guidelines approved by the DOM must be copied via email to the DOM</span></p><p class=\"MsoNormal\" style=\"margin: 0in 0in 0.0001pt; text-indent: -0.1pt; font-size: 10pt; font-family: Calibri, sans-serif; position: relative; top: 0.5pt; caret-color: rgb(0, 0, 0); color: rgb(0, 0, 0); font-style: normal; font-variant-caps: normal; font-weight: normal; letter-spacing: normal; orphans: auto; text-align: start; text-transform: none; white-space: normal; widows: auto; word-spacing: 0px; -webkit-text-size-adjust: auto; -webkit-text-stroke-width: 0px; text-decoration: none;\"><b><span style=\"font-size: 9.5pt; font-family: Tahoma, sans-serif;\">Flow Chart:<o:p></o:p></span></b></p><p class=\"MsoNormal\" style=\"margin: 0in 0in 0.0001pt; text-indent: -0.1pt; font-size: 10pt; font-family: Calibri, sans-serif; position: relative; top: 0.5pt; caret-color: rgb(0, 0, 0); color: rgb(0, 0, 0); font-style: normal; font-variant-caps: normal; font-weight: normal; letter-spacing: normal; orphans: auto; text-align: start; text-transform: none; white-space: normal; widows: auto; word-spacing: 0px; -webkit-text-size-adjust: auto; -webkit-text-stroke-width: 0px; text-decoration: none;\"><b><span style=\"font-size: 9pt; font-family: Tahoma, sans-serif;\">Pre Sales Call:<o:p></o:p></span></b></p><p class=\"MsoNormal\" style=\"margin: 0in 0in 0.0001pt; text-indent: -0.1pt; font-size: 10pt; font-family: Calibri, sans-serif; position: relative; top: 0.5pt; caret-color: rgb(0, 0, 0); color: rgb(0, 0, 0); font-style: normal; font-variant-caps: normal; font-weight: normal; letter-spacing: normal; orphans: auto; text-align: start; text-transform: none; white-space: normal; widows: auto; word-spacing: 0px; -webkit-text-size-adjust: auto; -webkit-text-stroke-width: 0px; text-decoration: none; line-height: 1.75pt;\"><span style=\"font-family: &quot;Times New Roman&quot;, serif;\"><o:p>&nbsp;</o:p></span></p><p class=\"MsoListParagraph\" style=\"margin-top:0in;margin-right:265.0pt;\r\nmargin-bottom:0in;margin-left:35.9pt;margin-bottom:.0001pt;mso-add-space:auto;\r\nmso-para-margin-top:0in;mso-para-margin-right:265.0pt;mso-para-margin-bottom:\r\n0in;mso-para-margin-left:0gd;mso-para-margin-bottom:.0001pt;mso-add-space:auto;\r\ntext-indent:-.25in;mso-char-indent-count:0;line-height:106%;mso-list:l4 level1 lfo5\"><!--[if !supportLists]--><span style=\"font-size:8.5pt;mso-bidi-font-size:10.0pt;line-height:106%;font-family:\r\nSymbol;mso-fareast-font-family:Symbol;mso-bidi-font-family:Symbol;mso-bidi-font-weight:\r\nbold\"><span style=\"mso-list:Ignore\"><span style=\"font:7.0pt &quot;Times New Roman&quot;\">&nbsp;&nbsp;&nbsp;&nbsp;&nbsp;&nbsp;</span></span></span><!--[endif]--><span style=\"font-size: 8.5pt; line-height: 12.01333236694336px; font-family: Tahoma, sans-serif;\">Identify potential customer Make appointment<o:p></o:p></span></p><p class=\"MsoNormal\" style=\"margin: 0in 0in 0.0001pt; text-indent: -0.1pt; font-size: 10pt; font-family: Calibri, sans-serif; position: relative; top: 0.5pt; caret-color: rgb(0, 0, 0); color: rgb(0, 0, 0); font-style: normal; font-variant-caps: normal; font-weight: normal; letter-spacing: normal; orphans: auto; text-align: start; text-transform: none; white-space: normal; widows: auto; word-spacing: 0px; -webkit-text-size-adjust: auto; -webkit-text-stroke-width: 0px; text-decoration: none; line-height: 0.05pt;\"><span style=\"font-family: &quot;Times New Roman&quot;, serif;\"><o:p>&nbsp;</o:p></span></p><p class=\"MsoListParagraph\" style=\"margin-left:35.9pt;mso-add-space:auto;\r\nmso-para-margin-left:0gd;mso-add-space:auto;text-indent:-.25in;mso-char-indent-count:\r\n0;line-height:99%;mso-list:l4 level1 lfo5\"><!--[if !supportLists]--><span style=\"font-size:9.0pt;mso-bidi-font-size:10.0pt;line-height:99%;font-family:\r\nSymbol;mso-fareast-font-family:Symbol;mso-bidi-font-family:Symbol;mso-bidi-font-weight:\r\nbold\"><span style=\"mso-list:Ignore\"><span style=\"font:7.0pt &quot;Times New Roman&quot;\">&nbsp;&nbsp;&nbsp;&nbsp;&nbsp;&nbsp;</span></span></span><!--[endif]--><span style=\"font-size: 9pt; line-height: 11.880000114440918px; font-family: Tahoma, sans-serif;\">Research on company<o:p></o:p></span></p><p class=\"MsoNormal\" style=\"margin: 0in 0in 0.0001pt; text-indent: -0.1pt; font-size: 10pt; font-family: Calibri, sans-serif; position: relative; top: 0.5pt; caret-color: rgb(0, 0, 0); color: rgb(0, 0, 0); font-style: normal; font-variant-caps: normal; font-weight: normal; letter-spacing: normal; orphans: auto; text-align: start; text-transform: none; white-space: normal; widows: auto; word-spacing: 0px; -webkit-text-size-adjust: auto; -webkit-text-stroke-width: 0px; text-decoration: none; line-height: 0.1pt;\"><span style=\"font-family: &quot;Times New Roman&quot;, serif;\"><o:p>&nbsp;</o:p></span></p><p class=\"MsoListParagraph\" style=\"margin-left:35.9pt;mso-add-space:auto;\r\nmso-para-margin-left:0gd;mso-add-space:auto;text-indent:-.25in;mso-char-indent-count:\r\n0;line-height:99%;mso-list:l4 level1 lfo5\"><!--[if !supportLists]--><span style=\"font-size:9.0pt;mso-bidi-font-size:10.0pt;line-height:99%;font-family:\r\nSymbol;mso-fareast-font-family:Symbol;mso-bidi-font-family:Symbol;mso-bidi-font-weight:\r\nbold\"><span style=\"mso-list:Ignore\"><span style=\"font:7.0pt &quot;Times New Roman&quot;\">&nbsp;&nbsp;&nbsp;&nbsp;&nbsp;&nbsp;</span></span></span><!--[endif]--><span style=\"font-size: 9pt; line-height: 11.880000114440918px; font-family: Tahoma, sans-serif;\">Be equipped with presentation &amp; promotional material</span></p><p class=\"MsoNormal\" style=\"margin: 0in 0in 0.0001pt; text-indent: -0.1pt; font-size: 10pt; font-family: Calibri, sans-serif; position: relative; top: 0.5pt; caret-color: rgb(0, 0, 0); color: rgb(0, 0, 0); font-style: normal; font-variant-caps: normal; font-weight: normal; letter-spacing: normal; orphans: auto; text-align: start; text-transform: none; white-space: normal; widows: auto; word-spacing: 0px; -webkit-text-size-adjust: auto; -webkit-text-stroke-width: 0px; text-decoration: none;\"><b><span style=\"font-size: 9pt; font-family: Tahoma, sans-serif;\">During Sales Call:<o:p></o:p></span></b></p><p class=\"MsoNormal\" style=\"margin: 0in 0in 0.0001pt; text-indent: -0.1pt; font-size: 10pt; font-family: Calibri, sans-serif; position: relative; top: 0.5pt; caret-color: rgb(0, 0, 0); color: rgb(0, 0, 0); font-style: normal; font-variant-caps: normal; font-weight: normal; letter-spacing: normal; orphans: auto; text-align: start; text-transform: none; white-space: normal; widows: auto; word-spacing: 0px; -webkit-text-size-adjust: auto; -webkit-text-stroke-width: 0px; text-decoration: none; line-height: 1.7pt;\"><span style=\"font-family: &quot;Times New Roman&quot;, serif;\"><o:p>&nbsp;</o:p></span></p><p class=\"MsoListParagraph\" style=\"margin-left:35.9pt;mso-add-space:auto;\r\nmso-para-margin-left:0gd;mso-add-space:auto;text-indent:-.25in;mso-char-indent-count:\r\n0;mso-line-height-alt:0pt;mso-list:l6 level1 lfo6\"><!--[if !supportLists]--><span style=\"font-size:9.0pt;mso-bidi-font-size:10.0pt;font-family:Symbol;mso-fareast-font-family:\r\nSymbol;mso-bidi-font-family:Symbol;mso-bidi-font-weight:bold\"><span style=\"mso-list:Ignore\"><span style=\"font:7.0pt &quot;Times New Roman&quot;\">&nbsp;&nbsp;&nbsp;&nbsp;&nbsp;&nbsp;</span></span></span><!--[endif]--><span style=\"font-size: 9pt; font-family: Tahoma, sans-serif;\">Be early by at least 10 minutes<o:p></o:p></span></p><p class=\"MsoNormal\" style=\"margin: 0in 0in 0.0001pt; text-indent: -0.1pt; font-size: 10pt; font-family: Calibri, sans-serif; position: relative; top: 0.5pt; caret-color: rgb(0, 0, 0); color: rgb(0, 0, 0); font-style: normal; font-variant-caps: normal; font-weight: normal; letter-spacing: normal; orphans: auto; text-align: start; text-transform: none; white-space: normal; widows: auto; word-spacing: 0px; -webkit-text-size-adjust: auto; -webkit-text-stroke-width: 0px; text-decoration: none; line-height: 1.85pt;\"><span style=\"font-family: &quot;Times New Roman&quot;, serif;\"><o:p>&nbsp;</o:p></span></p><p class=\"MsoListParagraph\" style=\"margin-left:35.9pt;mso-add-space:auto;\r\nmso-para-margin-left:0gd;mso-add-space:auto;text-indent:-.25in;mso-char-indent-count:\r\n0;mso-line-height-alt:0pt;mso-list:l6 level1 lfo6\"><!--[if !supportLists]--><span style=\"font-size:9.0pt;mso-bidi-font-size:10.0pt;font-family:Symbol;mso-fareast-font-family:\r\nSymbol;mso-bidi-font-family:Symbol;mso-bidi-font-weight:bold\"><span style=\"mso-list:Ignore\"><span style=\"font:7.0pt &quot;Times New Roman&quot;\">&nbsp;&nbsp;&nbsp;&nbsp;&nbsp;&nbsp;</span></span></span><!--[endif]--><span style=\"font-size: 9pt; font-family: Tahoma, sans-serif;\">Establish allocated time for presentation<o:p></o:p></span></p><p class=\"MsoNormal\" style=\"margin: 0in 0in 0.0001pt; text-indent: -0.1pt; font-size: 10pt; font-family: Calibri, sans-serif; position: relative; top: 0.5pt; caret-color: rgb(0, 0, 0); color: rgb(0, 0, 0); font-style: normal; font-variant-caps: normal; font-weight: normal; letter-spacing: normal; orphans: auto; text-align: start; text-transform: none; white-space: normal; widows: auto; word-spacing: 0px; -webkit-text-size-adjust: auto; -webkit-text-stroke-width: 0px; text-decoration: none; line-height: 0.1pt;\"><span style=\"font-family: &quot;Times New Roman&quot;, serif;\"><o:p>&nbsp;</o:p></span></p><p class=\"MsoListParagraph\" style=\"margin-top:0in;margin-right:184.0pt;\r\nmargin-bottom:0in;margin-left:35.9pt;margin-bottom:.0001pt;mso-add-space:auto;\r\nmso-para-margin-top:0in;mso-para-margin-right:184.0pt;mso-para-margin-bottom:\r\n0in;mso-para-margin-left:0gd;mso-para-margin-bottom:.0001pt;mso-add-space:auto;\r\ntext-indent:-.25in;mso-char-indent-count:0;line-height:95%;mso-list:l6 level1 lfo6\"><!--[if !supportLists]--><span style=\"font-size:9.0pt;mso-bidi-font-size:10.0pt;line-height:95%;font-family:\r\nSymbol;mso-fareast-font-family:Symbol;mso-bidi-font-family:Symbol;mso-bidi-font-weight:\r\nbold\"><span style=\"mso-list:Ignore\"><span style=\"font:7.0pt &quot;Times New Roman&quot;\">&nbsp;&nbsp;&nbsp;&nbsp;&nbsp;&nbsp;</span></span></span><!--[endif]--><span style=\"font-size: 9pt; line-height: 11.399999618530273px; font-family: Tahoma, sans-serif;\">Establish personal relationship with customer Conduct product presentation<o:p></o:p></span></p><p class=\"MsoNormal\" style=\"margin: 0in 0in 0.0001pt; text-indent: -0.1pt; font-size: 10pt; font-family: Calibri, sans-serif; position: relative; top: 0.5pt; caret-color: rgb(0, 0, 0); color: rgb(0, 0, 0); font-style: normal; font-variant-caps: normal; font-weight: normal; letter-spacing: normal; orphans: auto; text-align: start; text-transform: none; white-space: normal; widows: auto; word-spacing: 0px; -webkit-text-size-adjust: auto; -webkit-text-stroke-width: 0px; text-decoration: none; line-height: 0.05pt;\"><span style=\"font-family: &quot;Times New Roman&quot;, serif;\"><o:p>&nbsp;</o:p></span></p><p class=\"MsoListParagraph\" style=\"margin-left:35.9pt;mso-add-space:auto;\r\nmso-para-margin-left:0gd;mso-add-space:auto;text-indent:-.25in;mso-char-indent-count:\r\n0;line-height:99%;mso-list:l6 level1 lfo6\"><!--[if !supportLists]--><span style=\"font-size:9.0pt;mso-bidi-font-size:10.0pt;line-height:99%;font-family:\r\nSymbol;mso-fareast-font-family:Symbol;mso-bidi-font-family:Symbol;mso-bidi-font-weight:\r\nbold\"><span style=\"mso-list:Ignore\"><span style=\"font:7.0pt &quot;Times New Roman&quot;\">&nbsp;&nbsp;&nbsp;&nbsp;&nbsp;&nbsp;</span></span></span><!--[endif]--><span style=\"font-size: 9pt; line-height: 11.880000114440918px; font-family: Tahoma, sans-serif;\">Take notes</span></p><p class=\"MsoNormal\" style=\"margin: 0in 0in 0.0001pt; text-indent: -0.1pt; font-size: 10pt; font-family: Calibri, sans-serif; position: relative; top: 0.5pt; caret-color: rgb(0, 0, 0); color: rgb(0, 0, 0); font-style: normal; font-variant-caps: normal; font-weight: normal; letter-spacing: normal; orphans: auto; text-align: start; text-transform: none; white-space: normal; widows: auto; word-spacing: 0px; -webkit-text-size-adjust: auto; -web');
INSERT INTO `standard_operation_procedure_set_up` VALUES (7, 'TRADE SHOW / ROAD SHOW OR EVENT', 7, 1, '2019-08-30', 1, NULL, NULL, '<p class=\"MsoNormal\" style=\"margin: 0in 0in 0.0001pt; text-indent: 0in; font-size: 10pt; font-family: Calibri, sans-serif; position: relative; top: 0.5pt; caret-color: rgb(0, 0, 0); color: rgb(0, 0, 0); font-style: normal; font-variant-caps: normal; font-weight: normal; letter-spacing: normal; orphans: auto; text-align: start; text-transform: none; white-space: normal; widows: auto; word-spacing: 0px; -webkit-text-size-adjust: auto; -webkit-text-stroke-width: 0px; text-decoration: none;\"><br></p><p class=\"MsoNormal\" align=\"center\" style=\"margin: 0in 0in 0.0001pt; text-indent: -0.1pt; font-size: 10pt; font-family: Calibri, sans-serif; position: relative; top: 0.5pt; caret-color: rgb(0, 0, 0); color: rgb(0, 0, 0); font-style: normal; font-variant-caps: normal; font-weight: normal; letter-spacing: normal; orphans: auto; text-transform: none; white-space: normal; widows: auto; word-spacing: 0px; -webkit-text-size-adjust: auto; -webkit-text-stroke-width: 0px; text-decoration: none; text-align: center;\"><b><u><span style=\"font-size: 9pt; font-family: Tahoma, sans-serif;\">TRADE SHOW &amp; ROAD SHOW</span></u></b></p><p class=\"MsoNormal\" style=\"margin: 0in 0in 0.0001pt; text-indent: -0.1pt; font-size: 10pt; font-family: Calibri, sans-serif; position: relative; top: 0.5pt; caret-color: rgb(0, 0, 0); color: rgb(0, 0, 0); font-style: normal; font-variant-caps: normal; font-weight: normal; letter-spacing: normal; orphans: auto; text-align: start; text-transform: none; white-space: normal; widows: auto; word-spacing: 0px; -webkit-text-size-adjust: auto; -webkit-text-stroke-width: 0px; text-decoration: none;\"><b><span style=\"font-size: 9.5pt; font-family: Tahoma, sans-serif;\">Standard:<o:p></o:p></span></b></p><p class=\"MsoNormal\" style=\"margin: 0in 0in 0.0001pt; text-indent: -0.1pt; font-size: 10pt; font-family: Calibri, sans-serif; position: relative; top: 0.5pt; caret-color: rgb(0, 0, 0); color: rgb(0, 0, 0); font-style: normal; font-variant-caps: normal; font-weight: normal; letter-spacing: normal; orphans: auto; text-align: start; text-transform: none; white-space: normal; widows: auto; word-spacing: 0px; -webkit-text-size-adjust: auto; -webkit-text-stroke-width: 0px; text-decoration: none; line-height: 5.55pt;\"><span style=\"font-family: &quot;Times New Roman&quot;, serif;\"><o:p>&nbsp;</o:p></span></p><p class=\"MsoNormal\" style=\"margin: 0in 33pt 0.0001pt 0in; text-indent: -0.1pt; font-size: 10pt; font-family: Calibri, sans-serif; position: relative; top: 0.5pt; caret-color: rgb(0, 0, 0); color: rgb(0, 0, 0); font-style: normal; font-variant-caps: normal; font-weight: normal; letter-spacing: normal; orphans: auto; text-align: start; text-transform: none; white-space: normal; widows: auto; word-spacing: 0px; -webkit-text-size-adjust: auto; -webkit-text-stroke-width: 0px; text-decoration: none; line-height: 14.666666030883789px;\"><span style=\"font-size: 9pt; line-height: 13.199999809265137px; font-family: Tahoma, sans-serif;\">To effectively qualify and propose participation in industry-related trade shows &amp; road shows to effectively marketing our company.<o:p></o:p></span></p><p class=\"MsoNormal\" style=\"margin: 0in 0in 0.0001pt; text-indent: -0.1pt; font-size: 10pt; font-family: Calibri, sans-serif; position: relative; top: 0.5pt; caret-color: rgb(0, 0, 0); color: rgb(0, 0, 0); font-style: normal; font-variant-caps: normal; font-weight: normal; letter-spacing: normal; orphans: auto; text-align: start; text-transform: none; white-space: normal; widows: auto; word-spacing: 0px; -webkit-text-size-adjust: auto; -webkit-text-stroke-width: 0px; text-decoration: none; line-height: 11.15pt;\"><span style=\"font-family: &quot;Times New Roman&quot;, serif;\"><o:p>&nbsp;</o:p></span></p><p class=\"MsoNormal\" style=\"margin: 0in 0in 0.0001pt; text-indent: -0.1pt; font-size: 10pt; font-family: Calibri, sans-serif; position: relative; top: 0.5pt; caret-color: rgb(0, 0, 0); color: rgb(0, 0, 0); font-style: normal; font-variant-caps: normal; font-weight: normal; letter-spacing: normal; orphans: auto; text-align: start; text-transform: none; white-space: normal; widows: auto; word-spacing: 0px; -webkit-text-size-adjust: auto; -webkit-text-stroke-width: 0px; text-decoration: none;\"><b><span style=\"font-size: 9.5pt; font-family: Tahoma, sans-serif;\">Rationale:<o:p></o:p></span></b></p><p class=\"MsoNormal\" style=\"margin: 0in 12pt 0.0001pt 0in; text-indent: -0.1pt; font-size: 10pt; font-family: Calibri, sans-serif; position: relative; top: 0.5pt; caret-color: rgb(0, 0, 0); color: rgb(0, 0, 0); font-style: normal; font-variant-caps: normal; font-weight: normal; letter-spacing: normal; orphans: auto; text-transform: none; white-space: normal; widows: auto; word-spacing: 0px; -webkit-text-size-adjust: auto; -webkit-text-stroke-width: 0px; text-decoration: none; text-align: justify; line-height: 14.666666030883789px;\"><span style=\"font-size: 9pt; line-height: 13.199999809265137px; font-family: Tahoma, sans-serif;\">Trade &amp; Road shows are excellent occasions to gain new business leads, and also to gather market intelligence. It is important to note that 80% of the annual show calendar is based on Corporate guidance, while the company may suggest participation in shows it deems justifiable for lead generation.<o:p></o:p></span></p><p class=\"MsoNormal\" style=\"margin: 0in 0in 0.0001pt; text-indent: -0.1pt; font-size: 10pt; font-family: Calibri, sans-serif; position: relative; top: 0.5pt; caret-color: rgb(0, 0, 0); color: rgb(0, 0, 0); font-style: normal; font-variant-caps: normal; font-weight: normal; letter-spacing: normal; orphans: auto; text-align: start; text-transform: none; white-space: normal; widows: auto; word-spacing: 0px; -webkit-text-size-adjust: auto; -webkit-text-stroke-width: 0px; text-decoration: none; line-height: 11.35pt;\"><span style=\"font-family: &quot;Times New Roman&quot;, serif;\"><o:p>&nbsp;</o:p></span></p><p class=\"MsoNormal\" style=\"margin: 0in 0in 0.0001pt; text-indent: -0.1pt; font-size: 10pt; font-family: Calibri, sans-serif; position: relative; top: 0.5pt; caret-color: rgb(0, 0, 0); color: rgb(0, 0, 0); font-style: normal; font-variant-caps: normal; font-weight: normal; letter-spacing: normal; orphans: auto; text-align: start; text-transform: none; white-space: normal; widows: auto; word-spacing: 0px; -webkit-text-size-adjust: auto; -webkit-text-stroke-width: 0px; text-decoration: none;\"><b><span style=\"font-size: 9.5pt; font-family: Tahoma, sans-serif;\">Procedure:<o:p></o:p></span></b></p><p class=\"MsoNormal\" style=\"margin: 0in 0in 0.0001pt; text-indent: -0.1pt; font-size: 10pt; font-family: Calibri, sans-serif; position: relative; top: 0.5pt; caret-color: rgb(0, 0, 0); color: rgb(0, 0, 0); font-style: normal; font-variant-caps: normal; font-weight: normal; letter-spacing: normal; orphans: auto; text-align: start; text-transform: none; white-space: normal; widows: auto; word-spacing: 0px; -webkit-text-size-adjust: auto; -webkit-text-stroke-width: 0px; text-decoration: none; line-height: 2.4pt;\"><span style=\"font-family: &quot;Times New Roman&quot;, serif;\"><o:p>&nbsp;</o:p></span></p><p class=\"MsoNormal\" style=\"margin-left:40.0pt;mso-para-margin-left:0gd;\r\ntext-indent:-11.55pt;mso-char-indent-count:0;mso-line-height-alt:0pt;\r\nmso-outline-level:body-text;mso-list:l0 level1 lfo1;mso-hyphenate:auto;\r\ntab-stops:40.0pt;mso-vertical-align-alt:auto\"><!--[if !supportLists]--><b style=\"mso-bidi-font-weight:normal\"><span style=\"font-size:9.0pt;mso-bidi-font-size:\r\n10.0pt;font-family:&quot;Tahoma&quot;,sans-serif;mso-fareast-font-family:Tahoma\"><span style=\"mso-list:Ignore\">1.<span style=\"font:7.0pt &quot;Times New Roman&quot;\">&nbsp;&nbsp;</span></span></span></b><!--[endif]--><b><span style=\"font-size: 9pt; font-family: Tahoma, sans-serif;\">Trade Show &amp; Road Show<o:p></o:p></span></b></p><p class=\"MsoNormal\" style=\"margin: 0in 0in 0.0001pt; text-indent: -0.1pt; font-size: 10pt; font-family: Calibri, sans-serif; position: relative; top: 0.5pt; caret-color: rgb(0, 0, 0); color: rgb(0, 0, 0); font-style: normal; font-variant-caps: normal; font-weight: normal; letter-spacing: normal; orphans: auto; text-align: start; text-transform: none; white-space: normal; widows: auto; word-spacing: 0px; -webkit-text-size-adjust: auto; -webkit-text-stroke-width: 0px; text-decoration: none; line-height: 1.7pt;\"><b><span style=\"font-size: 9pt; font-family: Tahoma, sans-serif;\"><o:p>&nbsp;</o:p></span></b></p><p class=\"MsoNormal\" style=\"margin: 0in 0in 0.0001pt; text-indent: -0.1pt; font-size: 10pt; font-family: Calibri, sans-serif; position: relative; top: 0.5pt; caret-color: rgb(0, 0, 0); color: rgb(0, 0, 0); font-style: normal; font-variant-caps: normal; font-weight: normal; letter-spacing: normal; orphans: auto; text-align: start; text-transform: none; white-space: normal; widows: auto; word-spacing: 0px; -webkit-text-size-adjust: auto; -webkit-text-stroke-width: 0px; text-decoration: none;\"><b><span style=\"font-size: 9pt; font-family: Tahoma, sans-serif;\">a. For Trade Show, DOM to propose participation indicating:<o:p></o:p></span></b></p><p class=\"MsoNormal\" style=\"margin-left:118.0pt;mso-para-margin-left:0gd;\r\ntext-indent:-17.55pt;mso-char-indent-count:0;line-height:99%;mso-outline-level:\r\nbody-text;mso-list:l0 level3 lfo1;mso-hyphenate:auto;tab-stops:118.0pt;\r\nmso-vertical-align-alt:auto\"><!--[if !supportLists]--><span style=\"font-size:9.0pt;\r\nmso-bidi-font-size:10.0pt;line-height:99%;font-family:&quot;Tahoma&quot;,sans-serif;\r\nmso-fareast-font-family:Tahoma;mso-bidi-font-weight:bold\"><span style=\"mso-list:Ignore\">i.<span style=\"font:7.0pt &quot;Times New Roman&quot;\">&nbsp;&nbsp;&nbsp;&nbsp;&nbsp;&nbsp;</span></span></span><!--[endif]--><span style=\"font-size: 9pt; line-height: 11.880000114440918px; font-family: Tahoma, sans-serif;\">Potential Geographic Business Opportunities<o:p></o:p></span></p><p class=\"MsoNormal\" style=\"margin: 0in 0in 0.0001pt; text-indent: -0.1pt; font-size: 10pt; font-family: Calibri, sans-serif; position: relative; top: 0.5pt; caret-color: rgb(0, 0, 0); color: rgb(0, 0, 0); font-style: normal; font-variant-caps: normal; font-weight: normal; letter-spacing: normal; orphans: auto; text-align: start; text-transform: none; white-space: normal; widows: auto; word-spacing: 0px; -webkit-text-size-adjust: auto; -webkit-text-stroke-width: 0px; text-decoration: none; line-height: 1.85pt;\"><span style=\"font-size: 9pt; font-family: Tahoma, sans-serif;\"><o:p>&nbsp;</o:p></span></p><p class=\"MsoNormal\" style=\"margin-left:118.0pt;mso-para-margin-left:0gd;\r\ntext-indent:-17.55pt;mso-char-indent-count:0;mso-line-height-alt:0pt;\r\nmso-outline-level:body-text;mso-list:l0 level3 lfo1;mso-hyphenate:auto;\r\ntab-stops:118.0pt;mso-vertical-align-alt:auto\"><!--[if !supportLists]--><span style=\"font-size:9.0pt;mso-bidi-font-size:10.0pt;font-family:&quot;Tahoma&quot;,sans-serif;\r\nmso-fareast-font-family:Tahoma;mso-bidi-font-weight:bold\"><span style=\"mso-list:Ignore\">ii.<span style=\"font:7.0pt &quot;Times New Roman&quot;\">&nbsp;&nbsp;&nbsp;&nbsp;&nbsp;</span></span></span><!--[endif]--><span style=\"font-size: 9pt; font-family: Tahoma, sans-serif;\">Updated Geographic Market Report<o:p></o:p></span></p><p class=\"MsoNormal\" style=\"margin-left:118.0pt;mso-para-margin-left:0gd;\r\ntext-indent:-17.55pt;mso-char-indent-count:0;mso-line-height-alt:0pt;\r\nmso-outline-level:body-text;mso-list:l0 level3 lfo1;mso-hyphenate:auto;\r\ntab-stops:118.0pt;mso-vertical-align-alt:auto\"><!--[if !supportLists]--><span style=\"font-size:9.0pt;mso-bidi-font-size:10.0pt;font-family:&quot;Tahoma&quot;,sans-serif;\r\nmso-fareast-font-family:Tahoma;mso-bidi-font-weight:bold\"><span style=\"mso-list:Ignore\">iii.<span style=\"font:7.0pt &quot;Times New Roman&quot;\">&nbsp;&nbsp;&nbsp;&nbsp;</span></span></span><!--[endif]--><span style=\"font-size: 9pt; font-family: Tahoma, sans-serif;\">Potential Awareness Generation&nbsp;<o:p></o:p></span></p><p class=\"MsoNormal\" style=\"margin-left:118.0pt;mso-para-margin-left:0gd;\r\ntext-indent:-17.55pt;mso-char-indent-count:0;mso-line-height-alt:0pt;\r\nmso-outline-level:body-text;mso-list:l0 level3 lfo1;mso-hyphenate:auto;\r\ntab-stops:118.0pt;mso-vertical-align-alt:auto\"><!--[if !supportLists]--><span style=\"font-size:9.0pt;mso-bidi-font-size:10.0pt;font-family:&quot;Tahoma&quot;,sans-serif;\r\nmso-fareast-font-family:Tahoma;mso-bidi-font-weight:bold\"><span style=\"mso-list:Ignore\">iv.<span style=\"font:7.0pt &quot;Times New Roman&quot;\">&nbsp;&nbsp;&nbsp;</span></span></span><!--[endif]--><span style=\"font-size: 9pt; font-family: Tahoma, sans-serif;\">Update Market Report&nbsp;<o:p></o:p></span></p><p class=\"MsoNormal\" style=\"margin: 0in 0in 0.0001pt; text-indent: 0in; font-size: 10pt; font-family: Calibri, sans-serif; position: relative; top: 0.5pt; caret-color: rgb(0, 0, 0); color: rgb(0, 0, 0); font-style: normal; font-variant-caps: normal; font-weight: normal; letter-spacing: normal; orphans: auto; text-align: start; text-transform: none; white-space: normal; widows: auto; word-spacing: 0px; -webkit-text-size-adjust: auto; -webkit-text-stroke-width: 0px; text-decoration: none;\"><span style=\"font-size: 9pt; font-family: Tahoma, sans-serif;\"><o:p>&nbsp;</o:p></span></p><p class=\"MsoNormal\" style=\"margin: 0in 0in 0.0001pt; text-indent: -0.1pt; font-size: 10pt; font-family: Calibri, sans-serif; position: relative; top: 0.5pt; caret-color: rgb(0, 0, 0); color: rgb(0, 0, 0); font-style: normal; font-variant-caps: normal; font-weight: normal; letter-spacing: normal; orphans: auto; text-align: start; text-transform: none; white-space: normal; widows: auto; word-spacing: 0px; -webkit-text-size-adjust: auto; -webkit-text-stroke-width: 0px; text-decoration: none; line-height: 1.6pt;\"><span style=\"font-size: 9pt; font-family: Tahoma, sans-serif;\"><o:p>&nbsp;</o:p></span></p><p class=\"MsoNormal\" style=\"margin: 0in 0in 0.0001pt; text-indent: -0.1pt; font-size: 10pt; font-family: Calibri, sans-serif; position: relative; top: 0.5pt; caret-color: rgb(0, 0, 0); color: rgb(0, 0, 0); font-style: normal; font-variant-caps: normal; font-weight: normal; letter-spacing: normal; orphans: auto; text-align: start; text-transform: none; white-space: normal; widows: auto; word-spacing: 0px; -webkit-text-size-adjust: auto; -webkit-text-stroke-width: 0px; text-decoration: none; line-height: 5.2pt;\"><span style=\"font-size: 9pt; font-family: Tahoma, sans-serif;\"><o:p>&nbsp;</o:p></span></p><p class=\"MsoNormal\" style=\"margin-left:71.0pt;mso-para-margin-left:0gd;\r\ntext-indent:-10.15pt;mso-char-indent-count:0;mso-line-height-alt:0pt;\r\nmso-outline-level:body-text;mso-list:l1 level1 lfo2;mso-hyphenate:auto;\r\ntab-stops:71.0pt;mso-vertical-align-alt:auto\"><!--[if !supportLists]--><span style=\"font-size:9.0pt;mso-bidi-font-size:10.0pt;font-family:&quot;Tahoma&quot;,sans-serif;\r\nmso-fareast-font-family:Tahoma;mso-bidi-font-weight:bold\"><span style=\"mso-list:Ignore\">c.<span style=\"font:7.0pt &quot;Times New Roman&quot;\">&nbsp;&nbsp;</span></span></span><!--[endif]--><span style=\"font-size: 9pt; font-family: Tahoma, sans-serif;\">Upon approval, the DOM is to include this during the budgetary process<o:p></o:p></span></p><p class=\"MsoNormal\" style=\"margin: 0in 0in 0.0001pt; text-indent: -0.1pt; font-size: 10pt; font-family: Calibri, sans-serif; position: relative; top: 0.5pt; caret-color: rgb(0, 0, 0); color: rgb(0, 0, 0); font-style: normal; font-variant-caps: normal; font-weight: normal; letter-spacing: normal; orphans: auto; text-align: start; text-transform: none; white-space: normal; widows: auto; word-spacing: 0px; -webkit-text-size-adjust: auto; -webkit-text-stroke-width: 0px; text-decoration: none; line-height: 0.05pt;\"><span style=\"font-size: 9pt; font-family: Tahoma, sans-serif;\"><o:p>&nbsp;</o:p></span></p><p class=\"MsoNormal\" style=\"margin-left:1.0in;mso-para-margin-left:0gd;\r\ntext-indent:-11.15pt;mso-char-indent-count:0;mso-line-height-alt:0pt;\r\nmso-outline-level:body-text;mso-list:l1 level1 lfo2;mso-hyphenate:auto;\r\ntab-stops:1.0in;mso-vertical-align-alt:auto\"><!--[if !supportLists]--><span style=\"font-size:9.0pt;mso-bidi-font-size:10.0pt;font-family:&quot;Tahoma&quot;,sans-serif;\r\nmso-fareast-font-family:Tahoma;mso-bidi-font-weight:bold\"><span style=\"mso-list:Ignore\">d.<span style=\"font:7.0pt &quot;Times New Roman&quot;\">&nbsp;&nbsp;</span></span></span><!--[endif]--><span style=\"font-size: 9pt; font-family: Tahoma, sans-serif;\">The DOM is to ensure of sufficient, updated &amp; relevant marketing materials for the<o:p></o:p></span></p><p class=\"MsoNormal\" style=\"margin: 0in 0in 0.0001pt; text-indent: -0.1pt; font-size: 10pt; font-family: Calibri, sans-serif; position: relative; top: 0.5pt; caret-color: rgb(0, 0, 0); color: rgb(0, 0, 0); font-style: normal; font-variant-caps: normal; font-weight: normal; letter-spacing: normal; orphans: auto; text-align: start; text-transform: none; white-space: normal; widows: auto; word-spacing: 0px; -webkit-text-size-adjust: auto; -webkit-text-stroke-width: 0px; text-decoration: none; line-height: 1.15pt;\"><span style=\"font-family: &quot;Times New Roman&quot;, serif;\"><o:p>&nbsp;</o:p></span></p><p class=\"MsoNormal\" style=\"margin: 0in 0in 0.0001pt; text-indent: -0.1pt; font-size: 10pt; font-family: Calibri, sans-serif; position: relative; top: 0.5pt; caret-color: rgb(0, 0, 0); color: rgb(0, 0, 0); font-style: normal; font-variant-caps: normal; font-weight: normal; letter-spacing: normal; orphans: auto; text-align: start; text-transform: none; white-space: normal; widows: auto; word-spacing: 0px; -webkit-text-size-adjust: auto; -webkit-text-stroke-width: 0px; text-decoration: none;\"><span style=\"font-size: 9pt; font-family: Tahoma, sans-serif;\">duration of the show at least one (01) month prior to the show<o:p></o:p></span></p><p class=\"MsoNormal\" style=\"margin: 0in 0in 0.0001pt; text-indent: -0.1pt; font-size: 10pt; font-family: Calibri, sans-serif; position: relative; top: 0.5pt; caret-color: rgb(0, 0, 0); color: rgb(0, 0, 0); font-style: normal; font-variant-caps: normal; font-weight: normal; letter-spacing: normal; orphans: auto; text-align: start; text-transform: none; white-space: normal; widows: auto; word-spacing: 0px; -webkit-text-size-adjust: auto; -webkit-text-stroke-width: 0px; text-decoration: none; line-height: 3.05pt;\"><span style=\"font-family: &quot;Times New Roman&quot;, serif;\"><o:p>&nbsp;</o:p></span></p><p class=\"MsoNormal\" style=\"margin: 0in 0in 0.0001pt; text-indent: -0.1pt; font-size: 10pt; font-family: Calibri, sans-serif; position: relative; top: 0.5pt; caret-color: rgb(0, 0, 0); color: rgb(0, 0, 0); font-style: normal; font-variant-caps: normal; font-weight: normal; letter-spacing: normal; orphans: auto; text-align: start; text-transform: none; white-space: normal; widows: auto; word-spacing: 0px; -webkit-text-size-adjust: auto; -webkit-text-stroke-width: 0px; text-decoration: none;\"><span style=\"font-size: 9pt; font-family: Tahoma, sans-serif;\">e. Upon return, the DOM is to follow-up with a cursory email to potential clients with<o:p></o:p></span></p><p class=\"MsoNormal\" style=\"margin: 0in 0in 0.0001pt; text-indent: -0.1pt; font-size: 10pt; font-family: Calibri, sans-serif; position: relative; top: 0.5pt; caret-color: rgb(0, 0, 0); color: rgb(0, 0, 0); font-style: normal; font-variant-caps: normal; font-weight: normal; letter-spacing: normal; orphans: auto; text-align: start; text-transform: none; white-space: normal; widows: auto; word-spacing: 0px; -webkit-text-size-adjust: auto; -webkit-text-stroke-width: 0px; text-decoration: none; line-height: 1pt;\"><span style=\"font-family: &quot;Times New Roman&quot;, serif;\"><o:p>&nbsp;</o:p></span></p><p class=\"MsoNormal\" style=\"margin: 0in 0in 0.0001pt; text-indent: -0.1pt; font-size: 10pt; font-family: Calibri, sans-serif; position: relative; top: 0.5pt; caret-color: rgb(0, 0, 0); color: rgb(0, 0, 0); font-style: normal; font-variant-caps: normal; font-weight: normal; letter-spacing: normal; orphans: auto; text-align: start; text-transform: none; white-space: normal; widows: auto; word-spacing: 0px; -webkit-text-size-adjust: auto; -webkit-text-stroke-width: 0px; text-decoration: none;\"><span style=\"font-size: 9pt; font-family: Tahoma, sans-serif;\">48 hours indicating:<o:p></o:p></span></p><p class=\"MsoNormal\" style=\"margin: 0in 0in 0.0001pt; text-indent: -0.1pt; font-size: 10pt; font-family: Calibri, sans-serif; position: relative; top: 0.5pt; caret-color: rgb(0, 0, 0); color: rgb(0, 0, 0); font-style: normal; font-variant-caps: normal; font-weight: normal; letter-spacing: normal; orphans: auto; text-align: start; text-transform: none; white-space: normal; widows: auto; word-spacing: 0px; -webkit-text-size-adjust: auto; -webkit-text-stroke-width: 0px; text-decoration: none; line-height: 0.2pt;\"><span style=\"font-family: &quot;Times New Roman&quot;, serif;\"><o:p>&nbsp;</o:p></span></p><p class=\"MsoNormal\" style=\"margin-left:118.0pt;mso-para-margin-left:0gd;\r\ntext-indent:-17.55pt;mso-char-indent-count:0;mso-line-height-alt:0pt;\r\nmso-outline-level:body-text;mso-list:l2 level2 lfo3;mso-hyphenate:auto;\r\ntab-stops:118.0pt;mso-vertical-align-alt:auto\"><!--[if !supportLists]--><span style=\"font-size:9.0pt;mso-bidi-font-size:10.0pt;font-family:&quot;Tahoma&quot;,sans-serif;\r\nmso-fareast-font-family:Tahoma;mso-bidi-font-weight:bold\"><span style=\"mso-list:Ignore\">i.<span style=\"font:7.0pt &quot;Times New Roman&quot;\">&nbsp;&nbsp;&nbsp;&nbsp;&nbsp;&nbsp;</span></span></span><!--[endif]--><span style=\"font-size: 9pt; font-family: Tahoma, sans-serif;\">Points discussed on-site<o:p></o:p></span></p><p class=\"MsoNormal\" style=\"margin: 0in 0in 0.0001pt; text-indent: -0.1pt; font-size: 10pt; font-family: Calibri, sans-serif; position: relative; top: 0.5pt; caret-color: rgb(0, 0, 0); color: rgb(0, 0, 0); font-style: normal; font-variant-caps: normal; font-weight: normal; letter-spacing: normal; orphans: auto; text-align: start; text-transform: none; white-space: normal; widows: auto; word-spacing: 0px; -webkit-text-size-adjust: auto; -webkit-text-stroke-width: 0px; text-decoration: none; line-height: 1.6pt;\"><b><span style=\"font-size: 9pt; font-family: Tahoma, sans-serif;\"><o:p>&nbsp;</o:p></span></b></p><p class=\"MsoNormal\" style=\"margin-left:118.0pt;mso-para-margin-left:0gd;\r\ntext-indent:-17.55pt;mso-char-indent-count:0;mso-line-height-alt:0pt;\r\nmso-outline-level:body-text;mso-list:l2 level2 lfo3;mso-hyphenate:auto;\r\ntab-stops:118.0pt;mso-vertical-align-alt:auto\"><!--[if !supportLists]--><span style=\"font-size:9.0pt;mso-bidi-font-size:10.0pt;font-family:&quot;Tahoma&quot;,sans-serif;\r\nmso-fareast-font-family:Tahoma;mso-bidi-font-weight:bold\"><span style=\"mso-list:Ignore\">ii.<span style=\"font:7.0pt &quot;Times New Roman&quot;\">&nbsp;&nbsp;&nbsp;&nbsp;&nbsp;</span></span></span><!--[endif]--><span style=\"font-size: 9pt; font-family: Tahoma, sans-serif;\">Summary of future activities &amp; points of collaboration<o:p></o:p></span></p><p class=\"MsoNormal\" style=\"margin: 0in 0in 0.0001pt; text-indent: -0.1pt; font-size: 10pt; font-family: Calibri, sans-serif; position: relative; top: 0.5pt; caret-color: rgb(0, 0, 0); color: rgb(0, 0, 0); font-style: normal; font-variant-caps: normal; font-weight: normal; letter-spacing: normal; orphans: auto; text-align: start; text-transform: none; white-space: normal; widows: auto; word-spacing: 0px; -webkit-text-size-adjust: auto; -webkit-text-stroke-width: 0px; text-decoration: none; line-height: 0.1pt;\"><b><span style=\"font-size: 9pt; font-family: Tahoma, sans-serif;\"><o:p>&nbsp;</o:p></span></b></p><p class=\"MsoNormal\" style=\"margin: 0in 60pt 0.0001pt 0in; text-indent: -0.1pt; font-size: 10pt; font-family: Calibri, sans-serif; position: relative; top: 0.5pt; caret-color: rgb(0, 0, 0); color: rgb(0, 0, 0); font-style: normal; font-variant-caps: normal; font-weight: normal; letter-spacing: normal; orphans: auto; text-align: start; text-transform: none; white-space: normal; widows: auto; word-spacing: 0px; -webkit-text-size-adjust: auto; -webkit-text-stroke-width: 0px; text-decoration: none; line-height: 13.199999809265137px;\"><span style=\"font-size: 9pt; line-height: 11.880000114440918px; font-family: Tahoma, sans-serif;\">f. DOM to submit a report of the trade show within one (01) week of return CEO to submit all expenditure claims within one (01) week of return<o:p></o:p></span></p><p class=\"MsoNormal\" style=\"margin: 0in 60pt 0.0001pt 0in; text-indent: -0.1pt; font-size: 10pt; font-family: Calibri, sans-serif; position: relative; top: 0.5pt; caret-color: rgb(0, 0, 0); color: rgb(0, 0, 0); font-style: normal; font-variant-caps: normal; font-weight: normal; letter-spacing: normal; orphans: auto; text-align: start; text-transform: none; white-space: normal; widows: auto; word-spacing: 0px; -webkit-text-size-adjust: auto; -webkit-text-stroke-width: 0px; text-decoration: none; line-height: 13.199999809265137px;\"><b><span style=\"font-size: 9pt; line-height: 11.880000114440918px; font-family: Tahoma, sans-serif;\"><o:p>&nbsp;</o:p></span></b></p><p><style class=\"WebKit-mso-list-quirks-style\">\r\n<!--\r\n/* Style Definitions */\r\n p.MsoNormal, li.MsoNormal, div.MsoNormal\r\n	{mso-style-unhide:no;\r\n	mso-style-qformat:yes;\r\n	mso-style-parent:\"\";\r\n	margin-top:0in;\r\n	margin-right:0in;\r\n	margin-bottom:0in;\r\n	margin-left:-.05pt;\r\n	margin-bottom:.0001pt;\r\n	mso-para-margin-top:0in;\r\n	mso-para-margin-right:0in;\r\n	mso-para-margin-bottom:0in;\r\n	mso-para-margin-left:-.01gd;\r\n	mso-para-margin-bottom:.0001pt;\r\n	text-indent:-.05pt;\r\n	mso-char-indent-count:-.01;\r\n	mso-line-height-alt:.05pt;\r\n	mso-pagination:widow-orphan;\r\n	mso-outline-level:1;\r\n	mso-hyphenate:none;\r\n	font-size:10.0pt;\r\n	font-family:\"Calibri\",sans-serif;\r\n	mso-fareast-font-family:Calibri;\r\n	position:relative;\r\n	top:.5pt;\r\n	mso-text-raise:-.5pt;\r\n	mso-bidi-language:AR-SA;}\r\n.MsoChpDefault\r\n	{mso-style-type:export-only;\r\n	mso-default-props:yes;\r\n	font-size:10.0pt;\r\n	mso-ansi-font-size:10.0pt;\r\n	mso-bidi-font-size:10.0pt;\r\n	font-family:\"Calibri\",sans-serif;\r\n	mso-ascii-font-family:Calibri;\r\n	mso-fareast-font-family:Calibri;\r\n	mso-hansi-font-family:Calibri;\r\n	mso-bidi-font-family:Calibri;}\r\n@page WordSection1\r\n	{size:8.5in 11.0in;\r\n	margin:1.0in 1.0in 1.0in 1.0in;\r\n	mso-header-margin:.5in;\r\n	mso-footer-margin:.5in;\r\n	mso-paper-source:0;}\r\ndiv.WordSection1\r\n	{page:WordSection1;}\r\n /* List Definitions */\r\n @list l0\r\n	{mso-list-id:62;\r\n	mso-list-type:hybrid;\r\n	mso-list-template-ids:822890674 -1 -1 -1 -1 -1 -1 -1 -1 -1;}\r\n@list l0:level1\r\n	{mso-level-tab-stop:none;\r\n	mso-level-number-position:left;\r\n	margin-left:0in;\r\n	text-indent:0in;}\r\n@list l0:level2\r\n	{mso-level-number-format:alpha-lower;\r\n	mso-level-text:%2;\r\n	mso-level-tab-stop:none;\r\n	mso-level-number-position:left;\r\n	margin-left:0in;\r\n	text-indent:0in;}\r\n@list l0:level3\r\n	{mso-level-number-format:roman-lower;\r\n	mso-level-tab-stop:none;\r\n	mso-level-number-position:left;\r\n	margin-left:0in;\r\n	text-indent:0in;}\r\n@list l0:level4\r\n	{mso-level-number-format:bullet;\r\n	mso-level-text:\"\";\r\n	mso-level-tab-stop:none;\r\n	mso-level-number-position:left;\r\n	margin-left:0in;\r\n	text-indent:0in;}\r\n@list l0:level5\r\n	{mso-level-number-format:bullet;\r\n	mso-level-text:\"\";\r\n	mso-level-tab-stop:none;\r\n	mso-level-number-position:left;\r\n	margin-left:0in;\r\n	text-indent:0in;}\r\n@list l0:level6\r\n	{mso-level-number-format:bullet;\r\n	mso-level-text:\"\";\r\n	mso-level-tab-stop:none;\r\n	mso-level-number-position:left;\r\n	margin-left:0in;\r\n	text-indent:0in;}\r\n@list l0:level7\r\n	{mso-level-number-format:bullet;\r\n	mso-level-text:\"\";\r\n	mso-level-tab-stop:none;\r\n	mso-level-number-position:left;\r\n	margin-left:0in;\r\n	text-indent:0in;}\r\n@list l0:level8\r\n	{mso-level-number-format:bullet;\r\n	mso-level-text:\"\";\r\n	mso-level-tab-stop:none;\r\n	mso-level-number-position:left;\r\n	margin-left:0in;\r\n	text-indent:0in;}\r\n@list l0:level9\r\n	{mso-level-number-format:bullet;\r\n	mso-level-text:\"\";\r\n	mso-level-tab-stop:none;\r\n	mso-level-number-position:left;\r\n	margin-left:0in;\r\n	text-indent:0in;}\r\n@list l1\r\n	{mso-list-id:64;\r\n	mso-list-type:hybrid;\r\n	mso-list-template-ids:791698926 -1 -1 -1 -1 -1 -1 -1 -1 -1;}\r\n@list l1:level1\r\n	{mso-level-start-at:3;\r\n	mso-level-number-format:alpha-lower;\r\n	mso-level-tab-stop:none;\r\n	mso-level-number-position:left;\r\n	margin-left:0in;\r\n	text-indent:0in;}\r\n@list l1:level2\r\n	{mso-level-number-format:roman-lower;\r\n	mso-level-text:%2;\r\n	mso-level-tab-stop:none;\r\n	mso-level-number-position:left;\r\n	margin-left:0in;\r\n	text-indent:0in;}\r\n@list l1:level3\r\n	{mso-level-number-format:bullet;\r\n	mso-level-text:\"\";\r\n	mso-level-tab-stop:none;\r\n	mso-level-number-position:left;\r\n	margin-left:0in;\r\n	text-indent:0in;}\r\n@list l1:level4\r\n	{mso-level-number-format:bullet;\r\n	mso-level-text:\"\";\r\n	mso-level-tab-stop:none;\r\n	mso-level-number-position:left;\r\n	margin-left:0in;\r\n	text-indent:0in;}\r\n@list l1:level5\r\n	{mso-level-number-format:bullet;\r\n	mso-level-text:\"\";\r\n	mso-level-tab-stop:none;\r\n	mso-level-number-position:left;\r\n	margin-left:0in;\r\n	text-indent:0in;}\r\n@list l1:level6\r\n	{mso-level-number-format:bullet;\r\n	mso-level-text:\"\";\r\n	mso-level-tab-stop:none;\r\n	mso-level-number-position:left;\r\n	margin-left:0in;\r\n	text-indent:0in;}\r\n@list l1:level7\r\n	{mso-level-number-format:bullet;\r\n	mso-level-text:\"\";\r\n	mso-level-tab-stop:none;\r\n	mso-level-number-position:left;\r\n	margin-left:0in;\r\n	text-indent:0in;}\r\n@list l1:level8\r\n	{mso-level-number-format:bullet;\r\n	mso-level-text:\"\";\r\n	mso-level-tab-stop:none;\r\n	mso-level-number-position:left;\r\n	margin-left:0in;\r\n	text-indent:0in;}\r\n@list l1:level9\r\n	{mso-level-number-format:bullet;\r\n	mso-level-text:\"\";\r\n	mso-level-tab-stop:none;\r\n	mso-level-number-position:left;\r\n	margin-left:0in;\r\n	text-indent:0in;}\r\n@list l2\r\n	{mso-list-id:65;\r\n	mso-list-type:hybrid;\r\n	mso-list-template-ids:631704566 -1 -1 -1 -1 -1 -1 -1 -1 -1;}\r\n@list l2:level1\r\n	{mso-level-number-format:alpha-lower;\r\n	mso-level-text:%1;\r\n	mso-level-tab-stop:none;\r\n	mso-level-number-position:left;\r\n	margin-left:0in;\r\n	text-indent:0in;}\r\n@list l2:level2\r\n	{mso-level-number-format:roman-lower;\r\n	mso-level-tab-stop:none;\r\n	mso-level-number-position:left;\r\n	margin-left:0in;\r\n	text-indent:0in;}\r\n@list l2:level3\r\n	{mso-level-number-format:bullet;\r\n	mso-level-text:\"\";\r\n	mso-level-tab-stop:none;\r\n	mso-level-number-position:left;\r\n	margin-left:0in;\r\n	text-indent:0in;}\r\n@list l2:level4\r\n	{mso-level-number-format:bullet;\r\n	mso-level-text:\"\";\r\n	mso-level-tab-stop:none;\r\n	mso-level-number-position:left;\r\n	margin-left:0in;\r\n	text-indent:0in;}\r\n@list l2:level5\r\n	{mso-level-number-format:bullet;\r\n	mso-level-text:\"\";\r\n	mso-level-tab-stop:none;\r\n	mso-level-number-position:left;\r\n	margin-left:0in;\r\n	text-indent:0in;}\r\n@list l2:level6\r\n	{mso-level-number-format:bullet;\r\n	mso-level-text:\"\";\r\n	mso-level-tab-stop:none;\r\n	mso-level-number-position:left;\r\n	margin-left:0in;\r\n	text-indent:0in;}\r\n@list l2:level7\r\n	{mso-level-number-format:bullet;\r\n	mso-level-text:\"\";\r\n	mso-level-tab-stop:none;\r\n	mso-level-number-position:left;\r\n	margin-left:0in;\r\n	text-indent:0in;}\r\n@list l2:level8\r\n	{mso-level-number-format:bullet;\r\n	mso-level-text:\"\";\r\n	mso-level-tab-stop:none;\r\n	mso-level-number-position:left;\r\n	margin-left:0in;\r\n	text-indent:0in;}\r\n@list l2:level9\r\n	{mso-level-number-format:bullet;\r\n	mso-level-text:\"\";\r\n	mso-level-tab-stop:none;\r\n	mso-level-number-position:left;\r\n	margin-left:0in;\r\n	text-indent:0in;}\r\n\r\n-->\r\n</style></p><p class=\"MsoNormal\" style=\"margin-right: 60pt; margin-left: 0in; text-indent: -0.1pt; line-height: 13.199999809265137px;\"><b><span style=\"font-size: 9pt; line-height: 11.880000114440918px; font-family: Tahoma, sans-serif;\"><o:p>&nbsp;</o:p></span></b></p>');
INSERT INTO `standard_operation_procedure_set_up` VALUES (8, 'OVERSEAS TRIP OR SALES CALL', 7, 1, '2019-08-30', 1, NULL, NULL, '<p class=\"MsoNormal\" align=\"center\" style=\"margin: 0in 60pt 0.0001pt 0in; text-indent: -0.1pt; font-size: 10pt; font-family: Calibri, sans-serif; position: relative; top: 0.5pt; caret-color: rgb(0, 0, 0); color: rgb(0, 0, 0); font-style: normal; font-variant-caps: normal; font-weight: normal; letter-spacing: normal; orphans: auto; text-transform: none; white-space: normal; widows: auto; word-spacing: 0px; -webkit-text-size-adjust: auto; -webkit-text-stroke-width: 0px; text-decoration: none; text-align: center; line-height: 13.199999809265137px;\"><b><u><span style=\"font-size: 9pt; line-height: 11.880000114440918px; font-family: Tahoma, sans-serif;\">OVERSEAS TRIP OR SALES CALL</span></u></b></p><p class=\"MsoNormal\" style=\"margin: 0in 0in 0.0001pt; text-indent: -0.1pt; font-size: 10pt; font-family: Calibri, sans-serif; position: relative; top: 0.5pt; caret-color: rgb(0, 0, 0); color: rgb(0, 0, 0); font-style: normal; font-variant-caps: normal; font-weight: normal; letter-spacing: normal; orphans: auto; text-align: start; text-transform: none; white-space: normal; widows: auto; word-spacing: 0px; -webkit-text-size-adjust: auto; -webkit-text-stroke-width: 0px; text-decoration: none;\"><b><span style=\"font-size: 9.5pt; font-family: Tahoma, sans-serif;\">Standard:<o:p></o:p></span></b></p><p class=\"MsoNormal\" style=\"margin: 0in 0in 0.0001pt; text-indent: -0.1pt; font-size: 10pt; font-family: Calibri, sans-serif; position: relative; top: 0.5pt; caret-color: rgb(0, 0, 0); color: rgb(0, 0, 0); font-style: normal; font-variant-caps: normal; font-weight: normal; letter-spacing: normal; orphans: auto; text-align: start; text-transform: none; white-space: normal; widows: auto; word-spacing: 0px; -webkit-text-size-adjust: auto; -webkit-text-stroke-width: 0px; text-decoration: none; line-height: 1.5pt;\"><span style=\"font-family: &quot;Times New Roman&quot;, serif;\"><o:p>&nbsp;</o:p></span></p><p class=\"MsoNormal\" style=\"margin: 0in 0in 0.0001pt; text-indent: -0.1pt; font-size: 10pt; font-family: Calibri, sans-serif; position: relative; top: 0.5pt; caret-color: rgb(0, 0, 0); color: rgb(0, 0, 0); font-style: normal; font-variant-caps: normal; font-weight: normal; letter-spacing: normal; orphans: auto; text-align: start; text-transform: none; white-space: normal; widows: auto; word-spacing: 0px; -webkit-text-size-adjust: auto; -webkit-text-stroke-width: 0px; text-decoration: none;\"><span style=\"font-size: 9pt; font-family: Tahoma, sans-serif;\">Adherence to standard procedures in the planning of overseas trips<o:p></o:p></span></p><p class=\"MsoNormal\" style=\"margin: 0in 0in 0.0001pt; text-indent: -0.1pt; font-size: 10pt; font-family: Calibri, sans-serif; position: relative; top: 0.5pt; caret-color: rgb(0, 0, 0); color: rgb(0, 0, 0); font-style: normal; font-variant-caps: normal; font-weight: normal; letter-spacing: normal; orphans: auto; text-align: start; text-transform: none; white-space: normal; widows: auto; word-spacing: 0px; -webkit-text-size-adjust: auto; -webkit-text-stroke-width: 0px; text-decoration: none; line-height: 11.2pt;\"><span style=\"font-family: &quot;Times New Roman&quot;, serif;\"><o:p>&nbsp;</o:p></span></p><p class=\"MsoNormal\" style=\"margin: 0in 0in 0.0001pt; text-indent: -0.1pt; font-size: 10pt; font-family: Calibri, sans-serif; position: relative; top: 0.5pt; caret-color: rgb(0, 0, 0); color: rgb(0, 0, 0); font-style: normal; font-variant-caps: normal; font-weight: normal; letter-spacing: normal; orphans: auto; text-align: start; text-transform: none; white-space: normal; widows: auto; word-spacing: 0px; -webkit-text-size-adjust: auto; -webkit-text-stroke-width: 0px; text-decoration: none;\"><b><span style=\"font-size: 9.5pt; font-family: Tahoma, sans-serif;\">Rationale:<o:p></o:p></span></b></p><p class=\"MsoNormal\" style=\"margin: 0in 0in 0.0001pt; text-indent: -0.1pt; font-size: 10pt; font-family: Calibri, sans-serif; position: relative; top: 0.5pt; caret-color: rgb(0, 0, 0); color: rgb(0, 0, 0); font-style: normal; font-variant-caps: normal; font-weight: normal; letter-spacing: normal; orphans: auto; text-align: start; text-transform: none; white-space: normal; widows: auto; word-spacing: 0px; -webkit-text-size-adjust: auto; -webkit-text-stroke-width: 0px; text-decoration: none; line-height: 1.6pt;\"><span style=\"font-family: &quot;Times New Roman&quot;, serif;\"><o:p>&nbsp;</o:p></span></p><p class=\"MsoNormal\" style=\"margin: 0in 25pt 0.0001pt 0in; text-indent: -0.1pt; font-size: 10pt; font-family: Calibri, sans-serif; position: relative; top: 0.5pt; caret-color: rgb(0, 0, 0); color: rgb(0, 0, 0); font-style: normal; font-variant-caps: normal; font-weight: normal; letter-spacing: normal; orphans: auto; text-align: start; text-transform: none; white-space: normal; widows: auto; word-spacing: 0px; -webkit-text-size-adjust: auto; -webkit-text-stroke-width: 0px; text-decoration: none; line-height: 14.533332824707031px;\"><span style=\"font-size: 9pt; line-height: 13.079999923706055px; font-family: Tahoma, sans-serif;\">It is necessary for the Sales Team to conduct overseas travel in order to meet their foreign clients in person. A structured set of procedures will aid in a smoother planning process.<o:p></o:p></span></p><p class=\"MsoNormal\" style=\"margin: 0in 0in 0.0001pt; text-indent: -0.1pt; font-size: 10pt; font-family: Calibri, sans-serif; position: relative; top: 0.5pt; caret-color: rgb(0, 0, 0); color: rgb(0, 0, 0); font-style: normal; font-variant-caps: normal; font-weight: normal; letter-spacing: normal; orphans: auto; text-align: start; text-transform: none; white-space: normal; widows: auto; word-spacing: 0px; -webkit-text-size-adjust: auto; -webkit-text-stroke-width: 0px; text-decoration: none; line-height: 11.25pt;\"><span style=\"font-family: &quot;Times New Roman&quot;, serif;\"><o:p>&nbsp;</o:p></span></p><p class=\"MsoNormal\" style=\"margin: 0in 0in 0.0001pt; text-indent: -0.1pt; font-size: 10pt; font-family: Calibri, sans-serif; position: relative; top: 0.5pt; caret-color: rgb(0, 0, 0); color: rgb(0, 0, 0); font-style: normal; font-variant-caps: normal; font-weight: normal; letter-spacing: normal; orphans: auto; text-align: start; text-transform: none; white-space: normal; widows: auto; word-spacing: 0px; -webkit-text-size-adjust: auto; -webkit-text-stroke-width: 0px; text-decoration: none;\"><b><span style=\"font-size: 9.5pt; font-family: Tahoma, sans-serif;\">Procedure:<o:p></o:p></span></b></p><p class=\"MsoNormal\" style=\"margin: 0in 0in 0.0001pt; text-indent: -0.1pt; font-size: 10pt; font-family: Calibri, sans-serif; position: relative; top: 0.5pt; caret-color: rgb(0, 0, 0); color: rgb(0, 0, 0); font-style: normal; font-variant-caps: normal; font-weight: normal; letter-spacing: normal; orphans: auto; text-align: start; text-transform: none; white-space: normal; widows: auto; word-spacing: 0px; -webkit-text-size-adjust: auto; -webkit-text-stroke-width: 0px; text-decoration: none; line-height: 2.35pt;\"><span style=\"font-family: &quot;Times New Roman&quot;, serif;\"><o:p>&nbsp;</o:p></span></p><p class=\"MsoNormal\" style=\"margin-left:40.0pt;mso-para-margin-left:0gd;\r\ntext-indent:-11.55pt;mso-char-indent-count:0;mso-line-height-alt:0pt;\r\nmso-outline-level:body-text;mso-list:l0 level1 lfo1;mso-hyphenate:auto;\r\ntab-stops:40.0pt;mso-vertical-align-alt:auto\"><!--[if !supportLists]--><b style=\"mso-bidi-font-weight:normal\"><span style=\"font-size:9.0pt;mso-bidi-font-size:\r\n10.0pt;font-family:&quot;Tahoma&quot;,sans-serif;mso-fareast-font-family:Tahoma\"><span style=\"mso-list:Ignore\">1.<span style=\"font:7.0pt &quot;Times New Roman&quot;\">&nbsp;&nbsp;</span></span></span></b><!--[endif]--><b><span style=\"font-size: 9pt; font-family: Tahoma, sans-serif;\">Pre-Travel<o:p></o:p></span></b></p><p class=\"MsoNormal\" style=\"margin-left:1.0in;mso-para-margin-left:0gd;\r\ntext-indent:-11.15pt;mso-char-indent-count:0;line-height:99%;mso-outline-level:\r\nbody-text;mso-list:l0 level2 lfo1;mso-hyphenate:auto;tab-stops:1.0in;\r\nmso-vertical-align-alt:auto\"><!--[if !supportLists]--><b style=\"mso-bidi-font-weight:\r\nnormal\"><span style=\"font-size:9.0pt;mso-bidi-font-size:10.0pt;line-height:\r\n99%;font-family:&quot;Tahoma&quot;,sans-serif;mso-fareast-font-family:Tahoma\"><span style=\"mso-list:Ignore\">a.<span style=\"font:7.0pt &quot;Times New Roman&quot;\">&nbsp;&nbsp;</span></span></span></b><!--[endif]--><b><span style=\"font-size: 9pt; line-height: 11.880000114440918px; font-family: Tahoma, sans-serif;\">SA to submit trip action plan to the DOM 30 days prior to the trip indicating:<o:p></o:p></span></b></p><p class=\"MsoNormal\" style=\"margin: 0in 0in 0.0001pt; text-indent: -0.1pt; font-size: 10pt; font-family: Calibri, sans-serif; position: relative; top: 0.5pt; caret-color: rgb(0, 0, 0); color: rgb(0, 0, 0); font-style: normal; font-variant-caps: normal; font-weight: normal; letter-spacing: normal; orphans: auto; text-align: start; text-transform: none; white-space: normal; widows: auto; word-spacing: 0px; -webkit-text-size-adjust: auto; -webkit-text-stroke-width: 0px; text-decoration: none; line-height: 1.75pt;\"><b><span style=\"font-size: 9pt; font-family: Tahoma, sans-serif;\"><o:p>&nbsp;</o:p></span></b></p><p class=\"MsoNormal\" style=\"margin-left:118.0pt;mso-para-margin-left:0gd;\r\ntext-indent:-17.55pt;mso-char-indent-count:0;mso-line-height-alt:0pt;\r\nmso-outline-level:body-text;mso-list:l0 level4 lfo1;mso-hyphenate:auto;\r\ntab-stops:118.0pt;mso-vertical-align-alt:auto\"><!--[if !supportLists]--><span style=\"font-size:9.0pt;mso-bidi-font-size:10.0pt;font-family:&quot;Tahoma&quot;,sans-serif;\r\nmso-fareast-font-family:Tahoma;mso-bidi-font-weight:bold\"><span style=\"mso-list:Ignore\">i.<span style=\"font:7.0pt &quot;Times New Roman&quot;\">&nbsp;&nbsp;&nbsp;&nbsp;&nbsp;&nbsp;</span></span></span><!--[endif]--><span style=\"font-size: 9pt; font-family: Tahoma, sans-serif;\">Objective of trip<o:p></o:p></span></p><p class=\"MsoNormal\" style=\"margin: 0in 0in 0.0001pt; text-indent: -0.1pt; font-size: 10pt; font-family: Calibri, sans-serif; position: relative; top: 0.5pt; caret-color: rgb(0, 0, 0); color: rgb(0, 0, 0); font-style: normal; font-variant-caps: normal; font-weight: normal; letter-spacing: normal; orphans: auto; text-align: start; text-transform: none; white-space: normal; widows: auto; word-spacing: 0px; -webkit-text-size-adjust: auto; -webkit-text-stroke-width: 0px; text-decoration: none; line-height: 1.85pt;\"><span style=\"font-size: 9pt; font-family: Tahoma, sans-serif;\"><o:p>&nbsp;</o:p></span></p><p class=\"MsoNormal\" style=\"margin-left:118.0pt;mso-para-margin-left:0gd;\r\ntext-indent:-17.55pt;mso-char-indent-count:0;mso-line-height-alt:0pt;\r\nmso-outline-level:body-text;mso-list:l0 level4 lfo1;mso-hyphenate:auto;\r\ntab-stops:118.0pt;mso-vertical-align-alt:auto\"><!--[if !supportLists]--><span style=\"font-size:9.0pt;mso-bidi-font-size:10.0pt;font-family:&quot;Tahoma&quot;,sans-serif;\r\nmso-fareast-font-family:Tahoma;mso-bidi-font-weight:bold\"><span style=\"mso-list:Ignore\">ii.<span style=\"font:7.0pt &quot;Times New Roman&quot;\">&nbsp;&nbsp;&nbsp;&nbsp;&nbsp;</span></span></span><!--[endif]--><span style=\"font-size: 9pt; font-family: Tahoma, sans-serif;\">Target account visits<o:p></o:p></span></p><p class=\"MsoNormal\" style=\"margin: 0in 0in 0.0001pt; text-indent: -0.1pt; font-size: 10pt; font-family: Calibri, sans-serif; position: relative; top: 0.5pt; caret-color: rgb(0, 0, 0); color: rgb(0, 0, 0); font-style: normal; font-variant-caps: normal; font-weight: normal; letter-spacing: normal; orphans: auto; text-align: start; text-transform: none; white-space: normal; widows: auto; word-spacing: 0px; -webkit-text-size-adjust: auto; -webkit-text-stroke-width: 0px; text-decoration: none; line-height: 0.05pt;\"><span style=\"font-size: 9pt; font-family: Tahoma, sans-serif;\"><o:p>&nbsp;</o:p></span></p><p class=\"MsoNormal\" style=\"margin-left:118.0pt;mso-para-margin-left:0gd;\r\ntext-indent:-17.55pt;mso-char-indent-count:0;mso-line-height-alt:0pt;\r\nmso-outline-level:body-text;mso-list:l0 level4 lfo1;mso-hyphenate:auto;\r\ntab-stops:118.0pt;mso-vertical-align-alt:auto\"><!--[if !supportLists]--><span style=\"font-size:9.0pt;mso-bidi-font-size:10.0pt;font-family:&quot;Tahoma&quot;,sans-serif;\r\nmso-fareast-font-family:Tahoma;mso-bidi-font-weight:bold\"><span style=\"mso-list:Ignore\">iii.<span style=\"font:7.0pt &quot;Times New Roman&quot;\">&nbsp;&nbsp;&nbsp;&nbsp;</span></span></span><!--[endif]--><span style=\"font-size: 9pt; font-family: Tahoma, sans-serif;\">Proposed itinerary<o:p></o:p></span></p><p class=\"MsoNormal\" style=\"margin: 0in 0in 0.0001pt; text-indent: -0.1pt; font-size: 10pt; font-family: Calibri, sans-serif; position: relative; top: 0.5pt; caret-color: rgb(0, 0, 0); color: rgb(0, 0, 0); font-style: normal; font-variant-caps: normal; font-weight: normal; letter-spacing: normal; orphans: auto; text-align: start; text-transform: none; white-space: normal; widows: auto; word-spacing: 0px; -webkit-text-size-adjust: auto; -webkit-text-stroke-width: 0px; text-decoration: none; line-height: 1.7pt;\"><span style=\"font-size: 9pt; font-family: Tahoma, sans-serif;\"><o:p>&nbsp;</o:p></span></p><p class=\"MsoNormal\" style=\"margin-left:118.0pt;mso-para-margin-left:0gd;\r\ntext-indent:-17.55pt;mso-char-indent-count:0;mso-line-height-alt:0pt;\r\nmso-outline-level:body-text;mso-list:l0 level4 lfo1;mso-hyphenate:auto;\r\ntab-stops:118.0pt;mso-vertical-align-alt:auto\"><!--[if !supportLists]--><span style=\"font-size:9.0pt;mso-bidi-font-size:10.0pt;font-family:&quot;Tahoma&quot;,sans-serif;\r\nmso-fareast-font-family:Tahoma;mso-bidi-font-weight:bold\"><span style=\"mso-list:Ignore\">iv.<span style=\"font:7.0pt &quot;Times New Roman&quot;\">&nbsp;&nbsp;&nbsp;</span></span></span><!--[endif]--><span style=\"font-size: 9pt; font-family: Tahoma, sans-serif;\">Anticipated expenses<o:p></o:p></span></p><p class=\"MsoNormal\" style=\"margin: 0in 0in 0.0001pt; text-indent: -0.1pt; font-size: 10pt; font-family: Calibri, sans-serif; position: relative; top: 0.5pt; caret-color: rgb(0, 0, 0); color: rgb(0, 0, 0); font-style: normal; font-variant-caps: normal; font-weight: normal; letter-spacing: normal; orphans: auto; text-align: start; text-transform: none; white-space: normal; widows: auto; word-spacing: 0px; -webkit-text-size-adjust: auto; -webkit-text-stroke-width: 0px; text-decoration: none; line-height: 1.9pt;\"><b><span style=\"font-size: 9pt; font-family: Tahoma, sans-serif;\"><o:p>&nbsp;</o:p></span></b></p><p class=\"MsoNormal\" style=\"margin-top:0in;margin-right:24.0pt;margin-bottom:\r\n0in;margin-left:79.0pt;margin-bottom:.0001pt;mso-para-margin-top:0in;\r\nmso-para-margin-right:24.0pt;mso-para-margin-bottom:0in;mso-para-margin-left:\r\n0gd;mso-para-margin-bottom:.0001pt;text-indent:-18.15pt;mso-char-indent-count:\r\n0;line-height:110%;mso-outline-level:body-text;mso-list:l0 level2 lfo1;\r\nmso-hyphenate:auto;tab-stops:72.15pt;mso-vertical-align-alt:auto\"><!--[if !supportLists]--><b style=\"mso-bidi-font-weight:normal\"><span style=\"font-size:9.0pt;mso-bidi-font-size:\r\n10.0pt;line-height:110%;font-family:&quot;Tahoma&quot;,sans-serif;mso-fareast-font-family:\r\nTahoma\"><span style=\"mso-list:Ignore\">b.<span style=\"font:7.0pt &quot;Times New Roman&quot;\">&nbsp;</span></span></span></b><!--[endif]--><b><span style=\"font-size: 9pt; line-height: 13.199999809265137px; font-family: Tahoma, sans-serif;\">SA to submit the Travel Authorization Form at least 21 days prior to the following for signature:<o:p></o:p></span></b></p><p class=\"MsoNormal\" style=\"margin: 0in 0in 0.0001pt; text-indent: -0.1pt; font-size: 10pt; font-family: Calibri, sans-serif; position: relative; top: 0.5pt; caret-color: rgb(0, 0, 0); color: rgb(0, 0, 0); font-style: normal; font-variant-caps: normal; font-weight: normal; letter-spacing: normal; orphans: auto; text-align: start; text-transform: none; white-space: normal; widows: auto; word-spacing: 0px; -webkit-text-size-adjust: auto; -webkit-text-stroke-width: 0px; text-decoration: none; line-height: 0.05pt;\"><b><span style=\"font-size: 9pt; font-family: Tahoma, sans-serif;\"><o:p>&nbsp;</o:p></span></b></p><p class=\"MsoNormal\" style=\"margin-left:118.0pt;mso-para-margin-left:0gd;\r\ntext-indent:-17.55pt;mso-char-indent-count:0;mso-line-height-alt:0pt;\r\nmso-outline-level:body-text;mso-list:l0 level4 lfo1;mso-hyphenate:auto;\r\ntab-stops:118.0pt;mso-vertical-align-alt:auto\"><!--[if !supportLists]--><span style=\"font-size:9.0pt;mso-bidi-font-size:10.0pt;font-family:&quot;Tahoma&quot;,sans-serif;\r\nmso-fareast-font-family:Tahoma;mso-bidi-font-weight:bold\"><span style=\"mso-list:Ignore\">i.<span style=\"font:7.0pt &quot;Times New Roman&quot;\">&nbsp;&nbsp;&nbsp;&nbsp;&nbsp;&nbsp;</span></span></span><!--[endif]--><span style=\"font-size: 9pt; font-family: Tahoma, sans-serif;\">CEO<o:p></o:p></span></p><p class=\"MsoNormal\" style=\"margin: 0in 0in 0.0001pt; text-indent: -0.1pt; font-size: 10pt; font-family: Calibri, sans-serif; position: relative; top: 0.5pt; caret-color: rgb(0, 0, 0); color: rgb(0, 0, 0); font-style: normal; font-variant-caps: normal; font-weight: normal; letter-spacing: normal; orphans: auto; text-align: start; text-transform: none; white-space: normal; widows: auto; word-spacing: 0px; -webkit-text-size-adjust: auto; -webkit-text-stroke-width: 0px; text-decoration: none; line-height: 1.7pt;\"><b><span style=\"font-size: 9pt; font-family: Tahoma, sans-serif;\"><o:p>&nbsp;</o:p></span></b></p><p class=\"MsoNormal\" style=\"margin-left:40.0pt;mso-para-margin-left:0gd;\r\ntext-indent:-11.55pt;mso-char-indent-count:0;mso-line-height-alt:0pt;\r\nmso-outline-level:body-text;mso-list:l0 level1 lfo1;mso-hyphenate:auto;\r\ntab-stops:40.0pt;mso-vertical-align-alt:auto\"><!--[if !supportLists]--><b style=\"mso-bidi-font-weight:normal\"><span style=\"font-size:9.0pt;mso-bidi-font-size:\r\n10.0pt;font-family:&quot;Tahoma&quot;,sans-serif;mso-fareast-font-family:Tahoma\"><span style=\"mso-list:Ignore\">2.<span style=\"font:7.0pt &quot;Times New Roman&quot;\">&nbsp;&nbsp;</span></span></span></b><!--[endif]--><b><span style=\"font-size: 9pt; font-family: Tahoma, sans-serif;\">Duration of Trip<o:p></o:p></span></b></p><p class=\"MsoNormal\" style=\"margin: 0in 0in 0.0001pt; text-indent: -0.1pt; font-size: 10pt; font-family: Calibri, sans-serif; position: relative; top: 0.5pt; caret-color: rgb(0, 0, 0); color: rgb(0, 0, 0); font-style: normal; font-variant-caps: normal; font-weight: normal; letter-spacing: normal; orphans: auto; text-align: start; text-transform: none; white-space: normal; widows: auto; word-spacing: 0px; -webkit-text-size-adjust: auto; -webkit-text-stroke-width: 0px; text-decoration: none; line-height: 0.05pt;\"><b><span style=\"font-size: 9pt; font-family: Tahoma, sans-serif;\"><o:p>&nbsp;</o:p></span></b></p><p class=\"MsoNormal\" style=\"margin-left:1.0in;mso-para-margin-left:0gd;\r\ntext-indent:-11.15pt;mso-char-indent-count:0;mso-line-height-alt:0pt;\r\nmso-outline-level:body-text;mso-list:l0 level2 lfo1;mso-hyphenate:auto;\r\ntab-stops:1.0in;mso-vertical-align-alt:auto\"><!--[if !supportLists]--><span style=\"font-size:9.0pt;mso-bidi-font-size:10.0pt;font-family:&quot;Tahoma&quot;,sans-serif;\r\nmso-fareast-font-family:Tahoma;mso-bidi-font-weight:bold\"><span style=\"mso-list:Ignore\">a.<span style=\"font:7.0pt &quot;Times New Roman&quot;\">&nbsp;&nbsp;</span></span></span><!--[endif]--><span style=\"font-size: 9pt; font-family: Tahoma, sans-serif;\">SA to ensure at least five (05) sales calls daily, and these should include:<o:p></o:p></span></p><p class=\"MsoNormal\" style=\"margin: 0in 0in 0.0001pt; text-indent: -0.1pt; font-size: 10pt; font-family: Calibri, sans-serif; position: relative; top: 0.5pt; caret-color: rgb(0, 0, 0); color: rgb(0, 0, 0); font-style: normal; font-variant-caps: normal; font-weight: normal; letter-spacing: normal; orphans: auto; text-align: start; text-transform: none; white-space: normal; widows: auto; word-spacing: 0px; -webkit-text-size-adjust: auto; -webkit-text-stroke-width: 0px; text-decoration: none; line-height: 1.7pt;\"><span style=\"font-size: 9pt; font-family: Tahoma, sans-serif;\"><o:p>&nbsp;</o:p></span></p><p class=\"MsoNormal\" style=\"margin-left:1.0in;mso-para-margin-left:0gd;\r\ntext-indent:-11.15pt;mso-char-indent-count:0;mso-line-height-alt:0pt;\r\nmso-outline-level:body-text;mso-list:l0 level2 lfo1;mso-hyphenate:auto;\r\ntab-stops:1.0in;mso-vertical-align-alt:auto\"><!--[if !supportLists]--><span style=\"font-size:9.0pt;mso-bidi-font-size:10.0pt;font-family:&quot;Tahoma&quot;,sans-serif;\r\nmso-fareast-font-family:Tahoma;mso-bidi-font-weight:bold\"><span style=\"mso-list:Ignore\">b.<span style=\"font:7.0pt &quot;Times New Roman&quot;\">&nbsp;&nbsp;</span></span></span><!--[endif]--><span style=\"font-size: 9pt; font-family: Tahoma, sans-serif;\">SA is to ensure that appointments are conducted with key decision makers<o:p></o:p></span></p><p class=\"MsoNormal\" style=\"margin: 0in 0in 0.0001pt; text-indent: -0.1pt; font-size: 10pt; font-family: Calibri, sans-serif; position: relative; top: 0.5pt; caret-color: rgb(0, 0, 0); color: rgb(0, 0, 0); font-style: normal; font-variant-caps: normal; font-weight: normal; letter-spacing: normal; orphans: auto; text-align: start; text-transform: none; white-space: normal; widows: auto; word-spacing: 0px; -webkit-text-size-adjust: auto; -webkit-text-stroke-width: 0px; text-decoration: none; line-height: 1.9pt;\"><span style=\"font-size: 9pt; font-family: Tahoma, sans-serif;\"><o:p>&nbsp;</o:p></span></p><p class=\"MsoNormal\" style=\"margin-top:0in;margin-right:23.0pt;margin-bottom:\r\n0in;margin-left:79.0pt;margin-bottom:.0001pt;mso-para-margin-top:0in;\r\nmso-para-margin-right:23.0pt;mso-para-margin-bottom:0in;mso-para-margin-left:\r\n0gd;mso-para-margin-bottom:.0001pt;text-indent:-18.15pt;mso-char-indent-count:\r\n0;line-height:109%;mso-outline-level:body-text;mso-list:l0 level2 lfo1;\r\nmso-hyphenate:auto;tab-stops:71.2pt;mso-vertical-align-alt:auto\"><!--[if !supportLists]--><span style=\"font-size:9.0pt;mso-bidi-font-size:10.0pt;line-height:109%;font-family:\r\n&quot;Tahoma&quot;,sans-serif;mso-fareast-font-family:Tahoma;mso-bidi-font-weight:bold\"><span style=\"mso-list:Ignore\">c.<span style=\"font:7.0pt &quot;Times New Roman&quot;\">&nbsp;&nbsp;</span></span></span><!--[endif]--><span style=\"font-size: 9pt; line-height: 13.079999923706055px; font-family: Tahoma, sans-serif;\">SA are to ensure that the most updated materials and information are highlighted and handed out during the meeting<o:p></o:p></span></p><p class=\"MsoNormal\" style=\"margin-left:1.0in;mso-para-margin-left:0gd;\r\ntext-indent:-11.15pt;mso-char-indent-count:0;mso-line-height-alt:0pt;\r\nmso-outline-level:body-text;mso-list:l0 level2 lfo1;mso-hyphenate:auto;\r\ntab-stops:1.0in;mso-vertical-align-alt:auto\"><!--[if !supportLists]--><span style=\"font-size:9.0pt;mso-bidi-font-size:10.0pt;font-family:&quot;Tahoma&quot;,sans-serif;\r\nmso-fareast-font-family:Tahoma;mso-bidi-font-weight:bold\"><span style=\"mso-list:Ignore\">d.<span style=\"font:7.0pt &quot;Times New Roman&quot;\">&nbsp;&nbsp;</span></span></span><!--[endif]--><span style=\"font-size: 9pt; font-family: Tahoma, sans-serif;\">SA are to document all meetings with a daily activity report<o:p></o:p></span></p><p class=\"MsoNormal\" style=\"margin: 0in 0in 0.0001pt; text-indent: -0.1pt; font-size: 10pt; font-family: Calibri, sans-serif; position: relative; top: 0.5pt; caret-color: rgb(0, 0, 0); color: rgb(0, 0, 0); font-style: normal; font-variant-caps: normal; font-weight: normal; letter-spacing: normal; orphans: auto; text-align: start; text-transform: none; white-space: normal; widows: auto; word-spacing: 0px; -webkit-text-size-adjust: auto; -webkit-text-stroke-width: 0px; text-decoration: none; line-height: 0.85pt;\"><b><span style=\"font-size: 9pt; font-family: Tahoma, sans-serif;\"><o:p>&nbsp;</o:p></span></b></p><p class=\"MsoNormal\" style=\"margin-left:40.0pt;mso-para-margin-left:0gd;\r\ntext-indent:-11.55pt;mso-char-indent-count:0;mso-line-height-alt:0pt;\r\nmso-outline-level:body-text;mso-list:l0 level1 lfo1;mso-hyphenate:auto;\r\ntab-stops:40.0pt;mso-vertical-align-alt:auto\"><!--[if !supportLists]--><b style=\"mso-bidi-font-weight:normal\"><span style=\"font-size:9.0pt;mso-bidi-font-size:\r\n10.0pt;font-family:&quot;Tahoma&quot;,sans-serif;mso-fareast-font-family:Tahoma\"><span style=\"mso-list:Ignore\">3.<span style=\"font:7.0pt &quot;Times New Roman&quot;\">&nbsp;&nbsp;</span></span></span></b><!--[endif]--><b><span style=\"font-size: 9pt; font-family: Tahoma, sans-serif;\">Post-Travel<o:p></o:p></span></b></p><p class=\"MsoNormal\" style=\"margin: 0in 0in 0.0001pt; text-indent: -0.1pt; font-size: 10pt; font-family: Calibri, sans-serif; position: relative; top: 0.5pt; caret-color: rgb(0, 0, 0); color: rgb(0, 0, 0); font-style: normal; font-variant-caps: normal; font-weight: normal; letter-spacing: normal; orphans: auto; text-align: start; text-transform: none; white-space: normal; widows: auto; word-spacing: 0px; -webkit-text-size-adjust: auto; -webkit-text-stroke-width: 0px; text-decoration: none; line-height: 1.6pt;\"><b><span style=\"font-size: 9pt; font-family: Tahoma, sans-serif;\"><o:p>&nbsp;</o:p></span></b></p><p class=\"MsoNormal\" style=\"margin-left:86.0pt;mso-para-margin-left:0gd;\r\ntext-indent:-21.55pt;mso-char-indent-count:0;mso-line-height-alt:0pt;\r\nmso-outline-level:body-text;mso-list:l0 level3 lfo1;mso-hyphenate:auto;\r\ntab-stops:86.0pt;mso-vertical-align-alt:auto\"><!--[if !supportLists]--><span style=\"font-size:9.0pt;mso-bidi-font-size:10.0pt;font-family:&quot;Tahoma&quot;,sans-serif;\r\nmso-fareast-font-family:Tahoma;mso-bidi-font-weight:bold\"><span style=\"mso-list:Ignore\">a.<span style=\"font:7.0pt &quot;Times New Roman&quot;\">&nbsp;&nbsp;&nbsp;&nbsp;&nbsp;&nbsp;</span></span></span><!--[endif]--><span style=\"font-size: 9pt; font-family: Tahoma, sans-serif;\">SA to ensure follow-up with clients within 48 hours of return to the office<o:p></o:p></span></p><p class=\"MsoNormal\" style=\"margin: 0in 0in 0.0001pt; text-indent: -0.1pt; font-size: 10pt; font-family: Calibri, sans-serif; position: relative; top: 0.5pt; caret-color: rgb(0, 0, 0); color: rgb(0, 0, 0); font-style: normal; font-variant-caps: normal; font-weight: normal; letter-spacing: normal; orphans: auto; text-align: start; text-transform: none; white-space: normal; widows: auto; word-spacing: 0px; -webkit-text-size-adjust: auto; -webkit-text-stroke-width: 0px; text-decoration: none; line-height: 0.05pt;\"><span style=\"font-size: 9pt; font-family: Tahoma, sans-serif;\"><o:p>&nbsp;</o:p></span></p><p class=\"MsoNormal\" style=\"margin-left:86.0pt;mso-para-margin-left:0gd;\r\ntext-indent:-21.55pt;mso-char-indent-count:0;mso-line-height-alt:0pt;\r\nmso-outline-level:body-text;mso-list:l0 level3 lfo1;mso-hyphenate:auto;\r\ntab-stops:86.0pt;mso-vertical-align-alt:auto\"><!--[if !supportLists]--><span style=\"font-size:9.0pt;mso-bidi-font-size:10.0pt;font-family:&quot;Tahoma&quot;,sans-serif;\r\nmso-fareast-font-family:Tahoma;mso-bidi-font-weight:bold\"><span style=\"mso-list:Ignore\">b.<span style=\"font:7.0pt &quot;Times New Roman&quot;\">&nbsp;&nbsp;&nbsp;&nbsp;&nbsp;&nbsp;</span></span></span><!--[endif]--><span style=\"font-size: 9pt; font-family: Tahoma, sans-serif;\">SA to submit the Expense Claim Form with supporting receipts<o:p></o:p></span></p><p class=\"MsoNormal\" style=\"margin: 0in 0in 0.0001pt; text-indent: -0.1pt; font-size: 10pt; font-family: Calibri, sans-serif; position: relative; top: 0.5pt; caret-color: rgb(0, 0, 0); color: rgb(0, 0, 0); font-style: normal; font-variant-caps: normal; font-weight: normal; letter-spacing: normal; orphans: auto; text-align: start; text-transform: none; white-space: normal; widows: auto; word-spacing: 0px; -webkit-text-size-adjust: auto; -webkit-text-stroke-width: 0px; text-decoration: none; line-height: 1.8pt;\"><span style=\"font-size: 9pt; font-family: Tahoma, sans-serif;\"><o:p>&nbsp;</o:p></span></p><p class=\"MsoNormal\" style=\"margin-top:0in;margin-right:32.0pt;margin-bottom:\r\n0in;margin-left:86.0pt;margin-bottom:.0001pt;mso-para-margin-top:0in;\r\nmso-para-margin-right:32.0pt;mso-para-margin-bottom:0in;mso-para-margin-left:\r\n0gd;mso-para-margin-bottom:.0001pt;text-indent:-21.55pt;mso-char-indent-count:\r\n0;line-height:109%;mso-outline-level:body-text;mso-list:l0 level3 lfo1;\r\nmso-hyphenate:auto;tab-stops:86.0pt;mso-vertical-align-alt:auto\"><!--[if !supportLists]--><span style=\"font-size:9.0pt;mso-bidi-font-size:10.0pt;line-height:109%;font-family:\r\n&quot;Tahoma&quot;,sans-serif;mso-fareast-font-family:Tahoma;mso-bidi-font-weight:bold\"><span style=\"mso-list:Ignore\">c.<span style=\"font:7.0pt &quot;Times New Roman&quot;\">&nbsp;&nbsp;&nbsp;&nbsp;&nbsp;&nbsp;&nbsp;</span></span></span><!--[endif]--><span style=\"font-size: 9pt; line-height: 13.079999923706055px; font-family: Tahoma, sans-serif;\">SA to prepare a trip &amp; expenditure report within seven (07) days of return with the following:<o:p></o:p></span></p><p class=\"MsoNormal\" style=\"margin-left:118.0pt;mso-para-margin-left:0gd;\r\ntext-indent:-17.55pt;mso-char-indent-count:0;mso-line-height-alt:0pt;\r\nmso-outline-level:body-text;mso-list:l0 level4 lfo1;mso-hyphenate:auto;\r\ntab-stops:118.0pt;mso-vertical-align-alt:auto\"><!--[if !supportLists]--><span style=\"font-size:9.0pt;mso-bidi-font-size:10.0pt;font-family:&quot;Tahoma&quot;,sans-serif;\r\nmso-fareast-font-family:Tahoma;mso-bidi-font-weight:bold\"><span style=\"mso-list:Ignore\">i.<span style=\"font:7.0pt &quot;Times New Roman&quot;\">&nbsp;&nbsp;&nbsp;&nbsp;&nbsp;&nbsp;</span></span></span><!--[endif]--><span style=\"font-size: 9pt; font-family: Tahoma, sans-serif;\">Dates &amp; Objective of trip<o:p></o:p></span></p><p class=\"MsoNormal\" style=\"margin: 0in 0in 0.0001pt; text-indent: -0.1pt; font-size: 10pt; font-family: Calibri, sans-serif; position: relative; top: 0.5pt; caret-color: rgb(0, 0, 0); color: rgb(0, 0, 0); font-style: normal; font-variant-caps: normal; font-weight: normal; letter-spacing: normal; orphans: auto; text-align: start; text-transform: none; white-space: normal; widows: auto; word-spacing: 0px; -webkit-text-size-adjust: auto; -webkit-text-stroke-width: 0px; text-decoration: none; line-height: 1.85pt;\"><span style=\"font-size: 9pt; font-family: Tahoma, sans-serif;\"><o:p>&nbsp;</o:p></span></p><p class=\"MsoNormal\" style=\"margin-left:118.0pt;mso-para-margin-left:0gd;\r\ntext-indent:-17.55pt;mso-char-indent-count:0;mso-line-height-alt:0pt;\r\nmso-outline-level:body-text;mso-list:l0 level4 lfo1;mso-hyphenate:auto;\r\ntab-stops:118.0pt;mso-vertical-align-alt:auto\"><!--[if !supportLists]--><span style=\"font-size:9.0pt;mso-bidi-font-size:10.0pt;font-family:&quot;Tahoma&quot;,sans-serif;\r\nmso-fareast-font-family:Tahoma;mso-bidi-font-weight:bold\"><span style=\"mso-list:Ignore\">ii.<span style=\"font:7.0pt &quot;Times New Roman&quot;\">&nbsp;&nbsp;&nbsp;&nbsp;&nbsp;</span></span></span><!--[endif]--><span style=\"font-size: 9pt; font-family: Tahoma, sans-serif;\">Clients visited and follow-up action<o:p></o:p></span></p><p class=\"MsoNormal\" style=\"margin-left:118.0pt;mso-para-margin-left:0gd;\r\ntext-indent:-17.55pt;mso-char-indent-count:0;line-height:99%;mso-outline-level:\r\nbody-text;mso-list:l0 level4 lfo1;mso-hyphenate:auto;tab-stops:118.0pt;\r\nmso-vertical-align-alt:auto\"><!--[if !supportLists]--><span style=\"font-size:9.0pt;\r\nmso-bidi-font-size:10.0pt;line-height:99%;font-family:&quot;Tahoma&quot;,sans-serif;\r\nmso-fareast-font-family:Tahoma;mso-bidi-font-weight:bold\"><span style=\"mso-list:Ignore\">iii.<span style=\"font:7.0pt &quot;Times New Roman&quot;\">&nbsp;&nbsp;&nbsp;&nbsp;</span></span></span><!--[endif]--><span style=\"font-size: 9pt; line-height: 11.880000114440918px; font-family: Tahoma, sans-serif;\">Report of production concluded if any (leads / tentative / definite)<o:p></o:p></span></p><p class=\"MsoNormal\" style=\"margin: 0in 0in 0.0001pt; text-indent: -0.1pt; font-size: 10pt; font-family: Calibri, sans-serif; position: relative; top: 0.5pt; caret-color: rgb(0, 0, 0); color: rgb(0, 0, 0); font-style: normal; font-variant-caps: normal; font-weight: normal; letter-spacing: normal; orphans: auto; text-align: start; text-transform: none; white-space: normal; widows: auto; word-spacing: 0px; -webkit-text-size-adjust: auto; -webkit-text-stroke-width: 0px; text-decoration: none; line-height: 0.05pt;\"><span style=\"font-size: 9pt; font-family: Tahoma, sans-serif;\"><o:p>&nbsp;</o:p></span></p><p class=\"MsoNormal\" style=\"margin-left:118.0pt;mso-para-margin-left:0gd;\r\ntext-indent:-17.55pt;mso-char-indent-count:0;mso-line-height-alt:0pt;\r\nmso-outline-level:body-text;mso-list:l0 level4 lfo1;mso-hyphenate:auto;\r\ntab-stops:118.0pt;mso-vertical-align-alt:auto\"><!--[if !supportLists]--><span style=\"font-size:9.0pt;mso-bidi-font-size:10.0pt;font-family:&quot;Tahoma&quot;,sans-serif;\r\nmso-fareast-font-family:Tahoma;mso-bidi-font-weight:bold\"><span style=\"mso-list:Ignore\">iv.<span style=\"font:7.0pt &quot;Times New Roman&quot;\">&nbsp;&nbsp;&nbsp;</span></span></span><!--[endif]--><span style=\"font-size: 9pt; font-family: Tahoma, sans-serif;\">Proposals / Contracts sent</span></p><style class=\"WebKit-mso-list-quirks-style\">\r\n<!--\r\n/* Style Definitions */\r\n p.MsoNormal, li.MsoNormal, div.MsoNormal\r\n	{mso-style-unhide:no;\r\n	mso-style-qformat:yes;\r\n	mso-style-parent:\"\";\r\n	margin-top:0in;\r\n	margin-right:0in;\r\n	margin-bottom:0in;\r\n	margin-left:-.05pt;\r\n	margin-bottom:.0001pt;\r\n	mso-para-margin-top:0in;\r\n	mso-para-margin-right:0in;\r\n	mso-para-margin-bottom:0in;\r\n	mso-para-margin-left:-.01gd;\r\n	mso-para-margin-bottom:.0001pt;\r\n	text-indent:-.05pt;\r\n	mso-char-indent-count:-.01;\r\n	mso-line-height-alt:.05pt;\r\n	mso-pagination:widow-orphan;\r\n	mso-outline-level:1;\r\n	mso-hyphenate:none;\r\n	font-size:10.0pt;\r\n	font-family:\"Calibri\",sans-serif;\r\n	mso-fareast-font-family:Calibri;\r\n	position:relative;\r\n	top:.5pt;\r\n	mso-text-raise:-.5pt;\r\n	mso-bidi-language:AR-SA;}\r\n.MsoChpDefault\r\n	{mso-style-type:export-only;\r\n	mso-default-props:yes;\r\n	font-size:10.0pt;\r\n	mso-ansi-font-size:10.0pt;\r\n	mso-bidi-font-size:10.0pt;\r\n	font-family:\"Calibri\",sans-serif;\r\n	mso-ascii-font-family:Calibri;\r\n	mso-fareast-font-family:Calibri;\r\n	mso-hansi-font-family:Calibri;\r\n	mso-bidi-font-family:Calibri;}\r\n@page WordSection1\r\n	{size:8.5in 11.0in;\r\n	margin:1.0in 1.25in 1.0in 1.25in;\r\n	mso-header-margin:.5in;\r\n	mso-footer-margin:.5in;\r\n	mso-paper-source:0;}\r\ndiv.WordSection1\r\n	{page:WordSection1;}\r\n /* List Definitions */\r\n @list l0\r\n	{mso-list-id:66;\r\n	mso-list-type:hybrid;\r\n	mso-list-template-ids:498777856 -1 -1 -1 -1 -1 -1 -1 -1 -1;}\r\n@list l0:level1\r\n	{mso-level-tab-stop:none;\r\n	mso-level-number-position:left;\r\n	margin-left:0in;\r\n	text-indent:0in;}\r\n@list l0:level2\r\n	{mso-level-number-format:alpha-lower;\r\n	mso-level-tab-stop:none;\r\n	mso-level-number-position:left;\r\n	margin-left:0in;\r\n	text-indent:0in;}\r\n@list l0:level3\r\n	{mso-level-number-format:alpha-lower;\r\n	mso-level-tab-stop:none;\r\n	mso-level-number-position:left;\r\n	margin-left:0in;\r\n	text-indent:0in;}\r\n@list l0:level4\r\n	{mso-level-number-format:roman-lower;\r\n	mso-level-tab-stop:none;\r\n	mso-level-number-position:left;\r\n	margin-left:0in;\r\n	text-indent:0in;}\r\n@list l0:level5\r\n	{mso-level-number-format:bullet;\r\n	mso-level-text:\"\";\r\n	mso-level-tab-stop:none;\r\n	mso-level-number-position:left;\r\n	margin-left:0in;\r\n	text-indent:0in;}\r\n@list l0:level6\r\n	{mso-level-number-format:bullet;\r\n	mso-level-text:\"\";\r\n	mso-level-tab-stop:none;\r\n	mso-level-number-position:left;\r\n	margin-left:0in;\r\n	text-indent:0in;}\r\n@list l0:level7\r\n	{mso-level-number-format:bullet;\r\n	mso-level-text:\"\";\r\n	mso-level-tab-stop:none;\r\n	mso-level-number-position:left;\r\n	margin-left:0in;\r\n	text-indent:0in;}\r\n@list l0:level8\r\n	{mso-level-number-format:bullet;\r\n	mso-level-text:\"\";\r\n	mso-level-tab-stop:none;\r\n	mso-level-number-position:left;\r\n	margin-left:0in;\r\n	text-indent:0in;}\r\n@list l0:level9\r\n	{mso-level-number-format:bullet;\r\n	mso-level-text:\"\";\r\n	mso-level-tab-stop:none;\r\n	mso-level-number-position:left;\r\n	margin-left:0in;\r\n	text-indent:0in;}\r\n\r\n-->\r\n</style>');
INSERT INTO `standard_operation_procedure_set_up` VALUES (9, 'Weekly Activity', 6, 1, '2019-09-03', 23, '2019-09-03', 23, '<p style=\"text-align: center; \"><span id=\"docs-internal-guid-8d64a87b-7fff-bcb4-79c9-9f4b4f526a51\"><span style=\"font-size: 12pt; font-family: &quot;Times New Roman&quot;; background-color: transparent; font-weight: 700; font-variant-numeric: normal; font-variant-east-asian: normal; vertical-align: baseline; white-space: pre-wrap;\">Weekly Activity</span></span></p><h1 dir=\"ltr\" style=\"line-height:1.2;margin-top:20pt;margin-bottom:6pt;\"><span style=\"font-size:12pt;font-family:\'Times New Roman\';color:#000000;background-color:transparent;font-weight:700;font-style:normal;font-variant:normal;text-decoration:none;vertical-align:baseline;white-space:pre;white-space:pre-wrap;\">Procedure:</span></h1><div style=\"text-align: left;\"><span id=\"docs-internal-guid-205eac5b-7fff-2555-5bc5-7a8bb2974319\"><ol style=\"margin-bottom: 0px;\"><li dir=\"ltr\" style=\"list-style-type: decimal; font-size: 11pt; font-family: Roboto, sans-serif; background-color: transparent; font-variant-numeric: normal; font-variant-east-asian: normal; vertical-align: baseline; white-space: pre;\"><p dir=\"ltr\" style=\"line-height:1.38;margin-top:0pt;margin-bottom:0pt;\"><span style=\"font-size: 11pt; background-color: transparent; font-variant-numeric: normal; font-variant-east-asian: normal; vertical-align: baseline; white-space: pre-wrap;\">Weekly Result</span></p></li><li dir=\"ltr\" style=\"list-style-type: decimal; font-size: 11pt; font-family: Roboto, sans-serif; background-color: transparent; font-variant-numeric: normal; font-variant-east-asian: normal; vertical-align: baseline; white-space: pre;\"><p dir=\"ltr\" style=\"line-height:1.38;margin-top:0pt;margin-bottom:0pt;\"><span style=\"font-size: 11pt; background-color: transparent; font-variant-numeric: normal; font-variant-east-asian: normal; vertical-align: baseline; white-space: pre-wrap;\">Problem Listing</span></p></li><li dir=\"ltr\" style=\"list-style-type: decimal; font-size: 11pt; font-family: Roboto, sans-serif; background-color: transparent; font-variant-numeric: normal; font-variant-east-asian: normal; vertical-align: baseline; white-space: pre;\"><p dir=\"ltr\" style=\"line-height:1.38;margin-top:0pt;margin-bottom:0pt;\"><span style=\"font-size: 11pt; background-color: transparent; font-variant-numeric: normal; font-variant-east-asian: normal; vertical-align: baseline; white-space: pre-wrap;\">Suggestion&nbsp;</span></p></li><li dir=\"ltr\" style=\"list-style-type: decimal; font-size: 11pt; font-family: Roboto, sans-serif; background-color: transparent; font-variant-numeric: normal; font-variant-east-asian: normal; vertical-align: baseline; white-space: pre;\"><p dir=\"ltr\" style=\"line-height:1.38;margin-top:0pt;margin-bottom:0pt;\"><span style=\"font-size: 11pt; background-color: transparent; font-variant-numeric: normal; font-variant-east-asian: normal; vertical-align: baseline; white-space: pre-wrap;\">Week Action Plan &amp; Discussion</span></p><p dir=\"ltr\" style=\"text-align: center; line-height: 1.38; margin-top: 0pt; margin-bottom: 0pt;\"><span style=\"font-size: 11pt; background-color: transparent; font-variant-numeric: normal; font-variant-east-asian: normal; vertical-align: baseline; white-space: pre-wrap;\"><span style=\"font-family: Calibri, sans-serif; font-size: 13.3333px; text-indent: -0.133333px; white-space: normal;\"><i style=\"\"><span style=\"font-size: 9.5pt; font-family: Tahoma, sans-serif;\"><b>End of S.O.P. ?&nbsp;</b></span></i></span><span style=\"background-color: transparent; font-size: 12px; white-space: pre; text-align: left;\"><i><b>Weekly Activity</b></i></span><br></span></p></li></ol></span></div>');
INSERT INTO `standard_operation_procedure_set_up` VALUES (10, 'Process Contents', 6, 1, '2019-09-04', 23, NULL, NULL, '<h1 dir=\"ltr\" style=\"text-align: center; line-height: 1.38; margin-top: 20pt; margin-bottom: 6pt;\"><span style=\"font-size:12pt;font-family:\'Times New Roman\';color:#000000;background-color:transparent;font-weight:700;font-style:normal;font-variant:normal;text-decoration:none;vertical-align:baseline;white-space:pre;white-space:pre-wrap;\"></span></h1><h1 dir=\"ltr\" style=\"text-align: center; margin-top: 20pt; margin-bottom: 6pt; font-family: &quot;Open Sans&quot;, &quot;Helvetica Neue&quot;, Helvetica, Arial, sans-serif; line-height: 1.38;\"><span style=\"font-weight:normal;\" id=\"docs-internal-guid-f61cfc4c-7fff-4e6f-fb97-15cff241d937\"><p dir=\"ltr\" style=\"line-height:1.2;text-align: justify;border-bottom:solid #ff7a00 6pt;margin-top:0pt;margin-bottom:20pt;padding:0pt 0pt 22pt 0pt;\"><span style=\"font-size: 20pt; font-family: &quot;Times New Roman&quot;; color: rgb(0, 0, 0); background-color: transparent; font-weight: 700; font-variant-numeric: normal; font-variant-east-asian: normal; vertical-align: baseline; white-space: pre-wrap;\">Table of Contents</span></p></span></h1><h1 dir=\"ltr\" style=\"line-height:1.38;margin-top:20pt;margin-bottom:6pt;\"><span style=\"font-size:12pt;font-family:\'Times New Roman\';color:#000000;background-color:transparent;font-weight:700;font-style:normal;font-variant:normal;text-decoration:none;vertical-align:baseline;white-space:pre;white-space:pre-wrap;\">Website Development Process: Full Guide in 3 Steps</span></h1><p><span id=\"docs-internal-guid-d50381cf-7fff-3c29-920d-09353384a4fa\"></span></p><ul style=\"margin-top:0;margin-bottom:0;\"><li dir=\"ltr\" style=\"list-style-type:disc;font-size:11pt;font-family:Arial;color:#000000;background-color:transparent;font-weight:400;font-style:normal;font-variant:normal;text-decoration:none;vertical-align:baseline;white-space:pre;\"><p dir=\"ltr\" style=\"line-height:1.38;margin-top:0pt;margin-bottom:0pt;\"><span style=\"font-size:11pt;font-family:Arial;color:#000000;background-color:transparent;font-weight:400;font-style:normal;font-variant:normal;text-decoration:none;vertical-align:baseline;white-space:pre;white-space:pre-wrap;\">Get information </span><span style=\"font-size:12pt;font-family:\'Times New Roman\';color:#000000;background-color:transparent;font-weight:700;font-style:normal;font-variant:normal;text-decoration:none;vertical-align:baseline;white-space:pre;white-space:pre-wrap;\">(</span><span style=\"font-size:12pt;font-family:\'Times New Roman\';color:#000000;background-color:transparent;font-weight:400;font-style:normal;font-variant:normal;text-decoration:none;vertical-align:baseline;white-space:pre;white-space:pre-wrap;\">Set </span><span style=\"font-size:12pt;font-family:\'Times New Roman\';color:#202020;background-color:transparent;font-weight:400;font-style:normal;font-variant:normal;text-decoration:none;vertical-align:baseline;white-space:pre;white-space:pre-wrap;\">Timeline</span><span style=\"font-size:12pt;font-family:\'Times New Roman\';color:#000000;background-color:transparent;font-weight:700;font-style:normal;font-variant:normal;text-decoration:none;vertical-align:baseline;white-space:pre;white-space:pre-wrap;\">)</span></p></li><li dir=\"ltr\" style=\"list-style-type:disc;font-size:11pt;font-family:Arial;color:#000000;background-color:transparent;font-weight:400;font-style:normal;font-variant:normal;text-decoration:none;vertical-align:baseline;white-space:pre;\"><p dir=\"ltr\" style=\"line-height:1.38;margin-top:0pt;margin-bottom:0pt;\"><span style=\"font-size:11pt;font-family:Arial;color:#000000;background-color:transparent;font-weight:400;font-style:normal;font-variant:normal;text-decoration:none;vertical-align:baseline;white-space:pre;white-space:pre-wrap;\">Start coding</span></p></li><li dir=\"ltr\" style=\"list-style-type:disc;font-size:11pt;font-family:Arial;color:#000000;background-color:transparent;font-weight:400;font-style:normal;font-variant:normal;text-decoration:none;vertical-align:baseline;white-space:pre;\"><p dir=\"ltr\" style=\"line-height:1.38;margin-top:0pt;margin-bottom:0pt;\"><span style=\"font-size:11pt;font-family:Arial;color:#000000;background-color:transparent;font-weight:400;font-style:normal;font-variant:normal;text-decoration:none;vertical-align:baseline;white-space:pre;white-space:pre-wrap;\">Live project</span></p><p dir=\"ltr\" style=\"text-align: center; line-height: 1.38; margin-top: 0pt; margin-bottom: 0pt;\"><span style=\"font-size:11pt;font-family:Arial;color:#000000;background-color:transparent;font-weight:400;font-style:normal;font-variant:normal;text-decoration:none;vertical-align:baseline;white-space:pre;white-space:pre-wrap;\"><br></span></p></li></ul>');
INSERT INTO `standard_operation_procedure_set_up` VALUES (11, 'Get Information ', 6, 1, '2019-09-04', 23, '2019-09-04', 23, '<p style=\"text-align: center; \"><u><b><span style=\"font-size: 14px;\">Get Information</span></b></u></p><ol style=\"margin-top:0;margin-bottom:0;\"><li dir=\"ltr\" style=\"list-style-type:decimal;font-size:12pt;font-family:\'Times New Roman\';color:#000000;background-color:transparent;font-weight:700;font-style:normal;font-variant:normal;text-decoration:none;vertical-align:baseline;white-space:pre;\"><h1 dir=\"ltr\" style=\"line-height:1.38;margin-top:20pt;margin-bottom:6pt;\"><span style=\"font-size: 14px; font-family: &quot;Times New Roman&quot;; color: rgb(0, 0, 0); background-color: transparent; font-weight: 700; font-style: normal; font-variant: normal; text-decoration: none; vertical-align: baseline; white-space: pre-wrap;\">Get Information</span></h1></li></ol><p dir=\"ltr\" style=\"line-height:1.3199999999999998;text-indent: 36pt;text-align: justify;margin-top:0pt;margin-bottom:0pt;\"><span style=\"font-size: 14px; font-family: &quot;Times New Roman&quot;; color: rgb(0, 0, 0); background-color: transparent; font-weight: 400; font-style: normal; font-variant: normal; text-decoration: none; vertical-align: baseline; white-space: pre-wrap;\">In this case we have to contact to our client to get information. Send email or contact by other way to make an appointment with client.</span></p><p><b style=\"font-weight:normal;\" id=\"docs-internal-guid-0e6dc908-7fff-fe5c-f636-a4c847ddece3\"><br></b></p><p dir=\"ltr\" style=\"line-height:1.3199999999999998;text-indent: 36pt;text-align: justify;margin-top:0pt;margin-bottom:0pt;\"><span style=\"font-size: 14px; font-family: &quot;Times New Roman&quot;; color: rgb(0, 0, 0); background-color: transparent; font-weight: 700; font-style: normal; font-variant: normal; text-decoration: none; vertical-align: baseline; white-space: pre-wrap;\">This is our sample email for make appointment with client:</span><span style=\"font-size:12pt;font-family:\'Times New Roman\';color:#000000;background-color:transparent;font-weight:400;font-style:normal;font-variant:normal;text-decoration:none;vertical-align:baseline;white-space:pre;white-space:pre-wrap;\"><br><br></span></p><p dir=\"ltr\" style=\"line-height:1.3199999999999998;margin-left: 36pt;text-align: justify;margin-top:0pt;margin-bottom:0pt;\"><span style=\"font-size: 14px; font-family: &quot;Times New Roman&quot;; color: rgb(0, 0, 0); background-color: transparent; font-weight: 400; font-style: normal; font-variant: normal; text-decoration: none; vertical-align: baseline; white-space: pre-wrap;\">Dear Mr./Ms. Client name</span></p><p><b style=\"font-weight:normal;\"><br></b></p><p dir=\"ltr\" style=\"line-height:1.3199999999999998;margin-left: 36pt;text-align: justify;margin-top:0pt;margin-bottom:0pt;\"><span style=\"font-size: 14px; font-family: &quot;Times New Roman&quot;; color: rgb(0, 0, 0); background-color: transparent; font-weight: 400; font-style: normal; font-variant: normal; text-decoration: none; vertical-align: baseline; white-space: pre-wrap;\">Warming greetings from eOcambo Technology Siem Reap, Cambodia.</span></p><p><b style=\"font-weight:normal;\"><br></b></p><p dir=\"ltr\" style=\"line-height:1.3199999999999998;margin-left: 36pt;text-align: justify;margin-top:0pt;margin-bottom:0pt;\"><span style=\"font-size: 14px; font-family: &quot;Times New Roman&quot;; color: rgb(0, 0, 0); background-color: transparent; font-weight: 400; font-style: normal; font-variant: normal; text-decoration: none; vertical-align: baseline; white-space: pre-wrap;\">Thank you very much for using our products. According to your contract with eOcambo Technology.</span></p><p dir=\"ltr\" style=\"line-height:1.3199999999999998;margin-left: 36pt;text-align: justify;margin-top:0pt;margin-bottom:0pt;\"><span style=\"font-size: 14px; font-family: &quot;Times New Roman&quot;; color: rgb(0, 0, 0); background-color: transparent; font-weight: 400; font-style: normal; font-variant: normal; text-decoration: none; vertical-align: baseline; white-space: pre-wrap;\">I Would like to make an appointment with you for discussion about website information on&nbsp; (Date/ Time)</span></p><p><b style=\"font-weight:normal;\"><br></b></p><p dir=\"ltr\" style=\"line-height:1.3199999999999998;margin-left: 36pt;text-align: justify;margin-top:0pt;margin-bottom:0pt;\"><span style=\"font-size: 14px; font-family: &quot;Times New Roman&quot;; color: rgb(0, 0, 0); background-color: transparent; font-weight: 400; font-style: normal; font-variant: normal; text-decoration: none; vertical-align: baseline; white-space: pre-wrap;\">Would I possible to meet with you on that day?&nbsp;</span></p><p><b style=\"font-weight:normal;\"><br></b></p><p dir=\"ltr\" style=\"line-height:1.3199999999999998;margin-left: 36pt;text-align: justify;margin-top:0pt;margin-bottom:0pt;\"><span style=\"font-size: 14px; font-family: &quot;Times New Roman&quot;; color: rgb(0, 0, 0); background-color: transparent; font-weight: 400; font-style: normal; font-variant: normal; text-decoration: none; vertical-align: baseline; white-space: pre-wrap;\">I\'m looking forward to hearing from you.</span></p><p><b style=\"font-weight:normal;\"><br></b></p><p dir=\"ltr\" style=\"line-height:1.3199999999999998;margin-left: 36pt;text-align: justify;margin-top:0pt;margin-bottom:0pt;\"><span style=\"font-size: 14px; font-family: &quot;Times New Roman&quot;; color: rgb(0, 0, 0); background-color: transparent; font-weight: 400; font-style: normal; font-variant: normal; text-decoration: none; vertical-align: baseline; white-space: pre-wrap;\">Thank you.</span></p><p><b style=\"font-weight:normal;\"><br></b></p><ol style=\"margin-top:0;margin-bottom:0;\"><ol style=\"margin-top:0;margin-bottom:0;\"><li dir=\"ltr\" style=\"list-style-type:decimal;font-size:12pt;font-family:\'Times New Roman\';color:#000000;background-color:transparent;font-weight:700;font-style:normal;font-variant:normal;text-decoration:none;vertical-align:baseline;white-space:pre;\"><h2 dir=\"ltr\" style=\"line-height:1.3199999999999998;margin-top:18pt;margin-bottom:6pt;\"><span style=\"font-size: 14px; font-family: &quot;Times New Roman&quot;; color: rgb(0, 0, 0); background-color: transparent; font-weight: 700; font-style: normal; font-variant: normal; text-decoration: none; vertical-align: baseline; white-space: pre-wrap;\">Design template layout</span></h2></li></ol></ol><p dir=\"ltr\" style=\"line-height:1.3199999999999998;text-indent: 36pt;text-align: justify;margin-top:0pt;margin-bottom:0pt;\"><span style=\"font-size: 14px; font-family: &quot;Times New Roman&quot;; color: rgb(0, 0, 0); background-color: transparent; font-weight: 400; font-style: normal; font-variant: normal; text-decoration: none; vertical-align: baseline; white-space: pre-wrap;\">After we collected all information from our client, it?s time for the design Template layout. However template layout must be related to information, base color of properties, logo, and style that the client confirm. The template layout must be design two or more than for client review. Template must be unique and not clone other website.</span></p><p dir=\"ltr\" style=\"line-height:1.3199999999999998;text-indent: 36pt;text-align: justify;margin-top:0pt;margin-bottom:0pt;\"><span style=\"font-size: 14px; font-family: &quot;Times New Roman&quot;; color: rgb(0, 0, 0); background-color: transparent; font-weight: 700; font-style: normal; font-variant: normal; text-decoration: none; vertical-align: baseline; white-space: pre-wrap;\">This is our sample email for make appointment with client:</span><span style=\"font-size:12pt;font-family:\'Times New Roman\';color:#000000;background-color:transparent;font-weight:400;font-style:normal;font-variant:normal;text-decoration:none;vertical-align:baseline;white-space:pre;white-space:pre-wrap;\"><br><br></span></p><p dir=\"ltr\" style=\"line-height:1.3199999999999998;text-indent: 36pt;text-align: justify;margin-top:0pt;margin-bottom:0pt;\"><span style=\"font-size: 14px; font-family: &quot;Times New Roman&quot;; color: rgb(0, 0, 0); background-color: transparent; font-weight: 400; font-style: normal; font-variant: normal; text-decoration: none; vertical-align: baseline; white-space: pre-wrap;\">Dear Mr./Ms. Client name</span></p><p><b style=\"font-weight:normal;\"><br></b></p><p dir=\"ltr\" style=\"line-height:1.3199999999999998;text-indent: 36pt;text-align: justify;margin-top:0pt;margin-bottom:0pt;\"><span style=\"font-size: 14px; font-family: &quot;Times New Roman&quot;; color: rgb(0, 0, 0); background-color: transparent; font-weight: 400; font-style: normal; font-variant: normal; text-decoration: none; vertical-align: baseline; white-space: pre-wrap;\">Warming greeting from eOcambo Technology Siem Reap, Cambodia.</span></p><p><b style=\"font-weight:normal;\"><br></b></p><p dir=\"ltr\" style=\"line-height:1.3199999999999998;text-indent: 36pt;text-align: justify;margin-top:0pt;margin-bottom:0pt;\"><span style=\"font-size: 14px; font-family: &quot;Times New Roman&quot;; color: rgb(0, 0, 0); background-color: transparent; font-weight: 400; font-style: normal; font-variant: normal; text-decoration: none; vertical-align: baseline; white-space: pre-wrap;\">Thank you very much for using our products. After got full information from you, we have done designed a demo Templates website.</span></p><p dir=\"ltr\" style=\"line-height:1.3199999999999998;text-indent: 36pt;text-align: justify;margin-top:0pt;margin-bottom:0pt;\"><span style=\"font-size: 14px; font-family: &quot;Times New Roman&quot;; color: rgb(0, 0, 0); background-color: transparent; font-weight: 400; font-style: normal; font-variant: normal; text-decoration: none; vertical-align: baseline; white-space: pre-wrap;\">This template website have been following your Logo , Base colors, Hotel designed and more creative idea.</span></p><p dir=\"ltr\" style=\"line-height:1.3199999999999998;text-indent: 36pt;text-align: justify;margin-top:0pt;margin-bottom:0pt;\"><span style=\"font-size: 14px; font-family: &quot;Times New Roman&quot;; color: rgb(0, 0, 0); background-color: transparent; font-weight: 400; font-style: normal; font-variant: normal; text-decoration: none; vertical-align: baseline; white-space: pre-wrap;\">Please help to select your best choice and feedback to us.&nbsp;</span></p><p><b style=\"font-weight:normal;\"><br></b></p><p dir=\"ltr\" style=\"line-height:1.3199999999999998;text-indent: 36pt;text-align: justify;margin-top:0pt;margin-bottom:0pt;\"><span style=\"font-size: 14px; font-family: &quot;Times New Roman&quot;; color: rgb(0, 0, 0); background-color: transparent; font-weight: 400; font-style: normal; font-variant: normal; text-decoration: none; vertical-align: baseline; white-space: pre-wrap;\">I\'m looking forward to hearing from you.</span></p><p dir=\"ltr\" style=\"line-height:1.3199999999999998;text-indent: 36pt;text-align: justify;margin-top:0pt;margin-bottom:0pt;\"><span style=\"font-size: 14px; font-family: &quot;Times New Roman&quot;; color: rgb(0, 0, 0); background-color: transparent; font-weight: 400; font-style: normal; font-variant: normal; text-decoration: none; vertical-align: baseline; white-space: pre-wrap;\">Thank you,</span></p><h2 dir=\"ltr\" style=\"line-height:1.3199999999999998;text-indent: 36pt;margin-top:18pt;margin-bottom:6pt;\"><span style=\"font-size: 14px; font-family: &quot;Times New Roman&quot;; color: rgb(0, 0, 0); background-color: transparent; font-weight: 700; font-style: normal; font-variant: normal; text-decoration: none; vertical-align: baseline; white-space: pre-wrap;\">1.2.</span><span style=\"font-size:12pt;font-family:\'Times New Roman\';color:#000000;background-color:transparent;font-weight:700;font-style:normal;font-variant:normal;text-decoration:none;vertical-align:baseline;white-space:pre;white-space:pre-wrap;\"><span class=\"Apple-tab-span\" style=\"white-space: pre; font-size: 14px;\">	</span></span><span style=\"font-size: 14px; font-family: &quot;Times New Roman&quot;; color: rgb(0, 0, 0); background-color: transparent; font-weight: 700; font-style: normal; font-variant: normal; text-decoration: none; vertical-align: baseline; white-space: pre-wrap;\">Client Approve</span></h2><p></p><p dir=\"ltr\" style=\"line-height:1.3199999999999998;text-indent: 36pt;text-align: justify;margin-top:0pt;margin-bottom:0pt;\"><span style=\"font-size: 14px; font-family: &quot;Times New Roman&quot;; color: rgb(0, 0, 0); background-color: transparent; font-weight: 400; font-style: normal; font-variant: normal; text-decoration: none; vertical-align: baseline; white-space: pre-wrap;\">Keep in touch with the client about the style and layout of the template website. If any change please follow up and feedback to them as soon as possible. If they approve it?s time for processing to code step.&nbsp;</span></p><p dir=\"ltr\" style=\"line-height:1.3199999999999998;text-indent: 36pt;text-align: justify;margin-top:0pt;margin-bottom:0pt;\"><span style=\"font-size:12pt;font-family:\'Times New Roman\';color:#000000;background-color:transparent;font-weight:400;font-style:normal;font-variant:normal;text-decoration:none;vertical-align:baseline;white-space:pre;white-space:pre-wrap;\"><br></span></p><p dir=\"ltr\" style=\"text-align: center; line-height: 1.32; text-indent: 36pt; margin-top: 0pt; margin-bottom: 0pt;\"><span style=\"font-size: 12px; font-family: &quot;Times New Roman&quot;; color: rgb(0, 0, 0); background-color: transparent; font-variant: normal; text-decoration: none; vertical-align: baseline; white-space: pre-wrap;\"><i style=\"\"><b>End SOP-Get Information</b></i></span></p><div><span style=\"font-size:12pt;font-family:\'Times New Roman\';color:#000000;background-color:transparent;font-weight:400;font-style:normal;font-variant:normal;text-decoration:none;vertical-align:baseline;white-space:pre;white-space:pre-wrap;\"><br></span></div>');
INSERT INTO `standard_operation_procedure_set_up` VALUES (12, 'Coding', 6, 1, '2019-09-04', 23, NULL, NULL, '<p style=\"text-align: center; \"><b><u>2.Coding</u></b></p><h1 dir=\"ltr\" style=\"line-height:1.3199999999999998;text-align: justify;margin-top:20pt;margin-bottom:6pt;\"><span style=\"font-size: 14px; font-family: &quot;Times New Roman&quot;; color: rgb(0, 0, 0); background-color: transparent; font-weight: 700; font-style: normal; font-variant: normal; text-decoration: none; vertical-align: baseline; white-space: pre-wrap;\">2.</span><span style=\"font-size:12pt;font-family:\'Times New Roman\';color:#000000;background-color:transparent;font-weight:700;font-style:normal;font-variant:normal;text-decoration:none;vertical-align:baseline;white-space:pre;white-space:pre-wrap;\"><span class=\"Apple-tab-span\" style=\"white-space: pre; font-size: 14px;\">	</span></span><span style=\"font-size: 14px; font-family: &quot;Times New Roman&quot;; color: rgb(0, 0, 0); background-color: transparent; font-weight: 700; font-style: normal; font-variant: normal; text-decoration: none; vertical-align: baseline; white-space: pre-wrap;\">Coding</span></h1><p dir=\"ltr\" style=\"line-height:1.38;margin-top:0pt;margin-bottom:0pt;\"><span style=\"font-size:11pt;font-family:Arial;color:#000000;background-color:transparent;font-weight:400;font-style:normal;font-variant:normal;text-decoration:none;vertical-align:baseline;white-space:pre;white-space:pre-wrap;\"><span class=\"Apple-tab-span\" style=\"white-space: pre; font-size: 14px;\">	</span></span><span style=\"font-size: 14px; font-family: &quot;Times New Roman&quot;; color: rgb(0, 0, 0); background-color: transparent; font-weight: 400; font-style: normal; font-variant: normal; text-decoration: none; vertical-align: baseline; white-space: pre-wrap;\">To improving speed of coding we had recommend to use CMS Wordpress to building website. This is the most popular CMS in the world that challenge with other CMS. This CMS easy to control and make client easy to update.</span></p><h2 dir=\"ltr\" style=\"line-height:1.3199999999999998;text-indent: 36pt;margin-top:18pt;margin-bottom:6pt;\"><span style=\"font-size: 14px; font-family: &quot;Times New Roman&quot;; color: rgb(0, 0, 0); background-color: transparent; font-weight: 700; font-style: normal; font-variant: normal; text-decoration: none; vertical-align: baseline; white-space: pre-wrap;\">2.1.</span><span style=\"font-size:12pt;font-family:\'Times New Roman\';color:#000000;background-color:transparent;font-weight:700;font-style:normal;font-variant:normal;text-decoration:none;vertical-align:baseline;white-space:pre;white-space:pre-wrap;\"><span class=\"Apple-tab-span\" style=\"white-space: pre; font-size: 14px;\">	</span></span><span style=\"font-size: 14px; font-family: &quot;Times New Roman&quot;; color: rgb(0, 0, 0); background-color: transparent; font-weight: 700; font-style: normal; font-variant: normal; text-decoration: none; vertical-align: baseline; white-space: pre-wrap;\">Setup Wordpress</span></h2><p dir=\"ltr\" style=\"line-height:1.3199999999999998;text-indent: 36pt;margin-top:0pt;margin-bottom:0pt;\"><span style=\"font-size: 14px; font-family: &quot;Times New Roman&quot;; color: rgb(0, 0, 0); background-color: transparent; font-weight: 400; font-style: normal; font-variant: normal; text-decoration: none; vertical-align: baseline; white-space: pre-wrap;\">Setup Wordpress to your local server with latest version of Wordpress, Connect it to your Database. Install theme(Underscore.me) to Wordpress.&nbsp;</span></p><h2 dir=\"ltr\" style=\"line-height:1.3199999999999998;text-indent: 36pt;margin-top:18pt;margin-bottom:6pt;\"><span style=\"font-size: 14px; font-family: &quot;Times New Roman&quot;; color: rgb(0, 0, 0); background-color: transparent; font-weight: 700; font-style: normal; font-variant: normal; text-decoration: none; vertical-align: baseline; white-space: pre-wrap;\">2.2.</span><span style=\"font-size:12pt;font-family:\'Times New Roman\';color:#000000;background-color:transparent;font-weight:700;font-style:normal;font-variant:normal;text-decoration:none;vertical-align:baseline;white-space:pre;white-space:pre-wrap;\"><span class=\"Apple-tab-span\" style=\"white-space: pre; font-size: 14px;\">	</span></span><span style=\"font-size: 14px; font-family: &quot;Times New Roman&quot;; color: rgb(0, 0, 0); background-color: transparent; font-weight: 700; font-style: normal; font-variant: normal; text-decoration: none; vertical-align: baseline; white-space: pre-wrap;\">Setup Backend</span></h2><p dir=\"ltr\" style=\"line-height:1.3199999999999998;text-indent: 36pt;text-align: justify;margin-top:0pt;margin-bottom:0pt;\"><span style=\"font-size: 14px; font-family: &quot;Times New Roman&quot;; color: rgb(0, 0, 0); background-color: transparent; font-weight: 400; font-style: normal; font-variant: normal; text-decoration: none; vertical-align: baseline; white-space: pre-wrap;\">Setup backend for upload data to website. Backend should be easy for client update their Data to their website.&nbsp;</span></p><h2 dir=\"ltr\" style=\"line-height:1.3199999999999998;text-indent: 36pt;margin-top:18pt;margin-bottom:6pt;\"><span style=\"font-size: 14px; font-family: &quot;Times New Roman&quot;; color: rgb(0, 0, 0); background-color: transparent; font-weight: 700; font-style: normal; font-variant: normal; text-decoration: none; vertical-align: baseline; white-space: pre-wrap;\">2.3.</span><span style=\"font-size:12pt;font-family:\'Times New Roman\';color:#000000;background-color:transparent;font-weight:700;font-style:normal;font-variant:normal;text-decoration:none;vertical-align:baseline;white-space:pre;white-space:pre-wrap;\"><span class=\"Apple-tab-span\" style=\"white-space: pre; font-size: 14px;\">	</span></span><span style=\"font-size: 14px; font-family: &quot;Times New Roman&quot;; color: rgb(0, 0, 0); background-color: transparent; font-weight: 700; font-style: normal; font-variant: normal; text-decoration: none; vertical-align: baseline; white-space: pre-wrap;\">Start Coding</span></h2><p dir=\"ltr\" style=\"line-height:1.3199999999999998;text-indent: 36pt;text-align: justify;margin-top:0pt;margin-bottom:0pt;\"><span style=\"font-size: 14px; font-family: &quot;Times New Roman&quot;; color: rgb(0, 0, 0); background-color: transparent; font-weight: 400; font-style: normal; font-variant: normal; text-decoration: none; vertical-align: baseline; white-space: pre-wrap;\">Our company base on Hospitality service so this is our default pages for coding. We will coding&nbsp; follow this, but we will add more change some page following requirement of client.&nbsp;</span></p><p><b style=\"font-weight:normal;\" id=\"docs-internal-guid-04e35346-7fff-6c4f-e4fc-5d59b944ff56\"><br></b></p><ul style=\"margin-top:0;margin-bottom:0;\"><li dir=\"ltr\" style=\"list-style-type:disc;font-size:12pt;font-family:\'Times New Roman\';color:#000000;background-color:transparent;font-weight:400;font-style:normal;font-variant:normal;text-decoration:none;vertical-align:baseline;white-space:pre;margin-left: 108pt;\"><p dir=\"ltr\" style=\"line-height:1.3199999999999998;text-align: justify;margin-top:0pt;margin-bottom:0pt;\"><span style=\"font-size: 14px; font-family: &quot;Times New Roman&quot;; color: rgb(0, 0, 0); background-color: transparent; font-weight: 400; font-style: normal; font-variant: normal; text-decoration: none; vertical-align: baseline; white-space: pre-wrap;\">Home page</span></p></li><li dir=\"ltr\" style=\"list-style-type:disc;font-size:12pt;font-family:\'Times New Roman\';color:#000000;background-color:transparent;font-weight:400;font-style:normal;font-variant:normal;text-decoration:none;vertical-align:baseline;white-space:pre;margin-left: 108pt;\"><p dir=\"ltr\" style=\"line-height:1.3199999999999998;text-align: justify;margin-top:0pt;margin-bottom:0pt;\"><span style=\"font-size: 14px; font-family: &quot;Times New Roman&quot;; color: rgb(0, 0, 0); background-color: transparent; font-weight: 400; font-style: normal; font-variant: normal; text-decoration: none; vertical-align: baseline; white-space: pre-wrap;\">Page Contact Us&nbsp;</span></p></li><li dir=\"ltr\" style=\"list-style-type:disc;font-size:12pt;font-family:\'Times New Roman\';color:#000000;background-color:transparent;font-weight:400;font-style:normal;font-variant:normal;text-decoration:none;vertical-align:baseline;white-space:pre;margin-left: 108pt;\"><p dir=\"ltr\" style=\"line-height:1.3199999999999998;text-align: justify;margin-top:0pt;margin-bottom:0pt;\"><span style=\"font-size: 14px; font-family: &quot;Times New Roman&quot;; color: rgb(0, 0, 0); background-color: transparent; font-weight: 400; font-style: normal; font-variant: normal; text-decoration: none; vertical-align: baseline; white-space: pre-wrap;\">Page About Us</span></p></li><li dir=\"ltr\" style=\"list-style-type:disc;font-size:12pt;font-family:\'Times New Roman\';color:#000000;background-color:transparent;font-weight:400;font-style:normal;font-variant:normal;text-decoration:none;vertical-align:baseline;white-space:pre;margin-left: 108pt;\"><p dir=\"ltr\" style=\"line-height:1.3199999999999998;text-align: justify;margin-top:0pt;margin-bottom:0pt;\"><span style=\"font-size: 14px; font-family: &quot;Times New Roman&quot;; color: rgb(0, 0, 0); background-color: transparent; font-weight: 400; font-style: normal; font-variant: normal; text-decoration: none; vertical-align: baseline; white-space: pre-wrap;\">Accommodation (Single Page)</span></p></li><li dir=\"ltr\" style=\"list-style-type:disc;font-size:12pt;font-family:\'Times New Roman\';color:#000000;background-color:transparent;font-weight:400;font-style:normal;font-variant:normal;text-decoration:none;vertical-align:baseline;white-space:pre;margin-left: 108pt;\"><p dir=\"ltr\" style=\"line-height:1.3199999999999998;text-align: justify;margin-top:0pt;margin-bottom:0pt;\"><span style=\"font-size: 14px; font-family: &quot;Times New Roman&quot;; color: rgb(0, 0, 0); background-color: transparent; font-weight: 400; font-style: normal; font-variant: normal; text-decoration: none; vertical-align: baseline; white-space: pre-wrap;\">Service &amp; Facility (Single page)</span></p></li><li dir=\"ltr\" style=\"list-style-type:disc;font-size:12pt;font-family:\'Times New Roman\';color:#000000;background-color:transparent;font-weight:400;font-style:normal;font-variant:normal;text-decoration:none;vertical-align:baseline;white-space:pre;margin-left: 108pt;\"><p dir=\"ltr\" style=\"line-height:1.3199999999999998;text-align: justify;margin-top:0pt;margin-bottom:0pt;\"><span style=\"font-size: 14px; font-family: &quot;Times New Roman&quot;; color: rgb(0, 0, 0); background-color: transparent; font-weight: 400; font-style: normal; font-variant: normal; text-decoration: none; vertical-align: baseline; white-space: pre-wrap;\">Blog post (Single Page)</span></p></li><li dir=\"ltr\" style=\"list-style-type:disc;font-size:12pt;font-family:\'Times New Roman\';color:#000000;background-color:transparent;font-weight:400;font-style:normal;font-variant:normal;text-decoration:none;vertical-align:baseline;white-space:pre;margin-left: 108pt;\"><p dir=\"ltr\" style=\"line-height:1.3199999999999998;text-align: justify;margin-top:0pt;margin-bottom:0pt;\"><span style=\"font-size: 14px; font-family: &quot;Times New Roman&quot;; color: rgb(0, 0, 0); background-color: transparent; font-weight: 400; font-style: normal; font-variant: normal; text-decoration: none; vertical-align: baseline; white-space: pre-wrap;\">Gallery</span></p></li><li dir=\"ltr\" style=\"list-style-type:disc;font-size:12pt;font-family:\'Times New Roman\';color:#000000;background-color:transparent;font-weight:400;font-style:normal;font-variant:normal;text-decoration:none;vertical-align:baseline;white-space:pre;margin-left: 108pt;\"><p dir=\"ltr\" style=\"line-height:1.3199999999999998;text-align: justify;margin-top:0pt;margin-bottom:0pt;\"><span style=\"font-size: 14px; font-family: &quot;Times New Roman&quot;; color: rgb(0, 0, 0); background-color: transparent; font-weight: 400; font-style: normal; font-variant: normal; text-decoration: none; vertical-align: baseline; white-space: pre-wrap;\">Other Page</span></p></li></ul><h2 dir=\"ltr\" style=\"line-height:1.3199999999999998;text-indent: 36pt;margin-top:18pt;margin-bottom:6pt;\"><span style=\"font-size: 14px; font-family: &quot;Times New Roman&quot;; color: rgb(0, 0, 0); background-color: transparent; font-weight: 700; font-style: normal; font-variant: normal; text-decoration: none; vertical-align: baseline; white-space: pre-wrap;\">2.4.</span><span style=\"font-size:12pt;font-family:\'Times New Roman\';color:#000000;background-color:transparent;font-weight:700;font-style:normal;font-variant:normal;text-decoration:none;vertical-align:baseline;white-space:pre;white-space:pre-wrap;\"><span class=\"Apple-tab-span\" style=\"white-space: pre; font-size: 14px;\">	</span></span><span style=\"font-size: 14px; font-family: &quot;Times New Roman&quot;; color: rgb(0, 0, 0); background-color: transparent; font-weight: 700; font-style: normal; font-variant: normal; text-decoration: none; vertical-align: baseline; white-space: pre-wrap;\">Responsive</span></h2><p dir=\"ltr\" style=\"line-height:1.3199999999999998;text-indent: 36pt;text-align: justify;margin-top:0pt;margin-bottom:0pt;\"><span style=\"font-size: 14px; font-family: &quot;Times New Roman&quot;; color: rgb(0, 0, 0); background-color: transparent; font-weight: 400; font-style: normal; font-variant: normal; text-decoration: none; vertical-align: baseline; white-space: pre-wrap;\">Responsive website is a web design that makes web pages render well </span><span style=\"font-size: 14px; font-family: &quot;Times New Roman&quot;; color: rgb(34, 34, 34); background-color: rgb(255, 255, 255); font-weight: 400; font-style: normal; font-variant: normal; text-decoration: none; vertical-align: baseline; white-space: pre-wrap;\">on a variety of devices and window or screen sizes.&nbsp;</span></p><h2 dir=\"ltr\" style=\"line-height:1.3199999999999998;text-indent: 36pt;text-align: justify;margin-top:18pt;margin-bottom:6pt;\"><span style=\"font-size: 14px; font-family: &quot;Times New Roman&quot;; color: rgb(34, 34, 34); background-color: rgb(255, 255, 255); font-weight: 700; font-style: normal; font-variant: normal; text-decoration: none; vertical-align: baseline; white-space: pre-wrap;\">2.5.</span><span style=\"font-size:12pt;font-family:\'Times New Roman\';color:#222222;background-color:#ffffff;font-weight:700;font-style:normal;font-variant:normal;text-decoration:none;vertical-align:baseline;white-space:pre;white-space:pre-wrap;\"><span class=\"Apple-tab-span\" style=\"white-space: pre; font-size: 14px;\">	</span></span><span style=\"font-size: 14px; font-family: &quot;Times New Roman&quot;; color: rgb(0, 0, 0); background-color: transparent; font-weight: 700; font-style: normal; font-variant: normal; text-decoration: none; vertical-align: baseline; white-space: pre-wrap;\">Install Plugin</span></h2><p dir=\"ltr\" style=\"line-height:1.3199999999999998;text-indent: 36pt;text-align: justify;margin-top:0pt;margin-bottom:0pt;\"><span style=\"font-size: 14px; font-family: &quot;Times New Roman&quot;; color: rgb(0, 0, 0); background-color: transparent; font-weight: 400; font-style: normal; font-variant: normal; text-decoration: none; vertical-align: baseline; white-space: pre-wrap;\">Coding complete all page of website isn?t enough, we have to install more plugin to add more feature. Plugin that we use to install to our project have to approve by our company. Beware to use unknown plugin.</span></p><h2 dir=\"ltr\" style=\"line-height:1.3199999999999998;text-indent: 36pt;text-align: justify;margin-top:18pt;margin-bottom:6pt;\"><span style=\"font-size: 14px; font-family: &quot;Times New Roman&quot;; color: rgb(0, 0, 0); background-color: transparent; font-weight: 700; font-style: normal; font-variant: normal; text-decoration: none; vertical-align: baseline; white-space: pre-wrap;\">2.6.</span><span style=\"font-size:12pt;font-family:\'Times New Roman\';color:#000000;background-color:transparent;font-weight:700;font-style:normal;font-variant:normal;text-decoration:none;vertical-align:baseline;white-space:pre;white-space:pre-wrap;\"><span class=\"Apple-tab-span\" style=\"white-space: pre; font-size: 14px;\">	</span></span><span style=\"font-size: 14px; font-family: &quot;Times New Roman&quot;; color: rgb(0, 0, 0); background-color: transparent; font-weight: 700; font-style: normal; font-variant: normal; text-decoration: none; vertical-align: baseline; white-space: pre-wrap;\">Review</span></h2><p dir=\"ltr\" style=\"line-height:1.3199999999999998;text-indent: 36pt;text-align: justify;margin-top:0pt;margin-bottom:0pt;\"><span style=\"font-size: 14px; font-family: &quot;Times New Roman&quot;; color: rgb(0, 0, 0); background-color: transparent; font-weight: 400; font-style: normal; font-variant: normal; text-decoration: none; vertical-align: baseline; white-space: pre-wrap;\">After everything done it?s time to review our project by ourselves, Check following Form Website Feature Tracking Before Live.</span></p><h2 dir=\"ltr\" style=\"line-height:1.3199999999999998;text-indent: 36pt;text-align: justify;margin-top:18pt;margin-bottom:6pt;\"><span style=\"font-size: 14px; font-family: &quot;Times New Roman&quot;; color: rgb(0, 0, 0); background-color: transparent; font-weight: 700; font-style: normal; font-variant: normal; text-decoration: none; vertical-align: baseline; white-space: pre-wrap;\">2.7.</span><span style=\"font-size:12pt;font-family:\'Times New Roman\';color:#000000;background-color:transparent;font-weight:700;font-style:normal;font-variant:normal;text-decoration:none;vertical-align:baseline;white-space:pre;white-space:pre-wrap;\"><span class=\"Apple-tab-span\" style=\"white-space: pre; font-size: 14px;\">	</span></span><span style=\"font-size: 14px; font-family: &quot;Times New Roman&quot;; color: rgb(0, 0, 0); background-color: transparent; font-weight: 700; font-style: normal; font-variant: normal; text-decoration: none; vertical-align: baseline; white-space: pre-wrap;\">Tester Review</span></h2><p dir=\"ltr\" style=\"line-height:1.3199999999999998;text-indent: 36pt;text-align: justify;margin-top:0pt;margin-bottom:0pt;\"><span style=\"font-size: 14px; font-family: &quot;Times New Roman&quot;; color: rgb(0, 0, 0); background-color: transparent; font-weight: 400; font-style: normal; font-variant: normal; text-decoration: none; vertical-align: baseline; white-space: pre-wrap;\">To be ensure that everything are ok not have error or lose some point a Tester have to test again to project until everything is done. Tester can be your teammate or your Project Manager.</span></p><h2 dir=\"ltr\" style=\"line-height:1.3199999999999998;text-indent: 36pt;text-align: justify;margin-top:18pt;margin-bottom:6pt;\"><span style=\"font-size: 14px; font-family: &quot;Times New Roman&quot;; color: rgb(0, 0, 0); background-color: transparent; font-weight: 700; font-style: normal; font-variant: normal; text-decoration: none; vertical-align: baseline; white-space: pre-wrap;\">2.8.</span><span style=\"font-size:12pt;font-family:\'Times New Roman\';color:#000000;background-color:transparent;font-weight:700;font-style:normal;font-variant:normal;text-decoration:none;vertical-align:baseline;white-space:pre;white-space:pre-wrap;\"><span class=\"Apple-tab-span\" style=\"white-space: pre; font-size: 14px;\">	</span></span><span style=\"font-size: 14px; font-family: &quot;Times New Roman&quot;; color: rgb(0, 0, 0); background-color: transparent; font-weight: 700; font-style: normal; font-variant: normal; text-decoration: none; vertical-align: baseline; white-space: pre-wrap;\">Live Demo</span></h2><p dir=\"ltr\" style=\"line-height:1.3199999999999998;text-indent: 36pt;text-align: justify;margin-top:0pt;margin-bottom:0pt;\"><span style=\"font-size: 14px; font-family: &quot;Times New Roman&quot;; color: rgb(0, 0, 0); background-color: transparent; font-weight: 400; font-style: normal; font-variant: normal; text-decoration: none; vertical-align: baseline; white-space: pre-wrap;\">After we had done test and debug errors it?s time to live as demo, be insure that everything have been done before live it for client review. Send email to inform client about website that we have lived as demo. This case please keep in touch with client until they confirm to live&nbsp; to their domain &amp; hosting.</span></p><p><b style=\"font-weight:normal;\"><br></b></p><p dir=\"ltr\" style=\"line-height:1.3199999999999998;text-indent: 36pt;text-align: justify;margin-top:0pt;margin-bottom:0pt;\"><span style=\"font-size: 14px; font-family: &quot;Times New Roman&quot;; color: rgb(0, 0, 0); background-color: transparent; font-weight: 700; font-style: normal; font-variant: normal; text-decoration: none; vertical-align: baseline; white-space: pre-wrap;\">This is our sample email for inform website live as demo with client:</span></p><p dir=\"ltr\" style=\"line-height:1.3199999999999998;text-indent: 36pt;text-align: justify;margin-top:0pt;margin-bottom:0pt;\"><span style=\"font-size:12pt;font-family:\'Times New Roman\';color:#000000;background-color:transparent;font-weight:400;font-style:normal;font-variant:normal;text-decoration:none;vertical-align:baseline;white-space:pre;white-space:pre-wrap;\"><br></span><span style=\"font-size:12pt;font-family:\'Times New Roman\';color:#000000;background-color:transparent;font-weight:400;font-style:normal;font-variant:normal;text-decoration:none;vertical-align:baseline;white-space:pre;white-space:pre-wrap;\"><span class=\"Apple-tab-span\" style=\"white-space: pre; font-size: 14px;\">	</span></span><span style=\"font-size: 14px; font-family: &quot;Times New Roman&quot;; color: rgb(0, 0, 0); background-color: transparent; font-weight: 400; font-style: normal; font-variant: normal; text-decoration: none; vertical-align: baseline; white-space: pre-wrap;\">Dear Mr./Ms.Client Name</span></p><p dir=\"ltr\" style=\"line-height:1.3199999999999998;text-indent: 36pt;text-align: justify;margin-top:0pt;margin-bottom:0pt;\"><span style=\"font-size: 14px; font-family: &quot;Times New Roman&quot;; color: rgb(0, 0, 0); background-color: transparent; font-weight: 400; font-style: normal; font-variant: normal; text-decoration: none; vertical-align: baseline; white-space: pre-wrap;\">Warming greeting from eocambo technology Siem Reap, Cambodia.</span></p><p><b style=\"font-weight:normal;\"><br></b></p><p dir=\"ltr\" style=\"line-height:1.3199999999999998;text-indent: 36pt;text-align: justify;margin-top:0pt;margin-bottom:0pt;\"><span style=\"font-size: 14px; font-family: &quot;Times New Roman&quot;; color: rgb(0, 0, 0); background-color: transparent; font-weight: 400; font-style: normal; font-variant: normal; text-decoration: none; vertical-align: baseline; white-space: pre-wrap;\">Thank you very much for using our products.</span></p><p dir=\"ltr\" style=\"line-height:1.3199999999999998;margin-left: 36pt;text-align: justify;margin-top:0pt;margin-bottom:0pt;\"><span style=\"font-size: 14px; font-family: &quot;Times New Roman&quot;; color: rgb(0, 0, 0); background-color: transparent; font-weight: 400; font-style: normal; font-variant: normal; text-decoration: none; vertical-align: baseline; white-space: pre-wrap;\">By this email we would like to inform you that we have finished your Website. And we have lived as Demo Website.</span></p><p><b style=\"font-weight:normal;\"><br></b></p><p dir=\"ltr\" style=\"line-height:1.3199999999999998;text-indent: 36pt;text-align: justify;margin-top:0pt;margin-bottom:0pt;\"><span style=\"font-size: 14px; font-family: &quot;Times New Roman&quot;; color: rgb(0, 0, 0); background-color: transparent; font-weight: 400; font-style: normal; font-variant: normal; text-decoration: none; vertical-align: baseline; white-space: pre-wrap;\">Please kindly to check via link below:</span></p><p dir=\"ltr\" style=\"line-height:1.3199999999999998;text-indent: 36pt;text-align: justify;margin-top:0pt;margin-bottom:0pt;\"><span style=\"font-size: 14px; font-family: &quot;Times New Roman&quot;; color: rgb(0, 0, 0); background-color: transparent; font-weight: 400; font-style: normal; font-variant: normal; text-decoration: none; vertical-align: baseline; white-space: pre-wrap;\">Demo Website: https://www.example.com/demo</span></p><p><b style=\"font-weight:normal;\"><br></b></p><p dir=\"ltr\" style=\"line-height:1.3199999999999998;text-indent: 36pt;text-align: justify;margin-top:0pt;margin-bottom:0pt;\"><span style=\"font-size: 14px; font-family: &quot;Times New Roman&quot;; color: rgb(0, 0, 0); background-color: transparent; font-weight: 400; font-style: normal; font-variant: normal; text-decoration: none; vertical-align: baseline; white-space: pre-wrap;\">We need you assist us to review and feedback.</span></p><p dir=\"ltr\" style=\"line-height:1.3199999999999998;text-indent: 36pt;text-align: justify;margin-top:0pt;margin-bottom:0pt;\"><span style=\"font-size: 14px; font-family: &quot;Times New Roman&quot;; color: rgb(0, 0, 0); background-color: transparent; font-weight: 400; font-style: normal; font-variant: normal; text-decoration: none; vertical-align: baseline; white-space: pre-wrap;\">we are looking forward to hearing from you soon.</span></p><p><b style=\"font-weight:normal;\"><br></b></p><p dir=\"ltr\" style=\"line-height:1.3199999999999998;text-indent: 36pt;text-align: justify;margin-top:0pt;margin-bottom:0pt;\"><span style=\"font-size: 14px; font-family: &quot;Times New Roman&quot;; color: rgb(0, 0, 0); background-color: transparent; font-weight: 400; font-style: normal; font-variant: normal; text-decoration: none; vertical-align: baseline; white-space: pre-wrap;\">Thank you,</span></p><p></p><p dir=\"ltr\" style=\"line-height:1.3199999999999998;text-indent: 36pt;text-align: justify;margin-top:0pt;margin-bottom:0pt;\"><span style=\"font-size: 14px; font-family: &quot;Times New Roman&quot;; color: rgb(0, 0, 0); background-color: transparent; font-weight: 400; font-style: normal; font-variant: normal; text-decoration: none; vertical-align: baseline; white-space: pre-wrap;\">Best Regards</span></p><p dir=\"ltr\" style=\"text-align: center; line-height: 1.32; text-indent: 36pt; margin-top: 0pt; margin-bottom: 0pt;\"><span style=\"font-size: 14px; font-family: &quot;Times New Roman&quot;; color: rgb(0, 0, 0); background-color: transparent; font-variant: normal; text-decoration: none; vertical-align: baseline; white-space: pre-wrap;\"><i style=\"\"><b>End SOP-Coding</b></i></span></p><div><span style=\"font-size:12pt;font-family:\'Times New Roman\';color:#000000;background-color:transparent;font-weight:400;font-style:normal;font-variant:normal;text-decoration:none;vertical-align:baseline;white-space:pre;white-space:pre-wrap;\"><br></span></div>');
INSERT INTO `standard_operation_procedure_set_up` VALUES (13, 'Close Project', 6, 1, '2019-09-04', 23, '2019-09-04', 23, '<h1 dir=\"ltr\" style=\"text-align: center; margin-top: 20pt; margin-bottom: 6pt; font-family: &quot;Open Sans&quot;, &quot;Helvetica Neue&quot;, Helvetica, Arial, sans-serif; line-height: 1.32;\"><span style=\"font-size: 12pt; font-family: &quot;Times New Roman&quot;; color: rgb(0, 0, 0); background-color: transparent; font-variant-numeric: normal; font-variant-east-asian: normal; vertical-align: baseline; white-space: pre-wrap;\"><u>3.Close Project</u></span></h1><h1 dir=\"ltr\" style=\"line-height:1.3199999999999998;text-align: justify;margin-top:20pt;margin-bottom:6pt;\"><span style=\"font-size:12pt;font-family:\'Times New Roman\';color:#000000;background-color:transparent;font-weight:700;font-style:normal;font-variant:normal;text-decoration:none;vertical-align:baseline;white-space:pre;white-space:pre-wrap;\">3.</span><span style=\"font-size:12pt;font-family:\'Times New Roman\';color:#000000;background-color:transparent;font-weight:700;font-style:normal;font-variant:normal;text-decoration:none;vertical-align:baseline;white-space:pre;white-space:pre-wrap;\"><span class=\"Apple-tab-span\" style=\"white-space:pre;\">	</span></span><span style=\"font-size:12pt;font-family:\'Times New Roman\';color:#000000;background-color:transparent;font-weight:700;font-style:normal;font-variant:normal;text-decoration:none;vertical-align:baseline;white-space:pre;white-space:pre-wrap;\">Close Project</span></h1><p dir=\"ltr\" style=\"line-height:1.3199999999999998;text-indent: 36pt;text-align: justify;margin-top:0pt;margin-bottom:0pt;\"><span style=\"font-size:12pt;font-family:\'Times New Roman\';color:#000000;background-color:transparent;font-weight:400;font-style:normal;font-variant:normal;text-decoration:none;vertical-align:baseline;white-space:pre;white-space:pre-wrap;\">After Client confirm that his website have been done, so this time we have to live to domain and hosting of project. Send email to request training to Client.</span></p><p><b style=\"font-weight:normal;\" id=\"docs-internal-guid-9a20b63a-7fff-840a-4d7d-dc4186250437\"><br></b></p><p dir=\"ltr\" style=\"line-height:1.3199999999999998;text-indent: 36pt;text-align: justify;margin-top:0pt;margin-bottom:0pt;\"><span style=\"font-size:12pt;font-family:\'Times New Roman\';color:#000000;background-color:transparent;font-weight:700;font-style:normal;font-variant:normal;text-decoration:none;vertical-align:baseline;white-space:pre;white-space:pre-wrap;\">This is our sample email for request training with client:</span></p><p><b style=\"font-weight:normal;\"><br></b></p><p dir=\"ltr\" style=\"line-height:1.3199999999999998;margin-left: 36pt;text-align: justify;margin-top:0pt;margin-bottom:0pt;\"><span style=\"font-size:12pt;font-family:\'Times New Roman\';color:#000000;background-color:transparent;font-weight:400;font-style:normal;font-variant:normal;text-decoration:none;vertical-align:baseline;white-space:pre;white-space:pre-wrap;\">Dear Mr./Ms. Client Name</span></p><p dir=\"ltr\" style=\"line-height:1.3199999999999998;margin-left: 36pt;text-align: justify;margin-top:0pt;margin-bottom:0pt;\"><span style=\"font-size:12pt;font-family:\'Times New Roman\';color:#000000;background-color:transparent;font-weight:400;font-style:normal;font-variant:normal;text-decoration:none;vertical-align:baseline;white-space:pre;white-space:pre-wrap;\">Warming greeting from eOcambo Technology Siem Reap, Cambodia.</span></p><p><b style=\"font-weight:normal;\"><br></b></p><p dir=\"ltr\" style=\"line-height:1.3199999999999998;margin-left: 36pt;text-align: justify;margin-top:0pt;margin-bottom:0pt;\"><span style=\"font-size:12pt;font-family:\'Times New Roman\';color:#000000;background-color:transparent;font-weight:400;font-style:normal;font-variant:normal;text-decoration:none;vertical-align:baseline;white-space:pre;white-space:pre-wrap;\">Thanks you very much for using our products.</span></p><p><b style=\"font-weight:normal;\"><br></b></p><p dir=\"ltr\" style=\"line-height:1.3199999999999998;margin-left: 36pt;text-align: justify;margin-top:0pt;margin-bottom:0pt;\"><span style=\"font-size:12pt;font-family:\'Times New Roman\';color:#000000;background-color:transparent;font-weight:400;font-style:normal;font-variant:normal;text-decoration:none;vertical-align:baseline;white-space:pre;white-space:pre-wrap;\">After we\'re working so hard together on this website.</span></p><p dir=\"ltr\" style=\"line-height:1.3199999999999998;margin-left: 36pt;text-align: justify;margin-top:0pt;margin-bottom:0pt;\"><span style=\"font-size:12pt;font-family:\'Times New Roman\';color:#000000;background-color:transparent;font-weight:400;font-style:normal;font-variant:normal;text-decoration:none;vertical-align:baseline;white-space:pre;white-space:pre-wrap;\">we would like to make appointment with you about training website on (day/time/)</span></p><p dir=\"ltr\" style=\"line-height:1.3199999999999998;margin-left: 36pt;text-align: justify;margin-top:0pt;margin-bottom:0pt;\"><span style=\"font-size:12pt;font-family:\'Times New Roman\';color:#000000;background-color:transparent;font-weight:400;font-style:normal;font-variant:normal;text-decoration:none;vertical-align:baseline;white-space:pre;white-space:pre-wrap;\">Would I possible to meet with you on that day?&nbsp;</span></p><p><b style=\"font-weight:normal;\"><br></b></p><p dir=\"ltr\" style=\"line-height:1.3199999999999998;margin-left: 36pt;text-align: justify;margin-top:0pt;margin-bottom:0pt;\"><span style=\"font-size:12pt;font-family:\'Times New Roman\';color:#000000;background-color:transparent;font-weight:400;font-style:normal;font-variant:normal;text-decoration:none;vertical-align:baseline;white-space:pre;white-space:pre-wrap;\">I\'m looking forward to hearing from you.</span></p><p dir=\"ltr\" style=\"line-height:1.3199999999999998;margin-left: 36pt;text-align: justify;margin-top:0pt;margin-bottom:0pt;\"><span style=\"font-size:12pt;font-family:\'Times New Roman\';color:#000000;background-color:transparent;font-weight:400;font-style:normal;font-variant:normal;text-decoration:none;vertical-align:baseline;white-space:pre;white-space:pre-wrap;\">Thank you,</span></p><p dir=\"ltr\" style=\"line-height:1.3199999999999998;margin-left: 36pt;text-align: justify;margin-top:0pt;margin-bottom:0pt;\"><span style=\"font-size:12pt;font-family:\'Times New Roman\';color:#000000;background-color:transparent;font-weight:400;font-style:normal;font-variant:normal;text-decoration:none;vertical-align:baseline;white-space:pre;white-space:pre-wrap;\">Best Regards,</span></p><p dir=\"ltr\" style=\"line-height:1.3199999999999998;margin-left: 36pt;text-align: justify;margin-top:0pt;margin-bottom:0pt;\"><span style=\"font-size:12pt;font-family:\'Times New Roman\';color:#000000;background-color:transparent;font-weight:400;font-style:normal;font-variant:normal;text-decoration:none;vertical-align:baseline;white-space:pre;white-space:pre-wrap;\"><br></span><span style=\"background-color: transparent; font-family: &quot;Times New Roman&quot;; font-size: 12pt; font-weight: 700; white-space: pre-wrap;\">3.1 Live Website</span></p><p dir=\"ltr\" style=\"line-height:1.3199999999999998;margin-left: 36pt;text-align: justify;margin-top:0pt;margin-bottom:0pt;\"><span style=\"font-size:12pt;font-family:\'Times New Roman\';color:#000000;background-color:transparent;font-weight:400;font-style:normal;font-variant:normal;text-decoration:none;vertical-align:baseline;white-space:pre;white-space:pre-wrap;\"><b style=\"font-weight:normal;\" id=\"docs-internal-guid-9b02e1b0-7fff-6d76-1f20-9cdcb2695f6a\"><br></b></span></p><p dir=\"ltr\" style=\"line-height:1.3199999999999998;text-indent: 36pt;text-align: justify;margin-top:0pt;margin-bottom:0pt;\"><span style=\"font-size:12pt;font-family:\'Times New Roman\';color:#000000;background-color:transparent;font-weight:400;font-style:normal;font-variant:normal;text-decoration:none;vertical-align:baseline;white-space:pre;white-space:pre-wrap;\">After Client confirms that his website have been done, so this time we have to live to domain and hosting of project. Send email to request training to Client.</span></p><p dir=\"ltr\" style=\"line-height:1.3199999999999998;margin-left: 36pt;text-align: justify;margin-top:0pt;margin-bottom:0pt;\"><span style=\"font-size:12pt;font-family:\'Times New Roman\';color:#000000;background-color:transparent;font-weight:400;font-style:normal;font-variant:normal;text-decoration:none;vertical-align:baseline;white-space:pre;white-space:pre-wrap;\"><b style=\"font-weight:normal;\"><br></b></span></p><p dir=\"ltr\" style=\"line-height:1.3199999999999998;text-indent: 36pt;text-align: justify;margin-top:0pt;margin-bottom:0pt;\"><span style=\"font-size:12pt;font-family:\'Times New Roman\';color:#000000;background-color:transparent;font-weight:700;font-style:normal;font-variant:normal;text-decoration:none;vertical-align:baseline;white-space:pre;white-space:pre-wrap;\">This is our sample email for request training with client:</span></p><p dir=\"ltr\" style=\"line-height:1.3199999999999998;margin-left: 36pt;text-align: justify;margin-top:0pt;margin-bottom:0pt;\"><span style=\"font-size:12pt;font-family:\'Times New Roman\';color:#000000;background-color:transparent;font-weight:400;font-style:normal;font-variant:normal;text-decoration:none;vertical-align:baseline;white-space:pre;white-space:pre-wrap;\"><b style=\"font-weight:normal;\"><br></b></span></p><p dir=\"ltr\" style=\"line-height:1.3199999999999998;margin-left: 36pt;text-align: justify;margin-top:0pt;margin-bottom:0pt;\"><span style=\"font-size:12pt;font-family:\'Times New Roman\';color:#000000;background-color:transparent;font-weight:400;font-style:normal;font-variant:normal;text-decoration:none;vertical-align:baseline;white-space:pre;white-space:pre-wrap;\">Dear Mr./Ms. Client Name</span></p><p dir=\"ltr\" style=\"line-height:1.3199999999999998;margin-left: 36pt;text-align: justify;margin-top:0pt;margin-bottom:0pt;\"><span style=\"font-size:12pt;font-family:\'Times New Roman\';color:#000000;background-color:transparent;font-weight:400;font-style:normal;font-variant:normal;text-decoration:none;vertical-align:baseline;white-space:pre;white-space:pre-wrap;\">Warming greeting from eOcambo Technology Siem Reap, Cambodia.</span></p><p dir=\"ltr\" style=\"line-height:1.3199999999999998;margin-left: 36pt;text-align: justify;margin-top:0pt;margin-bottom:0pt;\"><span style=\"font-size:12pt;font-family:\'Times New Roman\';color:#000000;background-color:transparent;font-weight:400;font-style:normal;font-variant:normal;text-decoration:none;vertical-align:baseline;white-space:pre;white-space:pre-wrap;\"><b style=\"font-weight:normal;\"><br></b></span></p><p dir=\"ltr\" style=\"line-height:1.3199999999999998;margin-left: 36pt;text-align: justify;margin-top:0pt;margin-bottom:0pt;\"><span style=\"font-size:12pt;font-family:\'Times New Roman\';color:#000000;background-color:transparent;font-weight:400;font-style:normal;font-variant:normal;text-decoration:none;vertical-align:baseline;white-space:pre;white-space:pre-wrap;\">Thanks you very much for using our products.</span></p><p dir=\"ltr\" style=\"line-height:1.3199999999999998;margin-left: 36pt;text-align: justify;margin-top:0pt;margin-bottom:0pt;\"><span style=\"font-size:12pt;font-family:\'Times New Roman\';color:#000000;background-color:transparent;font-weight:400;font-style:normal;font-variant:normal;text-decoration:none;vertical-align:baseline;white-space:pre;white-space:pre-wrap;\"><b style=\"font-weight:normal;\"><br></b></span></p><p dir=\"ltr\" style=\"line-height:1.3199999999999998;margin-left: 36pt;text-align: justify;margin-top:0pt;margin-bottom:0pt;\"><span style=\"font-size:12pt;font-family:\'Times New Roman\';color:#000000;background-color:transparent;font-weight:400;font-style:normal;font-variant:normal;text-decoration:none;vertical-align:baseline;white-space:pre;white-space:pre-wrap;\">After we\'re working so hard together on this website.</span></p><p dir=\"ltr\" style=\"line-height:1.3199999999999998;margin-left: 36pt;text-align: justify;margin-top:0pt;margin-bottom:0pt;\"><span style=\"font-size:12pt;font-family:\'Times New Roman\';color:#000000;background-color:transparent;font-weight:400;font-style:normal;font-variant:normal;text-decoration:none;vertical-align:baseline;white-space:pre;white-space:pre-wrap;\">we would like to make appointment with you about training website on (day/time/)</span></p><p dir=\"ltr\" style=\"line-height:1.3199999999999998;margin-left: 36pt;text-align: justify;margin-top:0pt;margin-bottom:0pt;\"><span style=\"font-size:12pt;font-family:\'Times New Roman\';color:#000000;background-color:transparent;font-weight:400;font-style:normal;font-variant:normal;text-decoration:none;vertical-align:baseline;white-space:pre;white-space:pre-wrap;\">Would I possible to meet with you on that day?&nbsp;</span></p><p dir=\"ltr\" style=\"line-height:1.3199999999999998;margin-left: 36pt;text-align: justify;margin-top:0pt;margin-bottom:0pt;\"><span style=\"font-size:12pt;font-family:\'Times New Roman\';color:#000000;background-color:transparent;font-weight:400;font-style:normal;font-variant:normal;text-decoration:none;vertical-align:baseline;white-space:pre;white-space:pre-wrap;\"><b style=\"font-weight:normal;\"><br></b></span></p><p dir=\"ltr\" style=\"line-height:1.3199999999999998;margin-left: 36pt;text-align: justify;margin-top:0pt;margin-bottom:0pt;\"><span style=\"font-size:12pt;font-family:\'Times New Roman\';color:#000000;background-color:transparent;font-weight:400;font-style:normal;font-variant:normal;text-decoration:none;vertical-align:baseline;white-space:pre;white-space:pre-wrap;\">I\'m looking forward to hearing from you.</span></p><p dir=\"ltr\" style=\"line-height:1.3199999999999998;margin-left: 36pt;text-align: justify;margin-top:0pt;margin-bottom:0pt;\"><span style=\"font-size:12pt;font-family:\'Times New Roman\';color:#000000;background-color:transparent;font-weight:400;font-style:normal;font-variant:normal;text-decoration:none;vertical-align:baseline;white-space:pre;white-space:pre-wrap;\">Thank you,</span></p><p dir=\"ltr\" style=\"line-height:1.3199999999999998;margin-left: 36pt;text-align: justify;margin-top:0pt;margin-bottom:0pt;\"><span style=\"font-size:12pt;font-family:\'Times New Roman\';color:#000000;background-color:transparent;font-weight:400;font-style:normal;font-variant:normal;text-decoration:none;vertical-align:baseline;white-space:pre;white-space:pre-wrap;\"></span></p><p dir=\"ltr\" style=\"line-height:1.3199999999999998;margin-left: 36pt;text-align: justify;margin-top:0pt;margin-bottom:0pt;\"><span style=\"font-size:12pt;font-family:\'Times New Roman\';color:#000000;background-color:transparent;font-weight:400;font-style:normal;font-variant:normal;text-decoration:none;vertical-align:baseline;white-space:pre;white-space:pre-wrap;\">Best Regards,</span></p><div><span style=\"font-size:12pt;font-family:\'Times New Roman\';color:#000000;background-color:transparent;font-weight:400;font-style:normal;font-variant:normal;text-decoration:none;vertical-align:baseline;white-space:pre;white-space:pre-wrap;\"><br></span></div><h2 dir=\"ltr\" style=\"line-height:1.3199999999999998;text-indent: 36pt;margin-top:18pt;margin-bottom:6pt;\"><span style=\"font-size:12pt;font-family:\'Times New Roman\';color:#000000;background-color:transparent;font-weight:700;font-style:normal;font-variant:normal;text-decoration:none;vertical-align:baseline;white-space:pre;white-space:pre-wrap;\">3.2.</span><span style=\"font-size:12pt;font-family:\'Times New Roman\';color:#000000;background-color:transparent;font-weight:700;font-style:normal;font-variant:normal;text-decoration:none;vertical-align:baseline;white-space:pre;white-space:pre-wrap;\"><span class=\"Apple-tab-span\" style=\"white-space:pre;\">	</span></span><span style=\"font-size:12pt;font-family:\'Times New Roman\';color:#000000;background-color:transparent;font-weight:700;font-style:normal;font-variant:normal;text-decoration:none;vertical-align:baseline;white-space:pre;white-space:pre-wrap;\">Training Website</span></h2><p dir=\"ltr\" style=\"line-height:1.3199999999999998;text-indent: 36pt;text-align: justify;margin-top:0pt;margin-bottom:0pt;\"><span style=\"font-size:12pt;font-family:\'Times New Roman\';color:#000000;background-color:transparent;font-weight:400;font-style:normal;font-variant:normal;text-decoration:none;vertical-align:baseline;white-space:pre;white-space:pre-wrap;\">Before training website to client we have to set up document training. Request training form from leader team or project manager. </span><span style=\"font-size:12pt;font-family:\'Times New Roman\';color:#000000;background-color:transparent;font-weight:400;font-style:normal;font-variant:normal;text-decoration:none;vertical-align:baseline;white-space:pre;white-space:pre-wrap;\"><br></span><span style=\"font-size:12pt;font-family:\'Times New Roman\';color:#000000;background-color:transparent;font-weight:400;font-style:normal;font-variant:normal;text-decoration:none;vertical-align:baseline;white-space:pre;white-space:pre-wrap;\"><span class=\"Apple-tab-span\" style=\"white-space:pre;\">	</span></span><span style=\"font-size:12pt;font-family:\'Times New Roman\';color:#000000;background-color:transparent;font-weight:400;font-style:normal;font-variant:normal;text-decoration:none;vertical-align:baseline;white-space:pre;white-space:pre-wrap;\">Training Client :</span></p><ul style=\"margin-top:0;margin-bottom:0;\"><li dir=\"ltr\" style=\"list-style-type:disc;font-size:12pt;font-family:\'Times New Roman\';color:#000000;background-color:transparent;font-weight:400;font-style:normal;font-variant:normal;text-decoration:none;vertical-align:baseline;white-space:pre;margin-left: 36pt;\"><p dir=\"ltr\" style=\"line-height:1.3199999999999998;text-align: justify;margin-top:0pt;margin-bottom:0pt;\"><span style=\"font-size:12pt;font-family:\'Times New Roman\';color:#000000;background-color:transparent;font-weight:400;font-style:normal;font-variant:normal;text-decoration:none;vertical-align:baseline;white-space:pre;white-space:pre-wrap;\">Understand about image size</span></p></li><li dir=\"ltr\" style=\"list-style-type:disc;font-size:12pt;font-family:\'Times New Roman\';color:#000000;background-color:transparent;font-weight:400;font-style:normal;font-variant:normal;text-decoration:none;vertical-align:baseline;white-space:pre;margin-left: 36pt;\"><p dir=\"ltr\" style=\"line-height:1.3199999999999998;text-align: justify;margin-top:0pt;margin-bottom:0pt;\"><span style=\"font-size:12pt;font-family:\'Times New Roman\';color:#000000;background-color:transparent;font-weight:400;font-style:normal;font-variant:normal;text-decoration:none;vertical-align:baseline;white-space:pre;white-space:pre-wrap;\">SEO tool</span></p></li><li dir=\"ltr\" style=\"list-style-type:disc;font-size:12pt;font-family:\'Times New Roman\';color:#000000;background-color:transparent;font-weight:400;font-style:normal;font-variant:normal;text-decoration:none;vertical-align:baseline;white-space:pre;margin-left: 36pt;\"><p dir=\"ltr\" style=\"line-height:1.3199999999999998;text-align: justify;margin-top:0pt;margin-bottom:0pt;\"><span style=\"font-size:12pt;font-family:\'Times New Roman\';color:#000000;background-color:transparent;font-weight:400;font-style:normal;font-variant:normal;text-decoration:none;vertical-align:baseline;white-space:pre;white-space:pre-wrap;\">How to update data in backend</span></p></li><li dir=\"ltr\" style=\"list-style-type:disc;font-size:12pt;font-family:\'Times New Roman\';color:#000000;background-color:transparent;font-weight:400;font-style:normal;font-variant:normal;text-decoration:none;vertical-align:baseline;white-space:pre;margin-left: 36pt;\"><p dir=\"ltr\" style=\"line-height:1.3199999999999998;text-align: justify;margin-top:0pt;margin-bottom:0pt;\"><span style=\"font-size:12pt;font-family:\'Times New Roman\';color:#000000;background-color:transparent;font-weight:400;font-style:normal;font-variant:normal;text-decoration:none;vertical-align:baseline;white-space:pre;white-space:pre-wrap;\">How to post and delete their post</span></p></li></ul><h2 dir=\"ltr\" style=\"line-height:1.3199999999999998;text-indent: 36pt;margin-top:18pt;margin-bottom:6pt;\"><span style=\"font-size:12pt;font-family:\'Times New Roman\';color:#000000;background-color:transparent;font-weight:700;font-style:normal;font-variant:normal;text-decoration:none;vertical-align:baseline;white-space:pre;white-space:pre-wrap;\">3.3.</span><span style=\"font-size:12pt;font-family:\'Times New Roman\';color:#000000;background-color:transparent;font-weight:700;font-style:normal;font-variant:normal;text-decoration:none;vertical-align:baseline;white-space:pre;white-space:pre-wrap;\"><span class=\"Apple-tab-span\" style=\"white-space:pre;\">	</span></span><span style=\"font-size:12pt;font-family:\'Times New Roman\';color:#000000;background-color:transparent;font-weight:700;font-style:normal;font-variant:normal;text-decoration:none;vertical-align:baseline;white-space:pre;white-space:pre-wrap;\">Close Project</span></h2><p dir=\"ltr\" style=\"line-height:1.3199999999999998;margin-top:0pt;margin-bottom:0pt;\"><span style=\"font-size:12pt;font-family:\'Times New Roman\';color:#000000;background-color:transparent;font-weight:400;font-style:normal;font-variant:normal;text-decoration:none;vertical-align:baseline;white-space:pre;white-space:pre-wrap;\">After we train Client to update website it?s mean that your project have done. Send email to client to inform about that and don?t forget to CC our finance to clear payment.</span></p><p dir=\"ltr\" style=\"line-height:1.3199999999999998;margin-top:0pt;margin-bottom:0pt;\"><span style=\"font-size:12pt;font-family:\'Times New Roman\';color:#000000;background-color:transparent;font-weight:400;font-style:normal;font-variant:normal;text-decoration:none;vertical-align:baseline;white-space:pre;white-space:pre-wrap;\">&nbsp;</span></p><p dir=\"ltr\" style=\"line-height:1.3199999999999998;text-indent: 36pt;text-align: justify;margin-top:0pt;margin-bottom:0pt;\"><span style=\"font-size:12pt;font-family:\'Times New Roman\';color:#000000;background-color:transparent;font-weight:700;font-style:normal;font-variant:normal;text-decoration:none;vertical-align:baseline;white-space:pre;white-space:pre-wrap;\">This is our sample email for inform to closing project with client:</span></p><p><b style=\"font-weight:normal;\"><br></b></p><p dir=\"ltr\" style=\"line-height:1.3199999999999998;margin-left: 36pt;margin-top:0pt;margin-bottom:0pt;\"><span style=\"font-size:12pt;font-family:\'Times New Roman\';color:#000000;background-color:transparent;font-weight:400;font-style:normal;font-variant:normal;text-decoration:none;vertical-align:baseline;white-space:pre;white-space:pre-wrap;\">Dear Mr./Ms. Client Name</span></p><p dir=\"ltr\" style=\"line-height:1.3199999999999998;margin-left: 36pt;margin-top:0pt;margin-bottom:0pt;\"><span style=\"font-size:12pt;font-family:\'Times New Roman\';color:#000000;background-color:transparent;font-weight:400;font-style:normal;font-variant:normal;text-decoration:none;vertical-align:baseline;white-space:pre;white-space:pre-wrap;\">Warming greeting from eOcambo Technology Siem Reap, Cambodia.</span></p><p><b style=\"font-weight:normal;\"><br></b></p><p dir=\"ltr\" style=\"line-height:1.3199999999999998;margin-left: 36pt;margin-top:0pt;margin-bottom:0pt;\"><span style=\"font-size:12pt;font-family:\'Times New Roman\';color:#000000;background-color:transparent;font-weight:400;font-style:normal;font-variant:normal;text-decoration:none;vertical-align:baseline;white-space:pre;white-space:pre-wrap;\">Thank you very much for using our products.</span></p><p dir=\"ltr\" style=\"line-height:1.3199999999999998;margin-left: 36pt;margin-top:0pt;margin-bottom:0pt;\"><span style=\"font-size:12pt;font-family:\'Times New Roman\';color:#000000;background-color:transparent;font-weight:400;font-style:normal;font-variant:normal;text-decoration:none;vertical-align:baseline;white-space:pre;white-space:pre-wrap;\">As Today, We would like to inform you that our project website have been completed and provided training as well.</span></p><p><b style=\"font-weight:normal;\"><br></b></p><p dir=\"ltr\" style=\"line-height:1.3199999999999998;margin-left: 36pt;margin-top:0pt;margin-bottom:0pt;\"><span style=\"font-size:12pt;font-family:\'Times New Roman\';color:#000000;background-color:transparent;font-weight:400;font-style:normal;font-variant:normal;text-decoration:none;vertical-align:baseline;white-space:pre;white-space:pre-wrap;\">We\'re hopefully you will be happy with your website.</span></p><p><b style=\"font-weight:normal;\"><br></b></p><p dir=\"ltr\" style=\"line-height:1.3199999999999998;margin-left: 36pt;margin-top:0pt;margin-bottom:0pt;\"><span style=\"font-size:12pt;font-family:\'Times New Roman\';color:#000000;background-color:transparent;font-weight:400;font-style:normal;font-variant:normal;text-decoration:none;vertical-align:baseline;white-space:pre;white-space:pre-wrap;\">Please feel free to contact us any time for future assistant.</span></p><p><b style=\"font-weight:normal;\"><br></b></p><p dir=\"ltr\" style=\"line-height:1.3199999999999998;margin-left: 36pt;margin-top:0pt;margin-bottom:0pt;\"><span style=\"font-size:12pt;font-family:\'Times New Roman\';color:#000000;background-color:transparent;font-weight:400;font-style:normal;font-variant:normal;text-decoration:none;vertical-align:baseline;white-space:pre;white-space:pre-wrap;\">Note: Our finance team will contact to you relate the last payment directly.</span></p><p><b style=\"font-weight:normal;\"><br></b></p><p dir=\"ltr\" style=\"line-height:1.3199999999999998;margin-left: 36pt;margin-top:0pt;margin-bottom:0pt;\"><span style=\"font-size:12pt;font-family:\'Times New Roman\';color:#000000;background-color:transparent;font-weight:400;font-style:normal;font-variant:normal;text-decoration:none;vertical-align:baseline;white-space:pre;white-space:pre-wrap;\">Dear Finance Team</span></p><p dir=\"ltr\" style=\"line-height:1.3199999999999998;margin-left: 36pt;margin-top:0pt;margin-bottom:0pt;\"><span style=\"font-size:12pt;font-family:\'Times New Roman\';color:#000000;background-color:transparent;font-weight:400;font-style:normal;font-variant:normal;text-decoration:none;vertical-align:baseline;white-space:pre;white-space:pre-wrap;\">Please kindly follow up.</span></p><p><b style=\"font-weight:normal;\"><br></b></p><p dir=\"ltr\" style=\"line-height:1.3199999999999998;margin-left: 36pt;margin-top:0pt;margin-bottom:0pt;\"><span style=\"font-size:12pt;font-family:\'Times New Roman\';color:#000000;background-color:transparent;font-weight:400;font-style:normal;font-variant:normal;text-decoration:none;vertical-align:baseline;white-space:pre;white-space:pre-wrap;\">Thank you,</span></p><p></p><p dir=\"ltr\" style=\"line-height:1.3199999999999998;margin-left: 36pt;margin-top:0pt;margin-bottom:0pt;\"><span style=\"font-size:12pt;font-family:\'Times New Roman\';color:#000000;background-color:transparent;font-weight:400;font-style:normal;font-variant:normal;text-decoration:none;vertical-align:baseline;white-space:pre;white-space:pre-wrap;\">Best Regard,</span></p><div style=\"text-align: center; \"><span style=\"font-size: 12pt; font-family: &quot;Times New Roman&quot;; color: rgb(0, 0, 0); background-color: transparent; font-variant: normal; vertical-align: baseline; white-space: pre-wrap;\"><i style=\"\"><b>End SOP-Close Project</b></i></span></div>');
INSERT INTO `standard_operation_procedure_set_up` VALUES (14, 'Flow Chart', 6, 1, '2019-09-04', 23, NULL, NULL, '<p style=\"text-align: center; \"><u><b><span style=\"font-size: 14px;\">Flow Chart</span></b></u></p><p style=\"text-align: center; \"><span id=\"docs-internal-guid-acc18b30-7fff-58d6-b063-630741c6f38e\"><span style=\"border: none; display: inline-block; overflow: hidden; width: 375px; height: 695px\"><img src=\"https://lh5.googleusercontent.com/TH_PcUCbIhS7DjeajkPqLvilZMUeJlkrNSHrxTxP4hCiQbVOBG1upSGZJVxpWsUqCclaxlsc3TNH2UQiTWA7gTUij3xFS-j7FfxRiHO1inZpKMlU8sMt-r1VGhpt1KFVbueKUHBw\" width=\"375\" height=\"695\" style=\"margin-left: 0px; margin-top: 0px;\"></span></span></p><p style=\"text-align: center; \"><span id=\"docs-internal-guid-acc18b30-7fff-58d6-b063-630741c6f38e\"><span style=\"border: none; display: inline-block; overflow: hidden; width: 375px; height: 695px\"><i><b><span style=\"font-size: 12px;\">End SOP-Flow Chart</span></b></i><br></span></span><u><b><span style=\"font-size: 14px;\"><br></span></b></u></p>');
INSERT INTO `standard_operation_procedure_set_up` VALUES (15, 'DAILY ACTIVITY:', NULL, 1, '2019-09-06', 16, '2019-09-06', 16, '<p dir=\"ltr\" style=\"line-height:1.3199999999999998;margin-right: 18pt;margin-top:0pt;margin-bottom:0pt;\"><span style=\"font-size:12pt;font-family:Khmer,cursive;color:#000000;background-color:transparent;font-weight:700;font-style:normal;font-variant:normal;text-decoration:none;vertical-align:baseline;white-space:pre;white-space:pre-wrap;\"></span></p><p><b style=\"font-weight:normal;\" id=\"docs-internal-guid-77c445d0-7fff-95f4-7527-7320752e26ea\"><br></b></p><ul style=\"margin-top:0;margin-bottom:0;\"><li dir=\"ltr\" style=\"list-style-type:disc;font-size:12pt;font-family:Khmer,cursive;color:#000000;background-color:transparent;font-weight:700;font-style:normal;font-variant:normal;text-decoration:none;vertical-align:baseline;white-space:pre;margin-left: 18pt;\"><p dir=\"ltr\" style=\"line-height:1.295;margin-top:0pt;margin-bottom:0pt;\"><span style=\"font-size:12pt;font-family:Khmer,cursive;color:#000000;background-color:transparent;font-weight:400;font-style:normal;font-variant:normal;text-decoration:none;vertical-align:baseline;white-space:pre;white-space:pre-wrap;\">  : </span></p></li><li dir=\"ltr\" style=\"list-style-type:disc;font-size:12pt;font-family:Khmer,cursive;color:#000000;background-color:transparent;font-weight:700;font-style:normal;font-variant:normal;text-decoration:none;vertical-align:baseline;white-space:pre;margin-left: 18pt;\"><p dir=\"ltr\" style=\"line-height:1.295;margin-top:0pt;margin-bottom:0pt;\"><span style=\"font-size:12pt;font-family:Khmer,cursive;color:#000000;background-color:transparent;font-weight:400;font-style:normal;font-variant:normal;text-decoration:none;vertical-align:baseline;white-space:pre;white-space:pre-wrap;\"> Scan  </span></p></li><li dir=\"ltr\" style=\"list-style-type:disc;font-size:12pt;font-family:Khmer,cursive;color:#000000;background-color:transparent;font-weight:700;font-style:normal;font-variant:normal;text-decoration:none;vertical-align:baseline;white-space:pre;margin-left: 18pt;\"><p dir=\"ltr\" style=\"line-height:1.295;margin-top:0pt;margin-bottom:0pt;\"><span style=\"font-size:12pt;font-family:Khmer,cursive;color:#000000;background-color:transparent;font-weight:400;font-style:normal;font-variant:normal;text-decoration:none;vertical-align:baseline;white-space:pre;white-space:pre-wrap;\"> Good Morning  Skype</span></p></li><li dir=\"ltr\" style=\"list-style-type:disc;font-size:12pt;font-family:Khmer,cursive;color:#000000;background-color:transparent;font-weight:700;font-style:normal;font-variant:normal;text-decoration:none;vertical-align:baseline;white-space:pre;margin-left: 18pt;\"><p dir=\"ltr\" style=\"line-height:1.295;margin-top:0pt;margin-bottom:0pt;\"><span style=\"font-size:12pt;font-family:Khmer,cursive;color:#000000;background-color:transparent;font-weight:400;font-style:normal;font-variant:normal;text-decoration:none;vertical-align:baseline;white-space:pre;white-space:pre-wrap;\">  </span></p></li><li dir=\"ltr\" style=\"list-style-type:disc;font-size:12pt;font-family:Khmer,cursive;color:#000000;background-color:transparent;font-weight:700;font-style:normal;font-variant:normal;text-decoration:none;vertical-align:baseline;white-space:pre;margin-left: 18pt;\"><p dir=\"ltr\" style=\"line-height:1.295;margin-top:0pt;margin-bottom:0pt;\"><span style=\"font-size:12pt;font-family:Khmer,cursive;color:#000000;background-color:transparent;font-weight:400;font-style:normal;font-variant:normal;text-decoration:none;vertical-align:baseline;white-space:pre;white-space:pre-wrap;\"> Mission and Vision</span></p></li></ul><p><b style=\"font-weight:normal;\"><br></b></p><ul style=\"margin-top:0;margin-bottom:0;\"><li dir=\"ltr\" style=\"list-style-type:disc;font-size:12pt;font-family:Khmer,cursive;color:#000000;background-color:transparent;font-weight:700;font-style:normal;font-variant:normal;text-decoration:none;vertical-align:baseline;white-space:pre;\"><p dir=\"ltr\" style=\"line-height:1.295;margin-top:0pt;margin-bottom:0pt;\"><span style=\"font-size:12pt;font-family:Khmer,cursive;color:#000000;background-color:transparent;font-weight:700;font-style:normal;font-variant:normal;text-decoration:none;vertical-align:baseline;white-space:pre;white-space:pre-wrap;\"> Email  Global Team</span></p></li></ul><p><br></p><ul style=\"margin-top:0;margin-bottom:0;\"><li dir=\"ltr\" style=\"list-style-type:disc;font-size:12pt;font-family:Khmer,cursive;color:#000000;background-color:transparent;font-weight:700;font-style:normal;font-variant:normal;text-decoration:none;vertical-align:baseline;white-space:pre;margin-left: 18pt;\"><p dir=\"ltr\" style=\"line-height:1.295;margin-top:0pt;margin-bottom:0pt;\"><span style=\"font-size:12pt;font-family:Khmer,cursive;color:#000000;background-color:transparent;font-weight:400;font-style:normal;font-variant:normal;text-decoration:none;vertical-align:baseline;white-space:pre;white-space:pre-wrap;\"> Global Team  Hotel ( Ex: Error and Update Data, Mapping new rate plan.)</span></p></li><li dir=\"ltr\" style=\"list-style-type:disc;font-size:12pt;font-family:Khmer,cursive;color:#000000;background-color:transparent;font-weight:700;font-style:normal;font-variant:normal;text-decoration:none;vertical-align:baseline;white-space:pre;margin-left: 18pt;\"><p dir=\"ltr\" style=\"line-height:1.295;margin-top:0pt;margin-bottom:0pt;\"><span style=\"font-size:12pt;font-family:Khmer,cursive;color:#000000;background-color:transparent;font-weight:400;font-style:normal;font-variant:normal;text-decoration:none;vertical-align:baseline;white-space:pre;white-space:pre-wrap;\"> eOcambo System</span></p></li><li dir=\"ltr\" style=\"list-style-type:disc;font-size:12pt;font-family:Khmer,cursive;color:#000000;background-color:transparent;font-weight:700;font-style:normal;font-variant:normal;text-decoration:none;vertical-align:baseline;white-space:pre;margin-left: 18pt;\"><p dir=\"ltr\" style=\"line-height:1.295;margin-top:0pt;margin-bottom:0pt;\"><span style=\"font-size:12pt;font-family:Khmer,cursive;color:#000000;background-color:transparent;font-weight:400;font-style:normal;font-variant:normal;text-decoration:none;vertical-align:baseline;white-space:pre;white-space:pre-wrap;\"> Hotel </span></p></li></ul>');
INSERT INTO `standard_operation_procedure_set_up` VALUES (16, 'WEEKLY MEETING', NULL, 1, '2019-09-06', 16, '2019-09-06', 16, '<p dir=\"ltr\" style=\"line-height:1.38;text-indent: 36pt;margin-top:0pt;margin-bottom:0pt;\"><span style=\"font-size:12pt;font-family:\'Times New Roman\';color:#000000;background-color:transparent;font-weight:700;font-style:normal;font-variant:normal;text-decoration:underline;-webkit-text-decoration-skip:none;text-decoration-skip-ink:none;vertical-align:baseline;white-space:pre;white-space:pre-wrap;\">Standard:</span></p><p dir=\"ltr\" style=\"line-height:1.38;text-indent: 36pt;margin-top:0pt;margin-bottom:0pt;\"><span style=\"font-size:12pt;font-family:\'Times New Roman\';color:#000000;background-color:transparent;font-weight:700;font-style:normal;font-variant:normal;text-decoration:underline;-webkit-text-decoration-skip:none;text-decoration-skip-ink:none;vertical-align:baseline;white-space:pre;white-space:pre-wrap;\"><br></span></p><p dir=\"ltr\" style=\"line-height:1.38;margin-left: 36pt;margin-top:0pt;margin-bottom:0pt;\"><span style=\"font-size:12pt;font-family:\'Times New Roman\';color:#000000;background-color:transparent;font-weight:400;font-style:normal;font-variant:normal;text-decoration:none;vertical-align:baseline;white-space:pre;white-space:pre-wrap;\">A Weekly Department Report must be completed by the individual team member to detail completed, progress and issues during the developing process.</span></p><p dir=\"ltr\" style=\"line-height:1.38;margin-left: 36pt;margin-top:0pt;margin-bottom:0pt;\"><span style=\"font-size:12pt;font-family:\'Times New Roman\';color:#000000;background-color:transparent;font-weight:400;font-style:normal;font-variant:normal;text-decoration:none;vertical-align:baseline;white-space:pre;white-space:pre-wrap;\"><br></span></p><p dir=\"ltr\" style=\"line-height:1.38;text-indent: 36pt;margin-top:0pt;margin-bottom:0pt;\"><span style=\"font-size:12pt;font-family:\'Times New Roman\';color:#000000;background-color:transparent;font-weight:700;font-style:normal;font-variant:normal;text-decoration:underline;-webkit-text-decoration-skip:none;text-decoration-skip-ink:none;vertical-align:baseline;white-space:pre;white-space:pre-wrap;\">Procedure:</span></p><p><b style=\"font-weight:normal;\"><br></b></p><p dir=\"ltr\" style=\"line-height:1.38;margin-left: 36pt;margin-top:0pt;margin-bottom:0pt;\"><span style=\"font-size:12pt;font-family:\'Times New Roman\';color:#000000;background-color:transparent;font-weight:400;font-style:normal;font-variant:normal;text-decoration:none;vertical-align:baseline;white-space:pre;white-space:pre-wrap;\">The weekly report will be submitted on Monday each week, and must encompass the following:&nbsp;</span></p><p></p><ul style=\"margin-top:0;margin-bottom:0;\"><li dir=\"ltr\" style=\"list-style-type:disc;font-size:12pt;font-family:\'Times New Roman\';color:#000000;background-color:transparent;font-weight:400;font-style:normal;font-variant:normal;text-decoration:none;vertical-align:baseline;white-space:pre;margin-left: 72pt;\"><p dir=\"ltr\" style=\"line-height:1.38;margin-top:0pt;margin-bottom:0pt;\"><span style=\"font-size:12pt;font-family:\'Times New Roman\';color:#000000;background-color:transparent;font-weight:400;font-style:normal;font-variant:normal;text-decoration:none;vertical-align:baseline;white-space:pre;white-space:pre-wrap;\">Weekly Result</span></p></li><li dir=\"ltr\" style=\"list-style-type:disc;font-size:12pt;font-family:\'Times New Roman\';color:#000000;background-color:transparent;font-weight:400;font-style:normal;font-variant:normal;text-decoration:none;vertical-align:baseline;white-space:pre;margin-left: 72pt;\"><p dir=\"ltr\" style=\"line-height:1.38;margin-top:0pt;margin-bottom:0pt;\"><span style=\"font-size:12pt;font-family:\'Times New Roman\';color:#000000;background-color:transparent;font-weight:400;font-style:normal;font-variant:normal;text-decoration:none;vertical-align:baseline;white-space:pre;white-space:pre-wrap;\">Problem Listing</span></p></li><li dir=\"ltr\" style=\"list-style-type:disc;font-size:12pt;font-family:\'Times New Roman\';color:#000000;background-color:transparent;font-weight:400;font-style:normal;font-variant:normal;text-decoration:none;vertical-align:baseline;white-space:pre;margin-left: 72pt;\"><p dir=\"ltr\" style=\"line-height:1.38;margin-top:0pt;margin-bottom:0pt;\"><span style=\"font-size:12pt;font-family:\'Times New Roman\';color:#000000;background-color:transparent;font-weight:400;font-style:normal;font-variant:normal;text-decoration:none;vertical-align:baseline;white-space:pre;white-space:pre-wrap;\">Suggestion&nbsp;</span></p></li><li dir=\"ltr\" style=\"list-style-type:disc;font-size:12pt;font-family:\'Times New Roman\';color:#000000;background-color:transparent;font-weight:400;font-style:normal;font-variant:normal;text-decoration:none;vertical-align:baseline;white-space:pre;margin-left: 72pt;\"><p dir=\"ltr\" style=\"line-height:1.38;margin-top:0pt;margin-bottom:0pt;\"><span style=\"font-size:12pt;font-family:\'Times New Roman\';color:#000000;background-color:transparent;font-weight:400;font-style:normal;font-variant:normal;text-decoration:none;vertical-align:baseline;white-space:pre;white-space:pre-wrap;\">Action Plan</span></p></li></ul>');
INSERT INTO `standard_operation_procedure_set_up` VALUES (17, 'TELEPHONE ETIQUETTE', NULL, 1, '2019-09-06', 16, NULL, NULL, '<p dir=\"ltr\" style=\"line-height:1.295;text-indent: 36pt;margin-top:0pt;margin-bottom:0pt;\"><span style=\"font-size:12pt;font-family:\'Times New Roman\';color:#000000;background-color:transparent;font-weight:400;font-style:normal;font-variant:normal;text-decoration:none;vertical-align:baseline;white-space:pre;white-space:pre-wrap;\"><br></span></p><p dir=\"ltr\" style=\"line-height:1.295;text-indent: 36pt;margin-top:0pt;margin-bottom:0pt;\"><span style=\"font-size:12pt;font-family:\'Times New Roman\';color:#000000;background-color:transparent;font-weight:400;font-style:normal;font-variant:normal;text-decoration:none;vertical-align:baseline;white-space:pre;white-space:pre-wrap;\"> </span></p><ol style=\"margin-top:0;margin-bottom:0;\"><li dir=\"ltr\" style=\"list-style-type:decimal;font-size:13.999999999999998pt;font-family:Khmer,cursive;color:#000000;background-color:transparent;font-weight:700;font-style:normal;font-variant:normal;text-decoration:none;vertical-align:baseline;white-space:pre;margin-left: 18pt;\"><p dir=\"ltr\" style=\"line-height:1.7999999999999998;margin-top:0pt;margin-bottom:0pt;\"><span style=\"font-size:13.999999999999998pt;font-family:Khmer,cursive;color:#000000;background-color:transparent;font-weight:700;font-style:normal;font-variant:normal;text-decoration:none;vertical-align:baseline;white-space:pre;white-space:pre-wrap;\"></span></p></li><ol style=\"margin-top:0;margin-bottom:0;\"><li dir=\"ltr\" style=\"list-style-type:decimal;font-size:12pt;font-family:Khmer,cursive;color:#000000;background-color:transparent;font-weight:700;font-style:normal;font-variant:normal;text-decoration:none;vertical-align:baseline;white-space:pre;margin-left: 36pt;\"><p dir=\"ltr\" style=\"line-height:1.295;margin-top:0pt;margin-bottom:0pt;\"><span style=\"font-size:12pt;font-family:Khmer,cursive;color:#000000;background-color:transparent;font-weight:400;font-style:normal;font-variant:normal;text-decoration:none;vertical-align:baseline;white-space:pre;white-space:pre-wrap;\"></span></p></li><li dir=\"ltr\" style=\"list-style-type:decimal;font-size:12pt;font-family:Khmer,cursive;color:#000000;background-color:transparent;font-weight:700;font-style:normal;font-variant:normal;text-decoration:none;vertical-align:baseline;white-space:pre;margin-left: 36pt;\"><p dir=\"ltr\" style=\"line-height:1.295;margin-top:0pt;margin-bottom:8pt;\"><span style=\"font-size:12pt;font-family:Khmer,cursive;color:#000000;background-color:transparent;font-weight:400;font-style:normal;font-variant:normal;text-decoration:none;vertical-align:baseline;white-space:pre;white-space:pre-wrap;\">&nbsp;</span></p></li></ol></ol><p dir=\"ltr\" style=\"line-height:1.7999999999999998;margin-left: 72pt;text-indent: 36pt;margin-top:0pt;margin-bottom:8pt;\"><span style=\"font-size:12pt;font-family:Khmer,cursive;color:#000000;background-color:transparent;font-weight:400;font-style:normal;font-variant:normal;text-decoration:none;vertical-align:baseline;white-space:pre;white-space:pre-wrap;\"> !! -call  eOcambo technology,    ?</span></p><ol style=\"margin-top:0;margin-bottom:0;\"><ol style=\"margin-top:0;margin-bottom:0;\" start=\"3\"><li dir=\"ltr\" style=\"list-style-type:decimal;font-size:12pt;font-family:Khmer,cursive;color:#000000;background-color:transparent;font-weight:700;font-style:normal;font-variant:normal;text-decoration:none;vertical-align:baseline;white-space:pre;margin-left: 36pt;\"><p dir=\"ltr\" style=\"line-height:1.295;margin-top:0pt;margin-bottom:8pt;\"><span style=\"font-size:12pt;font-family:Khmer,cursive;color:#000000;background-color:transparent;font-weight:400;font-style:normal;font-variant:normal;text-decoration:none;vertical-align:baseline;white-space:pre;white-space:pre-wrap;\"></span></p></li></ol></ol><p dir=\"ltr\" style=\"line-height:1.7999999999999998;margin-left: 72pt;text-indent: 36pt;margin-top:0pt;margin-bottom:8pt;\"><span style=\"font-size:12pt;font-family:Khmer,cursive;color:#000000;background-color:transparent;font-weight:400;font-style:normal;font-variant:normal;text-decoration:none;vertical-align:baseline;white-space:pre;white-space:pre-wrap;\">-  Email  Global team  Update mapping  Agoda  Email  team  ?</span></p><ol style=\"margin-top:0;margin-bottom:0;\"><ol style=\"margin-top:0;margin-bottom:0;\" start=\"4\"><li dir=\"ltr\" style=\"list-style-type:decimal;font-size:12pt;font-family:Khmer,cursive;color:#000000;background-color:transparent;font-weight:700;font-style:normal;font-variant:normal;text-decoration:none;vertical-align:baseline;white-space:pre;margin-left: 36pt;\"><p dir=\"ltr\" style=\"line-height:1.295;margin-top:0pt;margin-bottom:8pt;\"><span style=\"font-size:12pt;font-family:Khmer,cursive;color:#000000;background-color:transparent;font-weight:400;font-style:normal;font-variant:normal;text-decoration:none;vertical-align:baseline;white-space:pre;white-space:pre-wrap;\"></span></p></li></ol></ol><p></p><p dir=\"ltr\" style=\"line-height:1.295;margin-left: 108pt;text-indent: -36pt;margin-top:0pt;margin-bottom:8pt;padding:0pt 0pt 0pt 36pt;\"><span style=\"font-size:11pt;font-family:Khmer,cursive;color:#000000;background-color:transparent;font-weight:400;font-style:normal;font-variant:normal;text-decoration:none;vertical-align:baseline;white-space:pre;white-space:pre-wrap;\">-   !!&nbsp;</span></p><div><span style=\"font-size:11pt;font-family:Khmer,cursive;color:#000000;background-color:transparent;font-weight:400;font-style:normal;font-variant:normal;text-decoration:none;vertical-align:baseline;white-space:pre;white-space:pre-wrap;\"><br></span></div>');
INSERT INTO `standard_operation_procedure_set_up` VALUES (18, 'NEW PROPERTY SET UP', NULL, 1, '2019-09-06', 16, NULL, NULL, '<ol style=\"margin-top:0;margin-bottom:0;\"><li dir=\"ltr\" style=\"list-style-type:decimal;font-size:13.999999999999998pt;font-family:\'Times New Roman\';color:#000000;background-color:transparent;font-weight:700;font-style:normal;font-variant:normal;text-decoration:none;vertical-align:baseline;white-space:pre;margin-left: 18pt;\"><p dir=\"ltr\" style=\"line-height:1.38;margin-top:0pt;margin-bottom:0pt;\"><span style=\"font-size:13.999999999999998pt;font-family:\'Times New Roman\';color:#000000;background-color:transparent;font-weight:700;font-style:normal;font-variant:normal;text-decoration:none;vertical-align:baseline;white-space:pre;white-space:pre-wrap;\">Pre Setup Solutions</span></p></li><ol style=\"margin-top:0;margin-bottom:0;\"><li dir=\"ltr\" style=\"list-style-type:decimal;font-size:11pt;font-family:\'Times New Roman\';color:#000000;background-color:transparent;font-weight:700;font-style:normal;font-variant:normal;text-decoration:none;vertical-align:baseline;white-space:pre;margin-left: 36pt;\"><p dir=\"ltr\" style=\"line-height:1.295;margin-top:0pt;margin-bottom:0pt;\"><span style=\"font-size:12pt;font-family:\'Times New Roman\';color:#000000;background-color:transparent;font-weight:700;font-style:normal;font-variant:normal;text-decoration:none;vertical-align:baseline;white-space:pre;white-space:pre-wrap;\">New Contract from sale</span></p></li></ol></ol><p dir=\"ltr\" style=\"line-height:1.295;margin-left: 90pt;text-indent: -18pt;margin-top:0pt;margin-bottom:0pt;padding:0pt 0pt 0pt 18pt;\"><span style=\"font-size:12pt;font-family:\'Times New Roman\';color:#000000;background-color:transparent;font-weight:700;font-style:normal;font-variant:normal;text-decoration:none;vertical-align:baseline;white-space:pre;white-space:pre-wrap;\"><span class=\"Apple-tab-span\" style=\"white-space:pre;\">	</span></span><span style=\"font-size:12pt;font-family:\'Times New Roman\';color:#000000;background-color:transparent;font-weight:400;font-style:normal;font-variant:normal;text-decoration:none;vertical-align:baseline;white-space:pre;white-space:pre-wrap;\">Register  System Hotel Link System &amp; eOcambo System&nbsp;</span></p><ol style=\"margin-top:0;margin-bottom:0;\" start=\"2\"><ol style=\"margin-top:0;margin-bottom:0;\" start=\"2\"><li dir=\"ltr\" style=\"list-style-type:decimal;font-size:12pt;font-family:\'Times New Roman\';color:#000000;background-color:transparent;font-weight:700;font-style:normal;font-variant:normal;text-decoration:none;vertical-align:baseline;white-space:pre;margin-left: 36pt;\"><p dir=\"ltr\" style=\"line-height:1.295;margin-top:0pt;margin-bottom:0pt;\"><span style=\"font-size:12pt;font-family:\'Times New Roman\';color:#000000;background-color:transparent;font-weight:700;font-style:normal;font-variant:normal;text-decoration:none;vertical-align:baseline;white-space:pre;white-space:pre-wrap;\">Accommodation Setup</span></p></li></ol></ol><p dir=\"ltr\" style=\"line-height:1.295;margin-left: 72pt;text-indent: 36pt;margin-top:0pt;margin-bottom:0pt;\"><span style=\"font-size:12pt;font-family:\'Times New Roman\';color:#000000;background-color:transparent;font-weight:400;font-style:normal;font-variant:normal;text-decoration:none;vertical-align:baseline;white-space:pre;white-space:pre-wrap;\">Complete data into all fill</span></p><ol style=\"margin-top:0;margin-bottom:0;\" start=\"2\"><ol style=\"margin-top:0;margin-bottom:0;\" start=\"3\"><li dir=\"ltr\" style=\"list-style-type:decimal;font-size:12pt;font-family:\'Times New Roman\';color:#000000;background-color:transparent;font-weight:700;font-style:normal;font-variant:normal;text-decoration:none;vertical-align:baseline;white-space:pre;margin-left: 36pt;\"><p dir=\"ltr\" style=\"line-height:1.295;margin-top:0pt;margin-bottom:0pt;\"><span style=\"font-size:12pt;font-family:\'Times New Roman\';color:#000000;background-color:transparent;font-weight:700;font-style:normal;font-variant:normal;text-decoration:none;vertical-align:baseline;white-space:pre;white-space:pre-wrap;\">Request information for setup</span></p></li></ol></ol><p dir=\"ltr\" style=\"line-height:1.295;margin-left: 108pt;margin-top:0pt;margin-bottom:0pt;\"><span style=\"font-size:12pt;font-family:\'Times New Roman\';color:#000000;background-color:transparent;font-weight:400;font-style:normal;font-variant:normal;text-decoration:none;vertical-align:baseline;white-space:pre;white-space:pre-wrap;\">Send email to client</span></p><p><b style=\"font-weight:normal;\" id=\"docs-internal-guid-35c4e997-7fff-d16b-dc49-1b70e6a80b25\"><br></b></p><ol style=\"margin-top:0;margin-bottom:0;\" start=\"2\"><li dir=\"ltr\" style=\"list-style-type:decimal;font-size:13.999999999999998pt;font-family:\'Times New Roman\';color:#000000;background-color:transparent;font-weight:700;font-style:normal;font-variant:normal;text-decoration:none;vertical-align:baseline;white-space:pre;margin-left: 18pt;\"><p dir=\"ltr\" style=\"line-height:1.38;margin-top:0pt;margin-bottom:0pt;\"><span style=\"font-size:13.999999999999998pt;font-family:\'Times New Roman\';color:#000000;background-color:transparent;font-weight:700;font-style:normal;font-variant:normal;text-decoration:none;vertical-align:baseline;white-space:pre;white-space:pre-wrap;\">Setup Solutions</span></p></li><ol style=\"margin-top:0;margin-bottom:0;\"><li dir=\"ltr\" style=\"list-style-type:decimal;font-size:11pt;font-family:\'Times New Roman\';color:#000000;background-color:transparent;font-weight:700;font-style:normal;font-variant:normal;text-decoration:none;vertical-align:baseline;white-space:pre;margin-left: 36pt;\"><p dir=\"ltr\" style=\"line-height:1.295;margin-top:0pt;margin-bottom:0pt;\"><span style=\"font-size:12pt;font-family:\'Times New Roman\';color:#000000;background-color:transparent;font-weight:700;font-style:normal;font-variant:normal;text-decoration:none;vertical-align:baseline;white-space:pre;white-space:pre-wrap;\">Set Up Booking Engine</span></p></li></ol></ol><ul style=\"margin-top:0;margin-bottom:0;\"><li dir=\"ltr\" style=\"list-style-type:disc;font-size:12pt;font-family:\'Times New Roman\';color:#000000;background-color:transparent;font-weight:400;font-style:normal;font-variant:normal;text-decoration:none;vertical-align:baseline;white-space:pre;margin-left: 72pt;\"><p dir=\"ltr\" style=\"line-height:1.295;margin-top:0pt;margin-bottom:0pt;\"><span style=\"font-size:12pt;font-family:\'Times New Roman\';color:#000000;background-color:transparent;font-weight:400;font-style:normal;font-variant:normal;text-decoration:none;vertical-align:baseline;white-space:pre;white-space:pre-wrap;\">Setting</span></p></li><li dir=\"ltr\" style=\"list-style-type:disc;font-size:12pt;font-family:\'Times New Roman\';color:#000000;background-color:transparent;font-weight:400;font-style:normal;font-variant:normal;text-decoration:none;vertical-align:baseline;white-space:pre;margin-left: 72pt;\"><p dir=\"ltr\" style=\"line-height:1.295;margin-top:0pt;margin-bottom:0pt;\"><span style=\"font-size:12pt;font-family:\'Times New Roman\';color:#000000;background-color:#ffffff;font-weight:400;font-style:normal;font-variant:normal;text-decoration:none;vertical-align:baseline;white-space:pre;white-space:pre-wrap;\">Accommodation Details</span></p></li><li dir=\"ltr\" style=\"list-style-type:disc;font-size:12pt;font-family:\'Times New Roman\';color:#000000;background-color:transparent;font-weight:400;font-style:normal;font-variant:normal;text-decoration:none;vertical-align:baseline;white-space:pre;margin-left: 72pt;\"><p dir=\"ltr\" style=\"line-height:1.295;margin-top:0pt;margin-bottom:0pt;\"><span style=\"font-size:12pt;font-family:\'Times New Roman\';color:#000000;background-color:#ffffff;font-weight:400;font-style:normal;font-variant:normal;text-decoration:none;vertical-align:baseline;white-space:pre;white-space:pre-wrap;\">Payment Methods</span></p></li><li dir=\"ltr\" style=\"list-style-type:disc;font-size:12pt;font-family:\'Times New Roman\';color:#000000;background-color:transparent;font-weight:400;font-style:normal;font-variant:normal;text-decoration:none;vertical-align:baseline;white-space:pre;margin-left: 72pt;\"><p dir=\"ltr\" style=\"line-height:1.295;margin-top:0pt;margin-bottom:0pt;\"><span style=\"font-size:12pt;font-family:\'Times New Roman\';color:#000000;background-color:#ffffff;font-weight:400;font-style:normal;font-variant:normal;text-decoration:none;vertical-align:baseline;white-space:pre;white-space:pre-wrap;\">Booking Conditions</span></p></li></ul><p><b style=\"font-weight:normal;\"><br></b></p><ol style=\"margin-top:0;margin-bottom:0;\" start=\"3\"><ol style=\"margin-top:0;margin-bottom:0;\" start=\"2\"><li dir=\"ltr\" style=\"list-style-type:decimal;font-size:12pt;font-family:\'Times New Roman\';color:#000000;background-color:transparent;font-weight:700;font-style:normal;font-variant:normal;text-decoration:none;vertical-align:baseline;white-space:pre;margin-left: 36pt;\"><p dir=\"ltr\" style=\"line-height:1.295;margin-top:0pt;margin-bottom:0pt;\"><span style=\"font-size:12pt;font-family:\'Times New Roman\';color:#000000;background-color:transparent;font-weight:700;font-style:normal;font-variant:normal;text-decoration:none;vertical-align:baseline;white-space:pre;white-space:pre-wrap;\">Room Type and Rate Plan</span></p></li></ol></ol><ul style=\"margin-top:0;margin-bottom:0;\"><li dir=\"ltr\" style=\"list-style-type:disc;font-size:12pt;font-family:\'Times New Roman\';color:#000000;background-color:transparent;font-weight:400;font-style:normal;font-variant:normal;text-decoration:none;vertical-align:baseline;white-space:pre;margin-left: 72pt;\"><p dir=\"ltr\" style=\"line-height:1.295;margin-top:0pt;margin-bottom:0pt;\"><span style=\"font-size:12pt;font-family:\'Times New Roman\';color:#000000;background-color:transparent;font-weight:400;font-style:normal;font-variant:normal;text-decoration:none;vertical-align:baseline;white-space:pre;white-space:pre-wrap;\">Create room type</span></p></li><li dir=\"ltr\" style=\"list-style-type:disc;font-size:12pt;font-family:\'Times New Roman\';color:#000000;background-color:transparent;font-weight:400;font-style:normal;font-variant:normal;text-decoration:none;vertical-align:baseline;white-space:pre;margin-left: 72pt;\"><p dir=\"ltr\" style=\"line-height:1.295;margin-top:0pt;margin-bottom:0pt;\"><span style=\"font-size:12pt;font-family:\'Times New Roman\';color:#000000;background-color:transparent;font-weight:400;font-style:normal;font-variant:normal;text-decoration:none;vertical-align:baseline;white-space:pre;white-space:pre-wrap;\">Create Rate Plan</span></p></li></ul><p><b style=\"font-weight:normal;\"><br></b></p><ol style=\"margin-top:0;margin-bottom:0;\" start=\"3\"><ol style=\"margin-top:0;margin-bottom:0;\" start=\"3\"><li dir=\"ltr\" style=\"list-style-type:decimal;font-size:12pt;font-family:\'Times New Roman\';color:#000000;background-color:transparent;font-weight:700;font-style:normal;font-variant:normal;text-decoration:none;vertical-align:baseline;white-space:pre;margin-left: 36pt;\"><p dir=\"ltr\" style=\"line-height:1.295;margin-top:0pt;margin-bottom:0pt;\"><span style=\"font-size:12pt;font-family:\'Times New Roman\';color:#000000;background-color:transparent;font-weight:700;font-style:normal;font-variant:normal;text-decoration:none;vertical-align:baseline;white-space:pre;white-space:pre-wrap;\">Rates and Availability</span></p></li></ol></ol><ul style=\"margin-top:0;margin-bottom:0;\"><li dir=\"ltr\" style=\"list-style-type:disc;font-size:12pt;font-family:\'Times New Roman\';color:#000000;background-color:transparent;font-weight:400;font-style:normal;font-variant:normal;text-decoration:none;vertical-align:baseline;white-space:pre;margin-left: 72pt;\"><p dir=\"ltr\" style=\"line-height:1.295;margin-top:0pt;margin-bottom:0pt;\"><span style=\"font-size:12pt;font-family:\'Times New Roman\';color:#000000;background-color:transparent;font-weight:400;font-style:normal;font-variant:normal;text-decoration:none;vertical-align:baseline;white-space:pre;white-space:pre-wrap;\">Monthly Rate Plan Updates</span></p></li><li dir=\"ltr\" style=\"list-style-type:disc;font-size:12pt;font-family:\'Times New Roman\';color:#000000;background-color:transparent;font-weight:400;font-style:normal;font-variant:normal;text-decoration:none;vertical-align:baseline;white-space:pre;margin-left: 72pt;\"><p dir=\"ltr\" style=\"line-height:1.295;margin-top:0pt;margin-bottom:0pt;\"><span style=\"font-size:12pt;font-family:\'Times New Roman\';color:#000000;background-color:transparent;font-weight:400;font-style:normal;font-variant:normal;text-decoration:none;vertical-align:baseline;white-space:pre;white-space:pre-wrap;\">Yearly Rate Plan Updates</span></p></li><li dir=\"ltr\" style=\"list-style-type:disc;font-size:12pt;font-family:\'Times New Roman\';color:#000000;background-color:transparent;font-weight:700;font-style:normal;font-variant:normal;text-decoration:none;vertical-align:baseline;white-space:pre;margin-left: 72pt;\"><p dir=\"ltr\" style=\"line-height:1.295;margin-top:0pt;margin-bottom:0pt;\"><span style=\"font-size:12pt;font-family:\'Times New Roman\';color:#000000;background-color:transparent;font-weight:400;font-style:normal;font-variant:normal;text-decoration:none;vertical-align:baseline;white-space:pre;white-space:pre-wrap;\">How To Add Availability ?</span></p></li></ul><p><b style=\"font-weight:normal;\"><br></b></p><ol style=\"margin-top:0;margin-bottom:0;\" start=\"3\"><ol style=\"margin-top:0;margin-bottom:0;\" start=\"4\"><li dir=\"ltr\" style=\"list-style-type:decimal;font-size:12pt;font-family:\'Times New Roman\';color:#000000;background-color:transparent;font-weight:700;font-style:normal;font-variant:normal;text-decoration:none;vertical-align:baseline;white-space:pre;margin-left: 36pt;\"><p dir=\"ltr\" style=\"line-height:1.295;margin-top:0pt;margin-bottom:0pt;\"><span style=\"font-size:12pt;font-family:\'Times New Roman\';color:#000000;background-color:transparent;font-weight:700;font-style:normal;font-variant:normal;text-decoration:none;vertical-align:baseline;white-space:pre;white-space:pre-wrap;\">Review Content by Head of Support</span></p></li></ol></ol><ul style=\"margin-top:0;margin-bottom:0;\"><li dir=\"ltr\" style=\"list-style-type:disc;font-size:12pt;font-family:\'Times New Roman\';color:#000000;background-color:transparent;font-weight:400;font-style:normal;font-variant:normal;text-decoration:none;vertical-align:baseline;white-space:pre;margin-left: 72pt;\"><p dir=\"ltr\" style=\"line-height:1.295;margin-top:0pt;margin-bottom:0pt;\"><span style=\"font-size:12pt;font-family:\'Times New Roman\';color:#000000;background-color:transparent;font-weight:400;font-style:normal;font-variant:normal;text-decoration:none;vertical-align:baseline;white-space:pre;white-space:pre-wrap;\">Review word and check grammar of content</span></p></li><li dir=\"ltr\" style=\"list-style-type:disc;font-size:12pt;font-family:\'Times New Roman\';color:#000000;background-color:transparent;font-weight:400;font-style:normal;font-variant:normal;text-decoration:none;vertical-align:baseline;white-space:pre;margin-left: 72pt;\"><p dir=\"ltr\" style=\"line-height:1.295;margin-top:0pt;margin-bottom:0pt;\"><span style=\"font-size:12pt;font-family:\'Times New Roman\';color:#000000;background-color:transparent;font-weight:400;font-style:normal;font-variant:normal;text-decoration:none;vertical-align:baseline;white-space:pre;white-space:pre-wrap;\">Review logo and picture</span></p></li></ul><p><b style=\"font-weight:normal;\"><br></b></p><ol style=\"margin-top:0;margin-bottom:0;\" start=\"3\"><ol style=\"margin-top:0;margin-bottom:0;\" start=\"5\"><li dir=\"ltr\" style=\"list-style-type:decimal;font-size:12pt;font-family:\'Times New Roman\';color:#000000;background-color:transparent;font-weight:700;font-style:normal;font-variant:normal;text-decoration:none;vertical-align:baseline;white-space:pre;margin-left: 36pt;\"><p dir=\"ltr\" style=\"line-height:1.295;margin-top:0pt;margin-bottom:0pt;\"><span style=\"font-size:12pt;font-family:\'Times New Roman\';color:#000000;background-color:transparent;font-weight:700;font-style:normal;font-variant:normal;text-decoration:none;vertical-align:baseline;white-space:pre;white-space:pre-wrap;\">Request Live Solutions</span></p></li></ol></ol><ul style=\"margin-top:0;margin-bottom:0;\"><li dir=\"ltr\" style=\"list-style-type:disc;font-size:12pt;font-family:\'Times New Roman\';color:#000000;background-color:transparent;font-weight:400;font-style:normal;font-variant:normal;text-decoration:none;vertical-align:baseline;white-space:pre;margin-left: 72pt;\"><p dir=\"ltr\" style=\"line-height:1.295;margin-top:0pt;margin-bottom:0pt;\"><span style=\"font-size:12pt;font-family:\'Times New Roman\';color:#000000;background-color:transparent;font-weight:400;font-style:normal;font-variant:normal;text-decoration:none;vertical-align:baseline;white-space:pre;white-space:pre-wrap;\">Send request global team for live solutions</span></p></li><li dir=\"ltr\" style=\"list-style-type:disc;font-size:12pt;font-family:\'Times New Roman\';color:#000000;background-color:transparent;font-weight:400;font-style:normal;font-variant:normal;text-decoration:none;vertical-align:baseline;white-space:pre;margin-left: 72pt;\"><p dir=\"ltr\" style=\"line-height:1.295;margin-top:0pt;margin-bottom:0pt;\"><span style=\"font-size:12pt;font-family:\'Times New Roman\';color:#000000;background-color:transparent;font-weight:400;font-style:normal;font-variant:normal;text-decoration:none;vertical-align:baseline;white-space:pre;white-space:pre-wrap;\">Waiting global live Solution</span></p></li></ul><p><b style=\"font-weight:normal;\"><br></b></p><ol style=\"margin-top:0;margin-bottom:0;\" start=\"3\"><ol style=\"margin-top:0;margin-bottom:0;\" start=\"6\"><li dir=\"ltr\" style=\"list-style-type:decimal;font-size:12pt;font-family:\'Times New Roman\';color:#000000;background-color:transparent;font-weight:400;font-style:normal;font-variant:normal;text-decoration:none;vertical-align:baseline;white-space:pre;margin-left: 36pt;\"><p dir=\"ltr\" style=\"line-height:1.295;margin-top:0pt;margin-bottom:0pt;\"><span style=\"font-size:12pt;font-family:\'Times New Roman\';color:#000000;background-color:transparent;font-weight:700;font-style:normal;font-variant:normal;text-decoration:none;vertical-align:baseline;white-space:pre;white-space:pre-wrap;\">Connect Channel Manager</span></p></li></ol></ol><ul style=\"margin-top:0;margin-bottom:0;\"><li dir=\"ltr\" style=\"list-style-type:disc;font-size:12pt;font-family:\'Times New Roman\';color:#000000;background-color:transparent;font-weight:700;font-style:normal;font-variant:normal;text-decoration:none;vertical-align:baseline;white-space:pre;margin-left: 72pt;\"><p dir=\"ltr\" style=\"line-height:1.295;margin-top:0pt;margin-bottom:0pt;\"><span style=\"font-size:12pt;font-family:\'Times New Roman\';color:#000000;background-color:transparent;font-weight:400;font-style:normal;font-variant:normal;text-decoration:none;vertical-align:baseline;white-space:pre;white-space:pre-wrap;\">Email to All OTAs for Activate Channel Manager</span></p></li><li dir=\"ltr\" style=\"list-style-type:disc;font-size:12pt;font-family:\'Times New Roman\';color:#000000;background-color:transparent;font-weight:400;font-style:normal;font-variant:normal;text-decoration:none;vertical-align:baseline;white-space:pre;margin-left: 72pt;\"><p dir=\"ltr\" style=\"line-height:1.295;background-color:#ffffff;margin-top:0pt;margin-bottom:0pt;\"><span style=\"font-size:12pt;font-family:\'Times New Roman\';color:#000000;background-color:transparent;font-weight:400;font-style:normal;font-variant:normal;text-decoration:none;vertical-align:baseline;white-space:pre;white-space:pre-wrap;\">Waiting Email back from all OTAs when Activate Already</span></p></li><li dir=\"ltr\" style=\"list-style-type:disc;font-size:12pt;font-family:\'Times New Roman\';color:#000000;background-color:transparent;font-weight:400;font-style:normal;font-variant:normal;text-decoration:none;vertical-align:baseline;white-space:pre;margin-left: 72pt;\"><p dir=\"ltr\" style=\"line-height:1.295;margin-top:0pt;margin-bottom:8pt;\"><span style=\"font-size:12pt;font-family:\'Times New Roman\';color:#000000;background-color:transparent;font-weight:400;font-style:normal;font-variant:normal;text-decoration:none;vertical-align:baseline;white-space:pre;white-space:pre-wrap;\">&nbsp;Inform the hotel remove or prepare promotion on OTAs for avoid the rate plan on our system not effect to rate plan on OTAs</span></p></li></ul><p><b style=\"font-weight:normal;\"><br></b></p><ol style=\"margin-top:0;margin-bottom:0;\" start=\"3\"><ol style=\"margin-top:0;margin-bottom:0;\" start=\"7\"><li dir=\"ltr\" style=\"list-style-type:decimal;font-size:12pt;font-family:\'Times New Roman\';color:#000000;background-color:transparent;font-weight:700;font-style:normal;font-variant:normal;text-decoration:none;vertical-align:baseline;white-space:pre;margin-left: 36pt;\"><p dir=\"ltr\" style=\"line-height:1.295;margin-top:0pt;margin-bottom:0pt;\"><span style=\"font-size:12pt;font-family:\'Times New Roman\';color:#000000;background-color:transparent;font-weight:700;font-style:normal;font-variant:normal;text-decoration:none;vertical-align:baseline;white-space:pre;white-space:pre-wrap;\">Training System</span></p></li></ol></ol><ul style=\"margin-top:0;margin-bottom:0;\"><li dir=\"ltr\" style=\"list-style-type:disc;font-size:12pt;font-family:\'Times New Roman\';color:#000000;background-color:transparent;font-weight:400;font-style:normal;font-variant:normal;text-decoration:none;vertical-align:baseline;white-space:pre;margin-left: 72pt;\"><p dir=\"ltr\" style=\"line-height:1.295;margin-top:0pt;margin-bottom:0pt;\"><span style=\"font-size:12pt;font-family:\'Times New Roman\';color:#000000;background-color:transparent;font-weight:400;font-style:normal;font-variant:normal;text-decoration:none;vertical-align:baseline;white-space:pre;white-space:pre-wrap;\">Create username and password&nbsp;</span></p></li><li dir=\"ltr\" style=\"list-style-type:disc;font-size:12pt;font-family:\'Times New Roman\';color:#000000;background-color:transparent;font-weight:400;font-style:normal;font-variant:normal;text-decoration:none;vertical-align:baseline;white-space:pre;margin-left: 72pt;\"><p dir=\"ltr\" style=\"line-height:1.295;margin-top:0pt;margin-bottom:0pt;\"><span style=\"font-size:12pt;font-family:\'Times New Roman\';color:#000000;background-color:transparent;font-weight:400;font-style:normal;font-variant:normal;text-decoration:none;vertical-align:baseline;white-space:pre;white-space:pre-wrap;\">Send email to make appointment</span></p></li><li dir=\"ltr\" style=\"list-style-type:disc;font-size:12pt;font-family:\'Times New Roman\';color:#000000;background-color:transparent;font-weight:400;font-style:normal;font-variant:normal;text-decoration:none;vertical-align:baseline;white-space:pre;margin-left: 72pt;\"><p dir=\"ltr\" style=\"line-height:1.295;margin-top:0pt;margin-bottom:0pt;\"><span style=\"font-size:12pt;font-family:\'Times New Roman\';color:#000000;background-color:transparent;font-weight:400;font-style:normal;font-variant:normal;text-decoration:none;vertical-align:baseline;white-space:pre;white-space:pre-wrap;\">Complete from training before go out</span></p></li></ul><p><b style=\"font-weight:normal;\"><br></b></p><ol style=\"margin-top:0;margin-bottom:0;\" start=\"3\"><li dir=\"ltr\" style=\"list-style-type:decimal;font-size:13.999999999999998pt;font-family:\'Times New Roman\';color:#000000;background-color:transparent;font-weight:700;font-style:normal;font-variant:normal;text-decoration:none;vertical-align:baseline;white-space:pre;margin-left: 18pt;\"><p dir=\"ltr\" style=\"line-height:1.38;margin-top:0pt;margin-bottom:0pt;\"><span style=\"font-size:13.999999999999998pt;font-family:\'Times New Roman\';color:#000000;background-color:transparent;font-weight:700;font-style:normal;font-variant:normal;text-decoration:none;vertical-align:baseline;white-space:pre;white-space:pre-wrap;\">End Setup</span></p></li></ol><p></p><ul style=\"margin-top:0;margin-bottom:0;\"><li dir=\"ltr\" style=\"list-style-type:disc;font-size:12pt;font-family:Calibri,sans-serif;color:#000000;background-color:transparent;font-weight:400;font-style:normal;font-variant:normal;text-decoration:none;vertical-align:baseline;white-space:pre;margin-left: 72pt;\"><p dir=\"ltr\" style=\"line-height:1.295;margin-top:0pt;margin-bottom:0pt;\"><span style=\"font-size:12pt;font-family:\'Times New Roman\';color:#000000;background-color:transparent;font-weight:400;font-style:normal;font-variant:normal;text-decoration:none;vertical-align:baseline;white-space:pre;white-space:pre-wrap;\"> Office  Form    inform  &nbsp;</span></p></li></ul>');
INSERT INTO `standard_operation_procedure_set_up` VALUES (19, 'FLOW CHART', NULL, 1, '2019-09-06', 16, NULL, NULL, '<span id=\"docs-internal-guid-c8cf92a9-7fff-5949-0fb8-c639ccb15905\"><span style=\"font-size: 14pt; font-family: &quot;Times New Roman&quot;; color: rgb(255, 0, 0); background-color: transparent; font-weight: 700; font-variant-numeric: normal; font-variant-east-asian: normal; vertical-align: baseline; white-space: pre-wrap;\"><span style=\"border: none; display: inline-block; overflow: hidden; width: 642px; height: 256px\"><img src=\"https://lh5.googleusercontent.com/VMjBR7RWS05p_qF4VWxH_BHAHxd2b_i5U5zJ0_OZMfL2EcdHYnMAkunXc9xDz32YAYycjR-3zBcBBck_acQkHbpNC9-uQ1Qw41b0zzGjpW_mw2wjtFh8h-NLKjsHp7CgZYxU_Wf-\" width=\"642\" height=\"256\" style=\"margin-left: 0px; margin-top: 0px; width: 643px; height: 256.399px;\"></span></span></span>');
COMMIT;

-- ----------------------------
-- Table structure for standard_operation_step
-- ----------------------------
DROP TABLE IF EXISTS `standard_operation_step`;
CREATE TABLE `standard_operation_step` (
  `id` int(11) NOT NULL AUTO_INCREMENT,
  `name` varchar(255) DEFAULT NULL,
  `id_employee_possition` int(11) DEFAULT NULL,
  `created_date` datetime DEFAULT NULL,
  `created_by` int(11) DEFAULT NULL,
  `updated_date` datetime DEFAULT NULL,
  `updated_by` datetime DEFAULT NULL,
  `status` int(1) DEFAULT NULL,
  `css` varchar(255) DEFAULT NULL,
  `sort` int(11) DEFAULT NULL,
  PRIMARY KEY (`id`)
) ENGINE=InnoDB AUTO_INCREMENT=19 DEFAULT CHARSET=utf8;

-- ----------------------------
-- Records of standard_operation_step
-- ----------------------------
BEGIN;
INSERT INTO `standard_operation_step` VALUES (4, 'Collect data to analysis', 2, '2019-08-19 09:26:51', 12, '2019-09-06 12:02:55', '0000-00-00 00:00:00', 1, '#339900', 1);
INSERT INTO `standard_operation_step` VALUES (5, 'Implementation', 2, '2019-08-19 09:27:37', 12, '2019-09-06 10:08:41', '0000-00-00 00:00:00', 1, '#3399cc', 3);
INSERT INTO `standard_operation_step` VALUES (7, 'Training', 2, '2019-08-19 09:31:40', 12, '2019-09-06 10:08:53', '0000-00-00 00:00:00', 1, '#3366cc', 5);
INSERT INTO `standard_operation_step` VALUES (8, 'Sales Call ', 4, '2019-08-30 08:30:37', 1, '2019-09-06 16:10:07', '0000-00-00 00:00:00', 1, '', NULL);
INSERT INTO `standard_operation_step` VALUES (9, 'Sales Call ', 7, '2019-09-03 11:53:58', 1, '2019-09-05 15:28:17', '0000-00-00 00:00:00', 1, '', NULL);
INSERT INTO `standard_operation_step` VALUES (10, 'Get Information ', 6, '2019-09-04 09:48:43', 23, '2019-09-05 15:27:43', '0000-00-00 00:00:00', 1, '#ff8040', 1);
INSERT INTO `standard_operation_step` VALUES (11, 'Coding', 6, '2019-09-04 09:51:23', 23, '2019-09-05 15:27:52', '0000-00-00 00:00:00', 1, '#0bd0ff', 2);
INSERT INTO `standard_operation_step` VALUES (12, 'Close Project', 6, '2019-09-04 09:55:28', 23, '2019-09-05 15:27:51', '0000-00-00 00:00:00', 1, '#ff4588', 3);
INSERT INTO `standard_operation_step` VALUES (13, 'System Design', 2, '2019-09-06 10:02:13', 1, '2019-09-06 10:08:37', '0000-00-00 00:00:00', 1, '', 2);
INSERT INTO `standard_operation_step` VALUES (14, 'Testing', 2, '2019-09-06 10:06:40', 1, '2019-09-06 10:08:47', '0000-00-00 00:00:00', 1, '', 4);
INSERT INTO `standard_operation_step` VALUES (15, 'Maintenance', 2, '2019-09-06 10:07:36', 1, '2019-09-06 10:08:57', '0000-00-00 00:00:00', 1, '', 6);
INSERT INTO `standard_operation_step` VALUES (16, 'Pre Setup Solutions', 5, '2019-09-06 12:02:49', 16, '2019-09-06 13:08:09', '0000-00-00 00:00:00', 1, '#ff8040', NULL);
INSERT INTO `standard_operation_step` VALUES (17, 'Setup Solutions', 5, '2019-09-06 12:05:48', 16, '2019-09-06 13:08:58', '0000-00-00 00:00:00', 1, '#ff8040', NULL);
INSERT INTO `standard_operation_step` VALUES (18, 'End Setup', 5, '2019-09-06 12:07:09', 16, '2019-09-06 13:08:49', '0000-00-00 00:00:00', 1, '#ff8040', NULL);
COMMIT;

-- ----------------------------
-- Table structure for standard_operation_step_list
-- ----------------------------
DROP TABLE IF EXISTS `standard_operation_step_list`;
CREATE TABLE `standard_operation_step_list` (
  `id` int(11) NOT NULL AUTO_INCREMENT,
  `name` varchar(255) DEFAULT NULL,
  `id_standard_operation_step` int(11) DEFAULT NULL,
  `created_date` datetime DEFAULT NULL,
  `created_by` int(11) DEFAULT NULL,
  `updated_date` datetime DEFAULT NULL,
  `updated_by` datetime DEFAULT NULL,
  `status` int(1) DEFAULT NULL,
  `sort` int(11) DEFAULT NULL,
  `is_track` varchar(5) DEFAULT NULL,
  PRIMARY KEY (`id`)
) ENGINE=InnoDB AUTO_INCREMENT=102 DEFAULT CHARSET=utf8;

-- ----------------------------
-- Records of standard_operation_step_list
-- ----------------------------
BEGIN;
INSERT INTO `standard_operation_step_list` VALUES (1, 'Proposal Research', 1, '2019-08-17 08:31:54', 14, NULL, NULL, 1, 1, '1');
INSERT INTO `standard_operation_step_list` VALUES (2, 'Presentation', 1, '2019-08-17 08:31:54', 14, NULL, NULL, 1, 2, '1');
INSERT INTO `standard_operation_step_list` VALUES (3, 'Sign Contract', 2, '2019-08-17 08:45:02', 14, NULL, NULL, 1, 1, '1');
INSERT INTO `standard_operation_step_list` VALUES (4, 'Show Presentation', 2, '2019-08-17 08:45:02', 14, NULL, NULL, 1, 2, '1');
INSERT INTO `standard_operation_step_list` VALUES (5, 'Train Client', 3, '2019-08-17 08:45:26', 14, NULL, NULL, 1, 1, '1');
INSERT INTO `standard_operation_step_list` VALUES (13, 'Clients ', 9, '2019-09-03 11:53:58', 1, NULL, NULL, 1, 10, '1');
INSERT INTO `standard_operation_step_list` VALUES (17, 'Setup Wordpress', 11, '2019-09-04 09:51:23', 23, NULL, NULL, 1, 1, '0');
INSERT INTO `standard_operation_step_list` VALUES (18, 'Setup Backend', 11, '2019-09-04 09:51:23', 23, NULL, NULL, 1, 2, '0');
INSERT INTO `standard_operation_step_list` VALUES (19, 'Start Coding', 11, '2019-09-04 09:51:23', 23, NULL, NULL, 1, 3, '0');
INSERT INTO `standard_operation_step_list` VALUES (20, 'Responsive', 11, '2019-09-04 09:51:23', 23, NULL, NULL, 1, 4, '0');
INSERT INTO `standard_operation_step_list` VALUES (21, 'Install Plugin', 11, '2019-09-04 09:51:23', 23, NULL, NULL, 1, 5, '0');
INSERT INTO `standard_operation_step_list` VALUES (22, 'Review', 11, '2019-09-04 09:51:23', 23, NULL, NULL, 1, 6, '0');
INSERT INTO `standard_operation_step_list` VALUES (23, 'Tester Review', 11, '2019-09-04 09:51:23', 23, NULL, NULL, 1, 7, '0');
INSERT INTO `standard_operation_step_list` VALUES (24, 'Live Demo', 11, '2019-09-04 09:51:23', 23, NULL, NULL, 1, 8, '1');
INSERT INTO `standard_operation_step_list` VALUES (25, 'Get Information ', 10, '2019-09-04 09:51:37', 23, NULL, NULL, 1, 1, '0');
INSERT INTO `standard_operation_step_list` VALUES (26, 'Design template layout', 10, '2019-09-04 09:51:37', 23, NULL, NULL, 1, 2, '1');
INSERT INTO `standard_operation_step_list` VALUES (27, 'Client Approve', 10, '2019-09-04 09:51:37', 23, NULL, NULL, 1, 3, '0');
INSERT INTO `standard_operation_step_list` VALUES (28, 'Live Website', 12, '2019-09-04 09:55:28', 23, NULL, NULL, 1, 1, '0');
INSERT INTO `standard_operation_step_list` VALUES (29, 'Training Website', 12, '2019-09-04 09:55:28', 23, NULL, NULL, 1, 2, '0');
INSERT INTO `standard_operation_step_list` VALUES (30, 'Close Project', 12, '2019-09-04 09:55:28', 23, NULL, NULL, 1, 3, '1');
INSERT INTO `standard_operation_step_list` VALUES (32, 'Maintenance', 6, '2019-09-06 10:04:33', 1, NULL, NULL, 1, 5, '1');
INSERT INTO `standard_operation_step_list` VALUES (39, 'System Design', 13, '2019-09-06 10:08:37', 1, NULL, NULL, 1, 2, '1');
INSERT INTO `standard_operation_step_list` VALUES (40, 'Work with client', 5, '2019-09-06 10:08:41', 1, NULL, NULL, 1, 3, '1');
INSERT INTO `standard_operation_step_list` VALUES (41, 'Testing', 14, '2019-09-06 10:08:47', 1, NULL, NULL, 1, 4, '1');
INSERT INTO `standard_operation_step_list` VALUES (42, 'Train Client to use system', 7, '2019-09-06 10:08:53', 1, NULL, NULL, 1, 5, '1');
INSERT INTO `standard_operation_step_list` VALUES (43, 'Maintenance', 15, '2019-09-06 10:08:57', 1, NULL, NULL, 1, 6, '1');
INSERT INTO `standard_operation_step_list` VALUES (47, 'Collect data to analysis', 4, '2019-09-06 12:02:55', 16, NULL, NULL, 1, 1, '1');
INSERT INTO `standard_operation_step_list` VALUES (76, 'New Contract from sale', 16, '2019-09-06 13:08:09', 16, NULL, NULL, 1, 1, '0');
INSERT INTO `standard_operation_step_list` VALUES (77, 'Accommodation Setup', 16, '2019-09-06 13:08:09', 16, NULL, NULL, 1, 2, '1');
INSERT INTO `standard_operation_step_list` VALUES (78, 'Request information for setup', 16, '2019-09-06 13:08:09', 16, NULL, NULL, 1, 3, '1');
INSERT INTO `standard_operation_step_list` VALUES (93, 'Send email to inform COT and Finance for close setup', 18, '2019-09-06 13:08:49', 16, NULL, NULL, 1, 1, '1');
INSERT INTO `standard_operation_step_list` VALUES (94, 'Set Up Booking Engine', 17, '2019-09-06 13:08:58', 16, NULL, NULL, 1, 1, '1');
INSERT INTO `standard_operation_step_list` VALUES (95, 'Room Type and Rate Plan', 17, '2019-09-06 13:08:58', 16, NULL, NULL, 1, 2, '1');
INSERT INTO `standard_operation_step_list` VALUES (96, 'Rates and Availability', 17, '2019-09-06 13:08:58', 16, NULL, NULL, 1, 3, '1');
INSERT INTO `standard_operation_step_list` VALUES (97, 'Review Content by Head of Support', 17, '2019-09-06 13:08:58', 16, NULL, NULL, 1, 4, '0');
INSERT INTO `standard_operation_step_list` VALUES (98, 'Request Live Solutions', 17, '2019-09-06 13:08:58', 16, NULL, NULL, 1, 5, '1');
INSERT INTO `standard_operation_step_list` VALUES (99, 'Connect Channel Manager', 17, '2019-09-06 13:08:58', 16, NULL, NULL, 1, 6, '0');
INSERT INTO `standard_operation_step_list` VALUES (100, 'Training System', 17, '2019-09-06 13:08:58', 16, NULL, NULL, 1, 7, '1');
INSERT INTO `standard_operation_step_list` VALUES (101, 'Appointment with clients', 8, '2019-09-06 16:10:07', 22, NULL, NULL, 1, 6, '1');
COMMIT;

-- ----------------------------
-- Table structure for supplier_profile
-- ----------------------------
DROP TABLE IF EXISTS `supplier_profile`;
CREATE TABLE `supplier_profile` (
  `id` int(11) NOT NULL AUTO_INCREMENT,
  `supplier_name` varchar(250) DEFAULT NULL,
  `company_name` varchar(250) DEFAULT NULL,
  `phone_number` varchar(50) DEFAULT NULL,
  `email` varchar(50) DEFAULT NULL,
  `address` varchar(250) DEFAULT NULL,
  `status` int(1) DEFAULT NULL,
  `created_by` int(11) DEFAULT NULL,
  `created_date` datetime DEFAULT NULL,
  `updated_date` datetime DEFAULT NULL,
  `updated_by` int(11) DEFAULT NULL,
  `img_url` varchar(255) DEFAULT NULL,
  PRIMARY KEY (`id`)
) ENGINE=InnoDB DEFAULT CHARSET=utf8;

-- ----------------------------
-- Table structure for supplier_profile_tag
-- ----------------------------
DROP TABLE IF EXISTS `supplier_profile_tag`;
CREATE TABLE `supplier_profile_tag` (
  `id` int(11) NOT NULL AUTO_INCREMENT,
  `id_supplier` int(11) DEFAULT NULL,
  `id_tag` varchar(50) DEFAULT NULL,
  PRIMARY KEY (`id`)
) ENGINE=InnoDB DEFAULT CHARSET=utf8;

-- ----------------------------
-- Table structure for system_setting
-- ----------------------------
DROP TABLE IF EXISTS `system_setting`;
CREATE TABLE `system_setting` (
  `id` int(11) NOT NULL AUTO_INCREMENT,
  `active` int(11) DEFAULT NULL,
  `description` varchar(255) DEFAULT NULL,
  PRIMARY KEY (`id`)
) ENGINE=InnoDB AUTO_INCREMENT=3 DEFAULT CHARSET=utf8;

-- ----------------------------
-- Records of system_setting
-- ----------------------------
BEGIN;
INSERT INTO `system_setting` VALUES (1, 1, '1 => EOT, 2 => EOH, 3 => Other');
COMMIT;

-- ----------------------------
-- Table structure for tag
-- ----------------------------
DROP TABLE IF EXISTS `tag`;
CREATE TABLE `tag` (
  `id` int(11) NOT NULL AUTO_INCREMENT,
  `name` varchar(255) DEFAULT NULL,
  PRIMARY KEY (`id`)
) ENGINE=InnoDB DEFAULT CHARSET=utf8;

-- ----------------------------
-- Table structure for task
-- ----------------------------
DROP TABLE IF EXISTS `task`;
CREATE TABLE `task` (
  `id` int(11) NOT NULL AUTO_INCREMENT,
  `task_name` varchar(255) DEFAULT NULL,
  `id_billing_type` int(11) DEFAULT NULL,
  `rate` decimal(10,2) DEFAULT NULL,
  `start_date` date DEFAULT NULL,
  `due_date` date DEFAULT NULL,
  `deadline` date DEFAULT NULL,
  `id_priority` int(11) DEFAULT NULL,
  `id_repeater` int(11) DEFAULT NULL,
  `id_related_to` int(11) DEFAULT NULL,
  `id_related_profile` int(11) DEFAULT NULL,
  `description` text,
  `status` tinyint(1) DEFAULT NULL,
  `updated_by` int(11) DEFAULT NULL,
  `updated_date` datetime DEFAULT NULL,
  `created_by` int(11) DEFAULT NULL,
  `created_date` datetime DEFAULT NULL,
  `id_assign_type` tinyint(1) DEFAULT NULL,
  PRIMARY KEY (`id`)
) ENGINE=InnoDB AUTO_INCREMENT=25 DEFAULT CHARSET=utf8;

-- ----------------------------
-- Records of task
-- ----------------------------
BEGIN;
INSERT INTO `task` VALUES (2, 'Step 2 Codding', NULL, NULL, '2019-09-04', '2019-09-18', '2019-09-25', 3, 1, 1, 2, '', 2, 23, '2019-09-06 12:01:17', 23, '2019-09-05 14:57:58', 1);
INSERT INTO `task` VALUES (3, 'Sep 1 Get Information', NULL, NULL, '2019-09-04', '2019-09-18', '2019-09-25', 3, 1, 1, 2, '', 5, 23, '2019-09-06 13:05:27', 23, '2019-09-05 16:18:01', 1);
INSERT INTO `task` VALUES (4, 'Front Desk', NULL, NULL, '2019-09-06', '2019-09-19', '2019-09-30', 2, 1, 1, 3, '', 2, NULL, NULL, 1, '2019-09-06 09:42:15', 0);
INSERT INTO `task` VALUES (6, 'Step 3 Close Project', NULL, NULL, '2019-09-04', '2019-09-18', '2019-09-25', 3, 1, 1, 2, '', 2, 23, '2019-09-06 11:56:19', 23, '2019-09-06 11:52:48', 1);
INSERT INTO `task` VALUES (8, 'EOT over booking', NULL, NULL, '2019-09-06', '2019-09-06', '2019-09-06', 4, 1, 3, 104, '', 5, 16, '2019-09-07 09:28:13', 1, '2019-09-06 12:42:05', 1);
INSERT INTO `task` VALUES (10, 'Step 2 Codding', NULL, NULL, '2019-09-04', '2019-09-18', '2019-09-25', 3, 1, 1, 1, '', 2, 27, '2019-09-06 16:37:22', 23, '2019-09-06 16:26:08', 1);
INSERT INTO `task` VALUES (11, 'Step 1 Get Information', NULL, NULL, '2019-09-04', '2019-09-18', '2019-09-25', 3, 1, 1, 1, '', 5, 27, '2019-09-06 16:28:44', 23, '2019-09-06 16:26:08', 1);
INSERT INTO `task` VALUES (13, 'Step 3 Close Project', NULL, NULL, '2019-09-04', '2019-09-18', '2019-09-25', 3, 1, 1, 1, '', 2, NULL, NULL, 23, '2019-09-06 16:34:50', 1);
INSERT INTO `task` VALUES (15, 'Errors in updating data to Agoda | The Pipes Resort', NULL, NULL, '2019-09-07', '2019-09-07', '2019-09-09', 2, 2, 3, 240, 'Hi The Pipes Resort,\r\n\r\nHope you are doing well.\r\n\r\nWe detected that Hotel Link Solutions cannot currently send updates to Agoda due to below error:\r\n\r\nRoom: Pipe Room with Sea View - Pipe Room with Sea View\r\nOta room: Pipe Room - Standard Rate\r\n\r\nSingle rate: 85.0 Double rate: 85.0 should be between 98 and 10000\r\n\r\n>> To fix this problem, please update our rates in Hotel Link Solutions to be WITHIN THE AGODA THRESHOLD. You can also access to your Agoda extranet to change the Minimum rate or contact your Agoda Market Manager to adjust the Maximum rate. After it is fixed, you will need to log into Hotel Link Solutions extranet, choose Agoda and re-save the mapping. It is to ensure the correct data to be sent to Agoda.\r\n', 2, 16, '2019-09-07 09:13:41', 16, '2019-09-07 09:11:20', 1);
INSERT INTO `task` VALUES (16, 'Update Mapping for Ctrip (B2C) | The Blue Corner Boutique Hotel', NULL, NULL, '2019-09-07', '2019-09-07', '2019-09-08', 4, 2, 3, 204, '\r\nHope you are doing well.\r\n\r\nWe detected that rate plan packages in Ctrip (B2C) extranet have been recently updated for below property; therefore, new rate plans in Ctrip (B2C) are not being mapped with HotelLink Solutions rate plans. Currently Hotel Link Solutions cannot send data updates to Ctrip (B2C) and may have not been able to retrieve bookings booked for those new rate plans. \r\n \r\nTo fix this problem, you will need Re-map your connection by doing the following...\r\n \r\nGo to https://extranet.hotellinksolutions.com/#/channel-manager/1825\r\n \r\n1.  At the list of websites on the left, choose Ctrip (B2C)\r\n2.  Click \"Fetch Rooms\"\r\n3.  Once new rate packages have been retrieved from Ctrip (B2C), map them with Hotel Link Solutions rate packages on the right and click \"Save Changes\"\r\n4.  Now you can \"Activate\" the Booking.com channel and everything will be up to date again.\r\n', 5, NULL, NULL, 16, '2019-09-07 09:27:40', 1);
INSERT INTO `task` VALUES (18, 'Static Template ', NULL, NULL, '2019-09-02', NULL, '2019-11-02', 3, 1, 1, 4, '', 2, 15, '2019-09-07 11:10:24', 15, '2019-09-07 10:53:15', 1);
INSERT INTO `task` VALUES (20, 'Dynamic Template ', NULL, NULL, '2019-09-02', NULL, '2019-11-02', 3, 1, 1, 4, '', 2, 15, '2019-09-07 11:09:55', 15, '2019-09-07 11:00:07', 1);
INSERT INTO `task` VALUES (21, 'Errors in updating data to Agoda | Pearl Resort Cambodia', NULL, NULL, '2019-09-07', '2019-09-07', '2019-09-08', 2, 2, 3, 174, 'Hi Pearl Resort Cambodia,\r\n\r\nWe have found the connection error between HLS and Agoda as below:\r\n\r\nRoom: Deluxe Bungalow with Garden View - Deluxe Bungalow with Garden View\r\nOta room: Deluxe Bungalow with Garden View - Breakfast\r\n\r\nRate: for ratePlanId: 2271212 which is out of stay start/end period: (2018-11-01/2019-03-31) has not been set\r\n\r\nRoom: Deluxe Bungalow With Private Plunge Pool - Deluxe Bungalow with Private Plunge Pool\r\nOta room: 1 King Bungalow - Breakfast \r\n\r\nRate: for ratePlanId: 2271212 which is out of stay start/end period: (2018-11-01/2019-03-31) has not been set \r\n\r\n>> It is because all Agoda rate plans have been set to be available for sales with stay dates only from 2018-11-01 to 2019-03-31. This has caused data not be updated to Agoda extranet beyond the established period. To solve this problem, please go to hotel\'s Agoda extranet >> Rate Plan Setup >> extend the Staying Date Range for mentioned rate plans.\r\n', 2, NULL, NULL, 16, '2019-09-07 11:08:22', 1);
INSERT INTO `task` VALUES (23, 'Working On Server ', NULL, NULL, '2019-09-02', NULL, '2019-11-02', 3, 1, 1, 4, '', 2, NULL, NULL, 15, '2019-09-07 11:08:23', 1);
COMMIT;

-- ----------------------------
-- Table structure for task_check_list
-- ----------------------------
DROP TABLE IF EXISTS `task_check_list`;
CREATE TABLE `task_check_list` (
  `id` int(11) NOT NULL AUTO_INCREMENT,
  `id_task` int(11) DEFAULT NULL,
  `description` varchar(500) DEFAULT NULL,
  `from_time` varchar(20) DEFAULT NULL,
  `to_time` varchar(20) DEFAULT NULL,
  `status` tinyint(4) DEFAULT NULL,
  PRIMARY KEY (`id`)
) ENGINE=InnoDB AUTO_INCREMENT=150 DEFAULT CHARSET=utf8;

-- ----------------------------
-- Records of task_check_list
-- ----------------------------
BEGIN;
INSERT INTO `task_check_list` VALUES (6, 4, 'Setup Room', '', '', 0);
INSERT INTO `task_check_list` VALUES (7, 4, 'Room Rate', '', '', NULL);
INSERT INTO `task_check_list` VALUES (8, 4, 'Room Type', '', '', NULL);
INSERT INTO `task_check_list` VALUES (27, 6, 'Live Website', '', '', 0);
INSERT INTO `task_check_list` VALUES (28, 6, 'Training Website', '', '', NULL);
INSERT INTO `task_check_list` VALUES (29, 6, 'Close Project', '', '', NULL);
INSERT INTO `task_check_list` VALUES (38, 2, 'Set up WordPress', '', '', 1);
INSERT INTO `task_check_list` VALUES (39, 2, 'Setup Backend', '', '', 1);
INSERT INTO `task_check_list` VALUES (40, 2, 'Start Coding', '', '', NULL);
INSERT INTO `task_check_list` VALUES (41, 2, 'Responsive', '', '', NULL);
INSERT INTO `task_check_list` VALUES (42, 2, 'Install Plugin', '', '', NULL);
INSERT INTO `task_check_list` VALUES (43, 2, 'Review', '', '', NULL);
INSERT INTO `task_check_list` VALUES (44, 2, 'Tester Review', '', '', NULL);
INSERT INTO `task_check_list` VALUES (45, 2, 'Live Demo', '', '', NULL);
INSERT INTO `task_check_list` VALUES (54, 3, 'Get Information', '', '', 1);
INSERT INTO `task_check_list` VALUES (55, 3, 'Design Template', '', '', 1);
INSERT INTO `task_check_list` VALUES (56, 3, 'Client Approve', '', '', 1);
INSERT INTO `task_check_list` VALUES (72, 11, 'Get Information', '', '', 1);
INSERT INTO `task_check_list` VALUES (73, 11, 'Design template layout', '', '', 1);
INSERT INTO `task_check_list` VALUES (74, 11, 'Client Approve', '', '', 1);
INSERT INTO `task_check_list` VALUES (86, 13, 'Close Project', '', '', 0);
INSERT INTO `task_check_list` VALUES (87, 13, 'Live Website', '', '', NULL);
INSERT INTO `task_check_list` VALUES (88, 13, 'Training Website', '', '', NULL);
INSERT INTO `task_check_list` VALUES (113, 10, 'Setup Wordpress', '', '', 1);
INSERT INTO `task_check_list` VALUES (114, 10, 'Setup Backend', '', '', 1);
INSERT INTO `task_check_list` VALUES (115, 10, 'Start Coding', '', '', NULL);
INSERT INTO `task_check_list` VALUES (116, 10, 'Responsive', '', '', NULL);
INSERT INTO `task_check_list` VALUES (117, 10, 'Install Plugin', '', '', NULL);
INSERT INTO `task_check_list` VALUES (118, 10, 'Review', '', '', NULL);
INSERT INTO `task_check_list` VALUES (119, 10, 'Tester Review', '', '', NULL);
INSERT INTO `task_check_list` VALUES (120, 10, 'Live Demo', '', '', NULL);
INSERT INTO `task_check_list` VALUES (127, 8, 'Check Rate on OTA', '', '', 0);
INSERT INTO `task_check_list` VALUES (128, 8, 'Send email to global team ', '', '', 0);
INSERT INTO `task_check_list` VALUES (129, 8, 'Feed back to Hotel', '', '', 0);
INSERT INTO `task_check_list` VALUES (138, 15, 'Send email to Client ', '', '', 1);
INSERT INTO `task_check_list` VALUES (139, 15, 'Call inform to client ', '', '', 0);
INSERT INTO `task_check_list` VALUES (140, 23, 'Working On Server', '', '', 0);
INSERT INTO `task_check_list` VALUES (141, 23, 'SOP Web Developer ', '', '', NULL);
INSERT INTO `task_check_list` VALUES (142, 20, 'PHP', '', '', 0);
INSERT INTO `task_check_list` VALUES (143, 20, 'Getting Start with Wordpress ', '', '', NULL);
INSERT INTO `task_check_list` VALUES (144, 20, 'Working with Wordpress ', '', '', NULL);
INSERT INTO `task_check_list` VALUES (145, 20, 'Design and Layout ', '', '', NULL);
INSERT INTO `task_check_list` VALUES (146, 18, 'HTML and CSS', '', '', 1);
INSERT INTO `task_check_list` VALUES (147, 18, 'Bootstrap ', '', '', 1);
INSERT INTO `task_check_list` VALUES (148, 18, 'JavaScript, JQuery', '', '', NULL);
INSERT INTO `task_check_list` VALUES (149, 18, 'Design Template ', '', '', NULL);
COMMIT;

-- ----------------------------
-- Table structure for task_member
-- ----------------------------
DROP TABLE IF EXISTS `task_member`;
CREATE TABLE `task_member` (
  `id` int(11) NOT NULL AUTO_INCREMENT,
  `id_task` int(11) DEFAULT NULL,
  `id_employee` int(11) DEFAULT NULL,
  PRIMARY KEY (`id`)
) ENGINE=InnoDB AUTO_INCREMENT=36 DEFAULT CHARSET=utf8;

-- ----------------------------
-- Records of task_member
-- ----------------------------
BEGIN;
INSERT INTO `task_member` VALUES (3, 4, 6);
INSERT INTO `task_member` VALUES (4, 4, 8);
INSERT INTO `task_member` VALUES (5, 4, 10);
INSERT INTO `task_member` VALUES (12, 6, 12);
INSERT INTO `task_member` VALUES (14, 2, 12);
INSERT INTO `task_member` VALUES (18, 3, 12);
INSERT INTO `task_member` VALUES (21, 11, 16);
INSERT INTO `task_member` VALUES (24, 13, 16);
INSERT INTO `task_member` VALUES (27, 10, 16);
INSERT INTO `task_member` VALUES (29, 15, 5);
INSERT INTO `task_member` VALUES (30, 8, 1);
INSERT INTO `task_member` VALUES (33, 23, 4);
INSERT INTO `task_member` VALUES (34, 20, 4);
INSERT INTO `task_member` VALUES (35, 18, 4);
COMMIT;

-- ----------------------------
-- Table structure for task_related_to
-- ----------------------------
DROP TABLE IF EXISTS `task_related_to`;
CREATE TABLE `task_related_to` (
  `id` int(11) NOT NULL AUTO_INCREMENT,
  `name` varchar(255) DEFAULT NULL,
  PRIMARY KEY (`id`)
) ENGINE=InnoDB AUTO_INCREMENT=8 DEFAULT CHARSET=utf8;

-- ----------------------------
-- Records of task_related_to
-- ----------------------------
BEGIN;
INSERT INTO `task_related_to` VALUES (1, 'Project');
INSERT INTO `task_related_to` VALUES (2, 'Invoice');
INSERT INTO `task_related_to` VALUES (3, 'Customer');
INSERT INTO `task_related_to` VALUES (4, 'Expense');
INSERT INTO `task_related_to` VALUES (5, 'Contract');
INSERT INTO `task_related_to` VALUES (6, 'Lead');
INSERT INTO `task_related_to` VALUES (7, 'Proposal');
COMMIT;

-- ----------------------------
-- Table structure for task_status
-- ----------------------------
DROP TABLE IF EXISTS `task_status`;
CREATE TABLE `task_status` (
  `id` int(11) NOT NULL AUTO_INCREMENT,
  `name` varchar(255) DEFAULT NULL,
  `css_class` varchar(50) DEFAULT NULL,
  PRIMARY KEY (`id`)
) ENGINE=InnoDB AUTO_INCREMENT=6 DEFAULT CHARSET=utf8 ROW_FORMAT=COMPACT;

-- ----------------------------
-- Records of task_status
-- ----------------------------
BEGIN;
INSERT INTO `task_status` VALUES (1, 'Not Started', 'label-mint');
INSERT INTO `task_status` VALUES (2, 'In Progress', 'label-success');
INSERT INTO `task_status` VALUES (3, 'Testing', 'label-warning');
INSERT INTO `task_status` VALUES (4, 'Awaiting Feedback', 'label-danger');
INSERT INTO `task_status` VALUES (5, 'Complete', 'label-info');
COMMIT;

-- ----------------------------
-- Table structure for task_tag
-- ----------------------------
DROP TABLE IF EXISTS `task_tag`;
CREATE TABLE `task_tag` (
  `id` int(11) NOT NULL AUTO_INCREMENT,
  `id_task` int(11) DEFAULT NULL,
  `id_tag` varchar(50) DEFAULT NULL,
  PRIMARY KEY (`id`)
) ENGINE=InnoDB AUTO_INCREMENT=36 DEFAULT CHARSET=utf8 ROW_FORMAT=COMPACT;

-- ----------------------------
-- Records of task_tag
-- ----------------------------
BEGIN;
INSERT INTO `task_tag` VALUES (3, 4, 'front');
INSERT INTO `task_tag` VALUES (4, 4, 'desk');
INSERT INTO `task_tag` VALUES (11, 6, 'website');
INSERT INTO `task_tag` VALUES (13, 2, 'website');
INSERT INTO `task_tag` VALUES (15, 3, 'website');
INSERT INTO `task_tag` VALUES (18, 11, 'website');
INSERT INTO `task_tag` VALUES (21, 13, 'website');
INSERT INTO `task_tag` VALUES (24, 10, 'website');
INSERT INTO `task_tag` VALUES (27, 23, 'trainee');
INSERT INTO `task_tag` VALUES (28, 23, 'workingonserver');
INSERT INTO `task_tag` VALUES (29, 23, 'webdeveloper');
INSERT INTO `task_tag` VALUES (30, 20, 'dynamictemplate');
INSERT INTO `task_tag` VALUES (31, 20, 'trainee');
INSERT INTO `task_tag` VALUES (32, 20, 'webdeveloper');
INSERT INTO `task_tag` VALUES (33, 18, 'statictemplate');
INSERT INTO `task_tag` VALUES (34, 18, 'traninee');
INSERT INTO `task_tag` VALUES (35, 18, 'webdeveloper');
COMMIT;

-- ----------------------------
-- Table structure for tax
-- ----------------------------
DROP TABLE IF EXISTS `tax`;
CREATE TABLE `tax` (
  `id` int(11) NOT NULL AUTO_INCREMENT,
  `tax_name` varchar(255) DEFAULT NULL,
  `value` decimal(10,2) DEFAULT NULL,
  PRIMARY KEY (`id`)
) ENGINE=InnoDB AUTO_INCREMENT=2 DEFAULT CHARSET=utf8;

-- ----------------------------
-- Records of tax
-- ----------------------------
BEGIN;
INSERT INTO `tax` VALUES (1, 'VAT', 5.00);
COMMIT;

-- ----------------------------
-- Table structure for testing
-- ----------------------------
DROP TABLE IF EXISTS `testing`;
CREATE TABLE `testing` (
  `id` int(11) NOT NULL,
  `Testing` varchar(255) DEFAULT NULL,
  `status` bit(1) DEFAULT NULL,
  PRIMARY KEY (`id`)
) ENGINE=InnoDB DEFAULT CHARSET=utf8;

-- ----------------------------
-- Records of testing
-- ----------------------------
BEGIN;
INSERT INTO `testing` VALUES (1, '23234', b'0');
COMMIT;

-- ----------------------------
-- Table structure for uploaded_file
-- ----------------------------
DROP TABLE IF EXISTS `uploaded_file`;
CREATE TABLE `uploaded_file` (
  `id` int(11) NOT NULL AUTO_INCREMENT,
  `name` varchar(64) DEFAULT NULL,
  `filename` varchar(256) DEFAULT NULL,
  `size` int(11) DEFAULT NULL,
  `type` varchar(32) DEFAULT NULL,
  `thumbnail` varchar(255) DEFAULT NULL,
  `status` bit(1) NOT NULL DEFAULT b'1',
  PRIMARY KEY (`id`)
) ENGINE=InnoDB AUTO_INCREMENT=62 DEFAULT CHARSET=latin1;

-- ----------------------------
-- Records of uploaded_file
-- ----------------------------
BEGIN;
INSERT INTO `uploaded_file` VALUES (1, 'NoPicAvailable.jpg', '/backend/uploads/NoPicAvailable.jpg', 65927, 'image/jpeg', NULL, b'1');
INSERT INTO `uploaded_file` VALUES (2, '60972540_846849689006961_3545995067674066944_n.jpg', 'backend/uploads/users/05/555b4ba7fd1258aa34320e3686ab20_60972540_846849689006961_3545995067674066944_n.jpg', 76838, 'image/jpeg', NULL, b'1');
INSERT INTO `uploaded_file` VALUES (3, 'unnamed.jpg', '/Applications/XAMPP/xamppfiles/htdocs/cataMMS/backend/web/backend/uploads/membership-profile/8b/f617810497fffa1b9e26a9dd8797e6_unnamed.jpg', 13553, 'image/jpeg', NULL, b'1');
INSERT INTO `uploaded_file` VALUES (4, 'photo_2019-07-03_16-12-55.jpg', 'backend/uploads/event-list/97/8f546546017eb68282e1b102b547f1_photo_2019-07-03_16-12-55.jpg', 225798, 'image/jpeg', NULL, b'1');
INSERT INTO `uploaded_file` VALUES (5, '60750510_846852822339981_7589377846787702784_n.jpg', 'backend/uploads/users/5d/6766a33e3a850d58d8b3502121a5bf_60750510_846852822339981_7589377846787702784_n.jpg', 30998, 'image/jpeg', NULL, b'1');
INSERT INTO `uploaded_file` VALUES (6, 'B_Profile.jpg', 'backend/uploads/users/c7/9c52f602886ba5c36aea0c4e5517e6_B_Profile.jpg', 130576, 'image/jpeg', NULL, b'1');
INSERT INTO `uploaded_file` VALUES (7, 'have-no-profile-picture-facebook-11.jpg', 'backend/uploads/users/37/eb0bcba3517ddfdd6487849d284166_have-no-profile-picture-facebook-11.jpg', 30666, 'image/jpeg', NULL, b'1');
INSERT INTO `uploaded_file` VALUES (8, 'file.jpg', '/Applications/XAMPP/xamppfiles/htdocs/cataMMS/backend/web/backend/uploads/membership-profile/ad/84d16c39b063c55bf65e8fd83cb1be_file.jpg', 133712, 'image/jpeg', NULL, b'1');
INSERT INTO `uploaded_file` VALUES (10, '65372280_425946121583765_6722478276213735424_n.jpg', '/Applications/XAMPP/xamppfiles/htdocs/cataMMS/backend/web/backend/uploads/membership-profile/5c/f2ed742a017d12c187fa4854489d5d_65372280_425946121583765_6722478276213735424_n.jpg', 74886, 'image/jpeg', NULL, b'1');
INSERT INTO `uploaded_file` VALUES (13, '64928238_1098443577031984_1099220682396401664_o.jpg', '/Applications/XAMPP/xamppfiles/htdocs/cataMMS/backend/web/backend/uploads/membership-profile/68/608b678dbb21dba4ac1477f1d191c9_64928238_1098443577031984_1099220682396401664_o.jpg', 89372, 'image/jpeg', NULL, b'1');
INSERT INTO `uploaded_file` VALUES (14, '65314999_2334304963451496_5645665237064482816_n.jpg', '/Applications/XAMPP/xamppfiles/htdocs/cataMMS/backend/web/backend/uploads/membership-profile/d4/aaf91d6807c4d39d003f1bb4f99e57_65314999_2334304963451496_5645665237064482816_n.jpg', 49284, 'image/jpeg', NULL, b'1');
INSERT INTO `uploaded_file` VALUES (15, '65372280_425946121583765_6722478276213735424_n.jpg', '/Applications/XAMPP/xamppfiles/htdocs/cataMMS/backend/web/backend/uploads/membership-profile/c1/5d34255dfb83a318e897094929e7bf_65372280_425946121583765_6722478276213735424_n.jpg', 74886, 'image/jpeg', NULL, b'1');
INSERT INTO `uploaded_file` VALUES (16, '64928238_1098443577031984_1099220682396401664_o.jpg', '/Applications/XAMPP/xamppfiles/htdocs/cataMMS/backend/web/backend/uploads/membership-profile/fa/4af65178a48dc3ac6809deca53964a_64928238_1098443577031984_1099220682396401664_o.jpg', 89372, 'image/jpeg', NULL, b'1');
INSERT INTO `uploaded_file` VALUES (17, '65372280_425946121583765_6722478276213735424_n.jpg', 'backend/uploads/users/6c/6d26d691e6a1b9aee2f6b89bbdce0a_65372280_425946121583765_6722478276213735424_n.jpg', 74886, 'image/jpeg', NULL, b'1');
INSERT INTO `uploaded_file` VALUES (18, '65314999_2334304963451496_5645665237064482816_n.jpg', 'backend/uploads/users/0c/a4899277b2303f14b4d8887c2c1eaa_65314999_2334304963451496_5645665237064482816_n.jpg', 49284, 'image/jpeg', NULL, b'1');
INSERT INTO `uploaded_file` VALUES (19, '65372280_425946121583765_6722478276213735424_n.jpg', '/Applications/XAMPP/xamppfiles/htdocs/cataMMS/backend/web/backend/uploads/users/5d/c0443cbfc55398c593302e30d08563_65372280_425946121583765_6722478276213735424_n.jpg', 74886, 'image/jpeg', NULL, b'1');
INSERT INTO `uploaded_file` VALUES (20, 'comple.png', '/Applications/XAMPP/xamppfiles/htdocs/dropbox/eOCRM/backend/web/backend/uploads/users/fc/a4d1c2a20d1983172a336362972c81_comple.png', 355615, 'image/png', NULL, b'1');
INSERT INTO `uploaded_file` VALUES (21, 'evan.png', '/Applications/XAMPP/xamppfiles/htdocs/dropbox/eOCRM/backend/web/backend/uploads/employee-profile/46/0df142f1c8925ae900e0fab2b09f93_evan.png', 213820, 'image/png', NULL, b'1');
INSERT INTO `uploaded_file` VALUES (22, 'logo transparent.png', '/Applications/XAMPP/xamppfiles/htdocs/dropbox/eOCRM/backend/web/backend/uploads/company-profile/09/19e6e56406ac6dc57bd9f8b21c4c9b_logo transparent.png', 45796, 'image/png', NULL, b'1');
INSERT INTO `uploaded_file` VALUES (23, 'Screen Shot 2019-07-25 at 10.22.02 AM.png', '/Applications/XAMPP/xamppfiles/htdocs/dropbox/eOCRM/backend/web/backend/uploads/supplier-profile/f4/da5c0e81f7c91f4a6ebd407b0e753e_Screen Shot 2019-07-25 at 10.22.02 AM.png', 798665, 'image/png', NULL, b'1');
INSERT INTO `uploaded_file` VALUES (24, 'logo_makro.png', '/Applications/XAMPP/xamppfiles/htdocs/dropbox/eOCRM/backend/web/backend/uploads/supplier-profile/3d/80ca2d3ed023d74aa2b9ca019f92f2_logo_makro.png', 10132, 'image/png', NULL, b'1');
INSERT INTO `uploaded_file` VALUES (25, 'DWfoXv3UMAEo7Kj.jpg', '/Applications/XAMPP/xamppfiles/htdocs/dropbox/eOCRM/backend/web/backend/uploads/expense-attachment/39/7403dc6c9473eadd42325037fbcd32_DWfoXv3UMAEo7Kj.jpg', 113405, 'image/jpeg', NULL, b'1');
INSERT INTO `uploaded_file` VALUES (26, '2019-07-22 14.51.33.jpg', '/Applications/XAMPP/xamppfiles/htdocs/dropbox/eOCRM/backend/web/backend/uploads/employee-profile/a0/1401866964196853ecc3bc5cc4a5e7_2019-07-22 14.51.33.jpg', 206079, 'image/jpeg', NULL, b'1');
INSERT INTO `uploaded_file` VALUES (27, '3feea1b3-2149-4103-a10e-95e7da8ac7eb.jpg', '/Applications/XAMPP/xamppfiles/htdocs/dropbox/eOCRM/backend/web/backend/uploads/employee-profile/89/b55e3eb71ccc4e07994e8d3d1c7e8c_3feea1b3-2149-4103-a10e-95e7da8ac7eb.jpg', 31008, 'image/jpeg', NULL, b'1');
INSERT INTO `uploaded_file` VALUES (28, '2019-07-22 14.51.33.jpg', '/Applications/XAMPP/xamppfiles/htdocs/dropbox/eOCRM/backend/web/backend/uploads/employee-profile/2c/78f5722b135940cf7dc593aeb8280d_2019-07-22 14.51.33.jpg', 206079, 'image/jpeg', NULL, b'1');
INSERT INTO `uploaded_file` VALUES (29, 'earth.png', '/Applications/XAMPP/xamppfiles/htdocs/dropbox/eOCRM/backend/web/backend/uploads/employee-profile/f6/9a3e3e5cead7c46bf848651e203080_earth.png', 1304, 'image/png', NULL, b'1');
INSERT INTO `uploaded_file` VALUES (30, 'd.jpg', '/Applications/XAMPP/xamppfiles/htdocs/dropbox/eOCRM/backend/web/backend/uploads/employee-profile/c2/8369ed0b24ffca97ba4c069eeefc1e_d.jpg', 162827, 'image/jpeg', NULL, b'1');
INSERT INTO `uploaded_file` VALUES (31, 'mockup4.png', '/Applications/XAMPP/xamppfiles/htdocs/dropbox/eOCRM/backend/web/backend/uploads/supplier-profile/95/eeaf5d9b370b0e8c2765a4d0718449_mockup4.png', 689976, 'image/png', NULL, b'1');
INSERT INTO `uploaded_file` VALUES (32, 'tick.png', '/Applications/XAMPP/xamppfiles/htdocs/dropbox/eOCRM/backend/web/backend/uploads/supplier-profile/90/d47810f55f37c4f936236a36fc7684_tick.png', 34089, 'image/png', NULL, b'1');
INSERT INTO `uploaded_file` VALUES (33, '681275_button_512x512-15670463985d673afec64a6017665030.png', '/var/app/current/backend/web/backend/uploads/supplier-profile/d7/b019f784c917efd90d957fc9c096ff_681275_button_512x512-15670463985d673afec64a6017665030.png', 9728, 'image/png', NULL, b'1');
INSERT INTO `uploaded_file` VALUES (34, 'custom-business-cards-380g-skin-black-visit-card-and-can-custom-', '/var/app/current/backend/web/backend/uploads/employee-profile/48/227a4ff956eef6e164f90c2e0521d9_custom-business-cards-380g-skin-black-visit-card-and-can-custom-post-card.jpg', 284610, 'image/jpeg', NULL, b'1');
INSERT INTO `uploaded_file` VALUES (35, 'gie5GeReT.jpg', '/var/app/current/backend/web/backend/uploads/employee-profile/05/f47aa00d1bc60d48b9c0b8824116ab_gie5GeReT.jpg', 5731, 'image/jpeg', NULL, b'1');
INSERT INTO `uploaded_file` VALUES (36, 'd.jpg', '/var/app/current/backend/web/backend/uploads/employee-profile/a1/9f60d92e1c4fba982d7dfb7fd0c3aa_d.jpg', 162827, 'image/jpeg', NULL, b'1');
INSERT INTO `uploaded_file` VALUES (37, 'd.jpg', '/var/app/current/backend/web/backend/uploads/employee-profile/bb/895f5c68e65a87b120715f6abbc77c_d.jpg', 162827, 'image/jpeg', NULL, b'1');
INSERT INTO `uploaded_file` VALUES (38, 'gie5GeReT.jpg', '/var/app/current/backend/web/backend/uploads/employee-profile/68/989a9bbb3acc42381f747d51b48b8b_gie5GeReT.jpg', 5731, 'image/jpeg', NULL, b'1');
INSERT INTO `uploaded_file` VALUES (39, '64928238_1098443577031984_1099220682396401664_o.jpg', '/var/app/current/backend/web/backend/uploads/supplier-profile/07/d6fdbf147bc0bc42e8d45ef73ac350_64928238_1098443577031984_1099220682396401664_o.jpg', 89372, 'image/jpeg', NULL, b'1');
INSERT INTO `uploaded_file` VALUES (40, 'custom-business-cards-380g-skin-black-visit-card-and-can-custom-', '/var/app/current/backend/web/backend/uploads/employee-profile/ba/4b6d8c418d4d09485cfe2d4e12b1db_custom-business-cards-380g-skin-black-visit-card-and-can-custom-post-card.jpg', 284610, 'image/jpeg', NULL, b'1');
INSERT INTO `uploaded_file` VALUES (41, 'custom-business-cards-380g-skin-black-visit-card-and-can-custom-', '/var/app/current/backend/web/backend/uploads/employee-profile/b0/a0771d1dae36ef39bb8c477a52914f_custom-business-cards-380g-skin-black-visit-card-and-can-custom-post-card.jpg', 284610, 'image/jpeg', NULL, b'1');
INSERT INTO `uploaded_file` VALUES (42, 'eo-frame.png', '/var/app/current/backend/web/backend/uploads/employee-profile/17/1e29f2c6428e37a74e24f65a8c45bc_eo-frame.png', 97862, 'image/png', NULL, b'1');
INSERT INTO `uploaded_file` VALUES (43, 'maco.png', '/var/app/current/backend/web/backend/uploads/employee-profile/85/261fa728c56139bf72453befb2b00f_maco.png', 148933, 'image/png', NULL, b'1');
INSERT INTO `uploaded_file` VALUES (44, '_MG_5356.png', '/var/app/current/backend/web/backend/uploads/employee-profile/87/6f6f61c04ed8b5d79c6dd6052623ec__MG_5356.png', 332738, 'image/png', NULL, b'1');
INSERT INTO `uploaded_file` VALUES (45, 'mara.jpg', '/var/app/current/backend/web/backend/uploads/employee-profile/9f/5a46e62b60238ffd7a45b5ae1406e7_mara.jpg', 101423, 'image/jpeg', NULL, b'1');
INSERT INTO `uploaded_file` VALUES (46, '68976973_2101127553521652_8899380087959322624_n.jpg', '/var/app/current/backend/web/backend/uploads/employee-profile/fe/3a7c8ea1d21fbc18a6da48e4aec705_68976973_2101127553521652_8899380087959322624_n.jpg', 98616, 'image/jpeg', NULL, b'1');
INSERT INTO `uploaded_file` VALUES (47, 'Web Developer.jpg', '/var/app/current/backend/web/backend/uploads/employee-profile/2a/196fb28bc4577c7cecaaa1707d6155_Web Developer.jpg', 105242, 'image/jpeg', NULL, b'1');
INSERT INTO `uploaded_file` VALUES (48, 'BMS Profile.jpg', '/var/app/current/backend/web/backend/uploads/employee-profile/dd/498e5af8dbeedb7f90ccf1415bd13c_BMS Profile.jpg', 88773, 'image/jpeg', NULL, b'1');
INSERT INTO `uploaded_file` VALUES (49, 'pholly.jpg', '/var/app/current/backend/web/backend/uploads/employee-profile/6d/98e3d6c4ff512edf31b365fa121285_pholly.jpg', 82531, 'image/jpeg', NULL, b'1');
INSERT INTO `uploaded_file` VALUES (50, 'PremuimWebsite.png', '/var/app/current/backend/web/backend/uploads/quotation_template/e4/1d2ceb5ffacf82936d385a37917307_PremuimWebsite.png', 3578, 'image/png', NULL, b'1');
INSERT INTO `uploaded_file` VALUES (51, 'PremuimWebsite.png', '/var/app/current/backend/web/backend/uploads/quotation_template/f2/7892b8f90bcaa7b8090e3213de3bff_PremuimWebsite.png', 3578, 'image/png', NULL, b'1');
INSERT INTO `uploaded_file` VALUES (52, 'PremuimWebsite.png', '/var/app/current/backend/web/backend/uploads/quotation_template/73/ac79584205ef7ca25f5b5c1c4832cf_PremuimWebsite.png', 3578, 'image/png', NULL, b'1');
INSERT INTO `uploaded_file` VALUES (53, 'PremuimWebsite.png', '/var/app/current/backend/web/backend/uploads/quotation_template/c0/c8c921b9c35b90bdb7ae4302ebfcb7_PremuimWebsite.png', 3578, 'image/png', NULL, b'1');
INSERT INTO `uploaded_file` VALUES (54, 'ChannelManager.png', '/var/app/current/backend/web/backend/uploads/quotation_template/d5/52695ed539a8a385be3cd907215bb9_ChannelManager.png', 2109, 'image/png', NULL, b'1');
INSERT INTO `uploaded_file` VALUES (55, 'd.jpg', '/var/app/current/backend/web/backend/uploads/employee-profile/2a/e20bd22dae641ceab3cac77f42053f_d.jpg', 162827, 'image/jpeg', NULL, b'1');
INSERT INTO `uploaded_file` VALUES (56, 'ChannelManager.png', '/var/app/current/backend/web/backend/uploads/quotation_template/00/37598a15acf6745c7639d5f58e41b8_ChannelManager.png', 2228, 'image/png', NULL, b'1');
INSERT INTO `uploaded_file` VALUES (57, 'PremuimWebsite.png', '/var/app/current/backend/web/backend/uploads/quotation_template/d7/e6815f8ddc17084e7d2d0901692111_PremuimWebsite.png', 3578, 'image/png', NULL, b'1');
INSERT INTO `uploaded_file` VALUES (58, 'ManagementSystem.png', '/var/app/current/backend/web/backend/uploads/quotation_template/55/ea9cb066880bf02c00398b274301a2_ManagementSystem.png', 1408, 'image/png', NULL, b'1');
INSERT INTO `uploaded_file` VALUES (59, 'DMC.png', '/var/app/current/backend/web/backend/uploads/quotation_template/20/29188413c83852489a303cb154b68a_DMC.png', 2499, 'image/png', NULL, b'1');
INSERT INTO `uploaded_file` VALUES (60, 'MobileApplication.png', '/var/app/current/backend/web/backend/uploads/quotation_template/e6/8a43532d9111b092f27493d6b23dac_MobileApplication.png', 1967, 'image/png', NULL, b'1');
INSERT INTO `uploaded_file` VALUES (61, 'photo_2019-03-20_09-15-01.jpg', '/var/app/current/backend/web/backend/uploads/employee-profile/32/77b9816a109b06657950d0bee3401d_photo_2019-03-20_09-15-01.jpg', 148146, 'image/jpeg', NULL, b'1');
COMMIT;

-- ----------------------------
-- Table structure for user
-- ----------------------------
DROP TABLE IF EXISTS `user`;
CREATE TABLE `user` (
  `id` int(11) NOT NULL AUTO_INCREMENT,
  `user_type_id` int(11) DEFAULT NULL,
  `email` varchar(500) DEFAULT NULL,
  `password_hash` varchar(500) DEFAULT NULL,
  `password_reset_token` varchar(500) DEFAULT NULL,
  `auth_key` varchar(500) DEFAULT NULL,
  `status` int(11) DEFAULT NULL,
  `created_by` int(11) DEFAULT NULL,
  `created_date` datetime DEFAULT NULL,
  `updated_date` datetime DEFAULT NULL,
  `updated_by` int(11) DEFAULT NULL,
  `is_deleted` int(11) DEFAULT NULL,
  `deleted_at` datetime DEFAULT NULL,
  `deleted_by` int(11) DEFAULT NULL,
  `first_name` varchar(50) DEFAULT NULL,
  `last_name` varchar(50) DEFAULT NULL,
  `gender` varchar(50) DEFAULT NULL,
  `telephone` varchar(50) DEFAULT NULL,
  `img_url` varchar(500) DEFAULT NULL,
  `username` varchar(50) DEFAULT NULL,
  `membership_id` int(11) DEFAULT NULL,
  `id_employee` int(11) DEFAULT NULL,
  `id_position` int(11) DEFAULT NULL,
  PRIMARY KEY (`id`)
) ENGINE=InnoDB AUTO_INCREMENT=28 DEFAULT CHARSET=utf8 ROW_FORMAT=COMPACT;

-- ----------------------------
-- Records of user
-- ----------------------------
BEGIN;
INSERT INTO `user` VALUES (1, 1, 'systemadmin@eocambo.com', '$2y$13$58f7hH5s7s9X.R/V7fge2.gdJ0Wmr9bqjYHz0yuQtlEapokTIsH46', NULL, '8tdRr0KstxcAKFdZ00UWb_SjnK73M5uz', 1, 1, '2019-07-10 20:07:12', '2019-07-17 08:38:48', 1, NULL, NULL, NULL, 'System', 'Admin', '', '', '20', 'systemadmin', 2, NULL, NULL);
INSERT INTO `user` VALUES (12, 1, 'pov@eocambo.com', '$2y$13$d23ealFT5MPlMCVu9Z7sUubxy5ZXVWAm98MA1FJ/mlYSA/ca0OKcS', NULL, 'Rf-bG_nU_70CyzceIIapXAUpx4UpeILm', 1, 1, '2019-08-03 08:46:40', '2019-09-01 22:11:32', 1, NULL, NULL, NULL, 'Men', 'Robaer', 'Mr.', '069 544 447', '28', 'pov', NULL, 1, 2);
INSERT INTO `user` VALUES (13, 1, 'theombuntheoun@gmail.com', '$2y$13$9q6K6.oJ0K0bJfrrIIi57ekd51vKYHcoPJi1Ge1TKdetdi1Hudwky', NULL, 'hj5vd77Lkhx9aDXvIr0mMih5pVbwPWAB', 1, 1, '2019-08-03 08:49:44', '2019-09-03 16:05:46', 13, NULL, NULL, NULL, 'THEOM', 'Buntheoun (Maco)', 'Mr.', '010 448 054', '43', 'maco', NULL, 2, 1);
INSERT INTO `user` VALUES (14, 1, 'saody@eocambo.com', '$2y$13$hk0Xo9UFrQjtubkHfoSeiumyvPxaaBm.6gT1i5bvGsy2KFBOinFIm', NULL, 'MxMnPc2SzrX8xTPWecotGXu1tBBZf0jr', 1, 12, '2019-08-03 08:52:43', '2019-09-06 09:35:48', 1, NULL, NULL, NULL, 'Saody', 'Phal', 'Mr.', '087 691 777', '55', 'saody', NULL, 3, 2);
INSERT INTO `user` VALUES (15, 3, 'maranet@eocambo.com', '$2y$13$qiiRMmcA/5Ftz4GgPxNBI.VmAMUVlAZgagTkzuIyFs.lDmH6ErdoC', NULL, 'do6edfOxz0GkmKmsT2apFCojioXKrwCq', 1, 12, '2019-08-03 09:25:09', '2019-09-04 09:18:46', 15, NULL, NULL, NULL, 'Maranet', 'Mey', 'Ms.', '086 907 907', '45', 'maranet', NULL, 4, 6);
INSERT INTO `user` VALUES (16, 5, 'bunchhay@eocambo.com', '$2y$13$ku04M5RDkgPj0/hEj1T8J.mBcIy.d1WF1kLBwMDa0pwtTrhrTCVNC', NULL, '6v_jzrWbtUpdNP5BlniSg6RLqQpRvrVD', 1, 1, '2019-08-05 13:40:28', '2019-09-06 13:09:50', 16, NULL, NULL, NULL, 'Bunchhay', 'Yoeurn ', 'Mr.', '096 596 33 22', '61', 'chhay', NULL, 5, 5);
INSERT INTO `user` VALUES (17, 3, 'dararith365@gmail.com', '$2y$13$6YiemJL1rReHRB0EC2wkOeYZi9lLvGBGRAgF0blC2ZYojt3dDeOKe', NULL, 'PyLV83WW9EQpEP3_CpsMjr_Vfn6icL9k', 1, 1, '2019-08-05 13:53:45', '2019-09-06 11:52:54', 17, NULL, NULL, NULL, 'Kreom', 'Dararith', 'Mr.', '096 858 57 89', '8', 'rith', NULL, 6, 2);
INSERT INTO `user` VALUES (18, 5, 'chhunrachhen961@gmail.com', '$2y$13$bOmiOxB2wD5ovErH5mkxHehWw7tSIxQe8FHLm9M2mCuPwP2Tzefd2', NULL, '_oH9qfZw40pBVO-Lxya7kpfgl4fdBFLP', 1, 1, '2019-08-05 14:05:36', '2019-09-05 16:30:20', 1, NULL, NULL, NULL, 'Rachhen', 'Chhun ', 'Mr.', '096 967 4239', '9', 'chhen', NULL, 7, 2);
INSERT INTO `user` VALUES (19, 1, 'pengai.ear@gmail.com', '$2y$13$acAyrlMNJHV.Y25z3GFy8eKPlPIUTJnyOzRYgODrRv/w09tmz31oi', NULL, 'JjKcqTklLy6x4LDQ4sZQOk90b43FR76y', 1, NULL, '2019-08-05 14:08:38', '2019-09-06 11:04:20', 19, NULL, NULL, NULL, 'Peng Ai', 'Ear ', 'Mr.', '070 914 156', '10', 'ai', NULL, 8, 2);
INSERT INTO `user` VALUES (20, 1, 'rithyraeck@eocambo.com', '$2y$13$P47mPoAbSsXXYaKmVa7GDOJ/WqGYBiDHQrj5YQQTDRn.Weixzr8UG', NULL, 'Xfh8tomk6Qq-VmAhiggrEQ-fFuG8gqef', 1, 15, '2019-08-05 14:18:58', '2019-09-04 09:18:42', 20, NULL, NULL, NULL, 'Rithyraeck', 'SOEUNG', 'Mr.', '095/010 80 85 90', '44', 'raeck', NULL, 9, 4);
INSERT INTO `user` VALUES (21, 1, 'measmengtry@eocambo.com', '$2y$13$gCv1If5FmaqZnCmMtC9gB.vUMy.Hu/OmwCwJTMd9oK9AHB1GRzT8y', NULL, 'iaw8jkqB4DbjmXGWPBzoCq71ZuyR8qP0', 1, 15, '2019-08-05 14:22:11', '2019-08-05 14:43:49', 15, NULL, NULL, NULL, 'Mengtry', 'Meas ', 'Mr.', '092 30 50 85', '12', 'try', NULL, 10, 2);
INSERT INTO `user` VALUES (22, 2, 'uan.theany@gmail.com', '$2y$13$HzMe4QmJscrMu1oNBNyg/ublnvzJUzgLMt//2we2VcxdMcAsIsSSK', NULL, 'GRlVmU9jS5HKRbJK79beVDAxwaGwYIVF', 1, 15, '2019-08-05 14:24:41', '2019-09-03 11:09:32', 1, NULL, NULL, NULL, 'Theany', 'Uan ', 'Mrs.', '070 307 888', NULL, 'theany', NULL, 11, 4);
INSERT INTO `user` VALUES (23, 4, 'pholly@eocambo.com', '$2y$13$CRT2ZgZhy9enAUmHtUbmQedZoJFlFjtUJY1DsJYvoiWTPtH.iAT8C', NULL, '5ttm-BZ9xptuWn8ZvOj11aGTuuaBW5NS', 1, 15, '2019-08-05 14:26:48', '2019-09-06 20:21:16', 23, NULL, NULL, NULL, 'Pholly', 'Chinh ', 'Mr.', '010 328 929', '49', 'pholly', NULL, 12, 6);
INSERT INTO `user` VALUES (24, 1, 'mollikaou070@gmail.com', '$2y$13$arnf/5tTifYV88Lii/wGv.u37WOo1NxFYLulVhJN5/5vjx4vLy9J6', NULL, 'J9rsOMGsCA9j9lNs5q9oPzXtcaG0vCZv', 1, 15, '2019-08-05 14:30:07', NULL, NULL, NULL, NULL, NULL, 'Mollika ', 'Ou ', 'Ms.', '070 609 640', NULL, 'mollika', NULL, 13, 7);
INSERT INTO `user` VALUES (25, 1, 'ranick252001@gmail.com', '$2y$13$TKfQi1/50HbT4SR5UaTdXOQl86WPbzQifpjc86z2OZjXRWk64JYb.', NULL, '-cu_3psptTGpc-dDoTeg8WS2dY5P6iO4', 1, 15, '2019-08-05 14:31:59', NULL, NULL, NULL, NULL, NULL, 'Soranick', 'Sen ', 'Ms.', '095 623 523', NULL, 'ranick', NULL, 14, 7);
INSERT INTO `user` VALUES (26, 1, 'hohong0005@gmail.com', '$2y$13$h56KOfGP1H5cCgqUqPRO8OXwPHApKYB90Wd7M8vQChbraNi1p4nnS', NULL, 'tOnhnC4GxJehxZooaYg-7y4_BUpoP8K3', 1, 15, '2019-08-05 14:33:38', NULL, NULL, NULL, NULL, NULL, 'Hong', 'Ho ', 'Ms.', '098 440 005', NULL, 'hong', NULL, 15, 7);
INSERT INTO `user` VALUES (27, 3, 'sainangreall99@gmail.com', '$2y$13$toMnalu6.Odug39ZLbl3TuR195x9szKscC4DaMtckeSP6jfh2AlQK', NULL, 'DD78Elc-Jg6RScytb6brFlU9bWV73IA_', 1, 1, '2019-09-04 09:05:45', '2019-09-04 09:50:31', 27, NULL, NULL, NULL, 'Sao ', 'Nang', 'Mr.', '090493990', '48', 'saonang', NULL, 16, 6);
COMMIT;

-- ----------------------------
-- Table structure for user_type
-- ----------------------------
DROP TABLE IF EXISTS `user_type`;
CREATE TABLE `user_type` (
  `id` int(11) NOT NULL AUTO_INCREMENT,
  `status` bit(1) DEFAULT NULL,
  `user_type_name` varchar(500) DEFAULT NULL,
  `default_view_id` int(11) DEFAULT NULL,
  `created_date` datetime DEFAULT NULL,
  `created_by` int(11) DEFAULT NULL,
  `updated_date` datetime DEFAULT NULL,
  `updated_by` int(11) DEFAULT NULL,
  PRIMARY KEY (`id`)
) ENGINE=InnoDB AUTO_INCREMENT=6 DEFAULT CHARSET=utf8;

-- ----------------------------
-- Records of user_type
-- ----------------------------
BEGIN;
INSERT INTO `user_type` VALUES (1, b'1', 'Super Admin', 1, NULL, NULL, '2019-08-20 13:53:07', 1);
INSERT INTO `user_type` VALUES (2, b'1', 'Sales', 1, NULL, NULL, '2019-09-06 13:59:58', 1);
INSERT INTO `user_type` VALUES (3, b'1', 'Web Developer', 1, NULL, NULL, '2019-09-05 13:04:13', 14);
INSERT INTO `user_type` VALUES (4, b'1', 'Senior Web Developer', NULL, '2019-09-04 10:01:05', 1, '2019-09-05 14:40:15', 1);
INSERT INTO `user_type` VALUES (5, b'1', 'Support', NULL, '2019-09-05 15:17:07', 1, '2019-09-06 11:56:58', 1);
COMMIT;

-- ----------------------------
-- Table structure for year_list
-- ----------------------------
DROP TABLE IF EXISTS `year_list`;
CREATE TABLE `year_list` (
  `id` int(11) NOT NULL AUTO_INCREMENT,
  `name` varchar(4) DEFAULT NULL,
  PRIMARY KEY (`id`)
) ENGINE=InnoDB AUTO_INCREMENT=13 DEFAULT CHARSET=utf8;

-- ----------------------------
-- Records of year_list
-- ----------------------------
BEGIN;
INSERT INTO `year_list` VALUES (1, '2019');
INSERT INTO `year_list` VALUES (2, '2020');
INSERT INTO `year_list` VALUES (3, '2021');
INSERT INTO `year_list` VALUES (4, '2022');
INSERT INTO `year_list` VALUES (5, '2023');
INSERT INTO `year_list` VALUES (6, '2024');
INSERT INTO `year_list` VALUES (7, '2025');
INSERT INTO `year_list` VALUES (8, '2026');
INSERT INTO `year_list` VALUES (9, '2027');
INSERT INTO `year_list` VALUES (10, '2028');
INSERT INTO `year_list` VALUES (11, '2029');
INSERT INTO `year_list` VALUES (12, '2030');
COMMIT;

SET FOREIGN_KEY_CHECKS = 1;
